original_query,product_description,subset,comments,summary,avg_score
How’s the quality of this product,"The PS5 console unleashes new gaming possibilities that you never anticipated. Experience lightning fast loading with an ultra-high speed SSD, deeper immersion with support for haptic feedback, adaptive triggers, and 3D Audio, and an all-new generation of incredible PlayStation games.",0,"['title: Great Quality! \ntext: The delivery was awesome! and it came fast, there were no scratches or missing cords it was in good condition.']",[0] is not related to the query.,0.0
How’s the quality of this product,"The PS5 console unleashes new gaming possibilities that you never anticipated. Experience lightning fast loading with an ultra-high speed SSD, deeper immersion with support for haptic feedback, adaptive triggers, and 3D Audio, and an all-new generation of incredible PlayStation games.",1,"['title: Great product! \ntext: When I was finally able to get one, I had no complaints.']","The user expresses satisfaction with the product, stating that they had no complaints after acquiring it, indicating a positive perception of its quality [0].",3.0
How’s the quality of this product,"The PS5 console unleashes new gaming possibilities that you never anticipated. Experience lightning fast loading with an ultra-high speed SSD, deeper immersion with support for haptic feedback, adaptive triggers, and 3D Audio, and an all-new generation of incredible PlayStation games.",2,"['title: Satisfied \ntext: Got the product the very next day , super good experience']",[0] is not related to the query.,0.0
How’s the quality of this product,"The PS5 console unleashes new gaming possibilities that you never anticipated. Experience lightning fast loading with an ultra-high speed SSD, deeper immersion with support for haptic feedback, adaptive triggers, and 3D Audio, and an all-new generation of incredible PlayStation games.",3,['title: brand new \ntext: this product was brand new and had no issues with it.'],"The product was brand new and had no issues, indicating a high level of quality [0].",3.0
How’s the quality of this product,"The PS5 console unleashes new gaming possibilities that you never anticipated. Experience lightning fast loading with an ultra-high speed SSD, deeper immersion with support for haptic feedback, adaptive triggers, and 3D Audio, and an all-new generation of incredible PlayStation games.",4,"['title: Great quality and design \ntext: Honestly, it’s worth it. Everything about the disc edition Ps5 is great, from design, quality to gameplay and even main menu. The one thing I would say that is annoying is the size of the storage since nowadays a lot of games need up to 500gb (call of duty) to install . Come on Sony why not go all the way to 1TB!']","The disc edition PS5 is praised for its great design and quality, contributing to an overall positive experience in terms of gameplay and user interface. However, there is a noted drawback regarding the storage capacity, as many modern games require substantial space, up to 500GB, which makes the current storage size insufficient. The suggestion is made for Sony to increase the storage to 1TB to better accommodate these needs [0].",9.0
How’s the quality of this product,"The PS5 console unleashes new gaming possibilities that you never anticipated. Experience lightning fast loading with an ultra-high speed SSD, deeper immersion with support for haptic feedback, adaptive triggers, and 3D Audio, and an all-new generation of incredible PlayStation games.",5,['title: Unsatisfactory \ntext: Trying to get this product is harder than getting tickets to San Diego comic con. I should not have to go through so much time effort and stress like a performing monkey in order to buy something.'],[0] is not related to the query.,0.0
How’s the quality of this product,"The PS5 console unleashes new gaming possibilities that you never anticipated. Experience lightning fast loading with an ultra-high speed SSD, deeper immersion with support for haptic feedback, adaptive triggers, and 3D Audio, and an all-new generation of incredible PlayStation games.",6,['title: Fresh. \ntext: Got mine in less than a week. Was expecting 2 weeks. Came in fresh condition. Great product.'],[0] is not related to the query.,0.0
How’s the quality of this product,"The PS5 console unleashes new gaming possibilities that you never anticipated. Experience lightning fast loading with an ultra-high speed SSD, deeper immersion with support for haptic feedback, adaptive triggers, and 3D Audio, and an all-new generation of incredible PlayStation games.",7,['title: Love it! \ntext: Amazing product. Its a truly special experience when you have this and a great display to play on.'],"The product is described as amazing, providing a truly special experience when used with a great display, indicating high quality and user satisfaction [0].",3.75
How’s the quality of this product,"The PS5 console unleashes new gaming possibilities that you never anticipated. Experience lightning fast loading with an ultra-high speed SSD, deeper immersion with support for haptic feedback, adaptive triggers, and 3D Audio, and an all-new generation of incredible PlayStation games.",01,"['title: Great Quality! \ntext: The delivery was awesome! and it came fast, there were no scratches or missing cords it was in good condition.', 'title: Great product! \ntext: When I was finally able to get one, I had no complaints.']","The user expressed satisfaction with the product, stating that they had no complaints once they were able to obtain it, indicating a positive perception of its quality [0]. [0] is not related to the query.",3.0
How’s the quality of this product,"The PS5 console unleashes new gaming possibilities that you never anticipated. Experience lightning fast loading with an ultra-high speed SSD, deeper immersion with support for haptic feedback, adaptive triggers, and 3D Audio, and an all-new generation of incredible PlayStation games.",02,"['title: Great Quality! \ntext: The delivery was awesome! and it came fast, there were no scratches or missing cords it was in good condition.', 'title: Satisfied \ntext: Got the product the very next day , super good experience']",[0] is not related to the query. [1] is not related to the query.,0.0
How’s the quality of this product,"The PS5 console unleashes new gaming possibilities that you never anticipated. Experience lightning fast loading with an ultra-high speed SSD, deeper immersion with support for haptic feedback, adaptive triggers, and 3D Audio, and an all-new generation of incredible PlayStation games.",03,"['title: Great Quality! \ntext: The delivery was awesome! and it came fast, there were no scratches or missing cords it was in good condition.', 'title: brand new \ntext: this product was brand new and had no issues with it.']","The product was described as brand new and free from any issues, indicating a high level of quality [0]. [0] is not related to the query.",3.0
How’s the quality of this product,"The PS5 console unleashes new gaming possibilities that you never anticipated. Experience lightning fast loading with an ultra-high speed SSD, deeper immersion with support for haptic feedback, adaptive triggers, and 3D Audio, and an all-new generation of incredible PlayStation games.",04,"['title: Great Quality! \ntext: The delivery was awesome! and it came fast, there were no scratches or missing cords it was in good condition.', 'title: Great quality and design \ntext: Honestly, it’s worth it. Everything about the disc edition Ps5 is great, from design, quality to gameplay and even main menu. The one thing I would say that is annoying is the size of the storage since nowadays a lot of games need up to 500gb (call of duty) to install . Come on Sony why not go all the way to 1TB!']","The disc edition PS5 is praised for its great design and quality, contributing to an overall positive experience in terms of gameplay and user interface. However, there is a noted drawback regarding the storage capacity, as many modern games require significant space, leading to a suggestion for Sony to increase the storage to 1TB to accommodate larger game installations [0]. [0] is not related to the query.",9.0
How’s the quality of this product,"The PS5 console unleashes new gaming possibilities that you never anticipated. Experience lightning fast loading with an ultra-high speed SSD, deeper immersion with support for haptic feedback, adaptive triggers, and 3D Audio, and an all-new generation of incredible PlayStation games.",05,"['title: Great Quality! \ntext: The delivery was awesome! and it came fast, there were no scratches or missing cords it was in good condition.', 'title: Unsatisfactory \ntext: Trying to get this product is harder than getting tickets to San Diego comic con. I should not have to go through so much time effort and stress like a performing monkey in order to buy something.']",[0] is not related to the query. [1] is not related to the query.,0.0
How’s the quality of this product,"The PS5 console unleashes new gaming possibilities that you never anticipated. Experience lightning fast loading with an ultra-high speed SSD, deeper immersion with support for haptic feedback, adaptive triggers, and 3D Audio, and an all-new generation of incredible PlayStation games.",06,"['title: Great Quality! \ntext: The delivery was awesome! and it came fast, there were no scratches or missing cords it was in good condition.', 'title: Fresh. \ntext: Got mine in less than a week. Was expecting 2 weeks. Came in fresh condition. Great product.']",[0] is not related to the query. [1] is not related to the query.,0.0
How’s the quality of this product,"The PS5 console unleashes new gaming possibilities that you never anticipated. Experience lightning fast loading with an ultra-high speed SSD, deeper immersion with support for haptic feedback, adaptive triggers, and 3D Audio, and an all-new generation of incredible PlayStation games.",07,"['title: Great Quality! \ntext: The delivery was awesome! and it came fast, there were no scratches or missing cords it was in good condition.', 'title: Love it! \ntext: Amazing product. Its a truly special experience when you have this and a great display to play on.']","The product is described as amazing, providing a truly special experience, especially when used with a great display [0]. [0] is not related to the query.",3.75
How’s the quality of this product,"The PS5 console unleashes new gaming possibilities that you never anticipated. Experience lightning fast loading with an ultra-high speed SSD, deeper immersion with support for haptic feedback, adaptive triggers, and 3D Audio, and an all-new generation of incredible PlayStation games.",12,"['title: Great product! \ntext: When I was finally able to get one, I had no complaints.', 'title: Satisfied \ntext: Got the product the very next day , super good experience']","The user expressed satisfaction with the product, stating that they had no complaints upon acquiring it, indicating a positive perception of its quality [0]. [1] is not related to the query.",3.0
How’s the quality of this product,"The PS5 console unleashes new gaming possibilities that you never anticipated. Experience lightning fast loading with an ultra-high speed SSD, deeper immersion with support for haptic feedback, adaptive triggers, and 3D Audio, and an all-new generation of incredible PlayStation games.",13,"['title: Great product! \ntext: When I was finally able to get one, I had no complaints.', 'title: brand new \ntext: this product was brand new and had no issues with it.']","The product is highly regarded by users, with one comment expressing satisfaction upon acquiring it, noting no complaints about its performance or quality [0]. Another user highlights that the product was brand new and free of any issues, indicating a positive experience with its quality [1].",4.25
How’s the quality of this product,"The PS5 console unleashes new gaming possibilities that you never anticipated. Experience lightning fast loading with an ultra-high speed SSD, deeper immersion with support for haptic feedback, adaptive triggers, and 3D Audio, and an all-new generation of incredible PlayStation games.",14,"['title: Great product! \ntext: When I was finally able to get one, I had no complaints.', 'title: Great quality and design \ntext: Honestly, it’s worth it. Everything about the disc edition Ps5 is great, from design, quality to gameplay and even main menu. The one thing I would say that is annoying is the size of the storage since nowadays a lot of games need up to 500gb (call of duty) to install . Come on Sony why not go all the way to 1TB!']","The product is highly praised for its quality and design, with users expressing satisfaction upon acquiring it and having no complaints about its performance [0]. The disc edition PS5 is noted for its excellent design and quality, contributing to a positive gaming experience. However, there is a critique regarding the storage capacity, as modern games require significant space, and users feel that Sony could have provided a larger storage option [1].",9.0
How’s the quality of this product,"The PS5 console unleashes new gaming possibilities that you never anticipated. Experience lightning fast loading with an ultra-high speed SSD, deeper immersion with support for haptic feedback, adaptive triggers, and 3D Audio, and an all-new generation of incredible PlayStation games.",15,"['title: Great product! \ntext: When I was finally able to get one, I had no complaints.', 'title: Unsatisfactory \ntext: Trying to get this product is harder than getting tickets to San Diego comic con. I should not have to go through so much time effort and stress like a performing monkey in order to buy something.']","The user expressed satisfaction with the product, stating that they had no complaints after acquiring it [0]. [1] is not related to the query.",3.0
How’s the quality of this product,"The PS5 console unleashes new gaming possibilities that you never anticipated. Experience lightning fast loading with an ultra-high speed SSD, deeper immersion with support for haptic feedback, adaptive triggers, and 3D Audio, and an all-new generation of incredible PlayStation games.",16,"['title: Great product! \ntext: When I was finally able to get one, I had no complaints.', 'title: Fresh. \ntext: Got mine in less than a week. Was expecting 2 weeks. Came in fresh condition. Great product.']","The user expresses satisfaction with the product, stating that they had no complaints upon acquiring it, indicating a positive perception of its quality [0]. [1] is not related to the query.",3.0
How’s the quality of this product,"The PS5 console unleashes new gaming possibilities that you never anticipated. Experience lightning fast loading with an ultra-high speed SSD, deeper immersion with support for haptic feedback, adaptive triggers, and 3D Audio, and an all-new generation of incredible PlayStation games.",17,"['title: Great product! \ntext: When I was finally able to get one, I had no complaints.', 'title: Love it! \ntext: Amazing product. Its a truly special experience when you have this and a great display to play on.']","The comments reflect a positive perception of the product's quality. One user expressed satisfaction by stating they had no complaints after acquiring the product, indicating a high level of satisfaction with its performance and features [0]. Another user described the product as amazing and highlighted the exceptional experience it provides, especially when paired with a great display, further emphasizing its quality [1].",5.25
How’s the quality of this product,"The PS5 console unleashes new gaming possibilities that you never anticipated. Experience lightning fast loading with an ultra-high speed SSD, deeper immersion with support for haptic feedback, adaptive triggers, and 3D Audio, and an all-new generation of incredible PlayStation games.",23,"['title: Satisfied \ntext: Got the product the very next day , super good experience', 'title: brand new \ntext: this product was brand new and had no issues with it.']","The product was described as brand new and free from any issues, indicating a positive assessment of its quality [0]. [0] is not related to the query.",3.0
How’s the quality of this product,"The PS5 console unleashes new gaming possibilities that you never anticipated. Experience lightning fast loading with an ultra-high speed SSD, deeper immersion with support for haptic feedback, adaptive triggers, and 3D Audio, and an all-new generation of incredible PlayStation games.",24,"['title: Satisfied \ntext: Got the product the very next day , super good experience', 'title: Great quality and design \ntext: Honestly, it’s worth it. Everything about the disc edition Ps5 is great, from design, quality to gameplay and even main menu. The one thing I would say that is annoying is the size of the storage since nowadays a lot of games need up to 500gb (call of duty) to install . Come on Sony why not go all the way to 1TB!']","The disc edition PS5 is praised for its great quality and design, offering an excellent experience in terms of gameplay and user interface. However, there is a noted drawback regarding the storage capacity, as many modern games require substantial space, up to 500GB, which makes the current storage size insufficient for some users' needs [0]. [0] is not related to the query.",9.0
How’s the quality of this product,"The PS5 console unleashes new gaming possibilities that you never anticipated. Experience lightning fast loading with an ultra-high speed SSD, deeper immersion with support for haptic feedback, adaptive triggers, and 3D Audio, and an all-new generation of incredible PlayStation games.",25,"['title: Satisfied \ntext: Got the product the very next day , super good experience', 'title: Unsatisfactory \ntext: Trying to get this product is harder than getting tickets to San Diego comic con. I should not have to go through so much time effort and stress like a performing monkey in order to buy something.']",[0] is not related to the query. [1] is not related to the query.,0.0
How’s the quality of this product,"The PS5 console unleashes new gaming possibilities that you never anticipated. Experience lightning fast loading with an ultra-high speed SSD, deeper immersion with support for haptic feedback, adaptive triggers, and 3D Audio, and an all-new generation of incredible PlayStation games.",26,"['title: Satisfied \ntext: Got the product the very next day , super good experience', 'title: Fresh. \ntext: Got mine in less than a week. Was expecting 2 weeks. Came in fresh condition. Great product.']",[0] is not related to the query. [1] is not related to the query.,0.0
How’s the quality of this product,"The PS5 console unleashes new gaming possibilities that you never anticipated. Experience lightning fast loading with an ultra-high speed SSD, deeper immersion with support for haptic feedback, adaptive triggers, and 3D Audio, and an all-new generation of incredible PlayStation games.",27,"['title: Satisfied \ntext: Got the product the very next day , super good experience', 'title: Love it! \ntext: Amazing product. Its a truly special experience when you have this and a great display to play on.']","The product is described as amazing, providing a truly special experience when used with a great display, indicating high quality and user satisfaction [0]. [0] is not related to the query.",3.75
How’s the quality of this product,"The PS5 console unleashes new gaming possibilities that you never anticipated. Experience lightning fast loading with an ultra-high speed SSD, deeper immersion with support for haptic feedback, adaptive triggers, and 3D Audio, and an all-new generation of incredible PlayStation games.",34,"['title: brand new \ntext: this product was brand new and had no issues with it.', 'title: Great quality and design \ntext: Honestly, it’s worth it. Everything about the disc edition Ps5 is great, from design, quality to gameplay and even main menu. The one thing I would say that is annoying is the size of the storage since nowadays a lot of games need up to 500gb (call of duty) to install . Come on Sony why not go all the way to 1TB!']","The product is described as brand new and free of issues, indicating a high level of quality upon receipt [0]. Additionally, the disc edition PS5 is praised for its great design and quality, contributing to a positive overall experience. However, there is a noted drawback regarding the storage size, which is considered insufficient for modern gaming needs [1].",9.0
How’s the quality of this product,"The PS5 console unleashes new gaming possibilities that you never anticipated. Experience lightning fast loading with an ultra-high speed SSD, deeper immersion with support for haptic feedback, adaptive triggers, and 3D Audio, and an all-new generation of incredible PlayStation games.",35,"['title: brand new \ntext: this product was brand new and had no issues with it.', 'title: Unsatisfactory \ntext: Trying to get this product is harder than getting tickets to San Diego comic con. I should not have to go through so much time effort and stress like a performing monkey in order to buy something.']","The product was brand new and had no issues, indicating a high level of quality [0]. [1] is not related to the query.",3.0
How’s the quality of this product,"The PS5 console unleashes new gaming possibilities that you never anticipated. Experience lightning fast loading with an ultra-high speed SSD, deeper immersion with support for haptic feedback, adaptive triggers, and 3D Audio, and an all-new generation of incredible PlayStation games.",36,"['title: brand new \ntext: this product was brand new and had no issues with it.', 'title: Fresh. \ntext: Got mine in less than a week. Was expecting 2 weeks. Came in fresh condition. Great product.']","The product was described as brand new and free from any issues, indicating a high level of quality [0]. [1] is not related to the query.",3.0
How’s the quality of this product,"The PS5 console unleashes new gaming possibilities that you never anticipated. Experience lightning fast loading with an ultra-high speed SSD, deeper immersion with support for haptic feedback, adaptive triggers, and 3D Audio, and an all-new generation of incredible PlayStation games.",37,"['title: brand new \ntext: this product was brand new and had no issues with it.', 'title: Love it! \ntext: Amazing product. Its a truly special experience when you have this and a great display to play on.']","The product is described as brand new and free of any issues, indicating a high level of quality and reliability [0]. Additionally, users express a strong positive sentiment, highlighting the product as amazing and providing a special experience, especially when paired with a great display [1].",5.25
How’s the quality of this product,"The PS5 console unleashes new gaming possibilities that you never anticipated. Experience lightning fast loading with an ultra-high speed SSD, deeper immersion with support for haptic feedback, adaptive triggers, and 3D Audio, and an all-new generation of incredible PlayStation games.",45,"['title: Great quality and design \ntext: Honestly, it’s worth it. Everything about the disc edition Ps5 is great, from design, quality to gameplay and even main menu. The one thing I would say that is annoying is the size of the storage since nowadays a lot of games need up to 500gb (call of duty) to install . Come on Sony why not go all the way to 1TB!', 'title: Unsatisfactory \ntext: Trying to get this product is harder than getting tickets to San Diego comic con. I should not have to go through so much time effort and stress like a performing monkey in order to buy something.']","The disc edition PS5 is praised for its great design and quality, contributing to an overall positive experience with the product. However, there is a noted drawback regarding the storage capacity, as many modern games require substantial space, up to 500GB, which makes the current storage size less adequate. The suggestion is made for Sony to increase the storage to 1TB to better accommodate these needs [0]. [1] is not related to the query.",9.0
How’s the quality of this product,"The PS5 console unleashes new gaming possibilities that you never anticipated. Experience lightning fast loading with an ultra-high speed SSD, deeper immersion with support for haptic feedback, adaptive triggers, and 3D Audio, and an all-new generation of incredible PlayStation games.",46,"['title: Great quality and design \ntext: Honestly, it’s worth it. Everything about the disc edition Ps5 is great, from design, quality to gameplay and even main menu. The one thing I would say that is annoying is the size of the storage since nowadays a lot of games need up to 500gb (call of duty) to install . Come on Sony why not go all the way to 1TB!', 'title: Fresh. \ntext: Got mine in less than a week. Was expecting 2 weeks. Came in fresh condition. Great product.']","The disc edition PS5 is praised for its great design and quality, contributing to an overall positive gaming experience. However, there is a noted drawback regarding the storage capacity, as many modern games require substantial space, up to 500GB, which makes the current storage size insufficient for some users' needs [0]. [1] is not related to the query.",9.0
How’s the quality of this product,"The PS5 console unleashes new gaming possibilities that you never anticipated. Experience lightning fast loading with an ultra-high speed SSD, deeper immersion with support for haptic feedback, adaptive triggers, and 3D Audio, and an all-new generation of incredible PlayStation games.",47,"['title: Great quality and design \ntext: Honestly, it’s worth it. Everything about the disc edition Ps5 is great, from design, quality to gameplay and even main menu. The one thing I would say that is annoying is the size of the storage since nowadays a lot of games need up to 500gb (call of duty) to install . Come on Sony why not go all the way to 1TB!', 'title: Love it! \ntext: Amazing product. Its a truly special experience when you have this and a great display to play on.']","The PlayStation 5 disc edition is praised for its excellent quality and design, offering a great experience in terms of gameplay and user interface. However, there is a noted drawback regarding the storage capacity, as many modern games require significant space, and users feel that Sony could have provided a larger storage option, such as 1TB, to accommodate these needs [0]. Additionally, the product is described as amazing, enhancing the gaming experience when paired with a high-quality display [1].",9.75
How’s the quality of this product,"The PS5 console unleashes new gaming possibilities that you never anticipated. Experience lightning fast loading with an ultra-high speed SSD, deeper immersion with support for haptic feedback, adaptive triggers, and 3D Audio, and an all-new generation of incredible PlayStation games.",56,"['title: Unsatisfactory \ntext: Trying to get this product is harder than getting tickets to San Diego comic con. I should not have to go through so much time effort and stress like a performing monkey in order to buy something.', 'title: Fresh. \ntext: Got mine in less than a week. Was expecting 2 weeks. Came in fresh condition. Great product.']",[0] is not related to the query. [1] is not related to the query.,0.0
How’s the quality of this product,"The PS5 console unleashes new gaming possibilities that you never anticipated. Experience lightning fast loading with an ultra-high speed SSD, deeper immersion with support for haptic feedback, adaptive triggers, and 3D Audio, and an all-new generation of incredible PlayStation games.",57,"['title: Unsatisfactory \ntext: Trying to get this product is harder than getting tickets to San Diego comic con. I should not have to go through so much time effort and stress like a performing monkey in order to buy something.', 'title: Love it! \ntext: Amazing product. Its a truly special experience when you have this and a great display to play on.']","The product is described as amazing, providing a truly special experience, especially when paired with a great display for use [0]. [0] is not related to the query.",3.75
How’s the quality of this product,"The PS5 console unleashes new gaming possibilities that you never anticipated. Experience lightning fast loading with an ultra-high speed SSD, deeper immersion with support for haptic feedback, adaptive triggers, and 3D Audio, and an all-new generation of incredible PlayStation games.",67,"['title: Fresh. \ntext: Got mine in less than a week. Was expecting 2 weeks. Came in fresh condition. Great product.', 'title: Love it! \ntext: Amazing product. Its a truly special experience when you have this and a great display to play on.']","The product is described as amazing, providing a truly special experience when used with a great display, indicating high quality and user satisfaction [0]. [0] is not related to the query.",3.75
How’s the quality of this product,"The PS5 console unleashes new gaming possibilities that you never anticipated. Experience lightning fast loading with an ultra-high speed SSD, deeper immersion with support for haptic feedback, adaptive triggers, and 3D Audio, and an all-new generation of incredible PlayStation games.",012,"['title: Great Quality! \ntext: The delivery was awesome! and it came fast, there were no scratches or missing cords it was in good condition.', 'title: Great product! \ntext: When I was finally able to get one, I had no complaints.', 'title: Satisfied \ntext: Got the product the very next day , super good experience']","The user expressed satisfaction with the product, stating that they had no complaints upon acquiring it, indicating a positive perception of its quality [0]. [0] is not related to the query. [2] is not related to the query.",3.0
How’s the quality of this product,"The PS5 console unleashes new gaming possibilities that you never anticipated. Experience lightning fast loading with an ultra-high speed SSD, deeper immersion with support for haptic feedback, adaptive triggers, and 3D Audio, and an all-new generation of incredible PlayStation games.",013,"['title: Great Quality! \ntext: The delivery was awesome! and it came fast, there were no scratches or missing cords it was in good condition.', 'title: Great product! \ntext: When I was finally able to get one, I had no complaints.', 'title: brand new \ntext: this product was brand new and had no issues with it.']","The product is highly regarded by users, with one comment expressing satisfaction upon finally acquiring it, noting no complaints about its performance or quality [0]. Another user highlights that the product was brand new and free of any issues, indicating a positive experience with its quality [1]. [0] is not related to the query.",4.25
How’s the quality of this product,"The PS5 console unleashes new gaming possibilities that you never anticipated. Experience lightning fast loading with an ultra-high speed SSD, deeper immersion with support for haptic feedback, adaptive triggers, and 3D Audio, and an all-new generation of incredible PlayStation games.",014,"['title: Great Quality! \ntext: The delivery was awesome! and it came fast, there were no scratches or missing cords it was in good condition.', 'title: Great product! \ntext: When I was finally able to get one, I had no complaints.', 'title: Great quality and design \ntext: Honestly, it’s worth it. Everything about the disc edition Ps5 is great, from design, quality to gameplay and even main menu. The one thing I would say that is annoying is the size of the storage since nowadays a lot of games need up to 500gb (call of duty) to install . Come on Sony why not go all the way to 1TB!']","The product is highly praised for its quality and design, with users expressing satisfaction upon acquiring it and noting no complaints about its performance [0]. The disc edition PS5 is particularly commended for its overall quality, including its design and gameplay experience. However, there is a critique regarding the storage capacity, as some games require significant space, suggesting that a larger storage option would be beneficial [1]. [0] is not related to the query.",9.0
How’s the quality of this product,"The PS5 console unleashes new gaming possibilities that you never anticipated. Experience lightning fast loading with an ultra-high speed SSD, deeper immersion with support for haptic feedback, adaptive triggers, and 3D Audio, and an all-new generation of incredible PlayStation games.",015,"['title: Great Quality! \ntext: The delivery was awesome! and it came fast, there were no scratches or missing cords it was in good condition.', 'title: Great product! \ntext: When I was finally able to get one, I had no complaints.', 'title: Unsatisfactory \ntext: Trying to get this product is harder than getting tickets to San Diego comic con. I should not have to go through so much time effort and stress like a performing monkey in order to buy something.']","The user expressed satisfaction with the product, stating that they had no complaints after acquiring it [0]. [0] is not related to the query. [2] is not related to the query.",3.0
How’s the quality of this product,"The PS5 console unleashes new gaming possibilities that you never anticipated. Experience lightning fast loading with an ultra-high speed SSD, deeper immersion with support for haptic feedback, adaptive triggers, and 3D Audio, and an all-new generation of incredible PlayStation games.",016,"['title: Great Quality! \ntext: The delivery was awesome! and it came fast, there were no scratches or missing cords it was in good condition.', 'title: Great product! \ntext: When I was finally able to get one, I had no complaints.', 'title: Fresh. \ntext: Got mine in less than a week. Was expecting 2 weeks. Came in fresh condition. Great product.']","The user expressed satisfaction with the product, stating that they had no complaints after acquiring it [0]. [0] is not related to the query. [2] is not related to the query.",3.0
How’s the quality of this product,"The PS5 console unleashes new gaming possibilities that you never anticipated. Experience lightning fast loading with an ultra-high speed SSD, deeper immersion with support for haptic feedback, adaptive triggers, and 3D Audio, and an all-new generation of incredible PlayStation games.",017,"['title: Great Quality! \ntext: The delivery was awesome! and it came fast, there were no scratches or missing cords it was in good condition.', 'title: Great product! \ntext: When I was finally able to get one, I had no complaints.', 'title: Love it! \ntext: Amazing product. Its a truly special experience when you have this and a great display to play on.']","The comments reflect a positive perception of the product's quality. One user expressed satisfaction with the product, stating they had no complaints after acquiring it, indicating a high level of satisfaction with its performance or features [0]. Another user described the product as amazing and highlighted the exceptional experience it provides, especially when paired with a great display, further emphasizing its quality and the enhanced experience it offers [1]. [0] is not related to the query.",5.25
How’s the quality of this product,"The PS5 console unleashes new gaming possibilities that you never anticipated. Experience lightning fast loading with an ultra-high speed SSD, deeper immersion with support for haptic feedback, adaptive triggers, and 3D Audio, and an all-new generation of incredible PlayStation games.",023,"['title: Great Quality! \ntext: The delivery was awesome! and it came fast, there were no scratches or missing cords it was in good condition.', 'title: Satisfied \ntext: Got the product the very next day , super good experience', 'title: brand new \ntext: this product was brand new and had no issues with it.']","The product was described as brand new and free of any issues, indicating a high level of quality [0]. [0] is not related to the query. [1] is not related to the query.",3.0
How’s the quality of this product,"The PS5 console unleashes new gaming possibilities that you never anticipated. Experience lightning fast loading with an ultra-high speed SSD, deeper immersion with support for haptic feedback, adaptive triggers, and 3D Audio, and an all-new generation of incredible PlayStation games.",024,"['title: Great Quality! \ntext: The delivery was awesome! and it came fast, there were no scratches or missing cords it was in good condition.', 'title: Satisfied \ntext: Got the product the very next day , super good experience', 'title: Great quality and design \ntext: Honestly, it’s worth it. Everything about the disc edition Ps5 is great, from design, quality to gameplay and even main menu. The one thing I would say that is annoying is the size of the storage since nowadays a lot of games need up to 500gb (call of duty) to install . Come on Sony why not go all the way to 1TB!']","The disc edition PS5 is praised for its great design and quality, contributing to an overall positive experience with the console. However, there is a noted drawback regarding the storage capacity, as many modern games require significant space, up to 500GB, which makes the current storage size insufficient for some users' needs [0]. [0] is not related to the query. [1] is not related to the query.",9.0
How’s the quality of this product,"The PS5 console unleashes new gaming possibilities that you never anticipated. Experience lightning fast loading with an ultra-high speed SSD, deeper immersion with support for haptic feedback, adaptive triggers, and 3D Audio, and an all-new generation of incredible PlayStation games.",025,"['title: Great Quality! \ntext: The delivery was awesome! and it came fast, there were no scratches or missing cords it was in good condition.', 'title: Satisfied \ntext: Got the product the very next day , super good experience', 'title: Unsatisfactory \ntext: Trying to get this product is harder than getting tickets to San Diego comic con. I should not have to go through so much time effort and stress like a performing monkey in order to buy something.']",[0] is not related to the query. [1] is not related to the query. [2] is not related to the query.,0.0
How’s the quality of this product,"The PS5 console unleashes new gaming possibilities that you never anticipated. Experience lightning fast loading with an ultra-high speed SSD, deeper immersion with support for haptic feedback, adaptive triggers, and 3D Audio, and an all-new generation of incredible PlayStation games.",026,"['title: Great Quality! \ntext: The delivery was awesome! and it came fast, there were no scratches or missing cords it was in good condition.', 'title: Satisfied \ntext: Got the product the very next day , super good experience', 'title: Fresh. \ntext: Got mine in less than a week. Was expecting 2 weeks. Came in fresh condition. Great product.']",[0] is not related to the query. [1] is not related to the query. [2] is not related to the query.,0.0
How’s the quality of this product,"The PS5 console unleashes new gaming possibilities that you never anticipated. Experience lightning fast loading with an ultra-high speed SSD, deeper immersion with support for haptic feedback, adaptive triggers, and 3D Audio, and an all-new generation of incredible PlayStation games.",027,"['title: Great Quality! \ntext: The delivery was awesome! and it came fast, there were no scratches or missing cords it was in good condition.', 'title: Satisfied \ntext: Got the product the very next day , super good experience', 'title: Love it! \ntext: Amazing product. Its a truly special experience when you have this and a great display to play on.']","The product is described as amazing, providing a truly special experience, especially when paired with a great display [0]. [0] is not related to the query. [1] is not related to the query.",3.75
How’s the quality of this product,"The PS5 console unleashes new gaming possibilities that you never anticipated. Experience lightning fast loading with an ultra-high speed SSD, deeper immersion with support for haptic feedback, adaptive triggers, and 3D Audio, and an all-new generation of incredible PlayStation games.",034,"['title: Great Quality! \ntext: The delivery was awesome! and it came fast, there were no scratches or missing cords it was in good condition.', 'title: brand new \ntext: this product was brand new and had no issues with it.', 'title: Great quality and design \ntext: Honestly, it’s worth it. Everything about the disc edition Ps5 is great, from design, quality to gameplay and even main menu. The one thing I would say that is annoying is the size of the storage since nowadays a lot of games need up to 500gb (call of duty) to install . Come on Sony why not go all the way to 1TB!']","The product is described as brand new and free of issues, indicating a high level of quality upon arrival [0]. Additionally, the disc edition PS5 is praised for its great design and quality, contributing to an overall positive experience. However, there is a noted drawback regarding the storage size, which is considered insufficient for modern gaming needs [1]. [0] is not related to the query.",9.0
How’s the quality of this product,"The PS5 console unleashes new gaming possibilities that you never anticipated. Experience lightning fast loading with an ultra-high speed SSD, deeper immersion with support for haptic feedback, adaptive triggers, and 3D Audio, and an all-new generation of incredible PlayStation games.",035,"['title: Great Quality! \ntext: The delivery was awesome! and it came fast, there were no scratches or missing cords it was in good condition.', 'title: brand new \ntext: this product was brand new and had no issues with it.', 'title: Unsatisfactory \ntext: Trying to get this product is harder than getting tickets to San Diego comic con. I should not have to go through so much time effort and stress like a performing monkey in order to buy something.']","The product was described as brand new and free from any issues, indicating a high level of quality [0]. [0] is not related to the query. [2] is not related to the query.",3.0
How’s the quality of this product,"The PS5 console unleashes new gaming possibilities that you never anticipated. Experience lightning fast loading with an ultra-high speed SSD, deeper immersion with support for haptic feedback, adaptive triggers, and 3D Audio, and an all-new generation of incredible PlayStation games.",036,"['title: Great Quality! \ntext: The delivery was awesome! and it came fast, there were no scratches or missing cords it was in good condition.', 'title: brand new \ntext: this product was brand new and had no issues with it.', 'title: Fresh. \ntext: Got mine in less than a week. Was expecting 2 weeks. Came in fresh condition. Great product.']","The product was described as brand new and free from any issues, indicating a high level of quality [0]. [0] is not related to the query. [2] is not related to the query.",3.0
How’s the quality of this product,"The PS5 console unleashes new gaming possibilities that you never anticipated. Experience lightning fast loading with an ultra-high speed SSD, deeper immersion with support for haptic feedback, adaptive triggers, and 3D Audio, and an all-new generation of incredible PlayStation games.",037,"['title: Great Quality! \ntext: The delivery was awesome! and it came fast, there were no scratches or missing cords it was in good condition.', 'title: brand new \ntext: this product was brand new and had no issues with it.', 'title: Love it! \ntext: Amazing product. Its a truly special experience when you have this and a great display to play on.']","The product is described as brand new and free of any issues, indicating a high level of quality and reliability [0]. Additionally, it is praised for providing an amazing and special experience, especially when used with a great display, further highlighting its exceptional quality [1]. [0] is not related to the query.",5.25
How’s the quality of this product,"The PS5 console unleashes new gaming possibilities that you never anticipated. Experience lightning fast loading with an ultra-high speed SSD, deeper immersion with support for haptic feedback, adaptive triggers, and 3D Audio, and an all-new generation of incredible PlayStation games.",045,"['title: Great Quality! \ntext: The delivery was awesome! and it came fast, there were no scratches or missing cords it was in good condition.', 'title: Great quality and design \ntext: Honestly, it’s worth it. Everything about the disc edition Ps5 is great, from design, quality to gameplay and even main menu. The one thing I would say that is annoying is the size of the storage since nowadays a lot of games need up to 500gb (call of duty) to install . Come on Sony why not go all the way to 1TB!', 'title: Unsatisfactory \ntext: Trying to get this product is harder than getting tickets to San Diego comic con. I should not have to go through so much time effort and stress like a performing monkey in order to buy something.']","The disc edition PS5 is praised for its great design and quality, contributing to an overall positive experience in terms of gameplay and user interface. However, there is a noted drawback regarding the storage capacity, as many modern games require substantial space, up to 500GB, which makes the current storage size insufficient for some users' needs [0]. [0] is not related to the query. [2] is not related to the query.",9.0
How’s the quality of this product,"The PS5 console unleashes new gaming possibilities that you never anticipated. Experience lightning fast loading with an ultra-high speed SSD, deeper immersion with support for haptic feedback, adaptive triggers, and 3D Audio, and an all-new generation of incredible PlayStation games.",046,"['title: Great Quality! \ntext: The delivery was awesome! and it came fast, there were no scratches or missing cords it was in good condition.', 'title: Great quality and design \ntext: Honestly, it’s worth it. Everything about the disc edition Ps5 is great, from design, quality to gameplay and even main menu. The one thing I would say that is annoying is the size of the storage since nowadays a lot of games need up to 500gb (call of duty) to install . Come on Sony why not go all the way to 1TB!', 'title: Fresh. \ntext: Got mine in less than a week. Was expecting 2 weeks. Came in fresh condition. Great product.']","The disc edition PS5 is praised for its great quality and design, offering an excellent experience in terms of gameplay and user interface. However, there is a noted drawback regarding the storage capacity, as many modern games require substantial space, up to 500GB, which makes the current storage size insufficient for some users' needs [0]. [0] is not related to the query. [2] is not related to the query.",9.0
How’s the quality of this product,"The PS5 console unleashes new gaming possibilities that you never anticipated. Experience lightning fast loading with an ultra-high speed SSD, deeper immersion with support for haptic feedback, adaptive triggers, and 3D Audio, and an all-new generation of incredible PlayStation games.",047,"['title: Great Quality! \ntext: The delivery was awesome! and it came fast, there were no scratches or missing cords it was in good condition.', 'title: Great quality and design \ntext: Honestly, it’s worth it. Everything about the disc edition Ps5 is great, from design, quality to gameplay and even main menu. The one thing I would say that is annoying is the size of the storage since nowadays a lot of games need up to 500gb (call of duty) to install . Come on Sony why not go all the way to 1TB!', 'title: Love it! \ntext: Amazing product. Its a truly special experience when you have this and a great display to play on.']","The PlayStation 5 disc edition is praised for its excellent quality and design, offering a great experience in terms of gameplay and user interface. However, there is a noted drawback regarding the storage capacity, which is considered insufficient for modern gaming needs, as some games require up to 500GB for installation, prompting a call for an upgrade to 1TB storage [0]. Additionally, the product is described as amazing, providing a special experience when paired with a great display [1]. [0] is not related to the query.",9.75
How’s the quality of this product,"The PS5 console unleashes new gaming possibilities that you never anticipated. Experience lightning fast loading with an ultra-high speed SSD, deeper immersion with support for haptic feedback, adaptive triggers, and 3D Audio, and an all-new generation of incredible PlayStation games.",056,"['title: Great Quality! \ntext: The delivery was awesome! and it came fast, there were no scratches or missing cords it was in good condition.', 'title: Unsatisfactory \ntext: Trying to get this product is harder than getting tickets to San Diego comic con. I should not have to go through so much time effort and stress like a performing monkey in order to buy something.', 'title: Fresh. \ntext: Got mine in less than a week. Was expecting 2 weeks. Came in fresh condition. Great product.']",[0] is not related to the query. [1] is not related to the query. [2] is not related to the query.,0.0
How’s the quality of this product,"The PS5 console unleashes new gaming possibilities that you never anticipated. Experience lightning fast loading with an ultra-high speed SSD, deeper immersion with support for haptic feedback, adaptive triggers, and 3D Audio, and an all-new generation of incredible PlayStation games.",057,"['title: Great Quality! \ntext: The delivery was awesome! and it came fast, there were no scratches or missing cords it was in good condition.', 'title: Unsatisfactory \ntext: Trying to get this product is harder than getting tickets to San Diego comic con. I should not have to go through so much time effort and stress like a performing monkey in order to buy something.', 'title: Love it! \ntext: Amazing product. Its a truly special experience when you have this and a great display to play on.']","The product is described as amazing, providing a truly special experience when used, especially with a great display to enhance its features [0]. [0] is not related to the query. [1] is not related to the query.",3.75
How’s the quality of this product,"The PS5 console unleashes new gaming possibilities that you never anticipated. Experience lightning fast loading with an ultra-high speed SSD, deeper immersion with support for haptic feedback, adaptive triggers, and 3D Audio, and an all-new generation of incredible PlayStation games.",067,"['title: Great Quality! \ntext: The delivery was awesome! and it came fast, there were no scratches or missing cords it was in good condition.', 'title: Fresh. \ntext: Got mine in less than a week. Was expecting 2 weeks. Came in fresh condition. Great product.', 'title: Love it! \ntext: Amazing product. Its a truly special experience when you have this and a great display to play on.']","The product is described as amazing, providing a truly special experience when used with a great display, indicating high quality and user satisfaction [0]. [0] is not related to the query. [1] is not related to the query.",3.75
How’s the quality of this product,"The PS5 console unleashes new gaming possibilities that you never anticipated. Experience lightning fast loading with an ultra-high speed SSD, deeper immersion with support for haptic feedback, adaptive triggers, and 3D Audio, and an all-new generation of incredible PlayStation games.",123,"['title: Great product! \ntext: When I was finally able to get one, I had no complaints.', 'title: Satisfied \ntext: Got the product the very next day , super good experience', 'title: brand new \ntext: this product was brand new and had no issues with it.']","The product is highly regarded by users, with one comment expressing satisfaction upon finally acquiring it, noting no complaints about its performance or quality [0]. Another user highlights that the product was brand new and free of any issues, indicating a positive experience with its quality [1]. [1] is not related to the query.",4.25
How’s the quality of this product,"The PS5 console unleashes new gaming possibilities that you never anticipated. Experience lightning fast loading with an ultra-high speed SSD, deeper immersion with support for haptic feedback, adaptive triggers, and 3D Audio, and an all-new generation of incredible PlayStation games.",124,"['title: Great product! \ntext: When I was finally able to get one, I had no complaints.', 'title: Satisfied \ntext: Got the product the very next day , super good experience', 'title: Great quality and design \ntext: Honestly, it’s worth it. Everything about the disc edition Ps5 is great, from design, quality to gameplay and even main menu. The one thing I would say that is annoying is the size of the storage since nowadays a lot of games need up to 500gb (call of duty) to install . Come on Sony why not go all the way to 1TB!']","The product is highly praised for its quality and design, with users expressing satisfaction upon acquiring it and having no complaints about its performance [0]. The disc edition PS5 is noted for its excellent design and quality, contributing to a great gameplay experience. However, there is a critique regarding the storage capacity, as modern games require significant space, and users suggest an increase to 1TB for better usability [1]. [1] is not related to the query.",9.0
How’s the quality of this product,"The PS5 console unleashes new gaming possibilities that you never anticipated. Experience lightning fast loading with an ultra-high speed SSD, deeper immersion with support for haptic feedback, adaptive triggers, and 3D Audio, and an all-new generation of incredible PlayStation games.",125,"['title: Great product! \ntext: When I was finally able to get one, I had no complaints.', 'title: Satisfied \ntext: Got the product the very next day , super good experience', 'title: Unsatisfactory \ntext: Trying to get this product is harder than getting tickets to San Diego comic con. I should not have to go through so much time effort and stress like a performing monkey in order to buy something.']","The user expressed satisfaction with the product, stating that they had no complaints after acquiring it [0]. [1] is not related to the query. [2] is not related to the query.",3.0
How’s the quality of this product,"The PS5 console unleashes new gaming possibilities that you never anticipated. Experience lightning fast loading with an ultra-high speed SSD, deeper immersion with support for haptic feedback, adaptive triggers, and 3D Audio, and an all-new generation of incredible PlayStation games.",126,"['title: Great product! \ntext: When I was finally able to get one, I had no complaints.', 'title: Satisfied \ntext: Got the product the very next day , super good experience', 'title: Fresh. \ntext: Got mine in less than a week. Was expecting 2 weeks. Came in fresh condition. Great product.']","The user expressed satisfaction with the product, stating that they had no complaints upon acquiring it, indicating a positive perception of its quality [0]. [1] is not related to the query. [2] is not related to the query.",3.0
How’s the quality of this product,"The PS5 console unleashes new gaming possibilities that you never anticipated. Experience lightning fast loading with an ultra-high speed SSD, deeper immersion with support for haptic feedback, adaptive triggers, and 3D Audio, and an all-new generation of incredible PlayStation games.",127,"['title: Great product! \ntext: When I was finally able to get one, I had no complaints.', 'title: Satisfied \ntext: Got the product the very next day , super good experience', 'title: Love it! \ntext: Amazing product. Its a truly special experience when you have this and a great display to play on.']","The comments reflect a positive perception of the product's quality. One user expressed satisfaction by stating they had no complaints after acquiring the product, indicating a high level of contentment with its performance or features [0]. Another user described the product as amazing and highlighted the exceptional experience it provides, especially when paired with a great display, further emphasizing its quality [1]. [1] is not related to the query.",5.25
How’s the quality of this product,"The PS5 console unleashes new gaming possibilities that you never anticipated. Experience lightning fast loading with an ultra-high speed SSD, deeper immersion with support for haptic feedback, adaptive triggers, and 3D Audio, and an all-new generation of incredible PlayStation games.",134,"['title: Great product! \ntext: When I was finally able to get one, I had no complaints.', 'title: brand new \ntext: this product was brand new and had no issues with it.', 'title: Great quality and design \ntext: Honestly, it’s worth it. Everything about the disc edition Ps5 is great, from design, quality to gameplay and even main menu. The one thing I would say that is annoying is the size of the storage since nowadays a lot of games need up to 500gb (call of duty) to install . Come on Sony why not go all the way to 1TB!']","The product is highly praised for its quality, with users expressing satisfaction and having no complaints after acquiring it [0]. It is noted to be brand new and free of issues, further emphasizing its quality [1]. Additionally, the design and overall quality of the disc edition PS5 are highlighted as excellent, although there is a minor critique regarding the storage size, which some users find insufficient for modern gaming needs [2].",9.0
How’s the quality of this product,"The PS5 console unleashes new gaming possibilities that you never anticipated. Experience lightning fast loading with an ultra-high speed SSD, deeper immersion with support for haptic feedback, adaptive triggers, and 3D Audio, and an all-new generation of incredible PlayStation games.",135,"['title: Great product! \ntext: When I was finally able to get one, I had no complaints.', 'title: brand new \ntext: this product was brand new and had no issues with it.', 'title: Unsatisfactory \ntext: Trying to get this product is harder than getting tickets to San Diego comic con. I should not have to go through so much time effort and stress like a performing monkey in order to buy something.']","The product is highly regarded by users, with one comment expressing satisfaction upon finally acquiring it, noting no complaints about its performance or quality [0]. Another user highlights that the product was brand new and free of any issues, indicating a positive experience with its quality [1]. [2] is not related to the query.",4.25
How’s the quality of this product,"The PS5 console unleashes new gaming possibilities that you never anticipated. Experience lightning fast loading with an ultra-high speed SSD, deeper immersion with support for haptic feedback, adaptive triggers, and 3D Audio, and an all-new generation of incredible PlayStation games.",136,"['title: Great product! \ntext: When I was finally able to get one, I had no complaints.', 'title: brand new \ntext: this product was brand new and had no issues with it.', 'title: Fresh. \ntext: Got mine in less than a week. Was expecting 2 weeks. Came in fresh condition. Great product.']","The product is highly regarded by users, with one user expressing satisfaction upon finally acquiring it, noting no complaints about its performance or quality [0]. Another user highlighted that the product was brand new and free of any issues, further emphasizing its quality [1]. [2] is not related to the query.",4.25
How’s the quality of this product,"The PS5 console unleashes new gaming possibilities that you never anticipated. Experience lightning fast loading with an ultra-high speed SSD, deeper immersion with support for haptic feedback, adaptive triggers, and 3D Audio, and an all-new generation of incredible PlayStation games.",137,"['title: Great product! \ntext: When I was finally able to get one, I had no complaints.', 'title: brand new \ntext: this product was brand new and had no issues with it.', 'title: Love it! \ntext: Amazing product. Its a truly special experience when you have this and a great display to play on.']","The comments reflect a positive perception of the product's quality. One user expressed satisfaction with the product, stating they had no complaints upon acquiring it [0]. Another user highlighted that the product was brand new and free of issues, indicating a high level of quality [1]. Additionally, a third user described the product as amazing and emphasized the exceptional experience it provides, especially when paired with a great display [2].",5.5
How’s the quality of this product,"The PS5 console unleashes new gaming possibilities that you never anticipated. Experience lightning fast loading with an ultra-high speed SSD, deeper immersion with support for haptic feedback, adaptive triggers, and 3D Audio, and an all-new generation of incredible PlayStation games.",145,"['title: Great product! \ntext: When I was finally able to get one, I had no complaints.', 'title: Great quality and design \ntext: Honestly, it’s worth it. Everything about the disc edition Ps5 is great, from design, quality to gameplay and even main menu. The one thing I would say that is annoying is the size of the storage since nowadays a lot of games need up to 500gb (call of duty) to install . Come on Sony why not go all the way to 1TB!', 'title: Unsatisfactory \ntext: Trying to get this product is harder than getting tickets to San Diego comic con. I should not have to go through so much time effort and stress like a performing monkey in order to buy something.']","The product is highly praised for its quality and design. Users have expressed satisfaction with the overall experience, noting that the disc edition PS5 excels in design, quality, gameplay, and even the main menu. However, there is a common concern regarding the storage capacity, as many modern games require significant space, and users feel that Sony should have opted for a 1TB storage option instead of the current offering [0][1]. [2] is not related to the query.",9.0
How’s the quality of this product,"The PS5 console unleashes new gaming possibilities that you never anticipated. Experience lightning fast loading with an ultra-high speed SSD, deeper immersion with support for haptic feedback, adaptive triggers, and 3D Audio, and an all-new generation of incredible PlayStation games.",146,"['title: Great product! \ntext: When I was finally able to get one, I had no complaints.', 'title: Great quality and design \ntext: Honestly, it’s worth it. Everything about the disc edition Ps5 is great, from design, quality to gameplay and even main menu. The one thing I would say that is annoying is the size of the storage since nowadays a lot of games need up to 500gb (call of duty) to install . Come on Sony why not go all the way to 1TB!', 'title: Fresh. \ntext: Got mine in less than a week. Was expecting 2 weeks. Came in fresh condition. Great product.']","The product is highly praised for its quality and design, with users expressing satisfaction and having no complaints about its performance. The disc edition PS5 is noted for its excellent design, quality, and gameplay experience. However, there is a critique regarding the storage capacity, as some games require significant space, and users suggest an increase to 1TB for better convenience [0][1]. [2] is not related to the query.",9.0
How’s the quality of this product,"The PS5 console unleashes new gaming possibilities that you never anticipated. Experience lightning fast loading with an ultra-high speed SSD, deeper immersion with support for haptic feedback, adaptive triggers, and 3D Audio, and an all-new generation of incredible PlayStation games.",147,"['title: Great product! \ntext: When I was finally able to get one, I had no complaints.', 'title: Great quality and design \ntext: Honestly, it’s worth it. Everything about the disc edition Ps5 is great, from design, quality to gameplay and even main menu. The one thing I would say that is annoying is the size of the storage since nowadays a lot of games need up to 500gb (call of duty) to install . Come on Sony why not go all the way to 1TB!', 'title: Love it! \ntext: Amazing product. Its a truly special experience when you have this and a great display to play on.']","The product is highly praised for its quality and design, with users expressing satisfaction and no complaints about its performance[0][1][2]. The disc edition PS5 is noted for its excellent design, quality, and gameplay experience, although there is a minor criticism regarding the limited storage capacity, which some users find insufficient for modern gaming needs[1]. Overall, the product is described as amazing and provides a special experience, especially when paired with a great display[2].",9.75
How’s the quality of this product,"The PS5 console unleashes new gaming possibilities that you never anticipated. Experience lightning fast loading with an ultra-high speed SSD, deeper immersion with support for haptic feedback, adaptive triggers, and 3D Audio, and an all-new generation of incredible PlayStation games.",156,"['title: Great product! \ntext: When I was finally able to get one, I had no complaints.', 'title: Unsatisfactory \ntext: Trying to get this product is harder than getting tickets to San Diego comic con. I should not have to go through so much time effort and stress like a performing monkey in order to buy something.', 'title: Fresh. \ntext: Got mine in less than a week. Was expecting 2 weeks. Came in fresh condition. Great product.']","The user expressed satisfaction with the product, stating that they had no complaints upon acquiring it [0]. [1] is not related to the query. [2] is not related to the query.",3.0
How’s the quality of this product,"The PS5 console unleashes new gaming possibilities that you never anticipated. Experience lightning fast loading with an ultra-high speed SSD, deeper immersion with support for haptic feedback, adaptive triggers, and 3D Audio, and an all-new generation of incredible PlayStation games.",157,"['title: Great product! \ntext: When I was finally able to get one, I had no complaints.', 'title: Unsatisfactory \ntext: Trying to get this product is harder than getting tickets to San Diego comic con. I should not have to go through so much time effort and stress like a performing monkey in order to buy something.', 'title: Love it! \ntext: Amazing product. Its a truly special experience when you have this and a great display to play on.']","The comments reflect a positive perception of the product's quality. One user expressed satisfaction with the product, stating they had no complaints after acquiring it, indicating a high level of satisfaction with its performance or features [0]. Another user described the product as amazing and highlighted the exceptional experience it provides, especially when paired with a great display, suggesting that the product enhances user experience significantly [1]. [1] is not related to the query.",5.25
How’s the quality of this product,"The PS5 console unleashes new gaming possibilities that you never anticipated. Experience lightning fast loading with an ultra-high speed SSD, deeper immersion with support for haptic feedback, adaptive triggers, and 3D Audio, and an all-new generation of incredible PlayStation games.",167,"['title: Great product! \ntext: When I was finally able to get one, I had no complaints.', 'title: Fresh. \ntext: Got mine in less than a week. Was expecting 2 weeks. Came in fresh condition. Great product.', 'title: Love it! \ntext: Amazing product. Its a truly special experience when you have this and a great display to play on.']","The comments reflect a positive perception of the product's quality. One user expressed satisfaction by stating they had no complaints after acquiring the product, indicating a high level of satisfaction with its performance or features [0]. Another user described the product as amazing and highlighted the exceptional experience it provides, especially when paired with a great display, further emphasizing its quality [1]. [1] is not related to the query.",5.25
How’s the quality of this product,"The PS5 console unleashes new gaming possibilities that you never anticipated. Experience lightning fast loading with an ultra-high speed SSD, deeper immersion with support for haptic feedback, adaptive triggers, and 3D Audio, and an all-new generation of incredible PlayStation games.",234,"['title: Satisfied \ntext: Got the product the very next day , super good experience', 'title: brand new \ntext: this product was brand new and had no issues with it.', 'title: Great quality and design \ntext: Honestly, it’s worth it. Everything about the disc edition Ps5 is great, from design, quality to gameplay and even main menu. The one thing I would say that is annoying is the size of the storage since nowadays a lot of games need up to 500gb (call of duty) to install . Come on Sony why not go all the way to 1TB!']","The product is described as brand new and without any issues, indicating a high level of quality[0]. Additionally, the disc edition PS5 is praised for its great design and quality, although there is a minor criticism regarding the storage size, which is considered insufficient for modern gaming needs[1]. [0] is not related to the query.",9.0
How’s the quality of this product,"The PS5 console unleashes new gaming possibilities that you never anticipated. Experience lightning fast loading with an ultra-high speed SSD, deeper immersion with support for haptic feedback, adaptive triggers, and 3D Audio, and an all-new generation of incredible PlayStation games.",235,"['title: Satisfied \ntext: Got the product the very next day , super good experience', 'title: brand new \ntext: this product was brand new and had no issues with it.', 'title: Unsatisfactory \ntext: Trying to get this product is harder than getting tickets to San Diego comic con. I should not have to go through so much time effort and stress like a performing monkey in order to buy something.']","The product was described as brand new and free from any issues, indicating a high level of quality [0]. [0] is not related to the query. [2] is not related to the query.",3.0
How’s the quality of this product,"The PS5 console unleashes new gaming possibilities that you never anticipated. Experience lightning fast loading with an ultra-high speed SSD, deeper immersion with support for haptic feedback, adaptive triggers, and 3D Audio, and an all-new generation of incredible PlayStation games.",236,"['title: Satisfied \ntext: Got the product the very next day , super good experience', 'title: brand new \ntext: this product was brand new and had no issues with it.', 'title: Fresh. \ntext: Got mine in less than a week. Was expecting 2 weeks. Came in fresh condition. Great product.']","The product was described as brand new and free from any issues, indicating a high level of quality [0]. [0] is not related to the query. [2] is not related to the query.",3.0
How’s the quality of this product,"The PS5 console unleashes new gaming possibilities that you never anticipated. Experience lightning fast loading with an ultra-high speed SSD, deeper immersion with support for haptic feedback, adaptive triggers, and 3D Audio, and an all-new generation of incredible PlayStation games.",237,"['title: Satisfied \ntext: Got the product the very next day , super good experience', 'title: brand new \ntext: this product was brand new and had no issues with it.', 'title: Love it! \ntext: Amazing product. Its a truly special experience when you have this and a great display to play on.']","The product is described as brand new and free of any issues, indicating a high level of quality and reliability [0]. Additionally, it is praised for providing an amazing and special experience, especially when used with a great display, further highlighting its exceptional quality [1]. [0] is not related to the query.",5.25
How’s the quality of this product,"The PS5 console unleashes new gaming possibilities that you never anticipated. Experience lightning fast loading with an ultra-high speed SSD, deeper immersion with support for haptic feedback, adaptive triggers, and 3D Audio, and an all-new generation of incredible PlayStation games.",245,"['title: Satisfied \ntext: Got the product the very next day , super good experience', 'title: Great quality and design \ntext: Honestly, it’s worth it. Everything about the disc edition Ps5 is great, from design, quality to gameplay and even main menu. The one thing I would say that is annoying is the size of the storage since nowadays a lot of games need up to 500gb (call of duty) to install . Come on Sony why not go all the way to 1TB!', 'title: Unsatisfactory \ntext: Trying to get this product is harder than getting tickets to San Diego comic con. I should not have to go through so much time effort and stress like a performing monkey in order to buy something.']","The disc edition PS5 is praised for its great design and quality, contributing to an overall positive experience in terms of gameplay and user interface. However, a notable drawback is the limited storage capacity, which can be problematic given the large size of modern games, such as Call of Duty, which can require up to 500GB for installation [0]. [0] is not related to the query. [2] is not related to the query.",9.0
How’s the quality of this product,"The PS5 console unleashes new gaming possibilities that you never anticipated. Experience lightning fast loading with an ultra-high speed SSD, deeper immersion with support for haptic feedback, adaptive triggers, and 3D Audio, and an all-new generation of incredible PlayStation games.",246,"['title: Satisfied \ntext: Got the product the very next day , super good experience', 'title: Great quality and design \ntext: Honestly, it’s worth it. Everything about the disc edition Ps5 is great, from design, quality to gameplay and even main menu. The one thing I would say that is annoying is the size of the storage since nowadays a lot of games need up to 500gb (call of duty) to install . Come on Sony why not go all the way to 1TB!', 'title: Fresh. \ntext: Got mine in less than a week. Was expecting 2 weeks. Came in fresh condition. Great product.']","The disc edition PS5 is praised for its great design and quality, contributing to an overall positive experience in terms of gameplay and user interface. However, there is a noted drawback regarding the storage capacity, as many modern games require significant space, up to 500GB, which makes the current storage size insufficient for some users' needs [0]. [0] is not related to the query. [2] is not related to the query.",9.0
How’s the quality of this product,"The PS5 console unleashes new gaming possibilities that you never anticipated. Experience lightning fast loading with an ultra-high speed SSD, deeper immersion with support for haptic feedback, adaptive triggers, and 3D Audio, and an all-new generation of incredible PlayStation games.",247,"['title: Satisfied \ntext: Got the product the very next day , super good experience', 'title: Great quality and design \ntext: Honestly, it’s worth it. Everything about the disc edition Ps5 is great, from design, quality to gameplay and even main menu. The one thing I would say that is annoying is the size of the storage since nowadays a lot of games need up to 500gb (call of duty) to install . Come on Sony why not go all the way to 1TB!', 'title: Love it! \ntext: Amazing product. Its a truly special experience when you have this and a great display to play on.']","The PlayStation 5 disc edition is praised for its great design and quality, offering an impressive gameplay experience and user interface. However, there is a noted drawback regarding the storage capacity, as many modern games require substantial space, and users feel that Sony could have provided a larger storage option, such as 1TB, to accommodate these needs [0]. Additionally, the product is described as amazing, enhancing the gaming experience when paired with a high-quality display [1]. [0] is not related to the query.",9.75
How’s the quality of this product,"The PS5 console unleashes new gaming possibilities that you never anticipated. Experience lightning fast loading with an ultra-high speed SSD, deeper immersion with support for haptic feedback, adaptive triggers, and 3D Audio, and an all-new generation of incredible PlayStation games.",256,"['title: Satisfied \ntext: Got the product the very next day , super good experience', 'title: Unsatisfactory \ntext: Trying to get this product is harder than getting tickets to San Diego comic con. I should not have to go through so much time effort and stress like a performing monkey in order to buy something.', 'title: Fresh. \ntext: Got mine in less than a week. Was expecting 2 weeks. Came in fresh condition. Great product.']",[0] is not related to the query. [1] is not related to the query. [2] is not related to the query.,0.0
How’s the quality of this product,"The PS5 console unleashes new gaming possibilities that you never anticipated. Experience lightning fast loading with an ultra-high speed SSD, deeper immersion with support for haptic feedback, adaptive triggers, and 3D Audio, and an all-new generation of incredible PlayStation games.",257,"['title: Satisfied \ntext: Got the product the very next day , super good experience', 'title: Unsatisfactory \ntext: Trying to get this product is harder than getting tickets to San Diego comic con. I should not have to go through so much time effort and stress like a performing monkey in order to buy something.', 'title: Love it! \ntext: Amazing product. Its a truly special experience when you have this and a great display to play on.']","The product is described as amazing, providing a truly special experience, especially when used with a great display [0]. [0] is not related to the query. [1] is not related to the query.",3.75
How’s the quality of this product,"The PS5 console unleashes new gaming possibilities that you never anticipated. Experience lightning fast loading with an ultra-high speed SSD, deeper immersion with support for haptic feedback, adaptive triggers, and 3D Audio, and an all-new generation of incredible PlayStation games.",267,"['title: Satisfied \ntext: Got the product the very next day , super good experience', 'title: Fresh. \ntext: Got mine in less than a week. Was expecting 2 weeks. Came in fresh condition. Great product.', 'title: Love it! \ntext: Amazing product. Its a truly special experience when you have this and a great display to play on.']","The product is described as amazing, providing a truly special experience when used with a great display, indicating high quality and user satisfaction [0]. [0] is not related to the query. [1] is not related to the query.",3.75
How’s the quality of this product,"The PS5 console unleashes new gaming possibilities that you never anticipated. Experience lightning fast loading with an ultra-high speed SSD, deeper immersion with support for haptic feedback, adaptive triggers, and 3D Audio, and an all-new generation of incredible PlayStation games.",345,"['title: brand new \ntext: this product was brand new and had no issues with it.', 'title: Great quality and design \ntext: Honestly, it’s worth it. Everything about the disc edition Ps5 is great, from design, quality to gameplay and even main menu. The one thing I would say that is annoying is the size of the storage since nowadays a lot of games need up to 500gb (call of duty) to install . Come on Sony why not go all the way to 1TB!', 'title: Unsatisfactory \ntext: Trying to get this product is harder than getting tickets to San Diego comic con. I should not have to go through so much time effort and stress like a performing monkey in order to buy something.']","The product is described as brand new and without any issues, indicating a positive assessment of its quality [0]. Additionally, the disc edition PS5 is praised for its great design and quality, although there is a critique regarding the limited storage capacity, which affects the overall experience [1]. [2] is not related to the query.",9.0
How’s the quality of this product,"The PS5 console unleashes new gaming possibilities that you never anticipated. Experience lightning fast loading with an ultra-high speed SSD, deeper immersion with support for haptic feedback, adaptive triggers, and 3D Audio, and an all-new generation of incredible PlayStation games.",346,"['title: brand new \ntext: this product was brand new and had no issues with it.', 'title: Great quality and design \ntext: Honestly, it’s worth it. Everything about the disc edition Ps5 is great, from design, quality to gameplay and even main menu. The one thing I would say that is annoying is the size of the storage since nowadays a lot of games need up to 500gb (call of duty) to install . Come on Sony why not go all the way to 1TB!', 'title: Fresh. \ntext: Got mine in less than a week. Was expecting 2 weeks. Came in fresh condition. Great product.']","The product is described as brand new and free of issues, indicating a high level of quality[0]. Additionally, the disc edition PS5 is praised for its great design and quality, although there is a noted concern about the storage capacity, which is considered insufficient for modern gaming needs[1]. [2] is not related to the query.",9.0
How’s the quality of this product,"The PS5 console unleashes new gaming possibilities that you never anticipated. Experience lightning fast loading with an ultra-high speed SSD, deeper immersion with support for haptic feedback, adaptive triggers, and 3D Audio, and an all-new generation of incredible PlayStation games.",347,"['title: brand new \ntext: this product was brand new and had no issues with it.', 'title: Great quality and design \ntext: Honestly, it’s worth it. Everything about the disc edition Ps5 is great, from design, quality to gameplay and even main menu. The one thing I would say that is annoying is the size of the storage since nowadays a lot of games need up to 500gb (call of duty) to install . Come on Sony why not go all the way to 1TB!', 'title: Love it! \ntext: Amazing product. Its a truly special experience when you have this and a great display to play on.']","The product is described as brand new and free of issues, indicating a high level of quality from the outset [0]. Users praise the PlayStation 5 disc edition for its excellent design and overall quality, although there is some dissatisfaction with the storage capacity, which is considered insufficient for modern gaming needs [1]. Additionally, the product is described as amazing, providing a special experience when paired with a great display, further emphasizing its high quality [2].",9.75
How’s the quality of this product,"The PS5 console unleashes new gaming possibilities that you never anticipated. Experience lightning fast loading with an ultra-high speed SSD, deeper immersion with support for haptic feedback, adaptive triggers, and 3D Audio, and an all-new generation of incredible PlayStation games.",356,"['title: brand new \ntext: this product was brand new and had no issues with it.', 'title: Unsatisfactory \ntext: Trying to get this product is harder than getting tickets to San Diego comic con. I should not have to go through so much time effort and stress like a performing monkey in order to buy something.', 'title: Fresh. \ntext: Got mine in less than a week. Was expecting 2 weeks. Came in fresh condition. Great product.']","The product was described as brand new and free from any issues, indicating a high level of quality [0]. [1] is not related to the query. [2] is not related to the query.",3.0
How’s the quality of this product,"The PS5 console unleashes new gaming possibilities that you never anticipated. Experience lightning fast loading with an ultra-high speed SSD, deeper immersion with support for haptic feedback, adaptive triggers, and 3D Audio, and an all-new generation of incredible PlayStation games.",357,"['title: brand new \ntext: this product was brand new and had no issues with it.', 'title: Unsatisfactory \ntext: Trying to get this product is harder than getting tickets to San Diego comic con. I should not have to go through so much time effort and stress like a performing monkey in order to buy something.', 'title: Love it! \ntext: Amazing product. Its a truly special experience when you have this and a great display to play on.']","The product is described as brand new and free of any issues, indicating a high level of quality and reliability [0]. Additionally, it is praised for providing an amazing and special experience, especially when used with a great display, further emphasizing its quality [1]. [1] is not related to the query.",5.25
How’s the quality of this product,"The PS5 console unleashes new gaming possibilities that you never anticipated. Experience lightning fast loading with an ultra-high speed SSD, deeper immersion with support for haptic feedback, adaptive triggers, and 3D Audio, and an all-new generation of incredible PlayStation games.",367,"['title: brand new \ntext: this product was brand new and had no issues with it.', 'title: Fresh. \ntext: Got mine in less than a week. Was expecting 2 weeks. Came in fresh condition. Great product.', 'title: Love it! \ntext: Amazing product. Its a truly special experience when you have this and a great display to play on.']","The product is described as brand new and free of any issues, indicating a high level of quality and reliability [0]. Additionally, users express a strong positive sentiment, highlighting the product as amazing and providing a special experience, especially when used with a great display, further emphasizing its quality [1]. [1] is not related to the query.",5.25
How’s the quality of this product,"The PS5 console unleashes new gaming possibilities that you never anticipated. Experience lightning fast loading with an ultra-high speed SSD, deeper immersion with support for haptic feedback, adaptive triggers, and 3D Audio, and an all-new generation of incredible PlayStation games.",456,"['title: Great quality and design \ntext: Honestly, it’s worth it. Everything about the disc edition Ps5 is great, from design, quality to gameplay and even main menu. The one thing I would say that is annoying is the size of the storage since nowadays a lot of games need up to 500gb (call of duty) to install . Come on Sony why not go all the way to 1TB!', 'title: Unsatisfactory \ntext: Trying to get this product is harder than getting tickets to San Diego comic con. I should not have to go through so much time effort and stress like a performing monkey in order to buy something.', 'title: Fresh. \ntext: Got mine in less than a week. Was expecting 2 weeks. Came in fresh condition. Great product.']","The disc edition PS5 is praised for its great design and quality, contributing to an overall positive experience in terms of gameplay and user interface. However, there is a noted drawback regarding the storage capacity, as many modern games require substantial space, up to 500GB, which makes the current storage size insufficient for some users' needs [0]. [1] is not related to the query. [2] is not related to the query.",9.0
How’s the quality of this product,"The PS5 console unleashes new gaming possibilities that you never anticipated. Experience lightning fast loading with an ultra-high speed SSD, deeper immersion with support for haptic feedback, adaptive triggers, and 3D Audio, and an all-new generation of incredible PlayStation games.",457,"['title: Great quality and design \ntext: Honestly, it’s worth it. Everything about the disc edition Ps5 is great, from design, quality to gameplay and even main menu. The one thing I would say that is annoying is the size of the storage since nowadays a lot of games need up to 500gb (call of duty) to install . Come on Sony why not go all the way to 1TB!', 'title: Unsatisfactory \ntext: Trying to get this product is harder than getting tickets to San Diego comic con. I should not have to go through so much time effort and stress like a performing monkey in order to buy something.', 'title: Love it! \ntext: Amazing product. Its a truly special experience when you have this and a great display to play on.']","The PlayStation 5 disc edition is praised for its great design and quality, offering an impressive gameplay experience and a well-designed main menu. However, there is a noted drawback regarding the storage capacity, as many modern games require significant space, up to 500GB, which can be limiting given the current storage size [0]. Overall, the product is described as amazing, providing a special experience, especially when paired with a great display [1]. [1] is not related to the query.",9.75
How’s the quality of this product,"The PS5 console unleashes new gaming possibilities that you never anticipated. Experience lightning fast loading with an ultra-high speed SSD, deeper immersion with support for haptic feedback, adaptive triggers, and 3D Audio, and an all-new generation of incredible PlayStation games.",467,"['title: Great quality and design \ntext: Honestly, it’s worth it. Everything about the disc edition Ps5 is great, from design, quality to gameplay and even main menu. The one thing I would say that is annoying is the size of the storage since nowadays a lot of games need up to 500gb (call of duty) to install . Come on Sony why not go all the way to 1TB!', 'title: Fresh. \ntext: Got mine in less than a week. Was expecting 2 weeks. Came in fresh condition. Great product.', 'title: Love it! \ntext: Amazing product. Its a truly special experience when you have this and a great display to play on.']","The disc edition PS5 is praised for its great design and quality, contributing to an overall positive experience. However, there is a noted issue with the storage capacity, as many modern games require significant space, suggesting that a 1TB option would be more suitable [0]. Additionally, the product is described as amazing, enhancing the gaming experience when paired with a high-quality display [1]. [1] is not related to the query.",9.75
How’s the quality of this product,"The PS5 console unleashes new gaming possibilities that you never anticipated. Experience lightning fast loading with an ultra-high speed SSD, deeper immersion with support for haptic feedback, adaptive triggers, and 3D Audio, and an all-new generation of incredible PlayStation games.",567,"['title: Unsatisfactory \ntext: Trying to get this product is harder than getting tickets to San Diego comic con. I should not have to go through so much time effort and stress like a performing monkey in order to buy something.', 'title: Fresh. \ntext: Got mine in less than a week. Was expecting 2 weeks. Came in fresh condition. Great product.', 'title: Love it! \ntext: Amazing product. Its a truly special experience when you have this and a great display to play on.']","The product is described as amazing, providing a truly special experience when used, especially with a great display to enhance its features [0]. [0] is not related to the query. [1] is not related to the query.",3.75
How’s the quality of this product,"The PS5 console unleashes new gaming possibilities that you never anticipated. Experience lightning fast loading with an ultra-high speed SSD, deeper immersion with support for haptic feedback, adaptive triggers, and 3D Audio, and an all-new generation of incredible PlayStation games.",0123,"['title: Great Quality! \ntext: The delivery was awesome! and it came fast, there were no scratches or missing cords it was in good condition.', 'title: Great product! \ntext: When I was finally able to get one, I had no complaints.', 'title: Satisfied \ntext: Got the product the very next day , super good experience', 'title: brand new \ntext: this product was brand new and had no issues with it.']","The product is highly regarded by users, with one user expressing satisfaction upon acquiring it, noting that they had no complaints about its performance or quality [0]. Another user highlighted that the product was brand new and free of any issues, further emphasizing its quality [1]. [0] is not related to the query. [2] is not related to the query.",4.25
How’s the quality of this product,"The PS5 console unleashes new gaming possibilities that you never anticipated. Experience lightning fast loading with an ultra-high speed SSD, deeper immersion with support for haptic feedback, adaptive triggers, and 3D Audio, and an all-new generation of incredible PlayStation games.",0124,"['title: Great Quality! \ntext: The delivery was awesome! and it came fast, there were no scratches or missing cords it was in good condition.', 'title: Great product! \ntext: When I was finally able to get one, I had no complaints.', 'title: Satisfied \ntext: Got the product the very next day , super good experience', 'title: Great quality and design \ntext: Honestly, it’s worth it. Everything about the disc edition Ps5 is great, from design, quality to gameplay and even main menu. The one thing I would say that is annoying is the size of the storage since nowadays a lot of games need up to 500gb (call of duty) to install . Come on Sony why not go all the way to 1TB!']","The product is highly praised for its quality and design, with users expressing satisfaction upon acquiring it and having no complaints about its performance [0]. The disc edition PS5 is noted for its excellent design and quality, contributing to a positive gaming experience. However, there is a critique regarding the storage capacity, as modern games require significant space, and users feel that a 1TB storage option would be more appropriate [1]. [0] is not related to the query. [2] is not related to the query.",9.0
How’s the quality of this product,"The PS5 console unleashes new gaming possibilities that you never anticipated. Experience lightning fast loading with an ultra-high speed SSD, deeper immersion with support for haptic feedback, adaptive triggers, and 3D Audio, and an all-new generation of incredible PlayStation games.",0125,"['title: Great Quality! \ntext: The delivery was awesome! and it came fast, there were no scratches or missing cords it was in good condition.', 'title: Great product! \ntext: When I was finally able to get one, I had no complaints.', 'title: Satisfied \ntext: Got the product the very next day , super good experience', 'title: Unsatisfactory \ntext: Trying to get this product is harder than getting tickets to San Diego comic con. I should not have to go through so much time effort and stress like a performing monkey in order to buy something.']","The user expressed satisfaction with the product, stating that they had no complaints after acquiring it [0]. [0] is not related to the query. [2] is not related to the query. [3] is not related to the query.",3.0
How’s the quality of this product,"The PS5 console unleashes new gaming possibilities that you never anticipated. Experience lightning fast loading with an ultra-high speed SSD, deeper immersion with support for haptic feedback, adaptive triggers, and 3D Audio, and an all-new generation of incredible PlayStation games.",0126,"['title: Great Quality! \ntext: The delivery was awesome! and it came fast, there were no scratches or missing cords it was in good condition.', 'title: Great product! \ntext: When I was finally able to get one, I had no complaints.', 'title: Satisfied \ntext: Got the product the very next day , super good experience', 'title: Fresh. \ntext: Got mine in less than a week. Was expecting 2 weeks. Came in fresh condition. Great product.']","The user expressed satisfaction with the product, stating that they had no complaints upon acquiring it [0]. [0] is not related to the query. [2] is not related to the query. [3] is not related to the query.",3.0
How’s the quality of this product,"The PS5 console unleashes new gaming possibilities that you never anticipated. Experience lightning fast loading with an ultra-high speed SSD, deeper immersion with support for haptic feedback, adaptive triggers, and 3D Audio, and an all-new generation of incredible PlayStation games.",0127,"['title: Great Quality! \ntext: The delivery was awesome! and it came fast, there were no scratches or missing cords it was in good condition.', 'title: Great product! \ntext: When I was finally able to get one, I had no complaints.', 'title: Satisfied \ntext: Got the product the very next day , super good experience', 'title: Love it! \ntext: Amazing product. Its a truly special experience when you have this and a great display to play on.']","The product has received positive feedback from users, with one user expressing satisfaction by stating they had no complaints after acquiring it [0]. Another user described the product as amazing and highlighted the exceptional experience it provides, especially when paired with a great display [1]. [0] is not related to the query. [2] is not related to the query.",5.25
How’s the quality of this product,"The PS5 console unleashes new gaming possibilities that you never anticipated. Experience lightning fast loading with an ultra-high speed SSD, deeper immersion with support for haptic feedback, adaptive triggers, and 3D Audio, and an all-new generation of incredible PlayStation games.",0134,"['title: Great Quality! \ntext: The delivery was awesome! and it came fast, there were no scratches or missing cords it was in good condition.', 'title: Great product! \ntext: When I was finally able to get one, I had no complaints.', 'title: brand new \ntext: this product was brand new and had no issues with it.', 'title: Great quality and design \ntext: Honestly, it’s worth it. Everything about the disc edition Ps5 is great, from design, quality to gameplay and even main menu. The one thing I would say that is annoying is the size of the storage since nowadays a lot of games need up to 500gb (call of duty) to install . Come on Sony why not go all the way to 1TB!']","The product is highly praised for its quality, with users expressing satisfaction and having no complaints after acquiring it [0]. It is noted to be brand new and free of issues, which contributes to its positive reception [1]. Additionally, the product's design and quality are highlighted as excellent, making it worth the purchase. However, there is a minor criticism regarding the storage size, as some users find it insufficient for modern gaming needs [2]. [0] is not related to the query.",9.0
How’s the quality of this product,"The PS5 console unleashes new gaming possibilities that you never anticipated. Experience lightning fast loading with an ultra-high speed SSD, deeper immersion with support for haptic feedback, adaptive triggers, and 3D Audio, and an all-new generation of incredible PlayStation games.",0135,"['title: Great Quality! \ntext: The delivery was awesome! and it came fast, there were no scratches or missing cords it was in good condition.', 'title: Great product! \ntext: When I was finally able to get one, I had no complaints.', 'title: brand new \ntext: this product was brand new and had no issues with it.', 'title: Unsatisfactory \ntext: Trying to get this product is harder than getting tickets to San Diego comic con. I should not have to go through so much time effort and stress like a performing monkey in order to buy something.']","The product is highly regarded by users, with one comment expressing satisfaction upon finally acquiring it, noting no complaints about its performance or quality [0]. Another user highlights that the product was brand new and free from any issues, indicating a positive experience with its quality [1]. [0] is not related to the query. [3] is not related to the query.",4.25
How’s the quality of this product,"The PS5 console unleashes new gaming possibilities that you never anticipated. Experience lightning fast loading with an ultra-high speed SSD, deeper immersion with support for haptic feedback, adaptive triggers, and 3D Audio, and an all-new generation of incredible PlayStation games.",0136,"['title: Great Quality! \ntext: The delivery was awesome! and it came fast, there were no scratches or missing cords it was in good condition.', 'title: Great product! \ntext: When I was finally able to get one, I had no complaints.', 'title: brand new \ntext: this product was brand new and had no issues with it.', 'title: Fresh. \ntext: Got mine in less than a week. Was expecting 2 weeks. Came in fresh condition. Great product.']","The product is highly regarded by users, with one comment expressing satisfaction upon finally acquiring it, noting no complaints about its performance or quality [0]. Another user highlights that the product was brand new and free from any issues, further emphasizing its quality [1]. [0] is not related to the query. [3] is not related to the query.",4.25
How’s the quality of this product,"The PS5 console unleashes new gaming possibilities that you never anticipated. Experience lightning fast loading with an ultra-high speed SSD, deeper immersion with support for haptic feedback, adaptive triggers, and 3D Audio, and an all-new generation of incredible PlayStation games.",0137,"['title: Great Quality! \ntext: The delivery was awesome! and it came fast, there were no scratches or missing cords it was in good condition.', 'title: Great product! \ntext: When I was finally able to get one, I had no complaints.', 'title: brand new \ntext: this product was brand new and had no issues with it.', 'title: Love it! \ntext: Amazing product. Its a truly special experience when you have this and a great display to play on.']","The product has received positive feedback from users, with one user expressing satisfaction by stating they had no complaints after acquiring it [0]. Another user highlighted that the product was brand new and free of issues, indicating a high level of quality [1]. Additionally, a user described the product as amazing and emphasized the exceptional experience it provides, especially when paired with a great display [2]. [0] is not related to the query.",5.5
How’s the quality of this product,"The PS5 console unleashes new gaming possibilities that you never anticipated. Experience lightning fast loading with an ultra-high speed SSD, deeper immersion with support for haptic feedback, adaptive triggers, and 3D Audio, and an all-new generation of incredible PlayStation games.",0145,"['title: Great Quality! \ntext: The delivery was awesome! and it came fast, there were no scratches or missing cords it was in good condition.', 'title: Great product! \ntext: When I was finally able to get one, I had no complaints.', 'title: Great quality and design \ntext: Honestly, it’s worth it. Everything about the disc edition Ps5 is great, from design, quality to gameplay and even main menu. The one thing I would say that is annoying is the size of the storage since nowadays a lot of games need up to 500gb (call of duty) to install . Come on Sony why not go all the way to 1TB!', 'title: Unsatisfactory \ntext: Trying to get this product is harder than getting tickets to San Diego comic con. I should not have to go through so much time effort and stress like a performing monkey in order to buy something.']","The product is highly praised for its quality and design, with users expressing satisfaction upon acquiring it and having no complaints about its performance [0]. The disc edition PS5 is noted for its excellent design and quality, contributing to a positive gaming experience. However, there is a critique regarding the storage capacity, as modern games require significant space, and users feel that Sony should have provided a larger storage option [1]. [0] is not related to the query. [3] is not related to the query.",9.0
How’s the quality of this product,"The PS5 console unleashes new gaming possibilities that you never anticipated. Experience lightning fast loading with an ultra-high speed SSD, deeper immersion with support for haptic feedback, adaptive triggers, and 3D Audio, and an all-new generation of incredible PlayStation games.",0146,"['title: Great Quality! \ntext: The delivery was awesome! and it came fast, there were no scratches or missing cords it was in good condition.', 'title: Great product! \ntext: When I was finally able to get one, I had no complaints.', 'title: Great quality and design \ntext: Honestly, it’s worth it. Everything about the disc edition Ps5 is great, from design, quality to gameplay and even main menu. The one thing I would say that is annoying is the size of the storage since nowadays a lot of games need up to 500gb (call of duty) to install . Come on Sony why not go all the way to 1TB!', 'title: Fresh. \ntext: Got mine in less than a week. Was expecting 2 weeks. Came in fresh condition. Great product.']","The product is highly praised for its quality and design, with users expressing satisfaction and having no complaints about its performance. The disc edition PS5 is noted for its excellent design, quality, and gameplay experience. However, there is a critique regarding the storage capacity, as modern games require significant space, and users feel that Sony should have provided a 1TB option instead of the current offering.[0][1] [0] is not related to the query. [3] is not related to the query.",9.0
How’s the quality of this product,"The PS5 console unleashes new gaming possibilities that you never anticipated. Experience lightning fast loading with an ultra-high speed SSD, deeper immersion with support for haptic feedback, adaptive triggers, and 3D Audio, and an all-new generation of incredible PlayStation games.",0147,"['title: Great Quality! \ntext: The delivery was awesome! and it came fast, there were no scratches or missing cords it was in good condition.', 'title: Great product! \ntext: When I was finally able to get one, I had no complaints.', 'title: Great quality and design \ntext: Honestly, it’s worth it. Everything about the disc edition Ps5 is great, from design, quality to gameplay and even main menu. The one thing I would say that is annoying is the size of the storage since nowadays a lot of games need up to 500gb (call of duty) to install . Come on Sony why not go all the way to 1TB!', 'title: Love it! \ntext: Amazing product. Its a truly special experience when you have this and a great display to play on.']","The product is highly praised for its quality and design, with users expressing satisfaction and having no complaints about its performance[0][1][2]. The disc edition PS5 is noted for its excellent design and gameplay experience, although there is some criticism regarding the limited storage capacity, which can be problematic given the large size of modern games[1]. Overall, the product is described as providing a special and enjoyable experience, especially when paired with a good display[2]. [0] is not related to the query.",9.75
How’s the quality of this product,"The PS5 console unleashes new gaming possibilities that you never anticipated. Experience lightning fast loading with an ultra-high speed SSD, deeper immersion with support for haptic feedback, adaptive triggers, and 3D Audio, and an all-new generation of incredible PlayStation games.",0156,"['title: Great Quality! \ntext: The delivery was awesome! and it came fast, there were no scratches or missing cords it was in good condition.', 'title: Great product! \ntext: When I was finally able to get one, I had no complaints.', 'title: Unsatisfactory \ntext: Trying to get this product is harder than getting tickets to San Diego comic con. I should not have to go through so much time effort and stress like a performing monkey in order to buy something.', 'title: Fresh. \ntext: Got mine in less than a week. Was expecting 2 weeks. Came in fresh condition. Great product.']","The user expressed satisfaction with the product, stating that they had no complaints after acquiring it [0]. [0] is not related to the query. [2] is not related to the query. [3] is not related to the query.",3.0
How’s the quality of this product,"The PS5 console unleashes new gaming possibilities that you never anticipated. Experience lightning fast loading with an ultra-high speed SSD, deeper immersion with support for haptic feedback, adaptive triggers, and 3D Audio, and an all-new generation of incredible PlayStation games.",0157,"['title: Great Quality! \ntext: The delivery was awesome! and it came fast, there were no scratches or missing cords it was in good condition.', 'title: Great product! \ntext: When I was finally able to get one, I had no complaints.', 'title: Unsatisfactory \ntext: Trying to get this product is harder than getting tickets to San Diego comic con. I should not have to go through so much time effort and stress like a performing monkey in order to buy something.', 'title: Love it! \ntext: Amazing product. Its a truly special experience when you have this and a great display to play on.']","The comments reflect a positive perception of the product's quality. One user expressed satisfaction by stating they had no complaints after acquiring the product, indicating a high level of satisfaction with its performance and features [0]. Another user described the product as amazing and highlighted the exceptional experience it provides, especially when paired with a great display, further emphasizing the product's quality and the enhanced user experience it offers [1]. [0] is not related to the query. [2] is not related to the query.",5.25
How’s the quality of this product,"The PS5 console unleashes new gaming possibilities that you never anticipated. Experience lightning fast loading with an ultra-high speed SSD, deeper immersion with support for haptic feedback, adaptive triggers, and 3D Audio, and an all-new generation of incredible PlayStation games.",0167,"['title: Great Quality! \ntext: The delivery was awesome! and it came fast, there were no scratches or missing cords it was in good condition.', 'title: Great product! \ntext: When I was finally able to get one, I had no complaints.', 'title: Fresh. \ntext: Got mine in less than a week. Was expecting 2 weeks. Came in fresh condition. Great product.', 'title: Love it! \ntext: Amazing product. Its a truly special experience when you have this and a great display to play on.']","The comments reflect a positive perception of the product's quality. One user expressed satisfaction by stating they had no complaints after acquiring the product, indicating a high level of contentment with its performance or features [0]. Another user described the product as amazing and highlighted the exceptional experience it provides, especially when paired with a great display, further emphasizing its quality [1]. [0] is not related to the query. [2] is not related to the query.",5.25
How’s the quality of this product,"The PS5 console unleashes new gaming possibilities that you never anticipated. Experience lightning fast loading with an ultra-high speed SSD, deeper immersion with support for haptic feedback, adaptive triggers, and 3D Audio, and an all-new generation of incredible PlayStation games.",0234,"['title: Great Quality! \ntext: The delivery was awesome! and it came fast, there were no scratches or missing cords it was in good condition.', 'title: Satisfied \ntext: Got the product the very next day , super good experience', 'title: brand new \ntext: this product was brand new and had no issues with it.', 'title: Great quality and design \ntext: Honestly, it’s worth it. Everything about the disc edition Ps5 is great, from design, quality to gameplay and even main menu. The one thing I would say that is annoying is the size of the storage since nowadays a lot of games need up to 500gb (call of duty) to install . Come on Sony why not go all the way to 1TB!']","The product is described as brand new and free of issues, indicating a high level of quality upon arrival [0]. Additionally, the disc edition PS5 is praised for its great design and quality, contributing to an overall positive perception of the product. However, there is a noted drawback regarding the storage size, which is considered insufficient for modern gaming needs, suggesting an area for improvement [1]. [0] is not related to the query. [1] is not related to the query.",9.0
How’s the quality of this product,"The PS5 console unleashes new gaming possibilities that you never anticipated. Experience lightning fast loading with an ultra-high speed SSD, deeper immersion with support for haptic feedback, adaptive triggers, and 3D Audio, and an all-new generation of incredible PlayStation games.",0235,"['title: Great Quality! \ntext: The delivery was awesome! and it came fast, there were no scratches or missing cords it was in good condition.', 'title: Satisfied \ntext: Got the product the very next day , super good experience', 'title: brand new \ntext: this product was brand new and had no issues with it.', 'title: Unsatisfactory \ntext: Trying to get this product is harder than getting tickets to San Diego comic con. I should not have to go through so much time effort and stress like a performing monkey in order to buy something.']","The product was described as brand new and free of any issues, indicating a high level of quality [0]. [0] is not related to the query. [1] is not related to the query. [3] is not related to the query.",3.0
How’s the quality of this product,"The PS5 console unleashes new gaming possibilities that you never anticipated. Experience lightning fast loading with an ultra-high speed SSD, deeper immersion with support for haptic feedback, adaptive triggers, and 3D Audio, and an all-new generation of incredible PlayStation games.",0236,"['title: Great Quality! \ntext: The delivery was awesome! and it came fast, there were no scratches or missing cords it was in good condition.', 'title: Satisfied \ntext: Got the product the very next day , super good experience', 'title: brand new \ntext: this product was brand new and had no issues with it.', 'title: Fresh. \ntext: Got mine in less than a week. Was expecting 2 weeks. Came in fresh condition. Great product.']","The product was described as brand new and free of any issues, indicating a high level of quality [0]. [0] is not related to the query. [1] is not related to the query. [3] is not related to the query.",3.0
How’s the quality of this product,"The PS5 console unleashes new gaming possibilities that you never anticipated. Experience lightning fast loading with an ultra-high speed SSD, deeper immersion with support for haptic feedback, adaptive triggers, and 3D Audio, and an all-new generation of incredible PlayStation games.",0237,"['title: Great Quality! \ntext: The delivery was awesome! and it came fast, there were no scratches or missing cords it was in good condition.', 'title: Satisfied \ntext: Got the product the very next day , super good experience', 'title: brand new \ntext: this product was brand new and had no issues with it.', 'title: Love it! \ntext: Amazing product. Its a truly special experience when you have this and a great display to play on.']","The product is described as brand new and free of any issues, indicating a high level of quality and reliability [0]. Additionally, users express a strong positive sentiment, describing it as an amazing product that offers a special experience, especially when used with a great display [1]. [0] is not related to the query. [1] is not related to the query.",5.25
How’s the quality of this product,"The PS5 console unleashes new gaming possibilities that you never anticipated. Experience lightning fast loading with an ultra-high speed SSD, deeper immersion with support for haptic feedback, adaptive triggers, and 3D Audio, and an all-new generation of incredible PlayStation games.",0245,"['title: Great Quality! \ntext: The delivery was awesome! and it came fast, there were no scratches or missing cords it was in good condition.', 'title: Satisfied \ntext: Got the product the very next day , super good experience', 'title: Great quality and design \ntext: Honestly, it’s worth it. Everything about the disc edition Ps5 is great, from design, quality to gameplay and even main menu. The one thing I would say that is annoying is the size of the storage since nowadays a lot of games need up to 500gb (call of duty) to install . Come on Sony why not go all the way to 1TB!', 'title: Unsatisfactory \ntext: Trying to get this product is harder than getting tickets to San Diego comic con. I should not have to go through so much time effort and stress like a performing monkey in order to buy something.']","The disc edition PS5 is praised for its great design and quality, contributing to an overall positive experience with the product. However, there is a noted issue with the storage capacity, as many modern games require significant space, suggesting that a 1TB storage option would be more suitable for users [0]. [0] is not related to the query. [1] is not related to the query. [3] is not related to the query.",9.0
How’s the quality of this product,"The PS5 console unleashes new gaming possibilities that you never anticipated. Experience lightning fast loading with an ultra-high speed SSD, deeper immersion with support for haptic feedback, adaptive triggers, and 3D Audio, and an all-new generation of incredible PlayStation games.",0246,"['title: Great Quality! \ntext: The delivery was awesome! and it came fast, there were no scratches or missing cords it was in good condition.', 'title: Satisfied \ntext: Got the product the very next day , super good experience', 'title: Great quality and design \ntext: Honestly, it’s worth it. Everything about the disc edition Ps5 is great, from design, quality to gameplay and even main menu. The one thing I would say that is annoying is the size of the storage since nowadays a lot of games need up to 500gb (call of duty) to install . Come on Sony why not go all the way to 1TB!', 'title: Fresh. \ntext: Got mine in less than a week. Was expecting 2 weeks. Came in fresh condition. Great product.']","The disc edition PS5 is praised for its great design and quality, contributing to an overall positive experience in terms of gameplay and user interface. However, there is a noted drawback regarding the storage capacity, as many modern games require substantial space, up to 500GB, which makes the current storage size insufficient for some users' needs [0]. [0] is not related to the query. [1] is not related to the query. [3] is not related to the query.",9.0
How’s the quality of this product,"The PS5 console unleashes new gaming possibilities that you never anticipated. Experience lightning fast loading with an ultra-high speed SSD, deeper immersion with support for haptic feedback, adaptive triggers, and 3D Audio, and an all-new generation of incredible PlayStation games.",0247,"['title: Great Quality! \ntext: The delivery was awesome! and it came fast, there were no scratches or missing cords it was in good condition.', 'title: Satisfied \ntext: Got the product the very next day , super good experience', 'title: Great quality and design \ntext: Honestly, it’s worth it. Everything about the disc edition Ps5 is great, from design, quality to gameplay and even main menu. The one thing I would say that is annoying is the size of the storage since nowadays a lot of games need up to 500gb (call of duty) to install . Come on Sony why not go all the way to 1TB!', 'title: Love it! \ntext: Amazing product. Its a truly special experience when you have this and a great display to play on.']","The PlayStation 5 disc edition is praised for its excellent quality and design, offering a great experience in terms of gameplay and user interface. However, there is a noted drawback regarding the storage capacity, as many modern games require substantial space, up to 500GB, which makes the current storage size less than ideal [0]. Additionally, the product is described as amazing, providing a special experience when paired with a high-quality display [1]. [0] is not related to the query. [1] is not related to the query.",9.75
How’s the quality of this product,"The PS5 console unleashes new gaming possibilities that you never anticipated. Experience lightning fast loading with an ultra-high speed SSD, deeper immersion with support for haptic feedback, adaptive triggers, and 3D Audio, and an all-new generation of incredible PlayStation games.",0256,"['title: Great Quality! \ntext: The delivery was awesome! and it came fast, there were no scratches or missing cords it was in good condition.', 'title: Satisfied \ntext: Got the product the very next day , super good experience', 'title: Unsatisfactory \ntext: Trying to get this product is harder than getting tickets to San Diego comic con. I should not have to go through so much time effort and stress like a performing monkey in order to buy something.', 'title: Fresh. \ntext: Got mine in less than a week. Was expecting 2 weeks. Came in fresh condition. Great product.']",[0] is not related to the query. [1] is not related to the query. [2] is not related to the query. [3] is not related to the query.,0.0
How’s the quality of this product,"The PS5 console unleashes new gaming possibilities that you never anticipated. Experience lightning fast loading with an ultra-high speed SSD, deeper immersion with support for haptic feedback, adaptive triggers, and 3D Audio, and an all-new generation of incredible PlayStation games.",0257,"['title: Great Quality! \ntext: The delivery was awesome! and it came fast, there were no scratches or missing cords it was in good condition.', 'title: Satisfied \ntext: Got the product the very next day , super good experience', 'title: Unsatisfactory \ntext: Trying to get this product is harder than getting tickets to San Diego comic con. I should not have to go through so much time effort and stress like a performing monkey in order to buy something.', 'title: Love it! \ntext: Amazing product. Its a truly special experience when you have this and a great display to play on.']","The product is described as amazing, providing a truly special experience, especially when paired with a great display [0]. [0] is not related to the query. [1] is not related to the query. [2] is not related to the query.",3.75
How’s the quality of this product,"The PS5 console unleashes new gaming possibilities that you never anticipated. Experience lightning fast loading with an ultra-high speed SSD, deeper immersion with support for haptic feedback, adaptive triggers, and 3D Audio, and an all-new generation of incredible PlayStation games.",0267,"['title: Great Quality! \ntext: The delivery was awesome! and it came fast, there were no scratches or missing cords it was in good condition.', 'title: Satisfied \ntext: Got the product the very next day , super good experience', 'title: Fresh. \ntext: Got mine in less than a week. Was expecting 2 weeks. Came in fresh condition. Great product.', 'title: Love it! \ntext: Amazing product. Its a truly special experience when you have this and a great display to play on.']","The product is described as amazing, providing a truly special experience when used, especially with a great display to enhance its features [0]. [0] is not related to the query. [1] is not related to the query. [2] is not related to the query.",3.75
How’s the quality of this product,"The PS5 console unleashes new gaming possibilities that you never anticipated. Experience lightning fast loading with an ultra-high speed SSD, deeper immersion with support for haptic feedback, adaptive triggers, and 3D Audio, and an all-new generation of incredible PlayStation games.",0345,"['title: Great Quality! \ntext: The delivery was awesome! and it came fast, there were no scratches or missing cords it was in good condition.', 'title: brand new \ntext: this product was brand new and had no issues with it.', 'title: Great quality and design \ntext: Honestly, it’s worth it. Everything about the disc edition Ps5 is great, from design, quality to gameplay and even main menu. The one thing I would say that is annoying is the size of the storage since nowadays a lot of games need up to 500gb (call of duty) to install . Come on Sony why not go all the way to 1TB!', 'title: Unsatisfactory \ntext: Trying to get this product is harder than getting tickets to San Diego comic con. I should not have to go through so much time effort and stress like a performing monkey in order to buy something.']","The product is described as brand new and free of issues, indicating a high level of quality upon arrival [0]. Additionally, the disc edition PS5 is praised for its great design and quality, contributing to an overall positive perception of the product. However, there is a noted drawback regarding the storage size, which is considered insufficient for modern gaming needs, suggesting an area for improvement [1]. [0] is not related to the query. [3] is not related to the query.",9.0
How’s the quality of this product,"The PS5 console unleashes new gaming possibilities that you never anticipated. Experience lightning fast loading with an ultra-high speed SSD, deeper immersion with support for haptic feedback, adaptive triggers, and 3D Audio, and an all-new generation of incredible PlayStation games.",0346,"['title: Great Quality! \ntext: The delivery was awesome! and it came fast, there were no scratches or missing cords it was in good condition.', 'title: brand new \ntext: this product was brand new and had no issues with it.', 'title: Great quality and design \ntext: Honestly, it’s worth it. Everything about the disc edition Ps5 is great, from design, quality to gameplay and even main menu. The one thing I would say that is annoying is the size of the storage since nowadays a lot of games need up to 500gb (call of duty) to install . Come on Sony why not go all the way to 1TB!', 'title: Fresh. \ntext: Got mine in less than a week. Was expecting 2 weeks. Came in fresh condition. Great product.']","The product is described as brand new and without any issues, indicating a high level of quality[0]. Additionally, the disc edition PS5 is praised for its great design and quality, although there is a critique regarding the storage size, which is considered insufficient for modern gaming needs[1]. [0] is not related to the query. [3] is not related to the query.",9.0
How’s the quality of this product,"The PS5 console unleashes new gaming possibilities that you never anticipated. Experience lightning fast loading with an ultra-high speed SSD, deeper immersion with support for haptic feedback, adaptive triggers, and 3D Audio, and an all-new generation of incredible PlayStation games.",0347,"['title: Great Quality! \ntext: The delivery was awesome! and it came fast, there were no scratches or missing cords it was in good condition.', 'title: brand new \ntext: this product was brand new and had no issues with it.', 'title: Great quality and design \ntext: Honestly, it’s worth it. Everything about the disc edition Ps5 is great, from design, quality to gameplay and even main menu. The one thing I would say that is annoying is the size of the storage since nowadays a lot of games need up to 500gb (call of duty) to install . Come on Sony why not go all the way to 1TB!', 'title: Love it! \ntext: Amazing product. Its a truly special experience when you have this and a great display to play on.']","The product is described as brand new and free of issues, indicating a high level of quality from the outset [0]. Users have praised the PlayStation 5 for its great design and overall quality, although there is some criticism regarding the limited storage capacity, which can be a drawback given the large size of modern games [1]. Additionally, the product is considered amazing and provides a special experience, especially when paired with a high-quality display [2]. [0] is not related to the query.",9.75
How’s the quality of this product,"The PS5 console unleashes new gaming possibilities that you never anticipated. Experience lightning fast loading with an ultra-high speed SSD, deeper immersion with support for haptic feedback, adaptive triggers, and 3D Audio, and an all-new generation of incredible PlayStation games.",0356,"['title: Great Quality! \ntext: The delivery was awesome! and it came fast, there were no scratches or missing cords it was in good condition.', 'title: brand new \ntext: this product was brand new and had no issues with it.', 'title: Unsatisfactory \ntext: Trying to get this product is harder than getting tickets to San Diego comic con. I should not have to go through so much time effort and stress like a performing monkey in order to buy something.', 'title: Fresh. \ntext: Got mine in less than a week. Was expecting 2 weeks. Came in fresh condition. Great product.']","The product was brand new and had no issues, indicating a high level of quality [0]. [0] is not related to the query. [2] is not related to the query. [3] is not related to the query.",3.0
How’s the quality of this product,"The PS5 console unleashes new gaming possibilities that you never anticipated. Experience lightning fast loading with an ultra-high speed SSD, deeper immersion with support for haptic feedback, adaptive triggers, and 3D Audio, and an all-new generation of incredible PlayStation games.",0357,"['title: Great Quality! \ntext: The delivery was awesome! and it came fast, there were no scratches or missing cords it was in good condition.', 'title: brand new \ntext: this product was brand new and had no issues with it.', 'title: Unsatisfactory \ntext: Trying to get this product is harder than getting tickets to San Diego comic con. I should not have to go through so much time effort and stress like a performing monkey in order to buy something.', 'title: Love it! \ntext: Amazing product. Its a truly special experience when you have this and a great display to play on.']","The product is described as brand new and free of any issues, indicating a high level of quality and reliability [0]. Additionally, it is praised for providing an amazing and special experience, especially when used with a great display, further highlighting its exceptional quality [1]. [0] is not related to the query. [2] is not related to the query.",5.25
How’s the quality of this product,"The PS5 console unleashes new gaming possibilities that you never anticipated. Experience lightning fast loading with an ultra-high speed SSD, deeper immersion with support for haptic feedback, adaptive triggers, and 3D Audio, and an all-new generation of incredible PlayStation games.",0367,"['title: Great Quality! \ntext: The delivery was awesome! and it came fast, there were no scratches or missing cords it was in good condition.', 'title: brand new \ntext: this product was brand new and had no issues with it.', 'title: Fresh. \ntext: Got mine in less than a week. Was expecting 2 weeks. Came in fresh condition. Great product.', 'title: Love it! \ntext: Amazing product. Its a truly special experience when you have this and a great display to play on.']","The product is described as brand new and free of any issues, indicating a high level of quality and reliability [0]. Additionally, users express strong satisfaction, highlighting the product as amazing and providing a special experience, especially when used with a great display [1]. [0] is not related to the query. [2] is not related to the query.",5.25
How’s the quality of this product,"The PS5 console unleashes new gaming possibilities that you never anticipated. Experience lightning fast loading with an ultra-high speed SSD, deeper immersion with support for haptic feedback, adaptive triggers, and 3D Audio, and an all-new generation of incredible PlayStation games.",0456,"['title: Great Quality! \ntext: The delivery was awesome! and it came fast, there were no scratches or missing cords it was in good condition.', 'title: Great quality and design \ntext: Honestly, it’s worth it. Everything about the disc edition Ps5 is great, from design, quality to gameplay and even main menu. The one thing I would say that is annoying is the size of the storage since nowadays a lot of games need up to 500gb (call of duty) to install . Come on Sony why not go all the way to 1TB!', 'title: Unsatisfactory \ntext: Trying to get this product is harder than getting tickets to San Diego comic con. I should not have to go through so much time effort and stress like a performing monkey in order to buy something.', 'title: Fresh. \ntext: Got mine in less than a week. Was expecting 2 weeks. Came in fresh condition. Great product.']","The disc edition PS5 is praised for its great design and quality, contributing to an overall positive experience with the product. However, there is a noted issue with the storage size, as many modern games require significant space, up to 500GB, which can be limiting given the current storage capacity. The suggestion is made for Sony to increase the storage to 1TB to better accommodate these needs [0]. [0] is not related to the query. [2] is not related to the query. [3] is not related to the query.",9.0
How’s the quality of this product,"The PS5 console unleashes new gaming possibilities that you never anticipated. Experience lightning fast loading with an ultra-high speed SSD, deeper immersion with support for haptic feedback, adaptive triggers, and 3D Audio, and an all-new generation of incredible PlayStation games.",0457,"['title: Great Quality! \ntext: The delivery was awesome! and it came fast, there were no scratches or missing cords it was in good condition.', 'title: Great quality and design \ntext: Honestly, it’s worth it. Everything about the disc edition Ps5 is great, from design, quality to gameplay and even main menu. The one thing I would say that is annoying is the size of the storage since nowadays a lot of games need up to 500gb (call of duty) to install . Come on Sony why not go all the way to 1TB!', 'title: Unsatisfactory \ntext: Trying to get this product is harder than getting tickets to San Diego comic con. I should not have to go through so much time effort and stress like a performing monkey in order to buy something.', 'title: Love it! \ntext: Amazing product. Its a truly special experience when you have this and a great display to play on.']","The PlayStation 5 disc edition is praised for its great design and quality, offering an impressive gameplay experience and a well-designed main menu. However, there is a noted drawback regarding the storage capacity, as many modern games require significant space, up to 500GB, which makes the current storage size less than ideal [0]. Additionally, the product is described as amazing, providing a special experience, especially when paired with a high-quality display [1]. [0] is not related to the query. [2] is not related to the query.",9.75
How’s the quality of this product,"The PS5 console unleashes new gaming possibilities that you never anticipated. Experience lightning fast loading with an ultra-high speed SSD, deeper immersion with support for haptic feedback, adaptive triggers, and 3D Audio, and an all-new generation of incredible PlayStation games.",0467,"['title: Great Quality! \ntext: The delivery was awesome! and it came fast, there were no scratches or missing cords it was in good condition.', 'title: Great quality and design \ntext: Honestly, it’s worth it. Everything about the disc edition Ps5 is great, from design, quality to gameplay and even main menu. The one thing I would say that is annoying is the size of the storage since nowadays a lot of games need up to 500gb (call of duty) to install . Come on Sony why not go all the way to 1TB!', 'title: Fresh. \ntext: Got mine in less than a week. Was expecting 2 weeks. Came in fresh condition. Great product.', 'title: Love it! \ntext: Amazing product. Its a truly special experience when you have this and a great display to play on.']","The PlayStation 5 disc edition is praised for its great design and quality, offering an impressive gameplay experience and user interface. However, there is a noted drawback regarding the storage capacity, as many modern games require substantial space, leading to a suggestion for Sony to increase the storage to 1TB to accommodate larger game installations [0]. Additionally, the product is described as amazing, providing a special experience, especially when paired with a high-quality display [1]. [0] is not related to the query. [2] is not related to the query.",9.75
How’s the quality of this product,"The PS5 console unleashes new gaming possibilities that you never anticipated. Experience lightning fast loading with an ultra-high speed SSD, deeper immersion with support for haptic feedback, adaptive triggers, and 3D Audio, and an all-new generation of incredible PlayStation games.",0567,"['title: Great Quality! \ntext: The delivery was awesome! and it came fast, there were no scratches or missing cords it was in good condition.', 'title: Unsatisfactory \ntext: Trying to get this product is harder than getting tickets to San Diego comic con. I should not have to go through so much time effort and stress like a performing monkey in order to buy something.', 'title: Fresh. \ntext: Got mine in less than a week. Was expecting 2 weeks. Came in fresh condition. Great product.', 'title: Love it! \ntext: Amazing product. Its a truly special experience when you have this and a great display to play on.']","The product is described as amazing, providing a truly special experience when used with a great display, indicating high quality and user satisfaction [0]. [0] is not related to the query. [1] is not related to the query. [2] is not related to the query.",3.75
How’s the quality of this product,"The PS5 console unleashes new gaming possibilities that you never anticipated. Experience lightning fast loading with an ultra-high speed SSD, deeper immersion with support for haptic feedback, adaptive triggers, and 3D Audio, and an all-new generation of incredible PlayStation games.",1234,"['title: Great product! \ntext: When I was finally able to get one, I had no complaints.', 'title: Satisfied \ntext: Got the product the very next day , super good experience', 'title: brand new \ntext: this product was brand new and had no issues with it.', 'title: Great quality and design \ntext: Honestly, it’s worth it. Everything about the disc edition Ps5 is great, from design, quality to gameplay and even main menu. The one thing I would say that is annoying is the size of the storage since nowadays a lot of games need up to 500gb (call of duty) to install . Come on Sony why not go all the way to 1TB!']","The product is highly praised for its quality, with users expressing satisfaction and having no complaints upon acquisition [0]. It is described as brand new and free of issues, indicating a high standard of quality [1]. Additionally, the design and overall quality of the product are highlighted as excellent, though there is a minor critique regarding the storage capacity, which some users find insufficient for modern gaming needs [2]. [1] is not related to the query.",9.0
How’s the quality of this product,"The PS5 console unleashes new gaming possibilities that you never anticipated. Experience lightning fast loading with an ultra-high speed SSD, deeper immersion with support for haptic feedback, adaptive triggers, and 3D Audio, and an all-new generation of incredible PlayStation games.",1235,"['title: Great product! \ntext: When I was finally able to get one, I had no complaints.', 'title: Satisfied \ntext: Got the product the very next day , super good experience', 'title: brand new \ntext: this product was brand new and had no issues with it.', 'title: Unsatisfactory \ntext: Trying to get this product is harder than getting tickets to San Diego comic con. I should not have to go through so much time effort and stress like a performing monkey in order to buy something.']","The product is highly regarded by users, with one comment noting that they had no complaints upon acquiring it, indicating satisfaction with its quality [0]. Another user mentioned that the product was brand new and had no issues, further supporting the positive perception of its quality [1]. [1] is not related to the query. [3] is not related to the query.",4.25
How’s the quality of this product,"The PS5 console unleashes new gaming possibilities that you never anticipated. Experience lightning fast loading with an ultra-high speed SSD, deeper immersion with support for haptic feedback, adaptive triggers, and 3D Audio, and an all-new generation of incredible PlayStation games.",1236,"['title: Great product! \ntext: When I was finally able to get one, I had no complaints.', 'title: Satisfied \ntext: Got the product the very next day , super good experience', 'title: brand new \ntext: this product was brand new and had no issues with it.', 'title: Fresh. \ntext: Got mine in less than a week. Was expecting 2 weeks. Came in fresh condition. Great product.']","The product is highly regarded by users, with one comment expressing satisfaction upon finally acquiring it, noting no complaints about its performance or quality [0]. Another user highlights that the product was brand new and free of any issues, further emphasizing its quality [1]. [1] is not related to the query. [3] is not related to the query.",4.25
How’s the quality of this product,"The PS5 console unleashes new gaming possibilities that you never anticipated. Experience lightning fast loading with an ultra-high speed SSD, deeper immersion with support for haptic feedback, adaptive triggers, and 3D Audio, and an all-new generation of incredible PlayStation games.",1237,"['title: Great product! \ntext: When I was finally able to get one, I had no complaints.', 'title: Satisfied \ntext: Got the product the very next day , super good experience', 'title: brand new \ntext: this product was brand new and had no issues with it.', 'title: Love it! \ntext: Amazing product. Its a truly special experience when you have this and a great display to play on.']","The comments reflect a positive perception of the product's quality. One user expressed satisfaction with the product, stating they had no complaints after acquiring it [0]. Another user highlighted that the product was brand new and free of issues, indicating a high level of quality [1]. Additionally, a user described the product as amazing and emphasized the exceptional experience it provides, especially when paired with a great display [2]. [1] is not related to the query.",5.5
How’s the quality of this product,"The PS5 console unleashes new gaming possibilities that you never anticipated. Experience lightning fast loading with an ultra-high speed SSD, deeper immersion with support for haptic feedback, adaptive triggers, and 3D Audio, and an all-new generation of incredible PlayStation games.",1245,"['title: Great product! \ntext: When I was finally able to get one, I had no complaints.', 'title: Satisfied \ntext: Got the product the very next day , super good experience', 'title: Great quality and design \ntext: Honestly, it’s worth it. Everything about the disc edition Ps5 is great, from design, quality to gameplay and even main menu. The one thing I would say that is annoying is the size of the storage since nowadays a lot of games need up to 500gb (call of duty) to install . Come on Sony why not go all the way to 1TB!', 'title: Unsatisfactory \ntext: Trying to get this product is harder than getting tickets to San Diego comic con. I should not have to go through so much time effort and stress like a performing monkey in order to buy something.']","The product is highly praised for its quality and design, with users expressing satisfaction and having no complaints upon acquisition [0]. The disc edition PS5 is noted for its excellent design, quality, and gameplay experience, although there is a critique regarding the limited storage capacity, which is seen as insufficient for modern gaming needs [1]. [1] is not related to the query. [3] is not related to the query.",9.0
How’s the quality of this product,"The PS5 console unleashes new gaming possibilities that you never anticipated. Experience lightning fast loading with an ultra-high speed SSD, deeper immersion with support for haptic feedback, adaptive triggers, and 3D Audio, and an all-new generation of incredible PlayStation games.",1246,"['title: Great product! \ntext: When I was finally able to get one, I had no complaints.', 'title: Satisfied \ntext: Got the product the very next day , super good experience', 'title: Great quality and design \ntext: Honestly, it’s worth it. Everything about the disc edition Ps5 is great, from design, quality to gameplay and even main menu. The one thing I would say that is annoying is the size of the storage since nowadays a lot of games need up to 500gb (call of duty) to install . Come on Sony why not go all the way to 1TB!', 'title: Fresh. \ntext: Got mine in less than a week. Was expecting 2 weeks. Came in fresh condition. Great product.']","The product is highly praised for its quality and design, with users expressing satisfaction and having no complaints upon acquiring it [0]. The disc edition of the PS5 is noted for its excellent design and quality, contributing to a positive gaming experience. However, there is a critique regarding the storage capacity, as it is considered insufficient for modern gaming needs, with some games requiring up to 500GB for installation [1]. [1] is not related to the query. [3] is not related to the query.",9.0
How’s the quality of this product,"The PS5 console unleashes new gaming possibilities that you never anticipated. Experience lightning fast loading with an ultra-high speed SSD, deeper immersion with support for haptic feedback, adaptive triggers, and 3D Audio, and an all-new generation of incredible PlayStation games.",1247,"['title: Great product! \ntext: When I was finally able to get one, I had no complaints.', 'title: Satisfied \ntext: Got the product the very next day , super good experience', 'title: Great quality and design \ntext: Honestly, it’s worth it. Everything about the disc edition Ps5 is great, from design, quality to gameplay and even main menu. The one thing I would say that is annoying is the size of the storage since nowadays a lot of games need up to 500gb (call of duty) to install . Come on Sony why not go all the way to 1TB!', 'title: Love it! \ntext: Amazing product. Its a truly special experience when you have this and a great display to play on.']","The product is highly praised for its quality and design, with users expressing satisfaction and having no complaints about its performance[0][1][2]. The disc edition PS5 is noted for its excellent design and gameplay experience, although there is a minor criticism regarding the storage capacity, which some users find insufficient for modern gaming needs[1]. Overall, the product is described as amazing and provides a special experience, especially when paired with a great display[2]. [1] is not related to the query.",9.75
How’s the quality of this product,"The PS5 console unleashes new gaming possibilities that you never anticipated. Experience lightning fast loading with an ultra-high speed SSD, deeper immersion with support for haptic feedback, adaptive triggers, and 3D Audio, and an all-new generation of incredible PlayStation games.",1256,"['title: Great product! \ntext: When I was finally able to get one, I had no complaints.', 'title: Satisfied \ntext: Got the product the very next day , super good experience', 'title: Unsatisfactory \ntext: Trying to get this product is harder than getting tickets to San Diego comic con. I should not have to go through so much time effort and stress like a performing monkey in order to buy something.', 'title: Fresh. \ntext: Got mine in less than a week. Was expecting 2 weeks. Came in fresh condition. Great product.']","The user expressed satisfaction with the product, stating that they had no complaints after acquiring it [0]. [1] is not related to the query. [2] is not related to the query. [3] is not related to the query.",3.0
How’s the quality of this product,"The PS5 console unleashes new gaming possibilities that you never anticipated. Experience lightning fast loading with an ultra-high speed SSD, deeper immersion with support for haptic feedback, adaptive triggers, and 3D Audio, and an all-new generation of incredible PlayStation games.",1257,"['title: Great product! \ntext: When I was finally able to get one, I had no complaints.', 'title: Satisfied \ntext: Got the product the very next day , super good experience', 'title: Unsatisfactory \ntext: Trying to get this product is harder than getting tickets to San Diego comic con. I should not have to go through so much time effort and stress like a performing monkey in order to buy something.', 'title: Love it! \ntext: Amazing product. Its a truly special experience when you have this and a great display to play on.']","The product is highly praised by users, with one comment highlighting that they had no complaints after acquiring it, indicating satisfaction with its quality [0]. Another user describes the product as amazing and emphasizes the exceptional experience it provides, especially when paired with a great display, further underscoring its high quality [1]. [1] is not related to the query. [2] is not related to the query.",5.25
How’s the quality of this product,"The PS5 console unleashes new gaming possibilities that you never anticipated. Experience lightning fast loading with an ultra-high speed SSD, deeper immersion with support for haptic feedback, adaptive triggers, and 3D Audio, and an all-new generation of incredible PlayStation games.",1267,"['title: Great product! \ntext: When I was finally able to get one, I had no complaints.', 'title: Satisfied \ntext: Got the product the very next day , super good experience', 'title: Fresh. \ntext: Got mine in less than a week. Was expecting 2 weeks. Came in fresh condition. Great product.', 'title: Love it! \ntext: Amazing product. Its a truly special experience when you have this and a great display to play on.']","The comments reflect a positive perception of the product's quality. One user expressed satisfaction by stating they had no complaints after acquiring the product, indicating a high level of satisfaction with its performance and features [0]. Another user described the product as amazing and highlighted the exceptional experience it provides, especially when paired with a great display, further emphasizing its quality and the enhanced user experience it offers [1]. [1] is not related to the query. [2] is not related to the query.",5.25
How’s the quality of this product,"The PS5 console unleashes new gaming possibilities that you never anticipated. Experience lightning fast loading with an ultra-high speed SSD, deeper immersion with support for haptic feedback, adaptive triggers, and 3D Audio, and an all-new generation of incredible PlayStation games.",1345,"['title: Great product! \ntext: When I was finally able to get one, I had no complaints.', 'title: brand new \ntext: this product was brand new and had no issues with it.', 'title: Great quality and design \ntext: Honestly, it’s worth it. Everything about the disc edition Ps5 is great, from design, quality to gameplay and even main menu. The one thing I would say that is annoying is the size of the storage since nowadays a lot of games need up to 500gb (call of duty) to install . Come on Sony why not go all the way to 1TB!', 'title: Unsatisfactory \ntext: Trying to get this product is harder than getting tickets to San Diego comic con. I should not have to go through so much time effort and stress like a performing monkey in order to buy something.']","The product is highly praised for its quality, with users expressing satisfaction and having no complaints upon acquiring it [0]. It is noted to be brand new and free of issues, further emphasizing its quality [1]. Additionally, the design and overall quality of the disc edition PS5 are highlighted as excellent, although there is a minor critique regarding the storage size, which some users find insufficient for modern gaming needs [2]. [3] is not related to the query.",9.0
How’s the quality of this product,"The PS5 console unleashes new gaming possibilities that you never anticipated. Experience lightning fast loading with an ultra-high speed SSD, deeper immersion with support for haptic feedback, adaptive triggers, and 3D Audio, and an all-new generation of incredible PlayStation games.",1346,"['title: Great product! \ntext: When I was finally able to get one, I had no complaints.', 'title: brand new \ntext: this product was brand new and had no issues with it.', 'title: Great quality and design \ntext: Honestly, it’s worth it. Everything about the disc edition Ps5 is great, from design, quality to gameplay and even main menu. The one thing I would say that is annoying is the size of the storage since nowadays a lot of games need up to 500gb (call of duty) to install . Come on Sony why not go all the way to 1TB!', 'title: Fresh. \ntext: Got mine in less than a week. Was expecting 2 weeks. Came in fresh condition. Great product.']","The product is highly praised for its quality, with users expressing satisfaction and having no complaints upon acquiring it [0]. It is noted to be brand new and free of issues, further emphasizing its quality [1]. Additionally, the design and overall quality of the product, specifically the disc edition PS5, are highlighted as excellent, although there is a minor critique regarding the storage size, which some users find insufficient for modern gaming needs [2]. [3] is not related to the query.",9.0
How’s the quality of this product,"The PS5 console unleashes new gaming possibilities that you never anticipated. Experience lightning fast loading with an ultra-high speed SSD, deeper immersion with support for haptic feedback, adaptive triggers, and 3D Audio, and an all-new generation of incredible PlayStation games.",1347,"['title: Great product! \ntext: When I was finally able to get one, I had no complaints.', 'title: brand new \ntext: this product was brand new and had no issues with it.', 'title: Great quality and design \ntext: Honestly, it’s worth it. Everything about the disc edition Ps5 is great, from design, quality to gameplay and even main menu. The one thing I would say that is annoying is the size of the storage since nowadays a lot of games need up to 500gb (call of duty) to install . Come on Sony why not go all the way to 1TB!', 'title: Love it! \ntext: Amazing product. Its a truly special experience when you have this and a great display to play on.']","The product is highly praised for its quality and design, with users expressing satisfaction and having no complaints about its performance. One user noted that the product was brand new and free of issues, highlighting its reliability[0][1]. Another user emphasized the great quality and design of the disc edition PS5, appreciating its gameplay and main menu, although they mentioned the limited storage capacity as a downside[2]. Overall, the product is described as amazing and providing a special experience, especially when paired with a great display[3].",9.75
How’s the quality of this product,"The PS5 console unleashes new gaming possibilities that you never anticipated. Experience lightning fast loading with an ultra-high speed SSD, deeper immersion with support for haptic feedback, adaptive triggers, and 3D Audio, and an all-new generation of incredible PlayStation games.",1356,"['title: Great product! \ntext: When I was finally able to get one, I had no complaints.', 'title: brand new \ntext: this product was brand new and had no issues with it.', 'title: Unsatisfactory \ntext: Trying to get this product is harder than getting tickets to San Diego comic con. I should not have to go through so much time effort and stress like a performing monkey in order to buy something.', 'title: Fresh. \ntext: Got mine in less than a week. Was expecting 2 weeks. Came in fresh condition. Great product.']","The product is highly regarded by users, with one comment expressing satisfaction upon acquiring it, noting no complaints about its performance or quality [0]. Another comment highlights that the product was brand new and free from any issues, indicating a positive experience with its condition and functionality [1]. [2] is not related to the query. [3] is not related to the query.",4.25
How’s the quality of this product,"The PS5 console unleashes new gaming possibilities that you never anticipated. Experience lightning fast loading with an ultra-high speed SSD, deeper immersion with support for haptic feedback, adaptive triggers, and 3D Audio, and an all-new generation of incredible PlayStation games.",1357,"['title: Great product! \ntext: When I was finally able to get one, I had no complaints.', 'title: brand new \ntext: this product was brand new and had no issues with it.', 'title: Unsatisfactory \ntext: Trying to get this product is harder than getting tickets to San Diego comic con. I should not have to go through so much time effort and stress like a performing monkey in order to buy something.', 'title: Love it! \ntext: Amazing product. Its a truly special experience when you have this and a great display to play on.']","The comments reflect a positive perception of the product's quality. One user expressed satisfaction with the product, stating they had no complaints after acquiring it [0]. Another user highlighted that the product was brand new and free of issues, indicating a high level of quality [1]. Additionally, a user described the product as amazing and emphasized the exceptional experience it provides, especially when paired with a great display [2]. [2] is not related to the query.",5.5
How’s the quality of this product,"The PS5 console unleashes new gaming possibilities that you never anticipated. Experience lightning fast loading with an ultra-high speed SSD, deeper immersion with support for haptic feedback, adaptive triggers, and 3D Audio, and an all-new generation of incredible PlayStation games.",1367,"['title: Great product! \ntext: When I was finally able to get one, I had no complaints.', 'title: brand new \ntext: this product was brand new and had no issues with it.', 'title: Fresh. \ntext: Got mine in less than a week. Was expecting 2 weeks. Came in fresh condition. Great product.', 'title: Love it! \ntext: Amazing product. Its a truly special experience when you have this and a great display to play on.']","The comments reflect a positive perception of the product's quality. One user expressed satisfaction with the product, stating they had no complaints upon acquiring it, indicating a high level of quality and performance [0]. Another user noted that the product was brand new and free of issues, suggesting reliability and good condition upon purchase [1]. Additionally, a user described the product as amazing and highlighted the exceptional experience it provides, especially when paired with a great display, further emphasizing its superior quality [2]. [2] is not related to the query.",5.5
How’s the quality of this product,"The PS5 console unleashes new gaming possibilities that you never anticipated. Experience lightning fast loading with an ultra-high speed SSD, deeper immersion with support for haptic feedback, adaptive triggers, and 3D Audio, and an all-new generation of incredible PlayStation games.",1456,"['title: Great product! \ntext: When I was finally able to get one, I had no complaints.', 'title: Great quality and design \ntext: Honestly, it’s worth it. Everything about the disc edition Ps5 is great, from design, quality to gameplay and even main menu. The one thing I would say that is annoying is the size of the storage since nowadays a lot of games need up to 500gb (call of duty) to install . Come on Sony why not go all the way to 1TB!', 'title: Unsatisfactory \ntext: Trying to get this product is harder than getting tickets to San Diego comic con. I should not have to go through so much time effort and stress like a performing monkey in order to buy something.', 'title: Fresh. \ntext: Got mine in less than a week. Was expecting 2 weeks. Came in fresh condition. Great product.']","The product is highly praised for its quality and design, with users expressing satisfaction upon acquiring it and having no complaints about its performance [0]. The disc edition of the PS5 is noted for its excellent design and quality, contributing to a positive gaming experience. However, there is a critique regarding the storage capacity, as modern games require significant space, and users suggest an increase to 1TB for better utility [1]. [2] is not related to the query. [3] is not related to the query.",9.0
How’s the quality of this product,"The PS5 console unleashes new gaming possibilities that you never anticipated. Experience lightning fast loading with an ultra-high speed SSD, deeper immersion with support for haptic feedback, adaptive triggers, and 3D Audio, and an all-new generation of incredible PlayStation games.",1457,"['title: Great product! \ntext: When I was finally able to get one, I had no complaints.', 'title: Great quality and design \ntext: Honestly, it’s worth it. Everything about the disc edition Ps5 is great, from design, quality to gameplay and even main menu. The one thing I would say that is annoying is the size of the storage since nowadays a lot of games need up to 500gb (call of duty) to install . Come on Sony why not go all the way to 1TB!', 'title: Unsatisfactory \ntext: Trying to get this product is harder than getting tickets to San Diego comic con. I should not have to go through so much time effort and stress like a performing monkey in order to buy something.', 'title: Love it! \ntext: Amazing product. Its a truly special experience when you have this and a great display to play on.']","The product is highly praised for its quality and design, with users expressing satisfaction and no complaints about its performance[0][1][2]. The disc edition PS5 is noted for its excellent design and gameplay experience, although there is some criticism regarding the limited storage capacity, which can be a drawback given the large size of modern games[1]. Overall, the product provides a special experience, especially when paired with a great display[2]. [2] is not related to the query.",9.75
How’s the quality of this product,"The PS5 console unleashes new gaming possibilities that you never anticipated. Experience lightning fast loading with an ultra-high speed SSD, deeper immersion with support for haptic feedback, adaptive triggers, and 3D Audio, and an all-new generation of incredible PlayStation games.",1467,"['title: Great product! \ntext: When I was finally able to get one, I had no complaints.', 'title: Great quality and design \ntext: Honestly, it’s worth it. Everything about the disc edition Ps5 is great, from design, quality to gameplay and even main menu. The one thing I would say that is annoying is the size of the storage since nowadays a lot of games need up to 500gb (call of duty) to install . Come on Sony why not go all the way to 1TB!', 'title: Fresh. \ntext: Got mine in less than a week. Was expecting 2 weeks. Came in fresh condition. Great product.', 'title: Love it! \ntext: Amazing product. Its a truly special experience when you have this and a great display to play on.']","The product is highly praised for its quality and design, with users expressing satisfaction and no complaints about its performance[0][1][2]. The disc edition PS5 is noted for its excellent design and gameplay experience, although there is a minor criticism regarding the storage size, which some users find insufficient for modern gaming needs[1]. Overall, the product is described as amazing and provides a special experience when paired with a great display[2]. [2] is not related to the query.",9.75
How’s the quality of this product,"The PS5 console unleashes new gaming possibilities that you never anticipated. Experience lightning fast loading with an ultra-high speed SSD, deeper immersion with support for haptic feedback, adaptive triggers, and 3D Audio, and an all-new generation of incredible PlayStation games.",1567,"['title: Great product! \ntext: When I was finally able to get one, I had no complaints.', 'title: Unsatisfactory \ntext: Trying to get this product is harder than getting tickets to San Diego comic con. I should not have to go through so much time effort and stress like a performing monkey in order to buy something.', 'title: Fresh. \ntext: Got mine in less than a week. Was expecting 2 weeks. Came in fresh condition. Great product.', 'title: Love it! \ntext: Amazing product. Its a truly special experience when you have this and a great display to play on.']","The product is highly praised by users, with one comment highlighting that there were no complaints upon acquiring it, indicating satisfaction with its quality [0]. Another user describes the product as amazing and emphasizes the exceptional experience it provides, especially when paired with a great display, further underscoring its high quality [1]. [1] is not related to the query. [2] is not related to the query.",5.25
How’s the quality of this product,"The PS5 console unleashes new gaming possibilities that you never anticipated. Experience lightning fast loading with an ultra-high speed SSD, deeper immersion with support for haptic feedback, adaptive triggers, and 3D Audio, and an all-new generation of incredible PlayStation games.",2345,"['title: Satisfied \ntext: Got the product the very next day , super good experience', 'title: brand new \ntext: this product was brand new and had no issues with it.', 'title: Great quality and design \ntext: Honestly, it’s worth it. Everything about the disc edition Ps5 is great, from design, quality to gameplay and even main menu. The one thing I would say that is annoying is the size of the storage since nowadays a lot of games need up to 500gb (call of duty) to install . Come on Sony why not go all the way to 1TB!', 'title: Unsatisfactory \ntext: Trying to get this product is harder than getting tickets to San Diego comic con. I should not have to go through so much time effort and stress like a performing monkey in order to buy something.']","The product is described as brand new and free of issues, indicating a high level of quality[0]. Additionally, the disc edition PS5 is praised for its great design and quality, although there is a critique regarding the limited storage capacity, which is seen as a drawback given the large size of modern games[1]. [0] is not related to the query. [3] is not related to the query.",9.0
How’s the quality of this product,"The PS5 console unleashes new gaming possibilities that you never anticipated. Experience lightning fast loading with an ultra-high speed SSD, deeper immersion with support for haptic feedback, adaptive triggers, and 3D Audio, and an all-new generation of incredible PlayStation games.",2346,"['title: Satisfied \ntext: Got the product the very next day , super good experience', 'title: brand new \ntext: this product was brand new and had no issues with it.', 'title: Great quality and design \ntext: Honestly, it’s worth it. Everything about the disc edition Ps5 is great, from design, quality to gameplay and even main menu. The one thing I would say that is annoying is the size of the storage since nowadays a lot of games need up to 500gb (call of duty) to install . Come on Sony why not go all the way to 1TB!', 'title: Fresh. \ntext: Got mine in less than a week. Was expecting 2 weeks. Came in fresh condition. Great product.']","The product is described as brand new and free of issues, indicating a high level of quality upon receipt [0]. Additionally, the disc edition PS5 is praised for its great design and quality, contributing to an overall positive impression of the product. However, there is a noted drawback regarding the storage size, which is considered insufficient for modern gaming needs [1]. [0] is not related to the query. [3] is not related to the query.",9.0
How’s the quality of this product,"The PS5 console unleashes new gaming possibilities that you never anticipated. Experience lightning fast loading with an ultra-high speed SSD, deeper immersion with support for haptic feedback, adaptive triggers, and 3D Audio, and an all-new generation of incredible PlayStation games.",2347,"['title: Satisfied \ntext: Got the product the very next day , super good experience', 'title: brand new \ntext: this product was brand new and had no issues with it.', 'title: Great quality and design \ntext: Honestly, it’s worth it. Everything about the disc edition Ps5 is great, from design, quality to gameplay and even main menu. The one thing I would say that is annoying is the size of the storage since nowadays a lot of games need up to 500gb (call of duty) to install . Come on Sony why not go all the way to 1TB!', 'title: Love it! \ntext: Amazing product. Its a truly special experience when you have this and a great display to play on.']","The product is described as brand new and free of issues, indicating a high level of quality from the outset [0]. Users praise the PlayStation 5 for its great design and overall quality, although there is some dissatisfaction with the storage capacity, which is considered insufficient for modern gaming needs [1]. Additionally, the product is highlighted as providing a special experience, especially when paired with a high-quality display, further emphasizing its superior quality [2]. [0] is not related to the query.",9.75
How’s the quality of this product,"The PS5 console unleashes new gaming possibilities that you never anticipated. Experience lightning fast loading with an ultra-high speed SSD, deeper immersion with support for haptic feedback, adaptive triggers, and 3D Audio, and an all-new generation of incredible PlayStation games.",2356,"['title: Satisfied \ntext: Got the product the very next day , super good experience', 'title: brand new \ntext: this product was brand new and had no issues with it.', 'title: Unsatisfactory \ntext: Trying to get this product is harder than getting tickets to San Diego comic con. I should not have to go through so much time effort and stress like a performing monkey in order to buy something.', 'title: Fresh. \ntext: Got mine in less than a week. Was expecting 2 weeks. Came in fresh condition. Great product.']","The product was described as brand new and free of any issues, indicating a high level of quality [0]. [0] is not related to the query. [2] is not related to the query. [3] is not related to the query.",3.0
How’s the quality of this product,"The PS5 console unleashes new gaming possibilities that you never anticipated. Experience lightning fast loading with an ultra-high speed SSD, deeper immersion with support for haptic feedback, adaptive triggers, and 3D Audio, and an all-new generation of incredible PlayStation games.",2357,"['title: Satisfied \ntext: Got the product the very next day , super good experience', 'title: brand new \ntext: this product was brand new and had no issues with it.', 'title: Unsatisfactory \ntext: Trying to get this product is harder than getting tickets to San Diego comic con. I should not have to go through so much time effort and stress like a performing monkey in order to buy something.', 'title: Love it! \ntext: Amazing product. Its a truly special experience when you have this and a great display to play on.']","The product is described as brand new and free of any issues, indicating a high level of quality and reliability [0]. Additionally, it is praised for providing an amazing and special experience, especially when used with a great display, further highlighting its exceptional quality [1]. [0] is not related to the query. [2] is not related to the query.",5.25
How’s the quality of this product,"The PS5 console unleashes new gaming possibilities that you never anticipated. Experience lightning fast loading with an ultra-high speed SSD, deeper immersion with support for haptic feedback, adaptive triggers, and 3D Audio, and an all-new generation of incredible PlayStation games.",2367,"['title: Satisfied \ntext: Got the product the very next day , super good experience', 'title: brand new \ntext: this product was brand new and had no issues with it.', 'title: Fresh. \ntext: Got mine in less than a week. Was expecting 2 weeks. Came in fresh condition. Great product.', 'title: Love it! \ntext: Amazing product. Its a truly special experience when you have this and a great display to play on.']","The product is described as brand new and free of any issues, indicating a high level of quality and reliability [0]. Additionally, it is praised for providing a special experience, especially when used with a great display, further highlighting its exceptional quality [1]. [0] is not related to the query. [2] is not related to the query.",5.25
How’s the quality of this product,"The PS5 console unleashes new gaming possibilities that you never anticipated. Experience lightning fast loading with an ultra-high speed SSD, deeper immersion with support for haptic feedback, adaptive triggers, and 3D Audio, and an all-new generation of incredible PlayStation games.",2456,"['title: Satisfied \ntext: Got the product the very next day , super good experience', 'title: Great quality and design \ntext: Honestly, it’s worth it. Everything about the disc edition Ps5 is great, from design, quality to gameplay and even main menu. The one thing I would say that is annoying is the size of the storage since nowadays a lot of games need up to 500gb (call of duty) to install . Come on Sony why not go all the way to 1TB!', 'title: Unsatisfactory \ntext: Trying to get this product is harder than getting tickets to San Diego comic con. I should not have to go through so much time effort and stress like a performing monkey in order to buy something.', 'title: Fresh. \ntext: Got mine in less than a week. Was expecting 2 weeks. Came in fresh condition. Great product.']","The disc edition PS5 is praised for its great design and quality, contributing to an overall positive experience in terms of gameplay and user interface. However, there is a noted drawback regarding the storage capacity, as many modern games require substantial space, up to 500GB, which makes the current storage size insufficient for some users' needs [0]. [0] is not related to the query. [2] is not related to the query. [3] is not related to the query.",9.0
How’s the quality of this product,"The PS5 console unleashes new gaming possibilities that you never anticipated. Experience lightning fast loading with an ultra-high speed SSD, deeper immersion with support for haptic feedback, adaptive triggers, and 3D Audio, and an all-new generation of incredible PlayStation games.",2457,"['title: Satisfied \ntext: Got the product the very next day , super good experience', 'title: Great quality and design \ntext: Honestly, it’s worth it. Everything about the disc edition Ps5 is great, from design, quality to gameplay and even main menu. The one thing I would say that is annoying is the size of the storage since nowadays a lot of games need up to 500gb (call of duty) to install . Come on Sony why not go all the way to 1TB!', 'title: Unsatisfactory \ntext: Trying to get this product is harder than getting tickets to San Diego comic con. I should not have to go through so much time effort and stress like a performing monkey in order to buy something.', 'title: Love it! \ntext: Amazing product. Its a truly special experience when you have this and a great display to play on.']","The PlayStation 5 disc edition is praised for its great design and quality, offering an impressive gameplay experience and a well-designed main menu. However, there is a noted drawback regarding the storage capacity, as many modern games require substantial space, up to 500GB, which can be limiting given the current storage options [0]. Additionally, the product is described as providing a special experience, especially when paired with a high-quality display, further highlighting its exceptional quality [1]. [0] is not related to the query. [2] is not related to the query.",9.75
How’s the quality of this product,"The PS5 console unleashes new gaming possibilities that you never anticipated. Experience lightning fast loading with an ultra-high speed SSD, deeper immersion with support for haptic feedback, adaptive triggers, and 3D Audio, and an all-new generation of incredible PlayStation games.",2467,"['title: Satisfied \ntext: Got the product the very next day , super good experience', 'title: Great quality and design \ntext: Honestly, it’s worth it. Everything about the disc edition Ps5 is great, from design, quality to gameplay and even main menu. The one thing I would say that is annoying is the size of the storage since nowadays a lot of games need up to 500gb (call of duty) to install . Come on Sony why not go all the way to 1TB!', 'title: Fresh. \ntext: Got mine in less than a week. Was expecting 2 weeks. Came in fresh condition. Great product.', 'title: Love it! \ntext: Amazing product. Its a truly special experience when you have this and a great display to play on.']","The PlayStation 5 disc edition is praised for its great design and quality, offering an impressive gameplay experience and a well-designed main menu. However, there is a noted drawback regarding the storage capacity, as many modern games require significant space, and users feel that a 1TB storage option would be more appropriate [0]. Overall, the product is described as amazing, providing a special experience, especially when paired with a high-quality display [1]. [0] is not related to the query. [2] is not related to the query.",9.75
How’s the quality of this product,"The PS5 console unleashes new gaming possibilities that you never anticipated. Experience lightning fast loading with an ultra-high speed SSD, deeper immersion with support for haptic feedback, adaptive triggers, and 3D Audio, and an all-new generation of incredible PlayStation games.",2567,"['title: Satisfied \ntext: Got the product the very next day , super good experience', 'title: Unsatisfactory \ntext: Trying to get this product is harder than getting tickets to San Diego comic con. I should not have to go through so much time effort and stress like a performing monkey in order to buy something.', 'title: Fresh. \ntext: Got mine in less than a week. Was expecting 2 weeks. Came in fresh condition. Great product.', 'title: Love it! \ntext: Amazing product. Its a truly special experience when you have this and a great display to play on.']","The product is described as amazing, providing a truly special experience when used with a great display, indicating high quality and user satisfaction [0]. [0] is not related to the query. [1] is not related to the query. [2] is not related to the query.",3.75
How’s the quality of this product,"The PS5 console unleashes new gaming possibilities that you never anticipated. Experience lightning fast loading with an ultra-high speed SSD, deeper immersion with support for haptic feedback, adaptive triggers, and 3D Audio, and an all-new generation of incredible PlayStation games.",3456,"['title: brand new \ntext: this product was brand new and had no issues with it.', 'title: Great quality and design \ntext: Honestly, it’s worth it. Everything about the disc edition Ps5 is great, from design, quality to gameplay and even main menu. The one thing I would say that is annoying is the size of the storage since nowadays a lot of games need up to 500gb (call of duty) to install . Come on Sony why not go all the way to 1TB!', 'title: Unsatisfactory \ntext: Trying to get this product is harder than getting tickets to San Diego comic con. I should not have to go through so much time effort and stress like a performing monkey in order to buy something.', 'title: Fresh. \ntext: Got mine in less than a week. Was expecting 2 weeks. Came in fresh condition. Great product.']","The product is described as brand new and without any issues, indicating a high level of quality[0]. Additionally, the disc edition PS5 is praised for its great design and quality, although there is a minor criticism regarding the storage size, which is considered insufficient for modern gaming needs[1]. [2] is not related to the query. [3] is not related to the query.",9.0
How’s the quality of this product,"The PS5 console unleashes new gaming possibilities that you never anticipated. Experience lightning fast loading with an ultra-high speed SSD, deeper immersion with support for haptic feedback, adaptive triggers, and 3D Audio, and an all-new generation of incredible PlayStation games.",3457,"['title: brand new \ntext: this product was brand new and had no issues with it.', 'title: Great quality and design \ntext: Honestly, it’s worth it. Everything about the disc edition Ps5 is great, from design, quality to gameplay and even main menu. The one thing I would say that is annoying is the size of the storage since nowadays a lot of games need up to 500gb (call of duty) to install . Come on Sony why not go all the way to 1TB!', 'title: Unsatisfactory \ntext: Trying to get this product is harder than getting tickets to San Diego comic con. I should not have to go through so much time effort and stress like a performing monkey in order to buy something.', 'title: Love it! \ntext: Amazing product. Its a truly special experience when you have this and a great display to play on.']","The product is described as brand new and free of issues, indicating a high level of quality upon arrival [0]. Users praise the PlayStation 5 for its excellent design and overall quality, although there is some criticism regarding the limited storage capacity, which can be a drawback given the large size of modern games [1]. Additionally, the product is highlighted as providing a special experience, especially when paired with a great display, further emphasizing its quality [2]. [2] is not related to the query.",9.75
How’s the quality of this product,"The PS5 console unleashes new gaming possibilities that you never anticipated. Experience lightning fast loading with an ultra-high speed SSD, deeper immersion with support for haptic feedback, adaptive triggers, and 3D Audio, and an all-new generation of incredible PlayStation games.",3467,"['title: brand new \ntext: this product was brand new and had no issues with it.', 'title: Great quality and design \ntext: Honestly, it’s worth it. Everything about the disc edition Ps5 is great, from design, quality to gameplay and even main menu. The one thing I would say that is annoying is the size of the storage since nowadays a lot of games need up to 500gb (call of duty) to install . Come on Sony why not go all the way to 1TB!', 'title: Fresh. \ntext: Got mine in less than a week. Was expecting 2 weeks. Came in fresh condition. Great product.', 'title: Love it! \ntext: Amazing product. Its a truly special experience when you have this and a great display to play on.']","The product is described as brand new and free of issues, indicating a high level of quality from the outset [0]. Users have praised the PlayStation 5 disc edition for its excellent design and overall quality, although there is some dissatisfaction with the storage capacity, which is considered insufficient for modern gaming needs [1]. Additionally, the product is noted for providing a special and enjoyable experience, especially when paired with a high-quality display [2]. [2] is not related to the query.",9.75
How’s the quality of this product,"The PS5 console unleashes new gaming possibilities that you never anticipated. Experience lightning fast loading with an ultra-high speed SSD, deeper immersion with support for haptic feedback, adaptive triggers, and 3D Audio, and an all-new generation of incredible PlayStation games.",3567,"['title: brand new \ntext: this product was brand new and had no issues with it.', 'title: Unsatisfactory \ntext: Trying to get this product is harder than getting tickets to San Diego comic con. I should not have to go through so much time effort and stress like a performing monkey in order to buy something.', 'title: Fresh. \ntext: Got mine in less than a week. Was expecting 2 weeks. Came in fresh condition. Great product.', 'title: Love it! \ntext: Amazing product. Its a truly special experience when you have this and a great display to play on.']","The product is described as brand new and free of any issues, indicating a high level of quality and reliability [0]. Additionally, users express a strong positive sentiment, highlighting the product as amazing and providing a special experience, especially when paired with a great display [1]. [1] is not related to the query. [2] is not related to the query.",5.25
How’s the quality of this product,"The PS5 console unleashes new gaming possibilities that you never anticipated. Experience lightning fast loading with an ultra-high speed SSD, deeper immersion with support for haptic feedback, adaptive triggers, and 3D Audio, and an all-new generation of incredible PlayStation games.",4567,"['title: Great quality and design \ntext: Honestly, it’s worth it. Everything about the disc edition Ps5 is great, from design, quality to gameplay and even main menu. The one thing I would say that is annoying is the size of the storage since nowadays a lot of games need up to 500gb (call of duty) to install . Come on Sony why not go all the way to 1TB!', 'title: Unsatisfactory \ntext: Trying to get this product is harder than getting tickets to San Diego comic con. I should not have to go through so much time effort and stress like a performing monkey in order to buy something.', 'title: Fresh. \ntext: Got mine in less than a week. Was expecting 2 weeks. Came in fresh condition. Great product.', 'title: Love it! \ntext: Amazing product. Its a truly special experience when you have this and a great display to play on.']","The PlayStation 5 disc edition is praised for its great design and quality, offering an impressive gameplay experience and user interface. However, there is a noted drawback regarding the storage capacity, as many modern games require significant space, up to 500GB, which can be limiting given the current storage size [0]. Overall, the product is described as amazing, providing a special experience, especially when paired with a high-quality display [1]. [1] is not related to the query. [2] is not related to the query.",9.75
How’s the quality of this product,"The PS5 console unleashes new gaming possibilities that you never anticipated. Experience lightning fast loading with an ultra-high speed SSD, deeper immersion with support for haptic feedback, adaptive triggers, and 3D Audio, and an all-new generation of incredible PlayStation games.",01234,"['title: Great Quality! \ntext: The delivery was awesome! and it came fast, there were no scratches or missing cords it was in good condition.', 'title: Great product! \ntext: When I was finally able to get one, I had no complaints.', 'title: Satisfied \ntext: Got the product the very next day , super good experience', 'title: brand new \ntext: this product was brand new and had no issues with it.', 'title: Great quality and design \ntext: Honestly, it’s worth it. Everything about the disc edition Ps5 is great, from design, quality to gameplay and even main menu. The one thing I would say that is annoying is the size of the storage since nowadays a lot of games need up to 500gb (call of duty) to install . Come on Sony why not go all the way to 1TB!']","The product is highly praised for its quality, with users expressing satisfaction and having no complaints upon acquisition [0]. It is noted to be brand new and free of issues, indicating a high standard of quality control [1]. Additionally, the design and overall quality of the product are highlighted as excellent, though there is a minor critique regarding the storage capacity, which some users find insufficient for modern gaming needs [2]. [0] is not related to the query. [2] is not related to the query.",9.0
How’s the quality of this product,"The PS5 console unleashes new gaming possibilities that you never anticipated. Experience lightning fast loading with an ultra-high speed SSD, deeper immersion with support for haptic feedback, adaptive triggers, and 3D Audio, and an all-new generation of incredible PlayStation games.",01235,"['title: Great Quality! \ntext: The delivery was awesome! and it came fast, there were no scratches or missing cords it was in good condition.', 'title: Great product! \ntext: When I was finally able to get one, I had no complaints.', 'title: Satisfied \ntext: Got the product the very next day , super good experience', 'title: brand new \ntext: this product was brand new and had no issues with it.', 'title: Unsatisfactory \ntext: Trying to get this product is harder than getting tickets to San Diego comic con. I should not have to go through so much time effort and stress like a performing monkey in order to buy something.']","The product is highly regarded by users, with one comment expressing satisfaction upon finally acquiring it, noting no complaints about its performance or quality [0]. Another user highlights that the product was brand new and free of any issues, indicating a positive experience with its condition and functionality [1]. [0] is not related to the query. [2] is not related to the query. [4] is not related to the query.",4.25
How’s the quality of this product,"The PS5 console unleashes new gaming possibilities that you never anticipated. Experience lightning fast loading with an ultra-high speed SSD, deeper immersion with support for haptic feedback, adaptive triggers, and 3D Audio, and an all-new generation of incredible PlayStation games.",01236,"['title: Great Quality! \ntext: The delivery was awesome! and it came fast, there were no scratches or missing cords it was in good condition.', 'title: Great product! \ntext: When I was finally able to get one, I had no complaints.', 'title: Satisfied \ntext: Got the product the very next day , super good experience', 'title: brand new \ntext: this product was brand new and had no issues with it.', 'title: Fresh. \ntext: Got mine in less than a week. Was expecting 2 weeks. Came in fresh condition. Great product.']","The product is highly regarded by users, with one comment expressing satisfaction upon finally acquiring it, noting no complaints about its performance or quality [0]. Another user highlights that the product was brand new and free of any issues, indicating a positive experience with its quality [1]. [0] is not related to the query. [2] is not related to the query. [4] is not related to the query.",4.25
How’s the quality of this product,"The PS5 console unleashes new gaming possibilities that you never anticipated. Experience lightning fast loading with an ultra-high speed SSD, deeper immersion with support for haptic feedback, adaptive triggers, and 3D Audio, and an all-new generation of incredible PlayStation games.",01237,"['title: Great Quality! \ntext: The delivery was awesome! and it came fast, there were no scratches or missing cords it was in good condition.', 'title: Great product! \ntext: When I was finally able to get one, I had no complaints.', 'title: Satisfied \ntext: Got the product the very next day , super good experience', 'title: brand new \ntext: this product was brand new and had no issues with it.', 'title: Love it! \ntext: Amazing product. Its a truly special experience when you have this and a great display to play on.']","The comments reflect a positive reception of the product's quality. One user expressed satisfaction with the product, stating they had no complaints upon acquiring it [0]. Another user noted that the product was brand new and free of issues, indicating a high level of quality [1]. Additionally, a third user described the product as amazing and highlighted the exceptional experience it provides, especially when paired with a great display [2]. [0] is not related to the query. [2] is not related to the query.",5.5
How’s the quality of this product,"The PS5 console unleashes new gaming possibilities that you never anticipated. Experience lightning fast loading with an ultra-high speed SSD, deeper immersion with support for haptic feedback, adaptive triggers, and 3D Audio, and an all-new generation of incredible PlayStation games.",01245,"['title: Great Quality! \ntext: The delivery was awesome! and it came fast, there were no scratches or missing cords it was in good condition.', 'title: Great product! \ntext: When I was finally able to get one, I had no complaints.', 'title: Satisfied \ntext: Got the product the very next day , super good experience', 'title: Great quality and design \ntext: Honestly, it’s worth it. Everything about the disc edition Ps5 is great, from design, quality to gameplay and even main menu. The one thing I would say that is annoying is the size of the storage since nowadays a lot of games need up to 500gb (call of duty) to install . Come on Sony why not go all the way to 1TB!', 'title: Unsatisfactory \ntext: Trying to get this product is harder than getting tickets to San Diego comic con. I should not have to go through so much time effort and stress like a performing monkey in order to buy something.']","The product is highly praised for its quality and design, with users expressing satisfaction upon acquiring it and having no complaints about its performance[0]. The disc edition PS5 is noted for its excellent design and quality, contributing to a positive gaming experience. However, there is a critique regarding the storage capacity, as modern games require significant space, and users feel that a 1TB storage option would be more appropriate[1]. [0] is not related to the query. [2] is not related to the query. [4] is not related to the query.",9.0
How’s the quality of this product,"The PS5 console unleashes new gaming possibilities that you never anticipated. Experience lightning fast loading with an ultra-high speed SSD, deeper immersion with support for haptic feedback, adaptive triggers, and 3D Audio, and an all-new generation of incredible PlayStation games.",01246,"['title: Great Quality! \ntext: The delivery was awesome! and it came fast, there were no scratches or missing cords it was in good condition.', 'title: Great product! \ntext: When I was finally able to get one, I had no complaints.', 'title: Satisfied \ntext: Got the product the very next day , super good experience', 'title: Great quality and design \ntext: Honestly, it’s worth it. Everything about the disc edition Ps5 is great, from design, quality to gameplay and even main menu. The one thing I would say that is annoying is the size of the storage since nowadays a lot of games need up to 500gb (call of duty) to install . Come on Sony why not go all the way to 1TB!', 'title: Fresh. \ntext: Got mine in less than a week. Was expecting 2 weeks. Came in fresh condition. Great product.']","The product is highly praised for its quality and design, with users expressing satisfaction upon acquiring it and having no complaints about its performance [0]. The disc edition PS5 is noted for its excellent design and quality, contributing to a great gameplay experience. However, there is a minor criticism regarding the storage size, as some games require significant space, and users suggest an increase to 1TB for better convenience [1]. [0] is not related to the query. [2] is not related to the query. [4] is not related to the query.",9.0
How’s the quality of this product,"The PS5 console unleashes new gaming possibilities that you never anticipated. Experience lightning fast loading with an ultra-high speed SSD, deeper immersion with support for haptic feedback, adaptive triggers, and 3D Audio, and an all-new generation of incredible PlayStation games.",01247,"['title: Great Quality! \ntext: The delivery was awesome! and it came fast, there were no scratches or missing cords it was in good condition.', 'title: Great product! \ntext: When I was finally able to get one, I had no complaints.', 'title: Satisfied \ntext: Got the product the very next day , super good experience', 'title: Great quality and design \ntext: Honestly, it’s worth it. Everything about the disc edition Ps5 is great, from design, quality to gameplay and even main menu. The one thing I would say that is annoying is the size of the storage since nowadays a lot of games need up to 500gb (call of duty) to install . Come on Sony why not go all the way to 1TB!', 'title: Love it! \ntext: Amazing product. Its a truly special experience when you have this and a great display to play on.']","The product is highly praised for its quality and design, with users expressing satisfaction and no complaints about its performance[0][1][2]. The disc edition PS5 is noted for its excellent design and gameplay experience, although there is a minor criticism regarding the storage capacity, which some users feel should be increased to 1TB to accommodate large game files[1]. Overall, the product is described as amazing and provides a special experience, especially when paired with a great display[2]. [0] is not related to the query. [2] is not related to the query.",9.75
How’s the quality of this product,"The PS5 console unleashes new gaming possibilities that you never anticipated. Experience lightning fast loading with an ultra-high speed SSD, deeper immersion with support for haptic feedback, adaptive triggers, and 3D Audio, and an all-new generation of incredible PlayStation games.",01256,"['title: Great Quality! \ntext: The delivery was awesome! and it came fast, there were no scratches or missing cords it was in good condition.', 'title: Great product! \ntext: When I was finally able to get one, I had no complaints.', 'title: Satisfied \ntext: Got the product the very next day , super good experience', 'title: Unsatisfactory \ntext: Trying to get this product is harder than getting tickets to San Diego comic con. I should not have to go through so much time effort and stress like a performing monkey in order to buy something.', 'title: Fresh. \ntext: Got mine in less than a week. Was expecting 2 weeks. Came in fresh condition. Great product.']","The user expressed satisfaction with the product, stating that they had no complaints after acquiring it, indicating a positive perception of its quality [0]. [0] is not related to the query. [2] is not related to the query. [3] is not related to the query. [4] is not related to the query.",3.0
How’s the quality of this product,"The PS5 console unleashes new gaming possibilities that you never anticipated. Experience lightning fast loading with an ultra-high speed SSD, deeper immersion with support for haptic feedback, adaptive triggers, and 3D Audio, and an all-new generation of incredible PlayStation games.",01257,"['title: Great Quality! \ntext: The delivery was awesome! and it came fast, there were no scratches or missing cords it was in good condition.', 'title: Great product! \ntext: When I was finally able to get one, I had no complaints.', 'title: Satisfied \ntext: Got the product the very next day , super good experience', 'title: Unsatisfactory \ntext: Trying to get this product is harder than getting tickets to San Diego comic con. I should not have to go through so much time effort and stress like a performing monkey in order to buy something.', 'title: Love it! \ntext: Amazing product. Its a truly special experience when you have this and a great display to play on.']","The comments reflect a positive perception of the product's quality. One user expressed satisfaction by stating they had no complaints after acquiring the product, indicating a high level of satisfaction with its performance or features [0]. Another user described the product as amazing and highlighted the exceptional experience it provides, especially when paired with a great display, further underscoring its quality [1]. [0] is not related to the query. [2] is not related to the query. [3] is not related to the query.",5.25
How’s the quality of this product,"The PS5 console unleashes new gaming possibilities that you never anticipated. Experience lightning fast loading with an ultra-high speed SSD, deeper immersion with support for haptic feedback, adaptive triggers, and 3D Audio, and an all-new generation of incredible PlayStation games.",01267,"['title: Great Quality! \ntext: The delivery was awesome! and it came fast, there were no scratches or missing cords it was in good condition.', 'title: Great product! \ntext: When I was finally able to get one, I had no complaints.', 'title: Satisfied \ntext: Got the product the very next day , super good experience', 'title: Fresh. \ntext: Got mine in less than a week. Was expecting 2 weeks. Came in fresh condition. Great product.', 'title: Love it! \ntext: Amazing product. Its a truly special experience when you have this and a great display to play on.']","The product is highly praised by users, with one comment expressing satisfaction upon finally acquiring it, noting no complaints about its performance or quality [0]. Another user describes the product as amazing, highlighting the exceptional experience it provides, especially when paired with a great display [1]. [0] is not related to the query. [2] is not related to the query. [3] is not related to the query.",5.25
How’s the quality of this product,"The PS5 console unleashes new gaming possibilities that you never anticipated. Experience lightning fast loading with an ultra-high speed SSD, deeper immersion with support for haptic feedback, adaptive triggers, and 3D Audio, and an all-new generation of incredible PlayStation games.",01345,"['title: Great Quality! \ntext: The delivery was awesome! and it came fast, there were no scratches or missing cords it was in good condition.', 'title: Great product! \ntext: When I was finally able to get one, I had no complaints.', 'title: brand new \ntext: this product was brand new and had no issues with it.', 'title: Great quality and design \ntext: Honestly, it’s worth it. Everything about the disc edition Ps5 is great, from design, quality to gameplay and even main menu. The one thing I would say that is annoying is the size of the storage since nowadays a lot of games need up to 500gb (call of duty) to install . Come on Sony why not go all the way to 1TB!', 'title: Unsatisfactory \ntext: Trying to get this product is harder than getting tickets to San Diego comic con. I should not have to go through so much time effort and stress like a performing monkey in order to buy something.']","The product is highly praised for its quality, with users expressing satisfaction and having no complaints after acquiring it [0]. It is noted to be brand new and free of issues, further emphasizing its quality [1]. Additionally, the design and overall quality of the disc edition PS5 are highlighted as excellent, although there is a minor critique regarding the storage size, which some users find insufficient for modern gaming needs [2]. [0] is not related to the query. [4] is not related to the query.",9.0
How’s the quality of this product,"The PS5 console unleashes new gaming possibilities that you never anticipated. Experience lightning fast loading with an ultra-high speed SSD, deeper immersion with support for haptic feedback, adaptive triggers, and 3D Audio, and an all-new generation of incredible PlayStation games.",01346,"['title: Great Quality! \ntext: The delivery was awesome! and it came fast, there were no scratches or missing cords it was in good condition.', 'title: Great product! \ntext: When I was finally able to get one, I had no complaints.', 'title: brand new \ntext: this product was brand new and had no issues with it.', 'title: Great quality and design \ntext: Honestly, it’s worth it. Everything about the disc edition Ps5 is great, from design, quality to gameplay and even main menu. The one thing I would say that is annoying is the size of the storage since nowadays a lot of games need up to 500gb (call of duty) to install . Come on Sony why not go all the way to 1TB!', 'title: Fresh. \ntext: Got mine in less than a week. Was expecting 2 weeks. Came in fresh condition. Great product.']","The product is highly praised for its quality, with users expressing satisfaction and having no complaints upon acquiring it [0]. It is noted to be brand new and free of issues, further emphasizing its quality [1]. Additionally, the design and overall quality of the product, specifically the disc edition PS5, are highlighted as excellent, although there is a minor critique regarding the storage size, which some users find insufficient for modern gaming needs [2]. [0] is not related to the query. [4] is not related to the query.",9.0
How’s the quality of this product,"The PS5 console unleashes new gaming possibilities that you never anticipated. Experience lightning fast loading with an ultra-high speed SSD, deeper immersion with support for haptic feedback, adaptive triggers, and 3D Audio, and an all-new generation of incredible PlayStation games.",01347,"['title: Great Quality! \ntext: The delivery was awesome! and it came fast, there were no scratches or missing cords it was in good condition.', 'title: Great product! \ntext: When I was finally able to get one, I had no complaints.', 'title: brand new \ntext: this product was brand new and had no issues with it.', 'title: Great quality and design \ntext: Honestly, it’s worth it. Everything about the disc edition Ps5 is great, from design, quality to gameplay and even main menu. The one thing I would say that is annoying is the size of the storage since nowadays a lot of games need up to 500gb (call of duty) to install . Come on Sony why not go all the way to 1TB!', 'title: Love it! \ntext: Amazing product. Its a truly special experience when you have this and a great display to play on.']","The product is highly praised for its quality and design, with users expressing satisfaction and no complaints about its performance[0][1][2][3]. The product is described as brand new and free of issues, highlighting its reliability[1]. Additionally, the design and gameplay experience are commended, although there is a minor criticism regarding the storage capacity, which some users find insufficient for modern gaming needs[2]. Overall, the product provides a special experience, especially when paired with a great display[3]. [0] is not related to the query.",9.75
How’s the quality of this product,"The PS5 console unleashes new gaming possibilities that you never anticipated. Experience lightning fast loading with an ultra-high speed SSD, deeper immersion with support for haptic feedback, adaptive triggers, and 3D Audio, and an all-new generation of incredible PlayStation games.",01356,"['title: Great Quality! \ntext: The delivery was awesome! and it came fast, there were no scratches or missing cords it was in good condition.', 'title: Great product! \ntext: When I was finally able to get one, I had no complaints.', 'title: brand new \ntext: this product was brand new and had no issues with it.', 'title: Unsatisfactory \ntext: Trying to get this product is harder than getting tickets to San Diego comic con. I should not have to go through so much time effort and stress like a performing monkey in order to buy something.', 'title: Fresh. \ntext: Got mine in less than a week. Was expecting 2 weeks. Came in fresh condition. Great product.']","The product is highly regarded by users, with one comment expressing satisfaction upon finally acquiring it, noting no complaints about its performance or quality [0]. Another user highlights that the product was brand new and free of any issues, indicating a positive experience with its quality [1]. [0] is not related to the query. [3] is not related to the query. [4] is not related to the query.",4.25
How’s the quality of this product,"The PS5 console unleashes new gaming possibilities that you never anticipated. Experience lightning fast loading with an ultra-high speed SSD, deeper immersion with support for haptic feedback, adaptive triggers, and 3D Audio, and an all-new generation of incredible PlayStation games.",01357,"['title: Great Quality! \ntext: The delivery was awesome! and it came fast, there were no scratches or missing cords it was in good condition.', 'title: Great product! \ntext: When I was finally able to get one, I had no complaints.', 'title: brand new \ntext: this product was brand new and had no issues with it.', 'title: Unsatisfactory \ntext: Trying to get this product is harder than getting tickets to San Diego comic con. I should not have to go through so much time effort and stress like a performing monkey in order to buy something.', 'title: Love it! \ntext: Amazing product. Its a truly special experience when you have this and a great display to play on.']","The product has received positive feedback from users, with one user expressing satisfaction by stating they had no complaints after acquiring it [0]. Another user highlighted that the product was brand new and free of issues, indicating a high level of quality [1]. Additionally, a user described the product as amazing and emphasized the exceptional experience it provides, especially when paired with a great display [2]. [0] is not related to the query. [3] is not related to the query.",5.5
How’s the quality of this product,"The PS5 console unleashes new gaming possibilities that you never anticipated. Experience lightning fast loading with an ultra-high speed SSD, deeper immersion with support for haptic feedback, adaptive triggers, and 3D Audio, and an all-new generation of incredible PlayStation games.",01367,"['title: Great Quality! \ntext: The delivery was awesome! and it came fast, there were no scratches or missing cords it was in good condition.', 'title: Great product! \ntext: When I was finally able to get one, I had no complaints.', 'title: brand new \ntext: this product was brand new and had no issues with it.', 'title: Fresh. \ntext: Got mine in less than a week. Was expecting 2 weeks. Came in fresh condition. Great product.', 'title: Love it! \ntext: Amazing product. Its a truly special experience when you have this and a great display to play on.']","The comments reflect a positive perception of the product's quality. One user expressed satisfaction upon acquiring the product, noting no complaints about its performance [0]. Another user highlighted that the product was brand new and free of any issues, indicating a high level of quality [1]. Additionally, a user described the product as amazing and emphasized the exceptional experience it provides, especially when paired with a great display [2]. [0] is not related to the query. [3] is not related to the query.",5.5
How’s the quality of this product,"The PS5 console unleashes new gaming possibilities that you never anticipated. Experience lightning fast loading with an ultra-high speed SSD, deeper immersion with support for haptic feedback, adaptive triggers, and 3D Audio, and an all-new generation of incredible PlayStation games.",01456,"['title: Great Quality! \ntext: The delivery was awesome! and it came fast, there were no scratches or missing cords it was in good condition.', 'title: Great product! \ntext: When I was finally able to get one, I had no complaints.', 'title: Great quality and design \ntext: Honestly, it’s worth it. Everything about the disc edition Ps5 is great, from design, quality to gameplay and even main menu. The one thing I would say that is annoying is the size of the storage since nowadays a lot of games need up to 500gb (call of duty) to install . Come on Sony why not go all the way to 1TB!', 'title: Unsatisfactory \ntext: Trying to get this product is harder than getting tickets to San Diego comic con. I should not have to go through so much time effort and stress like a performing monkey in order to buy something.', 'title: Fresh. \ntext: Got mine in less than a week. Was expecting 2 weeks. Came in fresh condition. Great product.']","The product is highly praised for its quality and design, with users expressing satisfaction and having no complaints upon acquisition [0]. The disc edition PS5 is noted for its excellent design, quality, and gameplay experience, although there is a critique regarding the limited storage capacity, which is seen as insufficient for modern gaming needs [1]. [0] is not related to the query. [3] is not related to the query. [4] is not related to the query.",9.0
How’s the quality of this product,"The PS5 console unleashes new gaming possibilities that you never anticipated. Experience lightning fast loading with an ultra-high speed SSD, deeper immersion with support for haptic feedback, adaptive triggers, and 3D Audio, and an all-new generation of incredible PlayStation games.",01457,"['title: Great Quality! \ntext: The delivery was awesome! and it came fast, there were no scratches or missing cords it was in good condition.', 'title: Great product! \ntext: When I was finally able to get one, I had no complaints.', 'title: Great quality and design \ntext: Honestly, it’s worth it. Everything about the disc edition Ps5 is great, from design, quality to gameplay and even main menu. The one thing I would say that is annoying is the size of the storage since nowadays a lot of games need up to 500gb (call of duty) to install . Come on Sony why not go all the way to 1TB!', 'title: Unsatisfactory \ntext: Trying to get this product is harder than getting tickets to San Diego comic con. I should not have to go through so much time effort and stress like a performing monkey in order to buy something.', 'title: Love it! \ntext: Amazing product. Its a truly special experience when you have this and a great display to play on.']","The product is highly praised for its quality, with users expressing satisfaction and having no complaints after acquiring it [0]. The disc edition PS5 is noted for its excellent design and quality, although there is some criticism regarding the storage size, which is considered insufficient for modern gaming needs [1]. Overall, the product is described as amazing and provides a special experience, especially when paired with a great display [2]. [0] is not related to the query. [3] is not related to the query.",9.75
How’s the quality of this product,"The PS5 console unleashes new gaming possibilities that you never anticipated. Experience lightning fast loading with an ultra-high speed SSD, deeper immersion with support for haptic feedback, adaptive triggers, and 3D Audio, and an all-new generation of incredible PlayStation games.",01467,"['title: Great Quality! \ntext: The delivery was awesome! and it came fast, there were no scratches or missing cords it was in good condition.', 'title: Great product! \ntext: When I was finally able to get one, I had no complaints.', 'title: Great quality and design \ntext: Honestly, it’s worth it. Everything about the disc edition Ps5 is great, from design, quality to gameplay and even main menu. The one thing I would say that is annoying is the size of the storage since nowadays a lot of games need up to 500gb (call of duty) to install . Come on Sony why not go all the way to 1TB!', 'title: Fresh. \ntext: Got mine in less than a week. Was expecting 2 weeks. Came in fresh condition. Great product.', 'title: Love it! \ntext: Amazing product. Its a truly special experience when you have this and a great display to play on.']","The product is highly praised for its quality and design, with users expressing satisfaction and no complaints about its performance[0][1][2]. The disc edition PS5 is noted for its excellent design and gameplay experience, although there is a minor criticism regarding the limited storage capacity, which some users find insufficient for modern gaming needs[1]. Overall, the product is described as amazing and provides a special experience when paired with a great display[2]. [0] is not related to the query. [3] is not related to the query.",9.75
How’s the quality of this product,"The PS5 console unleashes new gaming possibilities that you never anticipated. Experience lightning fast loading with an ultra-high speed SSD, deeper immersion with support for haptic feedback, adaptive triggers, and 3D Audio, and an all-new generation of incredible PlayStation games.",01567,"['title: Great Quality! \ntext: The delivery was awesome! and it came fast, there were no scratches or missing cords it was in good condition.', 'title: Great product! \ntext: When I was finally able to get one, I had no complaints.', 'title: Unsatisfactory \ntext: Trying to get this product is harder than getting tickets to San Diego comic con. I should not have to go through so much time effort and stress like a performing monkey in order to buy something.', 'title: Fresh. \ntext: Got mine in less than a week. Was expecting 2 weeks. Came in fresh condition. Great product.', 'title: Love it! \ntext: Amazing product. Its a truly special experience when you have this and a great display to play on.']","The product is highly praised by users, with one comment highlighting that there were no complaints after acquiring it, indicating satisfaction with its quality [0]. Another user describes the product as amazing and emphasizes the exceptional experience it provides, especially when paired with a great display, further underscoring its quality [1]. [0] is not related to the query. [2] is not related to the query. [3] is not related to the query.",5.25
How’s the quality of this product,"The PS5 console unleashes new gaming possibilities that you never anticipated. Experience lightning fast loading with an ultra-high speed SSD, deeper immersion with support for haptic feedback, adaptive triggers, and 3D Audio, and an all-new generation of incredible PlayStation games.",02345,"['title: Great Quality! \ntext: The delivery was awesome! and it came fast, there were no scratches or missing cords it was in good condition.', 'title: Satisfied \ntext: Got the product the very next day , super good experience', 'title: brand new \ntext: this product was brand new and had no issues with it.', 'title: Great quality and design \ntext: Honestly, it’s worth it. Everything about the disc edition Ps5 is great, from design, quality to gameplay and even main menu. The one thing I would say that is annoying is the size of the storage since nowadays a lot of games need up to 500gb (call of duty) to install . Come on Sony why not go all the way to 1TB!', 'title: Unsatisfactory \ntext: Trying to get this product is harder than getting tickets to San Diego comic con. I should not have to go through so much time effort and stress like a performing monkey in order to buy something.']","The product is described as brand new and without any issues, indicating a high level of quality upon arrival [0]. Additionally, the disc edition PS5 is praised for its great design and overall quality, contributing to a positive user experience. However, there is a noted drawback regarding the storage size, which is considered insufficient for modern gaming needs, suggesting an area for improvement [1]. [0] is not related to the query. [1] is not related to the query. [4] is not related to the query.",9.0
How’s the quality of this product,"The PS5 console unleashes new gaming possibilities that you never anticipated. Experience lightning fast loading with an ultra-high speed SSD, deeper immersion with support for haptic feedback, adaptive triggers, and 3D Audio, and an all-new generation of incredible PlayStation games.",02346,"['title: Great Quality! \ntext: The delivery was awesome! and it came fast, there were no scratches or missing cords it was in good condition.', 'title: Satisfied \ntext: Got the product the very next day , super good experience', 'title: brand new \ntext: this product was brand new and had no issues with it.', 'title: Great quality and design \ntext: Honestly, it’s worth it. Everything about the disc edition Ps5 is great, from design, quality to gameplay and even main menu. The one thing I would say that is annoying is the size of the storage since nowadays a lot of games need up to 500gb (call of duty) to install . Come on Sony why not go all the way to 1TB!', 'title: Fresh. \ntext: Got mine in less than a week. Was expecting 2 weeks. Came in fresh condition. Great product.']","The product is described as brand new and free of issues, indicating a positive assessment of its quality [0]. Additionally, the disc edition PS5 is praised for its great design and quality, although there is a critique regarding the limited storage size, which is seen as a drawback given the large storage requirements of modern games [1]. [0] is not related to the query. [1] is not related to the query. [4] is not related to the query.",9.0
How’s the quality of this product,"The PS5 console unleashes new gaming possibilities that you never anticipated. Experience lightning fast loading with an ultra-high speed SSD, deeper immersion with support for haptic feedback, adaptive triggers, and 3D Audio, and an all-new generation of incredible PlayStation games.",02347,"['title: Great Quality! \ntext: The delivery was awesome! and it came fast, there were no scratches or missing cords it was in good condition.', 'title: Satisfied \ntext: Got the product the very next day , super good experience', 'title: brand new \ntext: this product was brand new and had no issues with it.', 'title: Great quality and design \ntext: Honestly, it’s worth it. Everything about the disc edition Ps5 is great, from design, quality to gameplay and even main menu. The one thing I would say that is annoying is the size of the storage since nowadays a lot of games need up to 500gb (call of duty) to install . Come on Sony why not go all the way to 1TB!', 'title: Love it! \ntext: Amazing product. Its a truly special experience when you have this and a great display to play on.']","The product is described as brand new and free of issues, indicating a high level of quality from the outset [0]. Users have praised the PlayStation 5 for its excellent design and overall quality, although there is a noted concern about the limited storage capacity, which can be a drawback given the large size of modern games [1]. Additionally, the product is highlighted as providing a special experience, especially when paired with a high-quality display, further emphasizing its superior quality [2]. [0] is not related to the query. [1] is not related to the query.",9.75
How’s the quality of this product,"The PS5 console unleashes new gaming possibilities that you never anticipated. Experience lightning fast loading with an ultra-high speed SSD, deeper immersion with support for haptic feedback, adaptive triggers, and 3D Audio, and an all-new generation of incredible PlayStation games.",02356,"['title: Great Quality! \ntext: The delivery was awesome! and it came fast, there were no scratches or missing cords it was in good condition.', 'title: Satisfied \ntext: Got the product the very next day , super good experience', 'title: brand new \ntext: this product was brand new and had no issues with it.', 'title: Unsatisfactory \ntext: Trying to get this product is harder than getting tickets to San Diego comic con. I should not have to go through so much time effort and stress like a performing monkey in order to buy something.', 'title: Fresh. \ntext: Got mine in less than a week. Was expecting 2 weeks. Came in fresh condition. Great product.']","The product was described as brand new and free from any issues, indicating a high level of quality [0]. [0] is not related to the query. [1] is not related to the query. [3] is not related to the query. [4] is not related to the query.",3.0
How’s the quality of this product,"The PS5 console unleashes new gaming possibilities that you never anticipated. Experience lightning fast loading with an ultra-high speed SSD, deeper immersion with support for haptic feedback, adaptive triggers, and 3D Audio, and an all-new generation of incredible PlayStation games.",02357,"['title: Great Quality! \ntext: The delivery was awesome! and it came fast, there were no scratches or missing cords it was in good condition.', 'title: Satisfied \ntext: Got the product the very next day , super good experience', 'title: brand new \ntext: this product was brand new and had no issues with it.', 'title: Unsatisfactory \ntext: Trying to get this product is harder than getting tickets to San Diego comic con. I should not have to go through so much time effort and stress like a performing monkey in order to buy something.', 'title: Love it! \ntext: Amazing product. Its a truly special experience when you have this and a great display to play on.']","The product is described as brand new and free of any issues, indicating a high level of quality and reliability [0]. Additionally, users express a strong positive sentiment, highlighting the product as amazing and providing a special experience, especially when used with a great display, further emphasizing its quality [1]. [0] is not related to the query. [1] is not related to the query. [3] is not related to the query.",5.25
How’s the quality of this product,"The PS5 console unleashes new gaming possibilities that you never anticipated. Experience lightning fast loading with an ultra-high speed SSD, deeper immersion with support for haptic feedback, adaptive triggers, and 3D Audio, and an all-new generation of incredible PlayStation games.",02367,"['title: Great Quality! \ntext: The delivery was awesome! and it came fast, there were no scratches or missing cords it was in good condition.', 'title: Satisfied \ntext: Got the product the very next day , super good experience', 'title: brand new \ntext: this product was brand new and had no issues with it.', 'title: Fresh. \ntext: Got mine in less than a week. Was expecting 2 weeks. Came in fresh condition. Great product.', 'title: Love it! \ntext: Amazing product. Its a truly special experience when you have this and a great display to play on.']","The product is described as brand new and free of any issues, indicating a high level of quality and reliability [0]. Additionally, it is praised for providing an amazing and special experience, especially when used with a great display, further highlighting its exceptional quality [1]. [0] is not related to the query. [1] is not related to the query. [3] is not related to the query.",5.25
How’s the quality of this product,"The PS5 console unleashes new gaming possibilities that you never anticipated. Experience lightning fast loading with an ultra-high speed SSD, deeper immersion with support for haptic feedback, adaptive triggers, and 3D Audio, and an all-new generation of incredible PlayStation games.",02456,"['title: Great Quality! \ntext: The delivery was awesome! and it came fast, there were no scratches or missing cords it was in good condition.', 'title: Satisfied \ntext: Got the product the very next day , super good experience', 'title: Great quality and design \ntext: Honestly, it’s worth it. Everything about the disc edition Ps5 is great, from design, quality to gameplay and even main menu. The one thing I would say that is annoying is the size of the storage since nowadays a lot of games need up to 500gb (call of duty) to install . Come on Sony why not go all the way to 1TB!', 'title: Unsatisfactory \ntext: Trying to get this product is harder than getting tickets to San Diego comic con. I should not have to go through so much time effort and stress like a performing monkey in order to buy something.', 'title: Fresh. \ntext: Got mine in less than a week. Was expecting 2 weeks. Came in fresh condition. Great product.']","The disc edition PS5 is praised for its great quality and design, offering an excellent experience in terms of gameplay and user interface. However, there is a noted drawback regarding the storage capacity, as many modern games require significant space, up to 500GB, which makes the current storage size insufficient. The suggestion is made for Sony to increase the storage to 1TB to better accommodate these needs [0]. [0] is not related to the query. [1] is not related to the query. [3] is not related to the query. [4] is not related to the query.",9.0
How’s the quality of this product,"The PS5 console unleashes new gaming possibilities that you never anticipated. Experience lightning fast loading with an ultra-high speed SSD, deeper immersion with support for haptic feedback, adaptive triggers, and 3D Audio, and an all-new generation of incredible PlayStation games.",02457,"['title: Great Quality! \ntext: The delivery was awesome! and it came fast, there were no scratches or missing cords it was in good condition.', 'title: Satisfied \ntext: Got the product the very next day , super good experience', 'title: Great quality and design \ntext: Honestly, it’s worth it. Everything about the disc edition Ps5 is great, from design, quality to gameplay and even main menu. The one thing I would say that is annoying is the size of the storage since nowadays a lot of games need up to 500gb (call of duty) to install . Come on Sony why not go all the way to 1TB!', 'title: Unsatisfactory \ntext: Trying to get this product is harder than getting tickets to San Diego comic con. I should not have to go through so much time effort and stress like a performing monkey in order to buy something.', 'title: Love it! \ntext: Amazing product. Its a truly special experience when you have this and a great display to play on.']","The PlayStation 5 disc edition is praised for its great design and quality, offering an impressive gameplay experience and user interface. However, there is a noted drawback regarding its storage capacity, which some users find insufficient given the large size of modern games, such as Call of Duty, which can require up to 500GB to install [0]. Overall, the product is described as amazing, providing a special experience, especially when paired with a high-quality display [1]. [0] is not related to the query. [1] is not related to the query. [3] is not related to the query.",9.75
How’s the quality of this product,"The PS5 console unleashes new gaming possibilities that you never anticipated. Experience lightning fast loading with an ultra-high speed SSD, deeper immersion with support for haptic feedback, adaptive triggers, and 3D Audio, and an all-new generation of incredible PlayStation games.",02467,"['title: Great Quality! \ntext: The delivery was awesome! and it came fast, there were no scratches or missing cords it was in good condition.', 'title: Satisfied \ntext: Got the product the very next day , super good experience', 'title: Great quality and design \ntext: Honestly, it’s worth it. Everything about the disc edition Ps5 is great, from design, quality to gameplay and even main menu. The one thing I would say that is annoying is the size of the storage since nowadays a lot of games need up to 500gb (call of duty) to install . Come on Sony why not go all the way to 1TB!', 'title: Fresh. \ntext: Got mine in less than a week. Was expecting 2 weeks. Came in fresh condition. Great product.', 'title: Love it! \ntext: Amazing product. Its a truly special experience when you have this and a great display to play on.']","The PlayStation 5 disc edition is praised for its excellent quality and design, offering a great experience in terms of gameplay and user interface. However, there is a noted drawback regarding the storage capacity, as modern games often require substantial space, up to 500GB, which makes the current storage size less than ideal [0]. Additionally, the product is described as amazing, providing a special experience when paired with a great display [1]. [0] is not related to the query. [1] is not related to the query. [3] is not related to the query.",9.75
How’s the quality of this product,"The PS5 console unleashes new gaming possibilities that you never anticipated. Experience lightning fast loading with an ultra-high speed SSD, deeper immersion with support for haptic feedback, adaptive triggers, and 3D Audio, and an all-new generation of incredible PlayStation games.",02567,"['title: Great Quality! \ntext: The delivery was awesome! and it came fast, there were no scratches or missing cords it was in good condition.', 'title: Satisfied \ntext: Got the product the very next day , super good experience', 'title: Unsatisfactory \ntext: Trying to get this product is harder than getting tickets to San Diego comic con. I should not have to go through so much time effort and stress like a performing monkey in order to buy something.', 'title: Fresh. \ntext: Got mine in less than a week. Was expecting 2 weeks. Came in fresh condition. Great product.', 'title: Love it! \ntext: Amazing product. Its a truly special experience when you have this and a great display to play on.']","The product is described as amazing, providing a truly special experience when used with a great display, indicating high quality and user satisfaction [0]. [0] is not related to the query. [1] is not related to the query. [2] is not related to the query. [3] is not related to the query.",3.75
How’s the quality of this product,"The PS5 console unleashes new gaming possibilities that you never anticipated. Experience lightning fast loading with an ultra-high speed SSD, deeper immersion with support for haptic feedback, adaptive triggers, and 3D Audio, and an all-new generation of incredible PlayStation games.",03456,"['title: Great Quality! \ntext: The delivery was awesome! and it came fast, there were no scratches or missing cords it was in good condition.', 'title: brand new \ntext: this product was brand new and had no issues with it.', 'title: Great quality and design \ntext: Honestly, it’s worth it. Everything about the disc edition Ps5 is great, from design, quality to gameplay and even main menu. The one thing I would say that is annoying is the size of the storage since nowadays a lot of games need up to 500gb (call of duty) to install . Come on Sony why not go all the way to 1TB!', 'title: Unsatisfactory \ntext: Trying to get this product is harder than getting tickets to San Diego comic con. I should not have to go through so much time effort and stress like a performing monkey in order to buy something.', 'title: Fresh. \ntext: Got mine in less than a week. Was expecting 2 weeks. Came in fresh condition. Great product.']","The product is described as brand new and free of issues, indicating a positive assessment of its quality [0]. Additionally, the disc edition PS5 is praised for its great design and quality, although there is a critique regarding the storage size, which is considered insufficient for modern gaming needs [1]. [0] is not related to the query. [3] is not related to the query. [4] is not related to the query.",9.0
How’s the quality of this product,"The PS5 console unleashes new gaming possibilities that you never anticipated. Experience lightning fast loading with an ultra-high speed SSD, deeper immersion with support for haptic feedback, adaptive triggers, and 3D Audio, and an all-new generation of incredible PlayStation games.",03457,"['title: Great Quality! \ntext: The delivery was awesome! and it came fast, there were no scratches or missing cords it was in good condition.', 'title: brand new \ntext: this product was brand new and had no issues with it.', 'title: Great quality and design \ntext: Honestly, it’s worth it. Everything about the disc edition Ps5 is great, from design, quality to gameplay and even main menu. The one thing I would say that is annoying is the size of the storage since nowadays a lot of games need up to 500gb (call of duty) to install . Come on Sony why not go all the way to 1TB!', 'title: Unsatisfactory \ntext: Trying to get this product is harder than getting tickets to San Diego comic con. I should not have to go through so much time effort and stress like a performing monkey in order to buy something.', 'title: Love it! \ntext: Amazing product. Its a truly special experience when you have this and a great display to play on.']","The product is described as brand new and free of issues, indicating a high level of quality from the start [0]. Users have praised the PlayStation 5 disc edition for its excellent design and overall quality, although there is some dissatisfaction with the storage capacity, which is considered insufficient for modern gaming needs [1]. Additionally, the product is highlighted as providing a special experience, especially when paired with a high-quality display, further emphasizing its superior quality [2]. [0] is not related to the query. [3] is not related to the query.",9.75
How’s the quality of this product,"The PS5 console unleashes new gaming possibilities that you never anticipated. Experience lightning fast loading with an ultra-high speed SSD, deeper immersion with support for haptic feedback, adaptive triggers, and 3D Audio, and an all-new generation of incredible PlayStation games.",03467,"['title: Great Quality! \ntext: The delivery was awesome! and it came fast, there were no scratches or missing cords it was in good condition.', 'title: brand new \ntext: this product was brand new and had no issues with it.', 'title: Great quality and design \ntext: Honestly, it’s worth it. Everything about the disc edition Ps5 is great, from design, quality to gameplay and even main menu. The one thing I would say that is annoying is the size of the storage since nowadays a lot of games need up to 500gb (call of duty) to install . Come on Sony why not go all the way to 1TB!', 'title: Fresh. \ntext: Got mine in less than a week. Was expecting 2 weeks. Came in fresh condition. Great product.', 'title: Love it! \ntext: Amazing product. Its a truly special experience when you have this and a great display to play on.']","The product is described as brand new and free of issues, indicating a high level of quality from the outset [0]. Users praise the PlayStation 5 for its excellent design and overall quality, although there is some criticism regarding the limited storage capacity, which can be a drawback given the large size of modern games [1]. Additionally, the product is highlighted as providing a special experience, especially when paired with a high-quality display, further emphasizing its superior quality [2]. [0] is not related to the query. [3] is not related to the query.",9.75
How’s the quality of this product,"The PS5 console unleashes new gaming possibilities that you never anticipated. Experience lightning fast loading with an ultra-high speed SSD, deeper immersion with support for haptic feedback, adaptive triggers, and 3D Audio, and an all-new generation of incredible PlayStation games.",03567,"['title: Great Quality! \ntext: The delivery was awesome! and it came fast, there were no scratches or missing cords it was in good condition.', 'title: brand new \ntext: this product was brand new and had no issues with it.', 'title: Unsatisfactory \ntext: Trying to get this product is harder than getting tickets to San Diego comic con. I should not have to go through so much time effort and stress like a performing monkey in order to buy something.', 'title: Fresh. \ntext: Got mine in less than a week. Was expecting 2 weeks. Came in fresh condition. Great product.', 'title: Love it! \ntext: Amazing product. Its a truly special experience when you have this and a great display to play on.']","The product is described as brand new and free of any issues, indicating a high level of quality and reliability [0]. Additionally, users express strong satisfaction, highlighting the product as amazing and providing a special experience, especially when used with a great display [1]. [0] is not related to the query. [2] is not related to the query. [3] is not related to the query.",5.25
How’s the quality of this product,"The PS5 console unleashes new gaming possibilities that you never anticipated. Experience lightning fast loading with an ultra-high speed SSD, deeper immersion with support for haptic feedback, adaptive triggers, and 3D Audio, and an all-new generation of incredible PlayStation games.",04567,"['title: Great Quality! \ntext: The delivery was awesome! and it came fast, there were no scratches or missing cords it was in good condition.', 'title: Great quality and design \ntext: Honestly, it’s worth it. Everything about the disc edition Ps5 is great, from design, quality to gameplay and even main menu. The one thing I would say that is annoying is the size of the storage since nowadays a lot of games need up to 500gb (call of duty) to install . Come on Sony why not go all the way to 1TB!', 'title: Unsatisfactory \ntext: Trying to get this product is harder than getting tickets to San Diego comic con. I should not have to go through so much time effort and stress like a performing monkey in order to buy something.', 'title: Fresh. \ntext: Got mine in less than a week. Was expecting 2 weeks. Came in fresh condition. Great product.', 'title: Love it! \ntext: Amazing product. Its a truly special experience when you have this and a great display to play on.']","The PlayStation 5 disc edition is praised for its great design and quality, offering an impressive gameplay experience and user interface. However, there is a noted drawback regarding the storage capacity, as many modern games require substantial space, and the console's storage may not suffice for extensive game libraries [0]. Additionally, the product is described as providing a special experience, especially when paired with a high-quality display [1]. [0] is not related to the query. [2] is not related to the query. [3] is not related to the query.",9.75
How’s the quality of this product,"The PS5 console unleashes new gaming possibilities that you never anticipated. Experience lightning fast loading with an ultra-high speed SSD, deeper immersion with support for haptic feedback, adaptive triggers, and 3D Audio, and an all-new generation of incredible PlayStation games.",12345,"['title: Great product! \ntext: When I was finally able to get one, I had no complaints.', 'title: Satisfied \ntext: Got the product the very next day , super good experience', 'title: brand new \ntext: this product was brand new and had no issues with it.', 'title: Great quality and design \ntext: Honestly, it’s worth it. Everything about the disc edition Ps5 is great, from design, quality to gameplay and even main menu. The one thing I would say that is annoying is the size of the storage since nowadays a lot of games need up to 500gb (call of duty) to install . Come on Sony why not go all the way to 1TB!', 'title: Unsatisfactory \ntext: Trying to get this product is harder than getting tickets to San Diego comic con. I should not have to go through so much time effort and stress like a performing monkey in order to buy something.']","The product is highly praised for its quality, with users expressing satisfaction and having no complaints upon acquiring it [0]. It is noted to be brand new and free of issues, further emphasizing its quality [1]. Additionally, the design and overall quality of the product are highlighted as excellent, although there is a minor critique regarding the storage size, which some users find insufficient for modern gaming needs [2]. [1] is not related to the query. [4] is not related to the query.",9.0
How’s the quality of this product,"The PS5 console unleashes new gaming possibilities that you never anticipated. Experience lightning fast loading with an ultra-high speed SSD, deeper immersion with support for haptic feedback, adaptive triggers, and 3D Audio, and an all-new generation of incredible PlayStation games.",12346,"['title: Great product! \ntext: When I was finally able to get one, I had no complaints.', 'title: Satisfied \ntext: Got the product the very next day , super good experience', 'title: brand new \ntext: this product was brand new and had no issues with it.', 'title: Great quality and design \ntext: Honestly, it’s worth it. Everything about the disc edition Ps5 is great, from design, quality to gameplay and even main menu. The one thing I would say that is annoying is the size of the storage since nowadays a lot of games need up to 500gb (call of duty) to install . Come on Sony why not go all the way to 1TB!', 'title: Fresh. \ntext: Got mine in less than a week. Was expecting 2 weeks. Came in fresh condition. Great product.']","The product is highly praised for its quality, with users expressing satisfaction and having no complaints upon acquiring it [0]. It is noted to be brand new and free of issues, further emphasizing its quality [1]. Additionally, the design and overall quality of the disc edition PS5 are highlighted as excellent, although there is a minor critique regarding the storage size, which some users find insufficient for modern gaming needs [2]. [1] is not related to the query. [4] is not related to the query.",9.0
How’s the quality of this product,"The PS5 console unleashes new gaming possibilities that you never anticipated. Experience lightning fast loading with an ultra-high speed SSD, deeper immersion with support for haptic feedback, adaptive triggers, and 3D Audio, and an all-new generation of incredible PlayStation games.",12347,"['title: Great product! \ntext: When I was finally able to get one, I had no complaints.', 'title: Satisfied \ntext: Got the product the very next day , super good experience', 'title: brand new \ntext: this product was brand new and had no issues with it.', 'title: Great quality and design \ntext: Honestly, it’s worth it. Everything about the disc edition Ps5 is great, from design, quality to gameplay and even main menu. The one thing I would say that is annoying is the size of the storage since nowadays a lot of games need up to 500gb (call of duty) to install . Come on Sony why not go all the way to 1TB!', 'title: Love it! \ntext: Amazing product. Its a truly special experience when you have this and a great display to play on.']","The product is highly praised for its quality, with users expressing satisfaction and having no complaints after acquiring it [0]. It is described as brand new and free of issues, indicating a high standard of quality control [1]. The design and overall quality of the product are highlighted as excellent, although there is a minor criticism regarding the storage capacity, which some users find insufficient for modern gaming needs [2]. Overall, the product provides a special experience, especially when paired with a good display, further emphasizing its quality [3]. [1] is not related to the query.",9.75
How’s the quality of this product,"The PS5 console unleashes new gaming possibilities that you never anticipated. Experience lightning fast loading with an ultra-high speed SSD, deeper immersion with support for haptic feedback, adaptive triggers, and 3D Audio, and an all-new generation of incredible PlayStation games.",12356,"['title: Great product! \ntext: When I was finally able to get one, I had no complaints.', 'title: Satisfied \ntext: Got the product the very next day , super good experience', 'title: brand new \ntext: this product was brand new and had no issues with it.', 'title: Unsatisfactory \ntext: Trying to get this product is harder than getting tickets to San Diego comic con. I should not have to go through so much time effort and stress like a performing monkey in order to buy something.', 'title: Fresh. \ntext: Got mine in less than a week. Was expecting 2 weeks. Came in fresh condition. Great product.']","The product is highly regarded by users, with one comment expressing satisfaction upon acquisition, noting no complaints about its performance or quality [0]. Another comment highlights that the product was brand new and free from any issues, indicating a positive experience with its quality [1]. [1] is not related to the query. [3] is not related to the query. [4] is not related to the query.",4.25
How’s the quality of this product,"The PS5 console unleashes new gaming possibilities that you never anticipated. Experience lightning fast loading with an ultra-high speed SSD, deeper immersion with support for haptic feedback, adaptive triggers, and 3D Audio, and an all-new generation of incredible PlayStation games.",12357,"['title: Great product! \ntext: When I was finally able to get one, I had no complaints.', 'title: Satisfied \ntext: Got the product the very next day , super good experience', 'title: brand new \ntext: this product was brand new and had no issues with it.', 'title: Unsatisfactory \ntext: Trying to get this product is harder than getting tickets to San Diego comic con. I should not have to go through so much time effort and stress like a performing monkey in order to buy something.', 'title: Love it! \ntext: Amazing product. Its a truly special experience when you have this and a great display to play on.']","The comments reflect a positive perception of the product's quality. One user expressed satisfaction with the product, stating they had no complaints after acquiring it [0]. Another user noted that the product was brand new and free of issues, indicating a high level of quality [1]. Additionally, a third user described the product as amazing and highlighted the exceptional experience it provides, especially when paired with a great display [2]. [1] is not related to the query. [3] is not related to the query.",5.5
How’s the quality of this product,"The PS5 console unleashes new gaming possibilities that you never anticipated. Experience lightning fast loading with an ultra-high speed SSD, deeper immersion with support for haptic feedback, adaptive triggers, and 3D Audio, and an all-new generation of incredible PlayStation games.",12367,"['title: Great product! \ntext: When I was finally able to get one, I had no complaints.', 'title: Satisfied \ntext: Got the product the very next day , super good experience', 'title: brand new \ntext: this product was brand new and had no issues with it.', 'title: Fresh. \ntext: Got mine in less than a week. Was expecting 2 weeks. Came in fresh condition. Great product.', 'title: Love it! \ntext: Amazing product. Its a truly special experience when you have this and a great display to play on.']","The product is highly praised by users for its quality, with one user expressing satisfaction after finally acquiring it, stating they had no complaints [0]. Another user highlights that the product was brand new and free of issues, indicating a positive experience with its condition and performance [1]. Additionally, a user describes the product as amazing and emphasizes the exceptional experience it provides, especially when paired with a great display [2]. [1] is not related to the query. [3] is not related to the query.",5.5
How’s the quality of this product,"The PS5 console unleashes new gaming possibilities that you never anticipated. Experience lightning fast loading with an ultra-high speed SSD, deeper immersion with support for haptic feedback, adaptive triggers, and 3D Audio, and an all-new generation of incredible PlayStation games.",12456,"['title: Great product! \ntext: When I was finally able to get one, I had no complaints.', 'title: Satisfied \ntext: Got the product the very next day , super good experience', 'title: Great quality and design \ntext: Honestly, it’s worth it. Everything about the disc edition Ps5 is great, from design, quality to gameplay and even main menu. The one thing I would say that is annoying is the size of the storage since nowadays a lot of games need up to 500gb (call of duty) to install . Come on Sony why not go all the way to 1TB!', 'title: Unsatisfactory \ntext: Trying to get this product is harder than getting tickets to San Diego comic con. I should not have to go through so much time effort and stress like a performing monkey in order to buy something.', 'title: Fresh. \ntext: Got mine in less than a week. Was expecting 2 weeks. Came in fresh condition. Great product.']","The product is highly praised for its quality and design, with users expressing satisfaction and having no complaints upon acquiring it [0]. The disc edition PS5 is noted for its excellent design, quality, and gameplay experience. However, there is a critique regarding the storage size, as many modern games require substantial space, and users feel that a 1TB storage option would be more appropriate [1]. [1] is not related to the query. [3] is not related to the query. [4] is not related to the query.",9.0
How’s the quality of this product,"The PS5 console unleashes new gaming possibilities that you never anticipated. Experience lightning fast loading with an ultra-high speed SSD, deeper immersion with support for haptic feedback, adaptive triggers, and 3D Audio, and an all-new generation of incredible PlayStation games.",12457,"['title: Great product! \ntext: When I was finally able to get one, I had no complaints.', 'title: Satisfied \ntext: Got the product the very next day , super good experience', 'title: Great quality and design \ntext: Honestly, it’s worth it. Everything about the disc edition Ps5 is great, from design, quality to gameplay and even main menu. The one thing I would say that is annoying is the size of the storage since nowadays a lot of games need up to 500gb (call of duty) to install . Come on Sony why not go all the way to 1TB!', 'title: Unsatisfactory \ntext: Trying to get this product is harder than getting tickets to San Diego comic con. I should not have to go through so much time effort and stress like a performing monkey in order to buy something.', 'title: Love it! \ntext: Amazing product. Its a truly special experience when you have this and a great display to play on.']","The product is highly praised for its quality and design, with users expressing satisfaction and no complaints about its performance[0][1][2]. The disc edition PS5 is noted for its excellent design and gameplay experience, although there is some criticism regarding the limited storage capacity, which can be a drawback given the large size of modern games[1]. Overall, the product provides a special experience, especially when paired with a great display[2]. [1] is not related to the query. [3] is not related to the query.",9.75
How’s the quality of this product,"The PS5 console unleashes new gaming possibilities that you never anticipated. Experience lightning fast loading with an ultra-high speed SSD, deeper immersion with support for haptic feedback, adaptive triggers, and 3D Audio, and an all-new generation of incredible PlayStation games.",12467,"['title: Great product! \ntext: When I was finally able to get one, I had no complaints.', 'title: Satisfied \ntext: Got the product the very next day , super good experience', 'title: Great quality and design \ntext: Honestly, it’s worth it. Everything about the disc edition Ps5 is great, from design, quality to gameplay and even main menu. The one thing I would say that is annoying is the size of the storage since nowadays a lot of games need up to 500gb (call of duty) to install . Come on Sony why not go all the way to 1TB!', 'title: Fresh. \ntext: Got mine in less than a week. Was expecting 2 weeks. Came in fresh condition. Great product.', 'title: Love it! \ntext: Amazing product. Its a truly special experience when you have this and a great display to play on.']","The product is highly praised for its quality and design, with users expressing satisfaction and no complaints about its performance[0][1][2]. The disc edition PS5 is noted for its excellent design and gameplay experience, although there is a minor criticism regarding the storage capacity, which some users find insufficient for modern gaming needs[1]. Overall, the product provides a special experience, especially when paired with a great display[2]. [1] is not related to the query. [3] is not related to the query.",9.75
How’s the quality of this product,"The PS5 console unleashes new gaming possibilities that you never anticipated. Experience lightning fast loading with an ultra-high speed SSD, deeper immersion with support for haptic feedback, adaptive triggers, and 3D Audio, and an all-new generation of incredible PlayStation games.",12567,"['title: Great product! \ntext: When I was finally able to get one, I had no complaints.', 'title: Satisfied \ntext: Got the product the very next day , super good experience', 'title: Unsatisfactory \ntext: Trying to get this product is harder than getting tickets to San Diego comic con. I should not have to go through so much time effort and stress like a performing monkey in order to buy something.', 'title: Fresh. \ntext: Got mine in less than a week. Was expecting 2 weeks. Came in fresh condition. Great product.', 'title: Love it! \ntext: Amazing product. Its a truly special experience when you have this and a great display to play on.']","The comments reflect a positive perception of the product's quality. One user expressed satisfaction by stating they had no complaints after acquiring the product, indicating a high level of satisfaction with its performance and features [0]. Another user described the product as amazing and highlighted the exceptional experience it provides, especially when paired with a great display, further emphasizing its superior quality [1]. [1] is not related to the query. [2] is not related to the query. [3] is not related to the query.",5.25
How’s the quality of this product,"The PS5 console unleashes new gaming possibilities that you never anticipated. Experience lightning fast loading with an ultra-high speed SSD, deeper immersion with support for haptic feedback, adaptive triggers, and 3D Audio, and an all-new generation of incredible PlayStation games.",13456,"['title: Great product! \ntext: When I was finally able to get one, I had no complaints.', 'title: brand new \ntext: this product was brand new and had no issues with it.', 'title: Great quality and design \ntext: Honestly, it’s worth it. Everything about the disc edition Ps5 is great, from design, quality to gameplay and even main menu. The one thing I would say that is annoying is the size of the storage since nowadays a lot of games need up to 500gb (call of duty) to install . Come on Sony why not go all the way to 1TB!', 'title: Unsatisfactory \ntext: Trying to get this product is harder than getting tickets to San Diego comic con. I should not have to go through so much time effort and stress like a performing monkey in order to buy something.', 'title: Fresh. \ntext: Got mine in less than a week. Was expecting 2 weeks. Came in fresh condition. Great product.']","The product is highly praised for its quality, with users expressing satisfaction and having no complaints upon acquiring it [0]. It is noted to be brand new and free of issues, further emphasizing its quality [1]. Additionally, the design and overall quality of the product are highlighted as excellent, although there is a minor critique regarding the storage size, which some users find insufficient for modern gaming needs [2]. [3] is not related to the query. [4] is not related to the query.",9.0
How’s the quality of this product,"The PS5 console unleashes new gaming possibilities that you never anticipated. Experience lightning fast loading with an ultra-high speed SSD, deeper immersion with support for haptic feedback, adaptive triggers, and 3D Audio, and an all-new generation of incredible PlayStation games.",13457,"['title: Great product! \ntext: When I was finally able to get one, I had no complaints.', 'title: brand new \ntext: this product was brand new and had no issues with it.', 'title: Great quality and design \ntext: Honestly, it’s worth it. Everything about the disc edition Ps5 is great, from design, quality to gameplay and even main menu. The one thing I would say that is annoying is the size of the storage since nowadays a lot of games need up to 500gb (call of duty) to install . Come on Sony why not go all the way to 1TB!', 'title: Unsatisfactory \ntext: Trying to get this product is harder than getting tickets to San Diego comic con. I should not have to go through so much time effort and stress like a performing monkey in order to buy something.', 'title: Love it! \ntext: Amazing product. Its a truly special experience when you have this and a great display to play on.']","The product is highly praised for its quality, with users expressing satisfaction and having no complaints about it[0][1]. The PlayStation 5 disc edition is noted for its excellent design and quality, although there is some criticism regarding the limited storage capacity, which can be a drawback given the large size of modern games[2]. Overall, the product is described as amazing and provides a special experience, especially when paired with a great display[3]. [3] is not related to the query.",9.75
How’s the quality of this product,"The PS5 console unleashes new gaming possibilities that you never anticipated. Experience lightning fast loading with an ultra-high speed SSD, deeper immersion with support for haptic feedback, adaptive triggers, and 3D Audio, and an all-new generation of incredible PlayStation games.",13467,"['title: Great product! \ntext: When I was finally able to get one, I had no complaints.', 'title: brand new \ntext: this product was brand new and had no issues with it.', 'title: Great quality and design \ntext: Honestly, it’s worth it. Everything about the disc edition Ps5 is great, from design, quality to gameplay and even main menu. The one thing I would say that is annoying is the size of the storage since nowadays a lot of games need up to 500gb (call of duty) to install . Come on Sony why not go all the way to 1TB!', 'title: Fresh. \ntext: Got mine in less than a week. Was expecting 2 weeks. Came in fresh condition. Great product.', 'title: Love it! \ntext: Amazing product. Its a truly special experience when you have this and a great display to play on.']","The product is highly praised for its quality, with users expressing satisfaction and having no complaints upon acquiring it [0]. It is described as brand new and free of issues, indicating a high standard of quality control [1]. The design and overall quality of the product are highlighted as excellent, although there is a minor criticism regarding the storage capacity, which some users find insufficient for modern gaming needs [2]. Overall, the product is considered amazing and provides a special experience, especially when paired with a great display [3]. [3] is not related to the query.",9.75
How’s the quality of this product,"The PS5 console unleashes new gaming possibilities that you never anticipated. Experience lightning fast loading with an ultra-high speed SSD, deeper immersion with support for haptic feedback, adaptive triggers, and 3D Audio, and an all-new generation of incredible PlayStation games.",13567,"['title: Great product! \ntext: When I was finally able to get one, I had no complaints.', 'title: brand new \ntext: this product was brand new and had no issues with it.', 'title: Unsatisfactory \ntext: Trying to get this product is harder than getting tickets to San Diego comic con. I should not have to go through so much time effort and stress like a performing monkey in order to buy something.', 'title: Fresh. \ntext: Got mine in less than a week. Was expecting 2 weeks. Came in fresh condition. Great product.', 'title: Love it! \ntext: Amazing product. Its a truly special experience when you have this and a great display to play on.']","The product has received positive feedback from users, with one user expressing satisfaction by stating they had no complaints after acquiring it [0]. Another user highlighted that the product was brand new and free of issues [1]. Additionally, a user described the product as amazing and emphasized the enhanced experience when used with a great display [2]. [2] is not related to the query. [3] is not related to the query.",5.5
How’s the quality of this product,"The PS5 console unleashes new gaming possibilities that you never anticipated. Experience lightning fast loading with an ultra-high speed SSD, deeper immersion with support for haptic feedback, adaptive triggers, and 3D Audio, and an all-new generation of incredible PlayStation games.",14567,"['title: Great product! \ntext: When I was finally able to get one, I had no complaints.', 'title: Great quality and design \ntext: Honestly, it’s worth it. Everything about the disc edition Ps5 is great, from design, quality to gameplay and even main menu. The one thing I would say that is annoying is the size of the storage since nowadays a lot of games need up to 500gb (call of duty) to install . Come on Sony why not go all the way to 1TB!', 'title: Unsatisfactory \ntext: Trying to get this product is harder than getting tickets to San Diego comic con. I should not have to go through so much time effort and stress like a performing monkey in order to buy something.', 'title: Fresh. \ntext: Got mine in less than a week. Was expecting 2 weeks. Came in fresh condition. Great product.', 'title: Love it! \ntext: Amazing product. Its a truly special experience when you have this and a great display to play on.']","The product is highly praised for its quality and design, with users expressing satisfaction and having no complaints about its performance[0][1][2]. The disc edition PS5 is noted for its excellent design and gameplay experience, although there is some criticism regarding the limited storage capacity, which can be a drawback given the large size of modern games[1]. Overall, the product is described as amazing and provides a special experience, especially when paired with a great display[2]. [2] is not related to the query. [3] is not related to the query.",9.75
How’s the quality of this product,"The PS5 console unleashes new gaming possibilities that you never anticipated. Experience lightning fast loading with an ultra-high speed SSD, deeper immersion with support for haptic feedback, adaptive triggers, and 3D Audio, and an all-new generation of incredible PlayStation games.",23456,"['title: Satisfied \ntext: Got the product the very next day , super good experience', 'title: brand new \ntext: this product was brand new and had no issues with it.', 'title: Great quality and design \ntext: Honestly, it’s worth it. Everything about the disc edition Ps5 is great, from design, quality to gameplay and even main menu. The one thing I would say that is annoying is the size of the storage since nowadays a lot of games need up to 500gb (call of duty) to install . Come on Sony why not go all the way to 1TB!', 'title: Unsatisfactory \ntext: Trying to get this product is harder than getting tickets to San Diego comic con. I should not have to go through so much time effort and stress like a performing monkey in order to buy something.', 'title: Fresh. \ntext: Got mine in less than a week. Was expecting 2 weeks. Came in fresh condition. Great product.']","The product is described as brand new and free of issues, indicating a high level of quality upon arrival [0]. Additionally, the disc edition PS5 is praised for its great design and quality, contributing to an overall positive perception of the product. However, there is a noted drawback regarding the storage size, which is considered insufficient for modern gaming needs [1]. [0] is not related to the query. [3] is not related to the query. [4] is not related to the query.",9.0
How’s the quality of this product,"The PS5 console unleashes new gaming possibilities that you never anticipated. Experience lightning fast loading with an ultra-high speed SSD, deeper immersion with support for haptic feedback, adaptive triggers, and 3D Audio, and an all-new generation of incredible PlayStation games.",23457,"['title: Satisfied \ntext: Got the product the very next day , super good experience', 'title: brand new \ntext: this product was brand new and had no issues with it.', 'title: Great quality and design \ntext: Honestly, it’s worth it. Everything about the disc edition Ps5 is great, from design, quality to gameplay and even main menu. The one thing I would say that is annoying is the size of the storage since nowadays a lot of games need up to 500gb (call of duty) to install . Come on Sony why not go all the way to 1TB!', 'title: Unsatisfactory \ntext: Trying to get this product is harder than getting tickets to San Diego comic con. I should not have to go through so much time effort and stress like a performing monkey in order to buy something.', 'title: Love it! \ntext: Amazing product. Its a truly special experience when you have this and a great display to play on.']","The product is described as brand new and free of issues, indicating a high level of quality from the start [0]. Users praise the PlayStation 5 for its great design and overall quality, although there is some criticism regarding the storage capacity, which is considered insufficient for modern gaming needs [1]. Additionally, the product is highlighted as providing a special experience, especially when paired with a high-quality display, further emphasizing its superior quality [2]. [0] is not related to the query. [3] is not related to the query.",9.75
How’s the quality of this product,"The PS5 console unleashes new gaming possibilities that you never anticipated. Experience lightning fast loading with an ultra-high speed SSD, deeper immersion with support for haptic feedback, adaptive triggers, and 3D Audio, and an all-new generation of incredible PlayStation games.",23467,"['title: Satisfied \ntext: Got the product the very next day , super good experience', 'title: brand new \ntext: this product was brand new and had no issues with it.', 'title: Great quality and design \ntext: Honestly, it’s worth it. Everything about the disc edition Ps5 is great, from design, quality to gameplay and even main menu. The one thing I would say that is annoying is the size of the storage since nowadays a lot of games need up to 500gb (call of duty) to install . Come on Sony why not go all the way to 1TB!', 'title: Fresh. \ntext: Got mine in less than a week. Was expecting 2 weeks. Came in fresh condition. Great product.', 'title: Love it! \ntext: Amazing product. Its a truly special experience when you have this and a great display to play on.']","The product is described as brand new and free of any issues, indicating a high level of quality from the outset [0]. Users have praised the PlayStation 5 for its excellent design and overall quality, although there is some criticism regarding the limited storage capacity, which can be a drawback given the large size of modern games [1]. Additionally, the product is noted for providing a special experience, especially when paired with a high-quality display, further emphasizing its superior quality [2]. [0] is not related to the query. [3] is not related to the query.",9.75
How’s the quality of this product,"The PS5 console unleashes new gaming possibilities that you never anticipated. Experience lightning fast loading with an ultra-high speed SSD, deeper immersion with support for haptic feedback, adaptive triggers, and 3D Audio, and an all-new generation of incredible PlayStation games.",23567,"['title: Satisfied \ntext: Got the product the very next day , super good experience', 'title: brand new \ntext: this product was brand new and had no issues with it.', 'title: Unsatisfactory \ntext: Trying to get this product is harder than getting tickets to San Diego comic con. I should not have to go through so much time effort and stress like a performing monkey in order to buy something.', 'title: Fresh. \ntext: Got mine in less than a week. Was expecting 2 weeks. Came in fresh condition. Great product.', 'title: Love it! \ntext: Amazing product. Its a truly special experience when you have this and a great display to play on.']","The product is described as brand new and free of any issues, indicating a high level of quality and reliability [0]. Additionally, users express a strong positive sentiment, highlighting the product as amazing and providing a special experience, especially when paired with a great display [1]. [0] is not related to the query. [2] is not related to the query. [3] is not related to the query.",5.25
How’s the quality of this product,"The PS5 console unleashes new gaming possibilities that you never anticipated. Experience lightning fast loading with an ultra-high speed SSD, deeper immersion with support for haptic feedback, adaptive triggers, and 3D Audio, and an all-new generation of incredible PlayStation games.",24567,"['title: Satisfied \ntext: Got the product the very next day , super good experience', 'title: Great quality and design \ntext: Honestly, it’s worth it. Everything about the disc edition Ps5 is great, from design, quality to gameplay and even main menu. The one thing I would say that is annoying is the size of the storage since nowadays a lot of games need up to 500gb (call of duty) to install . Come on Sony why not go all the way to 1TB!', 'title: Unsatisfactory \ntext: Trying to get this product is harder than getting tickets to San Diego comic con. I should not have to go through so much time effort and stress like a performing monkey in order to buy something.', 'title: Fresh. \ntext: Got mine in less than a week. Was expecting 2 weeks. Came in fresh condition. Great product.', 'title: Love it! \ntext: Amazing product. Its a truly special experience when you have this and a great display to play on.']","The PlayStation 5 disc edition is praised for its great design and quality, offering an impressive gameplay experience and a well-designed main menu. However, there is a noted drawback regarding the storage size, as many modern games require substantial space, up to 500GB, which makes the current storage capacity insufficient for some users [0]. Overall, the product is described as amazing, providing a special experience, especially when paired with a high-quality display [1]. [0] is not related to the query. [2] is not related to the query. [3] is not related to the query.",9.75
How’s the quality of this product,"The PS5 console unleashes new gaming possibilities that you never anticipated. Experience lightning fast loading with an ultra-high speed SSD, deeper immersion with support for haptic feedback, adaptive triggers, and 3D Audio, and an all-new generation of incredible PlayStation games.",34567,"['title: brand new \ntext: this product was brand new and had no issues with it.', 'title: Great quality and design \ntext: Honestly, it’s worth it. Everything about the disc edition Ps5 is great, from design, quality to gameplay and even main menu. The one thing I would say that is annoying is the size of the storage since nowadays a lot of games need up to 500gb (call of duty) to install . Come on Sony why not go all the way to 1TB!', 'title: Unsatisfactory \ntext: Trying to get this product is harder than getting tickets to San Diego comic con. I should not have to go through so much time effort and stress like a performing monkey in order to buy something.', 'title: Fresh. \ntext: Got mine in less than a week. Was expecting 2 weeks. Came in fresh condition. Great product.', 'title: Love it! \ntext: Amazing product. Its a truly special experience when you have this and a great display to play on.']","The product is described as brand new and without any issues, indicating a high level of quality from the outset [0]. Users have praised the PlayStation 5 for its great design and overall quality, although there is some criticism regarding the storage capacity, which is considered insufficient for modern gaming needs [1]. Additionally, the product is described as providing a special experience, especially when paired with a high-quality display, further emphasizing its superior quality [2]. [2] is not related to the query. [3] is not related to the query.",9.75
How’s the quality of this product,"The PS5 console unleashes new gaming possibilities that you never anticipated. Experience lightning fast loading with an ultra-high speed SSD, deeper immersion with support for haptic feedback, adaptive triggers, and 3D Audio, and an all-new generation of incredible PlayStation games.",012345,"['title: Great Quality! \ntext: The delivery was awesome! and it came fast, there were no scratches or missing cords it was in good condition.', 'title: Great product! \ntext: When I was finally able to get one, I had no complaints.', 'title: Satisfied \ntext: Got the product the very next day , super good experience', 'title: brand new \ntext: this product was brand new and had no issues with it.', 'title: Great quality and design \ntext: Honestly, it’s worth it. Everything about the disc edition Ps5 is great, from design, quality to gameplay and even main menu. The one thing I would say that is annoying is the size of the storage since nowadays a lot of games need up to 500gb (call of duty) to install . Come on Sony why not go all the way to 1TB!', 'title: Unsatisfactory \ntext: Trying to get this product is harder than getting tickets to San Diego comic con. I should not have to go through so much time effort and stress like a performing monkey in order to buy something.']","The product is praised for its quality, with users expressing satisfaction and having no complaints upon acquiring it [0]. It is described as brand new and free of issues, further highlighting its quality [1]. Additionally, the product is noted for its great design and overall quality, although there is a minor critique regarding the storage size, which some users find insufficient for modern gaming needs [2]. [0] is not related to the query. [2] is not related to the query. [5] is not related to the query.",9.0
How’s the quality of this product,"The PS5 console unleashes new gaming possibilities that you never anticipated. Experience lightning fast loading with an ultra-high speed SSD, deeper immersion with support for haptic feedback, adaptive triggers, and 3D Audio, and an all-new generation of incredible PlayStation games.",012346,"['title: Great Quality! \ntext: The delivery was awesome! and it came fast, there were no scratches or missing cords it was in good condition.', 'title: Great product! \ntext: When I was finally able to get one, I had no complaints.', 'title: Satisfied \ntext: Got the product the very next day , super good experience', 'title: brand new \ntext: this product was brand new and had no issues with it.', 'title: Great quality and design \ntext: Honestly, it’s worth it. Everything about the disc edition Ps5 is great, from design, quality to gameplay and even main menu. The one thing I would say that is annoying is the size of the storage since nowadays a lot of games need up to 500gb (call of duty) to install . Come on Sony why not go all the way to 1TB!', 'title: Fresh. \ntext: Got mine in less than a week. Was expecting 2 weeks. Came in fresh condition. Great product.']","The product is highly praised for its quality, with users expressing satisfaction and having no complaints after acquiring it [0]. It is noted to be brand new and free of issues, further emphasizing its quality [1]. Additionally, the design and overall quality of the product, specifically the disc edition PS5, are highlighted as excellent, although there is a minor critique regarding the storage size, which some users find insufficient for modern gaming needs [2]. [0] is not related to the query. [2] is not related to the query. [5] is not related to the query.",9.0
How’s the quality of this product,"The PS5 console unleashes new gaming possibilities that you never anticipated. Experience lightning fast loading with an ultra-high speed SSD, deeper immersion with support for haptic feedback, adaptive triggers, and 3D Audio, and an all-new generation of incredible PlayStation games.",012347,"['title: Great Quality! \ntext: The delivery was awesome! and it came fast, there were no scratches or missing cords it was in good condition.', 'title: Great product! \ntext: When I was finally able to get one, I had no complaints.', 'title: Satisfied \ntext: Got the product the very next day , super good experience', 'title: brand new \ntext: this product was brand new and had no issues with it.', 'title: Great quality and design \ntext: Honestly, it’s worth it. Everything about the disc edition Ps5 is great, from design, quality to gameplay and even main menu. The one thing I would say that is annoying is the size of the storage since nowadays a lot of games need up to 500gb (call of duty) to install . Come on Sony why not go all the way to 1TB!', 'title: Love it! \ntext: Amazing product. Its a truly special experience when you have this and a great display to play on.']","The product is highly praised for its quality, with users expressing satisfaction and having no complaints about it being brand new and issue-free [0][1]. The design and quality of the disc edition PS5 are particularly highlighted as excellent, although there is a minor criticism regarding the limited storage capacity, which some users find insufficient for modern gaming needs [2]. Overall, the product is described as amazing and provides a special experience, especially when paired with a great display [3]. [0] is not related to the query. [2] is not related to the query.",9.75
How’s the quality of this product,"The PS5 console unleashes new gaming possibilities that you never anticipated. Experience lightning fast loading with an ultra-high speed SSD, deeper immersion with support for haptic feedback, adaptive triggers, and 3D Audio, and an all-new generation of incredible PlayStation games.",012356,"['title: Great Quality! \ntext: The delivery was awesome! and it came fast, there were no scratches or missing cords it was in good condition.', 'title: Great product! \ntext: When I was finally able to get one, I had no complaints.', 'title: Satisfied \ntext: Got the product the very next day , super good experience', 'title: brand new \ntext: this product was brand new and had no issues with it.', 'title: Unsatisfactory \ntext: Trying to get this product is harder than getting tickets to San Diego comic con. I should not have to go through so much time effort and stress like a performing monkey in order to buy something.', 'title: Fresh. \ntext: Got mine in less than a week. Was expecting 2 weeks. Came in fresh condition. Great product.']","The product is highly regarded by users, with one comment highlighting that there were no complaints upon acquiring it, indicating satisfaction with its quality [0]. Another user noted that the product was brand new and free of any issues, further emphasizing its quality [1]. [0] is not related to the query. [2] is not related to the query. [4] is not related to the query. [5] is not related to the query.",4.25
How’s the quality of this product,"The PS5 console unleashes new gaming possibilities that you never anticipated. Experience lightning fast loading with an ultra-high speed SSD, deeper immersion with support for haptic feedback, adaptive triggers, and 3D Audio, and an all-new generation of incredible PlayStation games.",012357,"['title: Great Quality! \ntext: The delivery was awesome! and it came fast, there were no scratches or missing cords it was in good condition.', 'title: Great product! \ntext: When I was finally able to get one, I had no complaints.', 'title: Satisfied \ntext: Got the product the very next day , super good experience', 'title: brand new \ntext: this product was brand new and had no issues with it.', 'title: Unsatisfactory \ntext: Trying to get this product is harder than getting tickets to San Diego comic con. I should not have to go through so much time effort and stress like a performing monkey in order to buy something.', 'title: Love it! \ntext: Amazing product. Its a truly special experience when you have this and a great display to play on.']","The comments reflect a positive reception regarding the quality of the product. One user expressed satisfaction by stating they had no complaints after acquiring the product, indicating a high level of contentment with its performance and quality [0]. Another user highlighted that the product was brand new and free of issues, suggesting reliability and good condition upon purchase [1]. Additionally, a user described the product as amazing and emphasized the exceptional experience it provides, particularly when paired with a great display, further underscoring its quality and appeal [2]. [0] is not related to the query. [2] is not related to the query. [4] is not related to the query.",5.5
How’s the quality of this product,"The PS5 console unleashes new gaming possibilities that you never anticipated. Experience lightning fast loading with an ultra-high speed SSD, deeper immersion with support for haptic feedback, adaptive triggers, and 3D Audio, and an all-new generation of incredible PlayStation games.",012367,"['title: Great Quality! \ntext: The delivery was awesome! and it came fast, there were no scratches or missing cords it was in good condition.', 'title: Great product! \ntext: When I was finally able to get one, I had no complaints.', 'title: Satisfied \ntext: Got the product the very next day , super good experience', 'title: brand new \ntext: this product was brand new and had no issues with it.', 'title: Fresh. \ntext: Got mine in less than a week. Was expecting 2 weeks. Came in fresh condition. Great product.', 'title: Love it! \ntext: Amazing product. Its a truly special experience when you have this and a great display to play on.']","The comments reflect a positive perception of the product's quality. One user expressed satisfaction by stating they had no complaints after acquiring the product, indicating a high level of contentment with its performance and features [0]. Another user highlighted that the product was brand new and free of issues, suggesting reliability and good condition upon purchase [1]. Additionally, a user described the product as amazing and emphasized the exceptional experience it provides, especially when paired with a great display, further underscoring its quality and appeal [2]. [0] is not related to the query. [2] is not related to the query. [4] is not related to the query.",5.5
How’s the quality of this product,"The PS5 console unleashes new gaming possibilities that you never anticipated. Experience lightning fast loading with an ultra-high speed SSD, deeper immersion with support for haptic feedback, adaptive triggers, and 3D Audio, and an all-new generation of incredible PlayStation games.",012456,"['title: Great Quality! \ntext: The delivery was awesome! and it came fast, there were no scratches or missing cords it was in good condition.', 'title: Great product! \ntext: When I was finally able to get one, I had no complaints.', 'title: Satisfied \ntext: Got the product the very next day , super good experience', 'title: Great quality and design \ntext: Honestly, it’s worth it. Everything about the disc edition Ps5 is great, from design, quality to gameplay and even main menu. The one thing I would say that is annoying is the size of the storage since nowadays a lot of games need up to 500gb (call of duty) to install . Come on Sony why not go all the way to 1TB!', 'title: Unsatisfactory \ntext: Trying to get this product is harder than getting tickets to San Diego comic con. I should not have to go through so much time effort and stress like a performing monkey in order to buy something.', 'title: Fresh. \ntext: Got mine in less than a week. Was expecting 2 weeks. Came in fresh condition. Great product.']","The product is highly praised for its quality and design, with users expressing satisfaction and having no complaints about its performance. The disc edition PS5 is noted for its excellent design, quality, and gameplay experience. However, there is a concern regarding the storage capacity, as many modern games require significant space, and users feel that Sony should have provided a 1TB storage option to accommodate these needs [0][1]. [0] is not related to the query. [2] is not related to the query. [4] is not related to the query. [5] is not related to the query.",9.0
How’s the quality of this product,"The PS5 console unleashes new gaming possibilities that you never anticipated. Experience lightning fast loading with an ultra-high speed SSD, deeper immersion with support for haptic feedback, adaptive triggers, and 3D Audio, and an all-new generation of incredible PlayStation games.",012457,"['title: Great Quality! \ntext: The delivery was awesome! and it came fast, there were no scratches or missing cords it was in good condition.', 'title: Great product! \ntext: When I was finally able to get one, I had no complaints.', 'title: Satisfied \ntext: Got the product the very next day , super good experience', 'title: Great quality and design \ntext: Honestly, it’s worth it. Everything about the disc edition Ps5 is great, from design, quality to gameplay and even main menu. The one thing I would say that is annoying is the size of the storage since nowadays a lot of games need up to 500gb (call of duty) to install . Come on Sony why not go all the way to 1TB!', 'title: Unsatisfactory \ntext: Trying to get this product is harder than getting tickets to San Diego comic con. I should not have to go through so much time effort and stress like a performing monkey in order to buy something.', 'title: Love it! \ntext: Amazing product. Its a truly special experience when you have this and a great display to play on.']","The product is highly praised for its quality and design, with users expressing satisfaction and no complaints about its performance[0][1][2]. The disc edition PS5 is noted for its excellent design and gameplay experience, although there is a minor criticism regarding the storage capacity, which some users find insufficient given the large size of modern games[1]. Overall, the product is described as amazing and provides a special experience, especially when paired with a great display[2]. [0] is not related to the query. [2] is not related to the query. [4] is not related to the query.",9.75
How’s the quality of this product,"The PS5 console unleashes new gaming possibilities that you never anticipated. Experience lightning fast loading with an ultra-high speed SSD, deeper immersion with support for haptic feedback, adaptive triggers, and 3D Audio, and an all-new generation of incredible PlayStation games.",012467,"['title: Great Quality! \ntext: The delivery was awesome! and it came fast, there were no scratches or missing cords it was in good condition.', 'title: Great product! \ntext: When I was finally able to get one, I had no complaints.', 'title: Satisfied \ntext: Got the product the very next day , super good experience', 'title: Great quality and design \ntext: Honestly, it’s worth it. Everything about the disc edition Ps5 is great, from design, quality to gameplay and even main menu. The one thing I would say that is annoying is the size of the storage since nowadays a lot of games need up to 500gb (call of duty) to install . Come on Sony why not go all the way to 1TB!', 'title: Fresh. \ntext: Got mine in less than a week. Was expecting 2 weeks. Came in fresh condition. Great product.', 'title: Love it! \ntext: Amazing product. Its a truly special experience when you have this and a great display to play on.']","The product is highly praised for its quality and design, with users expressing satisfaction and no complaints about its performance[0][1][2]. The disc edition PS5 is noted for its excellent design and gameplay experience, although there is a minor criticism regarding the limited storage capacity, which some users find insufficient for modern gaming needs[1]. Overall, the product is described as providing a special and enjoyable experience, especially when paired with a good display[2]. [0] is not related to the query. [2] is not related to the query. [4] is not related to the query.",9.75
How’s the quality of this product,"The PS5 console unleashes new gaming possibilities that you never anticipated. Experience lightning fast loading with an ultra-high speed SSD, deeper immersion with support for haptic feedback, adaptive triggers, and 3D Audio, and an all-new generation of incredible PlayStation games.",012567,"['title: Great Quality! \ntext: The delivery was awesome! and it came fast, there were no scratches or missing cords it was in good condition.', 'title: Great product! \ntext: When I was finally able to get one, I had no complaints.', 'title: Satisfied \ntext: Got the product the very next day , super good experience', 'title: Unsatisfactory \ntext: Trying to get this product is harder than getting tickets to San Diego comic con. I should not have to go through so much time effort and stress like a performing monkey in order to buy something.', 'title: Fresh. \ntext: Got mine in less than a week. Was expecting 2 weeks. Came in fresh condition. Great product.', 'title: Love it! \ntext: Amazing product. Its a truly special experience when you have this and a great display to play on.']","The comments reflect a positive perception of the product's quality. One user expressed satisfaction with the product, stating they had no complaints after acquiring it, indicating a high level of satisfaction and reliability [0]. Another user described the product as amazing and highlighted the exceptional experience it provides, especially when paired with a great display, suggesting that the product enhances user experience significantly [1]. [0] is not related to the query. [2] is not related to the query. [3] is not related to the query. [4] is not related to the query.",5.25
How’s the quality of this product,"The PS5 console unleashes new gaming possibilities that you never anticipated. Experience lightning fast loading with an ultra-high speed SSD, deeper immersion with support for haptic feedback, adaptive triggers, and 3D Audio, and an all-new generation of incredible PlayStation games.",013456,"['title: Great Quality! \ntext: The delivery was awesome! and it came fast, there were no scratches or missing cords it was in good condition.', 'title: Great product! \ntext: When I was finally able to get one, I had no complaints.', 'title: brand new \ntext: this product was brand new and had no issues with it.', 'title: Great quality and design \ntext: Honestly, it’s worth it. Everything about the disc edition Ps5 is great, from design, quality to gameplay and even main menu. The one thing I would say that is annoying is the size of the storage since nowadays a lot of games need up to 500gb (call of duty) to install . Come on Sony why not go all the way to 1TB!', 'title: Unsatisfactory \ntext: Trying to get this product is harder than getting tickets to San Diego comic con. I should not have to go through so much time effort and stress like a performing monkey in order to buy something.', 'title: Fresh. \ntext: Got mine in less than a week. Was expecting 2 weeks. Came in fresh condition. Great product.']","The product is highly praised for its quality, with users expressing satisfaction and having no complaints upon acquiring it [0]. It is described as brand new and free of issues, indicating a high standard of quality [1]. Additionally, the design and overall quality of the product are highlighted as excellent, although there is a minor critique regarding the storage size, which some users find insufficient for modern gaming needs [2]. [0] is not related to the query. [4] is not related to the query. [5] is not related to the query.",9.0
How’s the quality of this product,"The PS5 console unleashes new gaming possibilities that you never anticipated. Experience lightning fast loading with an ultra-high speed SSD, deeper immersion with support for haptic feedback, adaptive triggers, and 3D Audio, and an all-new generation of incredible PlayStation games.",013457,"['title: Great Quality! \ntext: The delivery was awesome! and it came fast, there were no scratches or missing cords it was in good condition.', 'title: Great product! \ntext: When I was finally able to get one, I had no complaints.', 'title: brand new \ntext: this product was brand new and had no issues with it.', 'title: Great quality and design \ntext: Honestly, it’s worth it. Everything about the disc edition Ps5 is great, from design, quality to gameplay and even main menu. The one thing I would say that is annoying is the size of the storage since nowadays a lot of games need up to 500gb (call of duty) to install . Come on Sony why not go all the way to 1TB!', 'title: Unsatisfactory \ntext: Trying to get this product is harder than getting tickets to San Diego comic con. I should not have to go through so much time effort and stress like a performing monkey in order to buy something.', 'title: Love it! \ntext: Amazing product. Its a truly special experience when you have this and a great display to play on.']","The comments reflect a positive consensus on the quality of the product. One user expressed satisfaction with the product, stating they had no complaints upon acquiring it [0]. Another user highlighted that the product was brand new and free of issues [1]. The quality and design of the disc edition PS5 were praised, with the user noting its worthiness despite the limited storage capacity, which they found to be a minor drawback [2]. Additionally, the product was described as amazing, enhancing the gaming experience when paired with a great display [3]. [0] is not related to the query. [4] is not related to the query.",9.75
How’s the quality of this product,"The PS5 console unleashes new gaming possibilities that you never anticipated. Experience lightning fast loading with an ultra-high speed SSD, deeper immersion with support for haptic feedback, adaptive triggers, and 3D Audio, and an all-new generation of incredible PlayStation games.",013467,"['title: Great Quality! \ntext: The delivery was awesome! and it came fast, there were no scratches or missing cords it was in good condition.', 'title: Great product! \ntext: When I was finally able to get one, I had no complaints.', 'title: brand new \ntext: this product was brand new and had no issues with it.', 'title: Great quality and design \ntext: Honestly, it’s worth it. Everything about the disc edition Ps5 is great, from design, quality to gameplay and even main menu. The one thing I would say that is annoying is the size of the storage since nowadays a lot of games need up to 500gb (call of duty) to install . Come on Sony why not go all the way to 1TB!', 'title: Fresh. \ntext: Got mine in less than a week. Was expecting 2 weeks. Came in fresh condition. Great product.', 'title: Love it! \ntext: Amazing product. Its a truly special experience when you have this and a great display to play on.']","The product is highly praised for its quality and design, with users expressing satisfaction and no complaints about its performance[0][1]. The disc edition of the PS5 is noted for its excellent design and gameplay experience, although there is some criticism regarding the limited storage capacity, which can be a drawback given the large size of modern games[2]. Overall, the product is described as amazing and provides a special experience, especially when paired with a great display[3]. [0] is not related to the query. [4] is not related to the query.",9.75
How’s the quality of this product,"The PS5 console unleashes new gaming possibilities that you never anticipated. Experience lightning fast loading with an ultra-high speed SSD, deeper immersion with support for haptic feedback, adaptive triggers, and 3D Audio, and an all-new generation of incredible PlayStation games.",013567,"['title: Great Quality! \ntext: The delivery was awesome! and it came fast, there were no scratches or missing cords it was in good condition.', 'title: Great product! \ntext: When I was finally able to get one, I had no complaints.', 'title: brand new \ntext: this product was brand new and had no issues with it.', 'title: Unsatisfactory \ntext: Trying to get this product is harder than getting tickets to San Diego comic con. I should not have to go through so much time effort and stress like a performing monkey in order to buy something.', 'title: Fresh. \ntext: Got mine in less than a week. Was expecting 2 weeks. Came in fresh condition. Great product.', 'title: Love it! \ntext: Amazing product. Its a truly special experience when you have this and a great display to play on.']","The product is highly praised by users for its quality, with one user expressing satisfaction upon finally acquiring it and having no complaints about its performance [0]. Another user highlights that the product was brand new and free of any issues, indicating a high standard of quality [1]. Additionally, a user describes the product as amazing and emphasizes the exceptional experience it provides, especially when paired with a great display [2]. [0] is not related to the query. [3] is not related to the query. [4] is not related to the query.",5.5
How’s the quality of this product,"The PS5 console unleashes new gaming possibilities that you never anticipated. Experience lightning fast loading with an ultra-high speed SSD, deeper immersion with support for haptic feedback, adaptive triggers, and 3D Audio, and an all-new generation of incredible PlayStation games.",014567,"['title: Great Quality! \ntext: The delivery was awesome! and it came fast, there were no scratches or missing cords it was in good condition.', 'title: Great product! \ntext: When I was finally able to get one, I had no complaints.', 'title: Great quality and design \ntext: Honestly, it’s worth it. Everything about the disc edition Ps5 is great, from design, quality to gameplay and even main menu. The one thing I would say that is annoying is the size of the storage since nowadays a lot of games need up to 500gb (call of duty) to install . Come on Sony why not go all the way to 1TB!', 'title: Unsatisfactory \ntext: Trying to get this product is harder than getting tickets to San Diego comic con. I should not have to go through so much time effort and stress like a performing monkey in order to buy something.', 'title: Fresh. \ntext: Got mine in less than a week. Was expecting 2 weeks. Came in fresh condition. Great product.', 'title: Love it! \ntext: Amazing product. Its a truly special experience when you have this and a great display to play on.']","The product is highly praised for its quality and design, with users expressing satisfaction and having no complaints about its performance[0][1][2]. The disc edition PS5 is noted for its excellent design and gameplay experience, although there is some criticism regarding the limited storage capacity, which can be a drawback given the large size of modern games[1]. Overall, the product is described as amazing and provides a special experience, especially when paired with a great display[2]. [0] is not related to the query. [3] is not related to the query. [4] is not related to the query.",9.75
How’s the quality of this product,"The PS5 console unleashes new gaming possibilities that you never anticipated. Experience lightning fast loading with an ultra-high speed SSD, deeper immersion with support for haptic feedback, adaptive triggers, and 3D Audio, and an all-new generation of incredible PlayStation games.",023456,"['title: Great Quality! \ntext: The delivery was awesome! and it came fast, there were no scratches or missing cords it was in good condition.', 'title: Satisfied \ntext: Got the product the very next day , super good experience', 'title: brand new \ntext: this product was brand new and had no issues with it.', 'title: Great quality and design \ntext: Honestly, it’s worth it. Everything about the disc edition Ps5 is great, from design, quality to gameplay and even main menu. The one thing I would say that is annoying is the size of the storage since nowadays a lot of games need up to 500gb (call of duty) to install . Come on Sony why not go all the way to 1TB!', 'title: Unsatisfactory \ntext: Trying to get this product is harder than getting tickets to San Diego comic con. I should not have to go through so much time effort and stress like a performing monkey in order to buy something.', 'title: Fresh. \ntext: Got mine in less than a week. Was expecting 2 weeks. Came in fresh condition. Great product.']","The product is described as brand new with no issues, indicating a positive initial quality assessment [0]. Additionally, the disc edition PS5 is praised for its great design and quality, contributing to an overall positive perception of the product's quality. However, there is a noted drawback regarding the storage size, which is considered insufficient for modern gaming needs [1]. [0] is not related to the query. [1] is not related to the query. [4] is not related to the query. [5] is not related to the query.",9.0
How’s the quality of this product,"The PS5 console unleashes new gaming possibilities that you never anticipated. Experience lightning fast loading with an ultra-high speed SSD, deeper immersion with support for haptic feedback, adaptive triggers, and 3D Audio, and an all-new generation of incredible PlayStation games.",023457,"['title: Great Quality! \ntext: The delivery was awesome! and it came fast, there were no scratches or missing cords it was in good condition.', 'title: Satisfied \ntext: Got the product the very next day , super good experience', 'title: brand new \ntext: this product was brand new and had no issues with it.', 'title: Great quality and design \ntext: Honestly, it’s worth it. Everything about the disc edition Ps5 is great, from design, quality to gameplay and even main menu. The one thing I would say that is annoying is the size of the storage since nowadays a lot of games need up to 500gb (call of duty) to install . Come on Sony why not go all the way to 1TB!', 'title: Unsatisfactory \ntext: Trying to get this product is harder than getting tickets to San Diego comic con. I should not have to go through so much time effort and stress like a performing monkey in order to buy something.', 'title: Love it! \ntext: Amazing product. Its a truly special experience when you have this and a great display to play on.']","The product is described as brand new and free of issues, indicating a high level of quality from the outset [0]. Users praise the PlayStation 5 for its great design and quality, although there is a noted concern about the storage capacity, which some find insufficient for modern gaming needs [1]. Overall, the product is considered amazing and provides a special experience, especially when paired with a high-quality display [2]. [0] is not related to the query. [1] is not related to the query. [4] is not related to the query.",9.75
How’s the quality of this product,"The PS5 console unleashes new gaming possibilities that you never anticipated. Experience lightning fast loading with an ultra-high speed SSD, deeper immersion with support for haptic feedback, adaptive triggers, and 3D Audio, and an all-new generation of incredible PlayStation games.",023467,"['title: Great Quality! \ntext: The delivery was awesome! and it came fast, there were no scratches or missing cords it was in good condition.', 'title: Satisfied \ntext: Got the product the very next day , super good experience', 'title: brand new \ntext: this product was brand new and had no issues with it.', 'title: Great quality and design \ntext: Honestly, it’s worth it. Everything about the disc edition Ps5 is great, from design, quality to gameplay and even main menu. The one thing I would say that is annoying is the size of the storage since nowadays a lot of games need up to 500gb (call of duty) to install . Come on Sony why not go all the way to 1TB!', 'title: Fresh. \ntext: Got mine in less than a week. Was expecting 2 weeks. Came in fresh condition. Great product.', 'title: Love it! \ntext: Amazing product. Its a truly special experience when you have this and a great display to play on.']","The product is described as brand new and free of issues, indicating a high level of quality from the outset [0]. Users have praised the PlayStation 5 for its great design and overall quality, although there is some criticism regarding the limited storage capacity, which can be a drawback given the large size of modern games [1]. Additionally, the product is noted for providing a special experience, particularly when paired with a high-quality display, further emphasizing its superior quality [2]. [0] is not related to the query. [1] is not related to the query. [4] is not related to the query.",9.75
How’s the quality of this product,"The PS5 console unleashes new gaming possibilities that you never anticipated. Experience lightning fast loading with an ultra-high speed SSD, deeper immersion with support for haptic feedback, adaptive triggers, and 3D Audio, and an all-new generation of incredible PlayStation games.",023567,"['title: Great Quality! \ntext: The delivery was awesome! and it came fast, there were no scratches or missing cords it was in good condition.', 'title: Satisfied \ntext: Got the product the very next day , super good experience', 'title: brand new \ntext: this product was brand new and had no issues with it.', 'title: Unsatisfactory \ntext: Trying to get this product is harder than getting tickets to San Diego comic con. I should not have to go through so much time effort and stress like a performing monkey in order to buy something.', 'title: Fresh. \ntext: Got mine in less than a week. Was expecting 2 weeks. Came in fresh condition. Great product.', 'title: Love it! \ntext: Amazing product. Its a truly special experience when you have this and a great display to play on.']","The product is described as brand new and free of any issues, indicating a high level of quality and reliability [0]. Additionally, users express strong satisfaction, highlighting the product as amazing and providing a special experience, especially when paired with a great display [1]. [0] is not related to the query. [1] is not related to the query. [3] is not related to the query. [4] is not related to the query.",5.25
How’s the quality of this product,"The PS5 console unleashes new gaming possibilities that you never anticipated. Experience lightning fast loading with an ultra-high speed SSD, deeper immersion with support for haptic feedback, adaptive triggers, and 3D Audio, and an all-new generation of incredible PlayStation games.",024567,"['title: Great Quality! \ntext: The delivery was awesome! and it came fast, there were no scratches or missing cords it was in good condition.', 'title: Satisfied \ntext: Got the product the very next day , super good experience', 'title: Great quality and design \ntext: Honestly, it’s worth it. Everything about the disc edition Ps5 is great, from design, quality to gameplay and even main menu. The one thing I would say that is annoying is the size of the storage since nowadays a lot of games need up to 500gb (call of duty) to install . Come on Sony why not go all the way to 1TB!', 'title: Unsatisfactory \ntext: Trying to get this product is harder than getting tickets to San Diego comic con. I should not have to go through so much time effort and stress like a performing monkey in order to buy something.', 'title: Fresh. \ntext: Got mine in less than a week. Was expecting 2 weeks. Came in fresh condition. Great product.', 'title: Love it! \ntext: Amazing product. Its a truly special experience when you have this and a great display to play on.']","The PlayStation 5 disc edition is praised for its great design and quality, offering an impressive gameplay experience and a well-designed main menu. However, there is a noted drawback regarding the storage capacity, as many modern games require significant space, with some needing up to 500GB, leading to a suggestion for Sony to increase the storage to 1TB for better usability [0]. Additionally, the product is described as amazing, providing a special experience, especially when paired with a great display [1]. [0] is not related to the query. [1] is not related to the query. [3] is not related to the query. [4] is not related to the query.",9.75
How’s the quality of this product,"The PS5 console unleashes new gaming possibilities that you never anticipated. Experience lightning fast loading with an ultra-high speed SSD, deeper immersion with support for haptic feedback, adaptive triggers, and 3D Audio, and an all-new generation of incredible PlayStation games.",034567,"['title: Great Quality! \ntext: The delivery was awesome! and it came fast, there were no scratches or missing cords it was in good condition.', 'title: brand new \ntext: this product was brand new and had no issues with it.', 'title: Great quality and design \ntext: Honestly, it’s worth it. Everything about the disc edition Ps5 is great, from design, quality to gameplay and even main menu. The one thing I would say that is annoying is the size of the storage since nowadays a lot of games need up to 500gb (call of duty) to install . Come on Sony why not go all the way to 1TB!', 'title: Unsatisfactory \ntext: Trying to get this product is harder than getting tickets to San Diego comic con. I should not have to go through so much time effort and stress like a performing monkey in order to buy something.', 'title: Fresh. \ntext: Got mine in less than a week. Was expecting 2 weeks. Came in fresh condition. Great product.', 'title: Love it! \ntext: Amazing product. Its a truly special experience when you have this and a great display to play on.']","The product is described as brand new and free of issues, indicating a high level of quality upon arrival [0]. Users praise the PlayStation 5 for its excellent design and overall quality, although there is some dissatisfaction with the storage capacity, which is considered insufficient for modern gaming needs [1]. Additionally, the product is highlighted as providing a special experience, particularly when paired with a high-quality display, further emphasizing its superior quality [2]. [0] is not related to the query. [3] is not related to the query. [4] is not related to the query.",9.75
How’s the quality of this product,"The PS5 console unleashes new gaming possibilities that you never anticipated. Experience lightning fast loading with an ultra-high speed SSD, deeper immersion with support for haptic feedback, adaptive triggers, and 3D Audio, and an all-new generation of incredible PlayStation games.",123456,"['title: Great product! \ntext: When I was finally able to get one, I had no complaints.', 'title: Satisfied \ntext: Got the product the very next day , super good experience', 'title: brand new \ntext: this product was brand new and had no issues with it.', 'title: Great quality and design \ntext: Honestly, it’s worth it. Everything about the disc edition Ps5 is great, from design, quality to gameplay and even main menu. The one thing I would say that is annoying is the size of the storage since nowadays a lot of games need up to 500gb (call of duty) to install . Come on Sony why not go all the way to 1TB!', 'title: Unsatisfactory \ntext: Trying to get this product is harder than getting tickets to San Diego comic con. I should not have to go through so much time effort and stress like a performing monkey in order to buy something.', 'title: Fresh. \ntext: Got mine in less than a week. Was expecting 2 weeks. Came in fresh condition. Great product.']","The product is highly praised for its quality, with users expressing satisfaction and having no complaints after acquiring it [0]. It is described as brand new and free of issues, indicating a high standard of quality [1]. Additionally, the design and overall quality of the product are highlighted as excellent, although there is a minor critique regarding the storage size, which some users find insufficient for modern gaming needs [2]. [1] is not related to the query. [4] is not related to the query. [5] is not related to the query.",9.0
How’s the quality of this product,"The PS5 console unleashes new gaming possibilities that you never anticipated. Experience lightning fast loading with an ultra-high speed SSD, deeper immersion with support for haptic feedback, adaptive triggers, and 3D Audio, and an all-new generation of incredible PlayStation games.",123457,"['title: Great product! \ntext: When I was finally able to get one, I had no complaints.', 'title: Satisfied \ntext: Got the product the very next day , super good experience', 'title: brand new \ntext: this product was brand new and had no issues with it.', 'title: Great quality and design \ntext: Honestly, it’s worth it. Everything about the disc edition Ps5 is great, from design, quality to gameplay and even main menu. The one thing I would say that is annoying is the size of the storage since nowadays a lot of games need up to 500gb (call of duty) to install . Come on Sony why not go all the way to 1TB!', 'title: Unsatisfactory \ntext: Trying to get this product is harder than getting tickets to San Diego comic con. I should not have to go through so much time effort and stress like a performing monkey in order to buy something.', 'title: Love it! \ntext: Amazing product. Its a truly special experience when you have this and a great display to play on.']","The product is highly praised for its quality and design, with users expressing satisfaction and having no complaints about its performance[0][1]. The disc edition PS5 is noted for its excellent design and gameplay experience, although there is some criticism regarding the limited storage capacity, which can be a drawback given the large size of modern games[2]. Overall, the product is described as amazing and provides a special experience, especially when paired with a great display[3]. [1] is not related to the query. [4] is not related to the query.",9.75
How’s the quality of this product,"The PS5 console unleashes new gaming possibilities that you never anticipated. Experience lightning fast loading with an ultra-high speed SSD, deeper immersion with support for haptic feedback, adaptive triggers, and 3D Audio, and an all-new generation of incredible PlayStation games.",123467,"['title: Great product! \ntext: When I was finally able to get one, I had no complaints.', 'title: Satisfied \ntext: Got the product the very next day , super good experience', 'title: brand new \ntext: this product was brand new and had no issues with it.', 'title: Great quality and design \ntext: Honestly, it’s worth it. Everything about the disc edition Ps5 is great, from design, quality to gameplay and even main menu. The one thing I would say that is annoying is the size of the storage since nowadays a lot of games need up to 500gb (call of duty) to install . Come on Sony why not go all the way to 1TB!', 'title: Fresh. \ntext: Got mine in less than a week. Was expecting 2 weeks. Came in fresh condition. Great product.', 'title: Love it! \ntext: Amazing product. Its a truly special experience when you have this and a great display to play on.']","The product is highly praised for its quality and design, with users expressing satisfaction and no complaints about its performance [0][1]. The disc edition PS5 is noted for its excellent design and gameplay experience, although there is a minor criticism regarding the storage capacity, which some users find insufficient for modern gaming needs [2]. Overall, the product is described as amazing and provides a special experience, especially when paired with a great display [3]. [1] is not related to the query. [4] is not related to the query.",9.75
How’s the quality of this product,"The PS5 console unleashes new gaming possibilities that you never anticipated. Experience lightning fast loading with an ultra-high speed SSD, deeper immersion with support for haptic feedback, adaptive triggers, and 3D Audio, and an all-new generation of incredible PlayStation games.",123567,"['title: Great product! \ntext: When I was finally able to get one, I had no complaints.', 'title: Satisfied \ntext: Got the product the very next day , super good experience', 'title: brand new \ntext: this product was brand new and had no issues with it.', 'title: Unsatisfactory \ntext: Trying to get this product is harder than getting tickets to San Diego comic con. I should not have to go through so much time effort and stress like a performing monkey in order to buy something.', 'title: Fresh. \ntext: Got mine in less than a week. Was expecting 2 weeks. Came in fresh condition. Great product.', 'title: Love it! \ntext: Amazing product. Its a truly special experience when you have this and a great display to play on.']","The product is highly praised by users for its quality, with one user expressing satisfaction upon finally acquiring it, stating they had no complaints [0]. Another user highlights that the product was brand new and free of issues, indicating a positive experience with its quality [1]. Additionally, the product is described as amazing and providing a special experience, especially when paired with a great display, further emphasizing its high quality [2]. [1] is not related to the query. [3] is not related to the query. [4] is not related to the query.",5.5
How’s the quality of this product,"The PS5 console unleashes new gaming possibilities that you never anticipated. Experience lightning fast loading with an ultra-high speed SSD, deeper immersion with support for haptic feedback, adaptive triggers, and 3D Audio, and an all-new generation of incredible PlayStation games.",124567,"['title: Great product! \ntext: When I was finally able to get one, I had no complaints.', 'title: Satisfied \ntext: Got the product the very next day , super good experience', 'title: Great quality and design \ntext: Honestly, it’s worth it. Everything about the disc edition Ps5 is great, from design, quality to gameplay and even main menu. The one thing I would say that is annoying is the size of the storage since nowadays a lot of games need up to 500gb (call of duty) to install . Come on Sony why not go all the way to 1TB!', 'title: Unsatisfactory \ntext: Trying to get this product is harder than getting tickets to San Diego comic con. I should not have to go through so much time effort and stress like a performing monkey in order to buy something.', 'title: Fresh. \ntext: Got mine in less than a week. Was expecting 2 weeks. Came in fresh condition. Great product.', 'title: Love it! \ntext: Amazing product. Its a truly special experience when you have this and a great display to play on.']","The product is highly praised for its quality and design, with users expressing satisfaction and no complaints about its performance[0][1][2]. The disc edition PS5 is noted for its excellent design, quality, and gameplay experience, although there is a minor criticism regarding the limited storage capacity, which some users find insufficient for modern games that require large amounts of space[1]. Overall, the product is described as amazing and provides a special experience, especially when paired with a great display[2]. [1] is not related to the query. [3] is not related to the query. [4] is not related to the query.",9.75
How’s the quality of this product,"The PS5 console unleashes new gaming possibilities that you never anticipated. Experience lightning fast loading with an ultra-high speed SSD, deeper immersion with support for haptic feedback, adaptive triggers, and 3D Audio, and an all-new generation of incredible PlayStation games.",134567,"['title: Great product! \ntext: When I was finally able to get one, I had no complaints.', 'title: brand new \ntext: this product was brand new and had no issues with it.', 'title: Great quality and design \ntext: Honestly, it’s worth it. Everything about the disc edition Ps5 is great, from design, quality to gameplay and even main menu. The one thing I would say that is annoying is the size of the storage since nowadays a lot of games need up to 500gb (call of duty) to install . Come on Sony why not go all the way to 1TB!', 'title: Unsatisfactory \ntext: Trying to get this product is harder than getting tickets to San Diego comic con. I should not have to go through so much time effort and stress like a performing monkey in order to buy something.', 'title: Fresh. \ntext: Got mine in less than a week. Was expecting 2 weeks. Came in fresh condition. Great product.', 'title: Love it! \ntext: Amazing product. Its a truly special experience when you have this and a great display to play on.']","The product is highly praised for its quality and design, with users expressing satisfaction and no complaints upon acquisition [0][1]. The disc edition PS5 is noted for its excellent design and gameplay experience, although there is a minor criticism regarding the storage size, which some users find insufficient for modern gaming needs [2]. Overall, the product is described as amazing and provides a special experience, especially when paired with a great display [3]. [3] is not related to the query. [4] is not related to the query.",9.75
How’s the quality of this product,"The PS5 console unleashes new gaming possibilities that you never anticipated. Experience lightning fast loading with an ultra-high speed SSD, deeper immersion with support for haptic feedback, adaptive triggers, and 3D Audio, and an all-new generation of incredible PlayStation games.",234567,"['title: Satisfied \ntext: Got the product the very next day , super good experience', 'title: brand new \ntext: this product was brand new and had no issues with it.', 'title: Great quality and design \ntext: Honestly, it’s worth it. Everything about the disc edition Ps5 is great, from design, quality to gameplay and even main menu. The one thing I would say that is annoying is the size of the storage since nowadays a lot of games need up to 500gb (call of duty) to install . Come on Sony why not go all the way to 1TB!', 'title: Unsatisfactory \ntext: Trying to get this product is harder than getting tickets to San Diego comic con. I should not have to go through so much time effort and stress like a performing monkey in order to buy something.', 'title: Fresh. \ntext: Got mine in less than a week. Was expecting 2 weeks. Came in fresh condition. Great product.', 'title: Love it! \ntext: Amazing product. Its a truly special experience when you have this and a great display to play on.']","The product is described as brand new and free of issues, indicating a high level of quality from the start [0]. Users have praised the PlayStation 5 disc edition for its excellent design and overall quality, although there is some dissatisfaction with the storage capacity, which is considered insufficient for modern gaming needs [1]. Additionally, the product is noted for providing a special and enjoyable experience, especially when paired with a high-quality display [2]. [0] is not related to the query. [3] is not related to the query. [4] is not related to the query.",9.75
How’s the quality of this product,"The PS5 console unleashes new gaming possibilities that you never anticipated. Experience lightning fast loading with an ultra-high speed SSD, deeper immersion with support for haptic feedback, adaptive triggers, and 3D Audio, and an all-new generation of incredible PlayStation games.",0123456,"['title: Great Quality! \ntext: The delivery was awesome! and it came fast, there were no scratches or missing cords it was in good condition.', 'title: Great product! \ntext: When I was finally able to get one, I had no complaints.', 'title: Satisfied \ntext: Got the product the very next day , super good experience', 'title: brand new \ntext: this product was brand new and had no issues with it.', 'title: Great quality and design \ntext: Honestly, it’s worth it. Everything about the disc edition Ps5 is great, from design, quality to gameplay and even main menu. The one thing I would say that is annoying is the size of the storage since nowadays a lot of games need up to 500gb (call of duty) to install . Come on Sony why not go all the way to 1TB!', 'title: Unsatisfactory \ntext: Trying to get this product is harder than getting tickets to San Diego comic con. I should not have to go through so much time effort and stress like a performing monkey in order to buy something.', 'title: Fresh. \ntext: Got mine in less than a week. Was expecting 2 weeks. Came in fresh condition. Great product.']","The product is highly praised for its quality, with users expressing satisfaction and having no complaints after acquiring it [0]. It is noted to be brand new and free of issues, further emphasizing its quality [1]. Additionally, the design and overall quality of the disc edition PS5 are highlighted as excellent, although there is a minor critique regarding the storage size, which some users find insufficient for modern gaming needs [2]. [0] is not related to the query. [2] is not related to the query. [5] is not related to the query. [6] is not related to the query.",9.0
How’s the quality of this product,"The PS5 console unleashes new gaming possibilities that you never anticipated. Experience lightning fast loading with an ultra-high speed SSD, deeper immersion with support for haptic feedback, adaptive triggers, and 3D Audio, and an all-new generation of incredible PlayStation games.",0123457,"['title: Great Quality! \ntext: The delivery was awesome! and it came fast, there were no scratches or missing cords it was in good condition.', 'title: Great product! \ntext: When I was finally able to get one, I had no complaints.', 'title: Satisfied \ntext: Got the product the very next day , super good experience', 'title: brand new \ntext: this product was brand new and had no issues with it.', 'title: Great quality and design \ntext: Honestly, it’s worth it. Everything about the disc edition Ps5 is great, from design, quality to gameplay and even main menu. The one thing I would say that is annoying is the size of the storage since nowadays a lot of games need up to 500gb (call of duty) to install . Come on Sony why not go all the way to 1TB!', 'title: Unsatisfactory \ntext: Trying to get this product is harder than getting tickets to San Diego comic con. I should not have to go through so much time effort and stress like a performing monkey in order to buy something.', 'title: Love it! \ntext: Amazing product. Its a truly special experience when you have this and a great display to play on.']","The product is highly praised for its quality, with users expressing satisfaction and having no complaints about it[0][1]. It is described as brand new and free of issues, highlighting its reliability[1]. The design and quality of the product are particularly commended, although there is a minor criticism regarding the storage size, which some users find insufficient for modern gaming needs[2]. Overall, the product is considered amazing and provides a special experience, especially when paired with a great display[3]. [0] is not related to the query. [2] is not related to the query. [5] is not related to the query.",9.75
How’s the quality of this product,"The PS5 console unleashes new gaming possibilities that you never anticipated. Experience lightning fast loading with an ultra-high speed SSD, deeper immersion with support for haptic feedback, adaptive triggers, and 3D Audio, and an all-new generation of incredible PlayStation games.",0123467,"['title: Great Quality! \ntext: The delivery was awesome! and it came fast, there were no scratches or missing cords it was in good condition.', 'title: Great product! \ntext: When I was finally able to get one, I had no complaints.', 'title: Satisfied \ntext: Got the product the very next day , super good experience', 'title: brand new \ntext: this product was brand new and had no issues with it.', 'title: Great quality and design \ntext: Honestly, it’s worth it. Everything about the disc edition Ps5 is great, from design, quality to gameplay and even main menu. The one thing I would say that is annoying is the size of the storage since nowadays a lot of games need up to 500gb (call of duty) to install . Come on Sony why not go all the way to 1TB!', 'title: Fresh. \ntext: Got mine in less than a week. Was expecting 2 weeks. Came in fresh condition. Great product.', 'title: Love it! \ntext: Amazing product. Its a truly special experience when you have this and a great display to play on.']","The product is highly praised for its quality and design, with users expressing satisfaction and no complaints about its performance [0][1][2][3]. One user highlights the overall excellence of the disc edition PS5, noting its design, quality, and gameplay as standout features, although they mention the limited storage capacity as a minor drawback [2]. [0] is not related to the query. [2] is not related to the query. [5] is not related to the query.",9.75
How’s the quality of this product,"The PS5 console unleashes new gaming possibilities that you never anticipated. Experience lightning fast loading with an ultra-high speed SSD, deeper immersion with support for haptic feedback, adaptive triggers, and 3D Audio, and an all-new generation of incredible PlayStation games.",0123567,"['title: Great Quality! \ntext: The delivery was awesome! and it came fast, there were no scratches or missing cords it was in good condition.', 'title: Great product! \ntext: When I was finally able to get one, I had no complaints.', 'title: Satisfied \ntext: Got the product the very next day , super good experience', 'title: brand new \ntext: this product was brand new and had no issues with it.', 'title: Unsatisfactory \ntext: Trying to get this product is harder than getting tickets to San Diego comic con. I should not have to go through so much time effort and stress like a performing monkey in order to buy something.', 'title: Fresh. \ntext: Got mine in less than a week. Was expecting 2 weeks. Came in fresh condition. Great product.', 'title: Love it! \ntext: Amazing product. Its a truly special experience when you have this and a great display to play on.']","The comments reflect a positive perception of the product's quality. One user expressed satisfaction by stating they had no complaints after acquiring the product, indicating a high level of contentment with its performance and features [0]. Another user highlighted that the product was brand new and free of any issues, suggesting reliability and good condition upon purchase [1]. Additionally, a user described the product as amazing and emphasized the exceptional experience it provides, especially when paired with a great display, further underscoring its quality and appeal [2]. [0] is not related to the query. [2] is not related to the query. [4] is not related to the query. [5] is not related to the query.",5.5
How’s the quality of this product,"The PS5 console unleashes new gaming possibilities that you never anticipated. Experience lightning fast loading with an ultra-high speed SSD, deeper immersion with support for haptic feedback, adaptive triggers, and 3D Audio, and an all-new generation of incredible PlayStation games.",0124567,"['title: Great Quality! \ntext: The delivery was awesome! and it came fast, there were no scratches or missing cords it was in good condition.', 'title: Great product! \ntext: When I was finally able to get one, I had no complaints.', 'title: Satisfied \ntext: Got the product the very next day , super good experience', 'title: Great quality and design \ntext: Honestly, it’s worth it. Everything about the disc edition Ps5 is great, from design, quality to gameplay and even main menu. The one thing I would say that is annoying is the size of the storage since nowadays a lot of games need up to 500gb (call of duty) to install . Come on Sony why not go all the way to 1TB!', 'title: Unsatisfactory \ntext: Trying to get this product is harder than getting tickets to San Diego comic con. I should not have to go through so much time effort and stress like a performing monkey in order to buy something.', 'title: Fresh. \ntext: Got mine in less than a week. Was expecting 2 weeks. Came in fresh condition. Great product.', 'title: Love it! \ntext: Amazing product. Its a truly special experience when you have this and a great display to play on.']","The comments reflect a positive consensus on the quality of the product, specifically the disc edition PS5. Users express satisfaction with the product, highlighting its design and gameplay experience as standout features. One user notes that the product is worth the investment, although they mention a minor drawback regarding the storage capacity, suggesting that it could be improved to accommodate larger game sizes [0][1][2]. [0] is not related to the query. [2] is not related to the query. [4] is not related to the query. [5] is not related to the query.",9.75
How’s the quality of this product,"The PS5 console unleashes new gaming possibilities that you never anticipated. Experience lightning fast loading with an ultra-high speed SSD, deeper immersion with support for haptic feedback, adaptive triggers, and 3D Audio, and an all-new generation of incredible PlayStation games.",0134567,"['title: Great Quality! \ntext: The delivery was awesome! and it came fast, there were no scratches or missing cords it was in good condition.', 'title: Great product! \ntext: When I was finally able to get one, I had no complaints.', 'title: brand new \ntext: this product was brand new and had no issues with it.', 'title: Great quality and design \ntext: Honestly, it’s worth it. Everything about the disc edition Ps5 is great, from design, quality to gameplay and even main menu. The one thing I would say that is annoying is the size of the storage since nowadays a lot of games need up to 500gb (call of duty) to install . Come on Sony why not go all the way to 1TB!', 'title: Unsatisfactory \ntext: Trying to get this product is harder than getting tickets to San Diego comic con. I should not have to go through so much time effort and stress like a performing monkey in order to buy something.', 'title: Fresh. \ntext: Got mine in less than a week. Was expecting 2 weeks. Came in fresh condition. Great product.', 'title: Love it! \ntext: Amazing product. Its a truly special experience when you have this and a great display to play on.']","The product is highly praised for its quality and design, with users expressing satisfaction and no complaints about its performance[0][1]. The disc edition PS5 is noted for its excellent design, quality, and gameplay experience, although there is a minor criticism regarding the storage size, which some users find insufficient for modern gaming needs[2]. Overall, the product is described as amazing and provides a special experience when paired with a great display[3]. [0] is not related to the query. [4] is not related to the query. [5] is not related to the query.",9.75
How’s the quality of this product,"The PS5 console unleashes new gaming possibilities that you never anticipated. Experience lightning fast loading with an ultra-high speed SSD, deeper immersion with support for haptic feedback, adaptive triggers, and 3D Audio, and an all-new generation of incredible PlayStation games.",0234567,"['title: Great Quality! \ntext: The delivery was awesome! and it came fast, there were no scratches or missing cords it was in good condition.', 'title: Satisfied \ntext: Got the product the very next day , super good experience', 'title: brand new \ntext: this product was brand new and had no issues with it.', 'title: Great quality and design \ntext: Honestly, it’s worth it. Everything about the disc edition Ps5 is great, from design, quality to gameplay and even main menu. The one thing I would say that is annoying is the size of the storage since nowadays a lot of games need up to 500gb (call of duty) to install . Come on Sony why not go all the way to 1TB!', 'title: Unsatisfactory \ntext: Trying to get this product is harder than getting tickets to San Diego comic con. I should not have to go through so much time effort and stress like a performing monkey in order to buy something.', 'title: Fresh. \ntext: Got mine in less than a week. Was expecting 2 weeks. Came in fresh condition. Great product.', 'title: Love it! \ntext: Amazing product. Its a truly special experience when you have this and a great display to play on.']","The product is described as brand new and free of issues, indicating a high level of quality from the outset [0]. Users praise the PlayStation 5 disc edition for its excellent design and overall quality, although there is some criticism regarding the limited storage capacity, which is seen as a drawback given the large size of modern games [1]. Additionally, the product is highlighted as providing a special experience, especially when paired with a great display, further emphasizing its quality [2]. [0] is not related to the query. [1] is not related to the query. [4] is not related to the query. [5] is not related to the query.",9.75
How’s the quality of this product,"The PS5 console unleashes new gaming possibilities that you never anticipated. Experience lightning fast loading with an ultra-high speed SSD, deeper immersion with support for haptic feedback, adaptive triggers, and 3D Audio, and an all-new generation of incredible PlayStation games.",1234567,"['title: Great product! \ntext: When I was finally able to get one, I had no complaints.', 'title: Satisfied \ntext: Got the product the very next day , super good experience', 'title: brand new \ntext: this product was brand new and had no issues with it.', 'title: Great quality and design \ntext: Honestly, it’s worth it. Everything about the disc edition Ps5 is great, from design, quality to gameplay and even main menu. The one thing I would say that is annoying is the size of the storage since nowadays a lot of games need up to 500gb (call of duty) to install . Come on Sony why not go all the way to 1TB!', 'title: Unsatisfactory \ntext: Trying to get this product is harder than getting tickets to San Diego comic con. I should not have to go through so much time effort and stress like a performing monkey in order to buy something.', 'title: Fresh. \ntext: Got mine in less than a week. Was expecting 2 weeks. Came in fresh condition. Great product.', 'title: Love it! \ntext: Amazing product. Its a truly special experience when you have this and a great display to play on.']","The product is highly praised for its quality, with users expressing satisfaction and having no complaints after acquiring it [0]. It is described as brand new and free of issues, indicating a high standard of quality control [1]. The design and quality of the product are highlighted as excellent, contributing to a positive user experience, although there is a minor critique regarding the storage size, which some users find insufficient for modern gaming needs [2]. Overall, the product is considered amazing and provides a special experience, especially when paired with a great display [3]. [1] is not related to the query. [4] is not related to the query. [5] is not related to the query.",9.75
How’s the quality of this product,"The PS5 console unleashes new gaming possibilities that you never anticipated. Experience lightning fast loading with an ultra-high speed SSD, deeper immersion with support for haptic feedback, adaptive triggers, and 3D Audio, and an all-new generation of incredible PlayStation games.",01234567,"['title: Great Quality! \ntext: The delivery was awesome! and it came fast, there were no scratches or missing cords it was in good condition.', 'title: Great product! \ntext: When I was finally able to get one, I had no complaints.', 'title: Satisfied \ntext: Got the product the very next day , super good experience', 'title: brand new \ntext: this product was brand new and had no issues with it.', 'title: Great quality and design \ntext: Honestly, it’s worth it. Everything about the disc edition Ps5 is great, from design, quality to gameplay and even main menu. The one thing I would say that is annoying is the size of the storage since nowadays a lot of games need up to 500gb (call of duty) to install . Come on Sony why not go all the way to 1TB!', 'title: Unsatisfactory \ntext: Trying to get this product is harder than getting tickets to San Diego comic con. I should not have to go through so much time effort and stress like a performing monkey in order to buy something.', 'title: Fresh. \ntext: Got mine in less than a week. Was expecting 2 weeks. Came in fresh condition. Great product.', 'title: Love it! \ntext: Amazing product. Its a truly special experience when you have this and a great display to play on.']","The product is highly praised for its quality, with users expressing satisfaction and having no complaints upon acquiring it [0]. It is described as brand new and free of issues, indicating a high standard of quality control [1]. The design and overall quality of the product are highlighted as excellent, contributing to a positive user experience. However, there is a noted concern regarding the storage capacity, which some users find insufficient for modern gaming needs [2]. Overall, the product is considered amazing and provides a special experience, especially when paired with a good display [3]. [0] is not related to the query. [2] is not related to the query. [5] is not related to the query. [6] is not related to the query.",9.75
How’s the quality of this product,"The PS5 console unleashes new gaming possibilities that you never anticipated. Experience lightning fast loading with an ultra-high speed SSD, deeper immersion with support for haptic feedback, adaptive triggers, and 3D Audio, and an all-new generation of incredible PlayStation games.",Comment 0,"title: Great Quality! 
text: The delivery was awesome! and it came fast, there were no scratches or missing cords it was in good condition.",,0.01388888888888889
How’s the quality of this product,"The PS5 console unleashes new gaming possibilities that you never anticipated. Experience lightning fast loading with an ultra-high speed SSD, deeper immersion with support for haptic feedback, adaptive triggers, and 3D Audio, and an all-new generation of incredible PlayStation games.",Comment 1,"title: Great product! 
text: When I was finally able to get one, I had no complaints.",,0.9861111111111105
How’s the quality of this product,"The PS5 console unleashes new gaming possibilities that you never anticipated. Experience lightning fast loading with an ultra-high speed SSD, deeper immersion with support for haptic feedback, adaptive triggers, and 3D Audio, and an all-new generation of incredible PlayStation games.",Comment 2,"title: Satisfied 
text: Got the product the very next day , super good experience",,0.01388888888888889
How’s the quality of this product,"The PS5 console unleashes new gaming possibilities that you never anticipated. Experience lightning fast loading with an ultra-high speed SSD, deeper immersion with support for haptic feedback, adaptive triggers, and 3D Audio, and an all-new generation of incredible PlayStation games.",Comment 3,"title: brand new 
text: this product was brand new and had no issues with it.",,0.9861111111111105
How’s the quality of this product,"The PS5 console unleashes new gaming possibilities that you never anticipated. Experience lightning fast loading with an ultra-high speed SSD, deeper immersion with support for haptic feedback, adaptive triggers, and 3D Audio, and an all-new generation of incredible PlayStation games.",Comment 4,"title: Great quality and design 
text: Honestly, it’s worth it. Everything about the disc edition Ps5 is great, from design, quality to gameplay and even main menu. The one thing I would say that is annoying is the size of the storage since nowadays a lot of games need up to 500gb (call of duty) to install . Come on Sony why not go all the way to 1TB!",,5.944444444444437
How’s the quality of this product,"The PS5 console unleashes new gaming possibilities that you never anticipated. Experience lightning fast loading with an ultra-high speed SSD, deeper immersion with support for haptic feedback, adaptive triggers, and 3D Audio, and an all-new generation of incredible PlayStation games.",Comment 5,"title: Unsatisfactory 
text: Trying to get this product is harder than getting tickets to San Diego comic con. I should not have to go through so much time effort and stress like a performing monkey in order to buy something.",,0.01388888888888889
How’s the quality of this product,"The PS5 console unleashes new gaming possibilities that you never anticipated. Experience lightning fast loading with an ultra-high speed SSD, deeper immersion with support for haptic feedback, adaptive triggers, and 3D Audio, and an all-new generation of incredible PlayStation games.",Comment 6,"title: Fresh. 
text: Got mine in less than a week. Was expecting 2 weeks. Came in fresh condition. Great product.",,0.01388888888888889
How’s the quality of this product,"The PS5 console unleashes new gaming possibilities that you never anticipated. Experience lightning fast loading with an ultra-high speed SSD, deeper immersion with support for haptic feedback, adaptive triggers, and 3D Audio, and an all-new generation of incredible PlayStation games.",Comment 7,"title: Love it! 
text: Amazing product. Its a truly special experience when you have this and a great display to play on.",,1.7777777777777866
