original_query,product_description,subset,comments,summary,avg_score
Does it not work well,Redeem against anything on PlayStation Store.,0,['title: This product is unintuitive to use and requires installing software that does not work DONT BUY IT \ntext: This product is unintuitive to use and requires installing software that does not work DONT BUY IT!'],"The product is criticized for being unintuitive and requiring the installation of software that fails to function properly, leading to a recommendation against purchasing it [0].",5.0
Does it not work well,Redeem against anything on PlayStation Store.,1,['title: This product took all my money and didn’t give me my digital code really annoying \ntext: I hated this product with all my heart it took all my money and I can’t find my digital code'],"The user expressed strong dissatisfaction with the product, stating that it took all their money without providing the promised digital code, which they found extremely frustrating and annoying [0].",4.0
Does it not work well,Redeem against anything on PlayStation Store.,2,"['title: Don\'t Buy! \ntext: Code does not even work.  They gave me  ""an already used code"" !  No way to get refunded either!!!  Waste of money!']","The product has been criticized for providing non-functional codes, with one user reporting that they received a code that was already used. Additionally, there is no option for a refund, leading to dissatisfaction and a perception that the purchase was a waste of money [0].",6.0
Does it not work well,Redeem against anything on PlayStation Store.,3,"[""title: DO NOT BUY \ntext: I would give a big fat Zero if I could! I bought this for Xmas for my grandson and the code did NOT work! Amazon can't do a thing about it! Never buying again! Rip people OFF!""]","The user expressed extreme dissatisfaction with the product, stating that they would rate it zero if possible. They purchased the product as a Christmas gift for their grandson, but encountered an issue where the code provided did not work. The user also mentioned that Amazon was unable to resolve the issue, leading to a vow never to purchase again due to feeling ripped off [0].",7.0
Does it not work well,Redeem against anything on PlayStation Store.,4,"[""title: Don't order it. \ntext: It did not work and now I have to call Playstation to try to deal with it.  Such a hassle! Wish I just went to store to buy one.""]","The user expressed dissatisfaction with the product, stating that it did not work and resulted in the inconvenience of having to contact Playstation for assistance. They regretted not purchasing the product in-store to avoid the hassle [0].",5.0
Does it not work well,Redeem against anything on PlayStation Store.,5,"['title: DO NOT GET THIS!!! (SCAM!!!!) \ntext: I got this card a $25 card and a $10 card, the $25 card said that it has already been redeemed and then I never even got the code for the $10 one! These are just rip offs, so don’t go out spending your money on these because you can’t even return them.']","A user expressed dissatisfaction with a product, describing it as a scam. They purchased a $25 card and a $10 card, but encountered issues with both. The $25 card was already redeemed, and they never received the code for the $10 card. The user warns others not to spend money on these products as they are non-refundable [0].",6.0
Does it not work well,Redeem against anything on PlayStation Store.,6,['title: Bad product but good support from Amazon \ntext: Didnt work. Not like xbox couldnt send code to my grandson in Europe!- code wouldnt work!- but Amazon refunded!'],"The product did not function as expected, as it failed to send a code to a recipient in Europe, which rendered it ineffective. However, Amazon provided good customer support by issuing a refund for the faulty product [0].",5.0
Does it not work well,Redeem against anything on PlayStation Store.,7,['title: Do not buy! \ntext: Do not buy this! Rip off. The code didn’t work and there is no place to get a refund.'],"A user expressed dissatisfaction with a product, describing it as a rip-off due to a non-functional code and the absence of a refund option [0].",5.0
Does it not work well,Redeem against anything on PlayStation Store.,01,"['title: This product is unintuitive to use and requires installing software that does not work DONT BUY IT \ntext: This product is unintuitive to use and requires installing software that does not work DONT BUY IT!', 'title: This product took all my money and didn’t give me my digital code really annoying \ntext: I hated this product with all my heart it took all my money and I can’t find my digital code']","Several users have expressed dissatisfaction with the product, citing significant issues with its usability and functionality. One user described the product as unintuitive and criticized the requirement to install software that ultimately does not work, advising others not to purchase it [0]. Another user reported a financial grievance, stating that the product took their money without providing the promised digital code, which they found extremely frustrating [1].",6.0
Does it not work well,Redeem against anything on PlayStation Store.,02,"['title: This product is unintuitive to use and requires installing software that does not work DONT BUY IT \ntext: This product is unintuitive to use and requires installing software that does not work DONT BUY IT!', 'title: Don\'t Buy! \ntext: Code does not even work.  They gave me  ""an already used code"" !  No way to get refunded either!!!  Waste of money!']","Several users have expressed dissatisfaction with the product, citing that it is unintuitive to use and requires the installation of non-functional software, which significantly detracts from its usability [0]. Additionally, there are complaints about receiving already used codes, with no available options for refunds, leading to a perception of the product as a waste of money [1].",6.0
Does it not work well,Redeem against anything on PlayStation Store.,03,"['title: This product is unintuitive to use and requires installing software that does not work DONT BUY IT \ntext: This product is unintuitive to use and requires installing software that does not work DONT BUY IT!', ""title: DO NOT BUY \ntext: I would give a big fat Zero if I could! I bought this for Xmas for my grandson and the code did NOT work! Amazon can't do a thing about it! Never buying again! Rip people OFF!""]","Several users have expressed dissatisfaction with the product, citing issues with its usability and software functionality. One user described the product as unintuitive and criticized the requirement to install non-functional software, advising others not to purchase it [0]. Another user shared their frustration over a non-working code for a gift, highlighting the lack of support from Amazon and feeling ripped off by the purchase [1].",7.0
Does it not work well,Redeem against anything on PlayStation Store.,04,"['title: This product is unintuitive to use and requires installing software that does not work DONT BUY IT \ntext: This product is unintuitive to use and requires installing software that does not work DONT BUY IT!', ""title: Don't order it. \ntext: It did not work and now I have to call Playstation to try to deal with it.  Such a hassle! Wish I just went to store to buy one.""]","Several users have expressed dissatisfaction with the product, citing that it is unintuitive to use and requires the installation of software that fails to function properly. One user strongly advises against purchasing it, emphasizing the frustration with the non-working software and the inconvenience it causes [0]. Another user shares their disappointment, mentioning that the product did not work as expected, leading to the hassle of contacting customer support for resolution, and regrets not purchasing it directly from a store [1].",6.0
Does it not work well,Redeem against anything on PlayStation Store.,05,"['title: This product is unintuitive to use and requires installing software that does not work DONT BUY IT \ntext: This product is unintuitive to use and requires installing software that does not work DONT BUY IT!', 'title: DO NOT GET THIS!!! (SCAM!!!!) \ntext: I got this card a $25 card and a $10 card, the $25 card said that it has already been redeemed and then I never even got the code for the $10 one! These are just rip offs, so don’t go out spending your money on these because you can’t even return them.']","Several users have expressed dissatisfaction with the product, citing that it is unintuitive to use and requires the installation of non-functional software, leading to a recommendation against purchasing it [0]. Additionally, there are complaints about the product being a scam, as users reported issues with redeeming purchased cards, with one user stating that a $25 card was already redeemed and a $10 card code was never received, making the product seem like a rip-off [1].",7.0
Does it not work well,Redeem against anything on PlayStation Store.,06,"['title: This product is unintuitive to use and requires installing software that does not work DONT BUY IT \ntext: This product is unintuitive to use and requires installing software that does not work DONT BUY IT!', 'title: Bad product but good support from Amazon \ntext: Didnt work. Not like xbox couldnt send code to my grandson in Europe!- code wouldnt work!- but Amazon refunded!']","The product has been criticized for being unintuitive and requiring software installation that fails to function properly, leading to a recommendation against purchasing it [0]. Another user experienced issues with the product not working as expected, particularly with sending a code to Europe, although they noted that Amazon provided good support by offering a refund [1].",6.0
Does it not work well,Redeem against anything on PlayStation Store.,07,"['title: This product is unintuitive to use and requires installing software that does not work DONT BUY IT \ntext: This product is unintuitive to use and requires installing software that does not work DONT BUY IT!', 'title: Do not buy! \ntext: Do not buy this! Rip off. The code didn’t work and there is no place to get a refund.']","Several users have expressed dissatisfaction with the product, citing that it is unintuitive to use and requires software installation that fails to function properly, leading to a recommendation against purchasing it [0]. Additionally, there are complaints about the product being a rip-off, with issues such as non-functional codes and a lack of refund options, further discouraging potential buyers [1].",6.25
Does it not work well,Redeem against anything on PlayStation Store.,12,"['title: This product took all my money and didn’t give me my digital code really annoying \ntext: I hated this product with all my heart it took all my money and I can’t find my digital code', 'title: Don\'t Buy! \ntext: Code does not even work.  They gave me  ""an already used code"" !  No way to get refunded either!!!  Waste of money!']","Several users expressed dissatisfaction with a product due to issues with digital codes. One user reported that the product took their money without providing the promised digital code, leading to significant frustration [0]. Another user complained that the code they received was already used, and they were unable to obtain a refund, describing the purchase as a waste of money [1].",6.0
Does it not work well,Redeem against anything on PlayStation Store.,13,"['title: This product took all my money and didn’t give me my digital code really annoying \ntext: I hated this product with all my heart it took all my money and I can’t find my digital code', ""title: DO NOT BUY \ntext: I would give a big fat Zero if I could! I bought this for Xmas for my grandson and the code did NOT work! Amazon can't do a thing about it! Never buying again! Rip people OFF!""]","Several users expressed dissatisfaction with a product due to issues with digital codes. One user reported that the product took their money without providing the promised digital code, leading to significant frustration [0]. Another user shared a similar experience, stating that the code they received did not work, and they were unable to resolve the issue through Amazon, resulting in a negative purchasing experience [1].",7.0
Does it not work well,Redeem against anything on PlayStation Store.,14,"['title: This product took all my money and didn’t give me my digital code really annoying \ntext: I hated this product with all my heart it took all my money and I can’t find my digital code', ""title: Don't order it. \ntext: It did not work and now I have to call Playstation to try to deal with it.  Such a hassle! Wish I just went to store to buy one.""]","Several users expressed dissatisfaction with the product, citing issues such as not receiving a digital code after purchase and the inconvenience of having to contact customer support for resolution. One user mentioned that the product took all their money without providing the promised digital code, leading to significant frustration [0]. Another user reported that the product did not work as expected, necessitating a call to Playstation for assistance, which they found to be a hassle [1].",6.0
Does it not work well,Redeem against anything on PlayStation Store.,15,"['title: This product took all my money and didn’t give me my digital code really annoying \ntext: I hated this product with all my heart it took all my money and I can’t find my digital code', 'title: DO NOT GET THIS!!! (SCAM!!!!) \ntext: I got this card a $25 card and a $10 card, the $25 card said that it has already been redeemed and then I never even got the code for the $10 one! These are just rip offs, so don’t go out spending your money on these because you can’t even return them.']","Several users have expressed dissatisfaction with a product, describing it as a scam and a rip-off. One user reported that after purchasing the product, they were unable to find their digital code, leaving them feeling frustrated and financially exploited [0]. Another user shared a similar experience, stating that a $25 card was already redeemed upon purchase, and they never received the code for a $10 card, emphasizing that these products are non-refundable and advising others against purchasing them [1].",7.0
Does it not work well,Redeem against anything on PlayStation Store.,16,"['title: This product took all my money and didn’t give me my digital code really annoying \ntext: I hated this product with all my heart it took all my money and I can’t find my digital code', 'title: Bad product but good support from Amazon \ntext: Didnt work. Not like xbox couldnt send code to my grandson in Europe!- code wouldnt work!- but Amazon refunded!']","Several users expressed dissatisfaction with a product due to issues with digital codes. One user reported that the product took their money without providing the promised digital code, leading to significant frustration [0]. Another user experienced a similar problem where the product did not work as expected, specifically mentioning that the code could not be sent to their grandson in Europe and was non-functional. However, they noted that Amazon provided good support by issuing a refund [1].",6.0
Does it not work well,Redeem against anything on PlayStation Store.,17,"['title: This product took all my money and didn’t give me my digital code really annoying \ntext: I hated this product with all my heart it took all my money and I can’t find my digital code', 'title: Do not buy! \ntext: Do not buy this! Rip off. The code didn’t work and there is no place to get a refund.']","Several users expressed dissatisfaction with the product, citing issues with digital codes. One user reported that the product took their money without providing the promised digital code, leading to significant frustration [0]. Another user warned others not to purchase the product, labeling it a rip-off due to non-functional codes and the absence of a refund option [1].",6.25
Does it not work well,Redeem against anything on PlayStation Store.,23,"['title: Don\'t Buy! \ntext: Code does not even work.  They gave me  ""an already used code"" !  No way to get refunded either!!!  Waste of money!', ""title: DO NOT BUY \ntext: I would give a big fat Zero if I could! I bought this for Xmas for my grandson and the code did NOT work! Amazon can't do a thing about it! Never buying again! Rip people OFF!""]","Several customers have expressed dissatisfaction with the product, citing issues with non-functional codes and lack of support for refunds. One user reported receiving an already used code and being unable to obtain a refund, describing the purchase as a waste of money [0]. Another customer shared a similar experience, stating that the code they purchased for a gift did not work and that Amazon was unable to assist, leading to feelings of being ripped off [1].",7.0
Does it not work well,Redeem against anything on PlayStation Store.,24,"['title: Don\'t Buy! \ntext: Code does not even work.  They gave me  ""an already used code"" !  No way to get refunded either!!!  Waste of money!', ""title: Don't order it. \ntext: It did not work and now I have to call Playstation to try to deal with it.  Such a hassle! Wish I just went to store to buy one.""]","Several users have expressed dissatisfaction with the product, citing issues such as receiving a code that was already used and being unable to obtain a refund, which they describe as a waste of money [0]. Another user reported that the product did not work, leading to the inconvenience of having to contact Playstation for resolution, and regretted not purchasing from a physical store instead [1].",6.0
Does it not work well,Redeem against anything on PlayStation Store.,25,"['title: Don\'t Buy! \ntext: Code does not even work.  They gave me  ""an already used code"" !  No way to get refunded either!!!  Waste of money!', 'title: DO NOT GET THIS!!! (SCAM!!!!) \ntext: I got this card a $25 card and a $10 card, the $25 card said that it has already been redeemed and then I never even got the code for the $10 one! These are just rip offs, so don’t go out spending your money on these because you can’t even return them.']","Several users have expressed dissatisfaction with the product, describing it as a scam. One user reported receiving a code that had already been used and faced difficulties obtaining a refund, labeling the purchase as a waste of money [0]. Another user shared a similar experience, purchasing two cards, one of which was already redeemed, and not receiving the code for the other, warning others not to spend money on these products due to the inability to return them [1].",7.0
Does it not work well,Redeem against anything on PlayStation Store.,26,"['title: Don\'t Buy! \ntext: Code does not even work.  They gave me  ""an already used code"" !  No way to get refunded either!!!  Waste of money!', 'title: Bad product but good support from Amazon \ntext: Didnt work. Not like xbox couldnt send code to my grandson in Europe!- code wouldnt work!- but Amazon refunded!']","Several users expressed dissatisfaction with the product, citing issues with non-functional codes. One user reported receiving a code that was already used and faced difficulties in obtaining a refund, describing the purchase as a waste of money [0]. Another user experienced similar problems with a non-working code intended for their grandson in Europe, although they noted that Amazon provided a refund [1].",6.25
Does it not work well,Redeem against anything on PlayStation Store.,27,"['title: Don\'t Buy! \ntext: Code does not even work.  They gave me  ""an already used code"" !  No way to get refunded either!!!  Waste of money!', 'title: Do not buy! \ntext: Do not buy this! Rip off. The code didn’t work and there is no place to get a refund.']","Several users have expressed dissatisfaction with the product, citing issues with non-functional codes and the inability to obtain refunds. One user reported receiving a code that was already used and described the purchase as a waste of money due to the lack of refund options [0]. Another user echoed these sentiments, labeling the product a rip-off because the code provided did not work and there was no way to secure a refund [1].",6.25
Does it not work well,Redeem against anything on PlayStation Store.,34,"[""title: DO NOT BUY \ntext: I would give a big fat Zero if I could! I bought this for Xmas for my grandson and the code did NOT work! Amazon can't do a thing about it! Never buying again! Rip people OFF!"", ""title: Don't order it. \ntext: It did not work and now I have to call Playstation to try to deal with it.  Such a hassle! Wish I just went to store to buy one.""]","Several customers expressed dissatisfaction with a product, citing issues with non-functional codes and poor customer service. One user mentioned that the code for a gift purchased for their grandson did not work, and they were unable to get assistance from Amazon, leading to a vow never to purchase again due to feeling ripped off [0]. Another user shared a similar experience, noting the inconvenience of having to contact Playstation for resolution and regretting not purchasing from a physical store instead [1].",7.0
Does it not work well,Redeem against anything on PlayStation Store.,35,"[""title: DO NOT BUY \ntext: I would give a big fat Zero if I could! I bought this for Xmas for my grandson and the code did NOT work! Amazon can't do a thing about it! Never buying again! Rip people OFF!"", 'title: DO NOT GET THIS!!! (SCAM!!!!) \ntext: I got this card a $25 card and a $10 card, the $25 card said that it has already been redeemed and then I never even got the code for the $10 one! These are just rip offs, so don’t go out spending your money on these because you can’t even return them.']","Several customers have expressed dissatisfaction with the product, describing it as a scam and a rip-off. One user reported purchasing the product as a gift, only to find that the code did not work, and they were unable to get assistance from Amazon, leading to a vow never to purchase again [0]. Another user experienced issues with two cards, one of which was already redeemed, and the other did not provide a code, emphasizing the inability to return these products [1].",7.0
Does it not work well,Redeem against anything on PlayStation Store.,36,"[""title: DO NOT BUY \ntext: I would give a big fat Zero if I could! I bought this for Xmas for my grandson and the code did NOT work! Amazon can't do a thing about it! Never buying again! Rip people OFF!"", 'title: Bad product but good support from Amazon \ntext: Didnt work. Not like xbox couldnt send code to my grandson in Europe!- code wouldnt work!- but Amazon refunded!']","Several customers expressed dissatisfaction with a product, citing issues with non-functional codes. One customer mentioned that the code they purchased for their grandson did not work, and they were unable to resolve the issue through Amazon, leading to frustration and a vow not to purchase again due to feeling ripped off [0]. Another customer also experienced a non-working code but noted that Amazon provided a refund, highlighting the company's supportive customer service despite the product's failure [1].",7.0
Does it not work well,Redeem against anything on PlayStation Store.,37,"[""title: DO NOT BUY \ntext: I would give a big fat Zero if I could! I bought this for Xmas for my grandson and the code did NOT work! Amazon can't do a thing about it! Never buying again! Rip people OFF!"", 'title: Do not buy! \ntext: Do not buy this! Rip off. The code didn’t work and there is no place to get a refund.']","Several customers have expressed dissatisfaction with the product, citing issues with non-functional codes and the inability to obtain refunds. One user mentioned purchasing the product as a gift, only to find that the code did not work, and reported that Amazon was unable to assist with the issue, leading to a vow never to purchase again due to feeling ripped off [0]. Another user echoed similar sentiments, warning others not to buy the product due to the code not working and the lack of refund options [1].",7.0
Does it not work well,Redeem against anything on PlayStation Store.,45,"[""title: Don't order it. \ntext: It did not work and now I have to call Playstation to try to deal with it.  Such a hassle! Wish I just went to store to buy one."", 'title: DO NOT GET THIS!!! (SCAM!!!!) \ntext: I got this card a $25 card and a $10 card, the $25 card said that it has already been redeemed and then I never even got the code for the $10 one! These are just rip offs, so don’t go out spending your money on these because you can’t even return them.']","Several users have expressed dissatisfaction with the product, describing it as a hassle and a scam. One user reported that the product did not work, necessitating a call to PlayStation for resolution, which they found inconvenient and wished they had avoided by purchasing in-store instead [0]. Another user labeled the product as a scam, recounting their experience with a $25 card that was already redeemed and a $10 card for which they never received a code, emphasizing the inability to return these items and advising against purchasing them [1].",6.25
Does it not work well,Redeem against anything on PlayStation Store.,46,"[""title: Don't order it. \ntext: It did not work and now I have to call Playstation to try to deal with it.  Such a hassle! Wish I just went to store to buy one."", 'title: Bad product but good support from Amazon \ntext: Didnt work. Not like xbox couldnt send code to my grandson in Europe!- code wouldnt work!- but Amazon refunded!']","Several users expressed dissatisfaction with the product, citing issues with functionality and inconvenience. One user mentioned that the product did not work, leading to the hassle of contacting PlayStation for resolution, and regretted not purchasing it directly from a store [0]. Another user reported that the product failed to work as expected, particularly in sending a code to Europe, but noted that Amazon provided a refund, highlighting the company's good customer support despite the product's shortcomings [1].",6.0
Does it not work well,Redeem against anything on PlayStation Store.,47,"[""title: Don't order it. \ntext: It did not work and now I have to call Playstation to try to deal with it.  Such a hassle! Wish I just went to store to buy one."", 'title: Do not buy! \ntext: Do not buy this! Rip off. The code didn’t work and there is no place to get a refund.']","Several users expressed dissatisfaction with the product, citing issues such as non-functional codes and the inconvenience of having to contact customer support for resolution. One user mentioned the hassle of dealing with the problem and regretted not purchasing the product in-store instead [0]. Another user labeled the product as a 'rip off' due to the non-working code and the lack of refund options [1].",6.25
Does it not work well,Redeem against anything on PlayStation Store.,56,"['title: DO NOT GET THIS!!! (SCAM!!!!) \ntext: I got this card a $25 card and a $10 card, the $25 card said that it has already been redeemed and then I never even got the code for the $10 one! These are just rip offs, so don’t go out spending your money on these because you can’t even return them.', 'title: Bad product but good support from Amazon \ntext: Didnt work. Not like xbox couldnt send code to my grandson in Europe!- code wouldnt work!- but Amazon refunded!']","Several users expressed dissatisfaction with the product, describing it as a scam. One user reported purchasing a $25 card that was already redeemed and a $10 card for which they never received the code, labeling the product as a rip-off and cautioning others against buying it due to the inability to return it [0]. Another user mentioned that the product did not work as intended, with a code that failed to function for their grandson in Europe. However, they noted that Amazon provided a refund, highlighting good customer support despite the product's shortcomings [1].",7.0
Does it not work well,Redeem against anything on PlayStation Store.,57,"['title: DO NOT GET THIS!!! (SCAM!!!!) \ntext: I got this card a $25 card and a $10 card, the $25 card said that it has already been redeemed and then I never even got the code for the $10 one! These are just rip offs, so don’t go out spending your money on these because you can’t even return them.', 'title: Do not buy! \ntext: Do not buy this! Rip off. The code didn’t work and there is no place to get a refund.']","Several users have expressed dissatisfaction with a product, describing it as a scam and a rip-off. One user reported purchasing a $25 card that was already redeemed and not receiving the code for a $10 card, emphasizing the inability to return these items[0]. Another user echoed similar sentiments, stating that the code did not work and there was no option for a refund[1].",7.0
Does it not work well,Redeem against anything on PlayStation Store.,67,"['title: Bad product but good support from Amazon \ntext: Didnt work. Not like xbox couldnt send code to my grandson in Europe!- code wouldnt work!- but Amazon refunded!', 'title: Do not buy! \ntext: Do not buy this! Rip off. The code didn’t work and there is no place to get a refund.']","Several users expressed dissatisfaction with a product, specifically mentioning issues with non-functional codes. One user highlighted that the product did not work as expected, particularly in sending a code to a grandson in Europe, although they appreciated Amazon's customer support for providing a refund [0]. Another user strongly advised against purchasing the product, labeling it a rip-off due to the non-working code and the lack of refund options [1].",6.25
Does it not work well,Redeem against anything on PlayStation Store.,012,"['title: This product is unintuitive to use and requires installing software that does not work DONT BUY IT \ntext: This product is unintuitive to use and requires installing software that does not work DONT BUY IT!', 'title: This product took all my money and didn’t give me my digital code really annoying \ntext: I hated this product with all my heart it took all my money and I can’t find my digital code', 'title: Don\'t Buy! \ntext: Code does not even work.  They gave me  ""an already used code"" !  No way to get refunded either!!!  Waste of money!']","Several users expressed dissatisfaction with the product, citing issues with its usability and functionality. One user described the product as unintuitive and criticized the accompanying software for being non-functional, advising others not to purchase it [0]. Another user reported a financial loss, stating that the product took their money without providing the promised digital code, which they found extremely frustrating [1]. Additionally, a third user complained about receiving an already used code and highlighted the lack of a refund option, labeling the purchase as a waste of money [2].",7.25
Does it not work well,Redeem against anything on PlayStation Store.,013,"['title: This product is unintuitive to use and requires installing software that does not work DONT BUY IT \ntext: This product is unintuitive to use and requires installing software that does not work DONT BUY IT!', 'title: This product took all my money and didn’t give me my digital code really annoying \ntext: I hated this product with all my heart it took all my money and I can’t find my digital code', ""title: DO NOT BUY \ntext: I would give a big fat Zero if I could! I bought this for Xmas for my grandson and the code did NOT work! Amazon can't do a thing about it! Never buying again! Rip people OFF!""]","Several users have expressed dissatisfaction with the product, citing issues with its usability and functionality. One user described the product as unintuitive and criticized the accompanying software for being non-functional, advising others not to purchase it [0]. Another user reported a financial loss, stating that the product took their money without providing the promised digital code, which they found extremely frustrating [1]. Additionally, a customer shared their disappointment after buying the product as a gift, only to find that the code did not work, and mentioned that Amazon was unable to assist with the issue, leading them to feel cheated [2].",7.25
Does it not work well,Redeem against anything on PlayStation Store.,014,"['title: This product is unintuitive to use and requires installing software that does not work DONT BUY IT \ntext: This product is unintuitive to use and requires installing software that does not work DONT BUY IT!', 'title: This product took all my money and didn’t give me my digital code really annoying \ntext: I hated this product with all my heart it took all my money and I can’t find my digital code', ""title: Don't order it. \ntext: It did not work and now I have to call Playstation to try to deal with it.  Such a hassle! Wish I just went to store to buy one.""]","Several users expressed dissatisfaction with the product, citing various issues. One user found the product unintuitive and criticized the requirement to install non-functional software, advising others not to purchase it [0]. Another user reported a financial loss, stating that the product took their money without providing the promised digital code, which they found extremely frustrating [1]. Additionally, a user mentioned that the product did not work, necessitating a call to Playstation for resolution, which they described as a hassle, and regretted not purchasing it in-store instead [2].",7.25
Does it not work well,Redeem against anything on PlayStation Store.,015,"['title: This product is unintuitive to use and requires installing software that does not work DONT BUY IT \ntext: This product is unintuitive to use and requires installing software that does not work DONT BUY IT!', 'title: This product took all my money and didn’t give me my digital code really annoying \ntext: I hated this product with all my heart it took all my money and I can’t find my digital code', 'title: DO NOT GET THIS!!! (SCAM!!!!) \ntext: I got this card a $25 card and a $10 card, the $25 card said that it has already been redeemed and then I never even got the code for the $10 one! These are just rip offs, so don’t go out spending your money on these because you can’t even return them.']","Several users have expressed dissatisfaction with the product, citing issues with its usability and functionality. One user described the product as unintuitive and criticized the accompanying software for being non-functional, advising others not to purchase it [0]. Another user reported financial loss, stating that the product took their money without providing the promised digital code, which they found extremely frustrating [1]. Additionally, a user labeled the product as a scam, recounting their experience of purchasing cards that were either already redeemed or did not provide the necessary codes, warning others against spending money on such unreliable products [2].",7.25
Does it not work well,Redeem against anything on PlayStation Store.,016,"['title: This product is unintuitive to use and requires installing software that does not work DONT BUY IT \ntext: This product is unintuitive to use and requires installing software that does not work DONT BUY IT!', 'title: This product took all my money and didn’t give me my digital code really annoying \ntext: I hated this product with all my heart it took all my money and I can’t find my digital code', 'title: Bad product but good support from Amazon \ntext: Didnt work. Not like xbox couldnt send code to my grandson in Europe!- code wouldnt work!- but Amazon refunded!']","Several users expressed dissatisfaction with the product, citing issues such as unintuitive usage and non-functional software that is required for operation, leading to a recommendation against purchasing it [0]. Another user reported a financial loss, as the product failed to deliver a promised digital code, causing significant frustration [1]. Additionally, while one user experienced problems with the product's functionality, particularly with sending a digital code internationally, they noted that Amazon provided good customer support by issuing a refund [2].",7.25
Does it not work well,Redeem against anything on PlayStation Store.,017,"['title: This product is unintuitive to use and requires installing software that does not work DONT BUY IT \ntext: This product is unintuitive to use and requires installing software that does not work DONT BUY IT!', 'title: This product took all my money and didn’t give me my digital code really annoying \ntext: I hated this product with all my heart it took all my money and I can’t find my digital code', 'title: Do not buy! \ntext: Do not buy this! Rip off. The code didn’t work and there is no place to get a refund.']","Several users have expressed dissatisfaction with the product, citing issues such as unintuitive usage and non-functional software that is required for operation, leading to a strong recommendation against purchasing it [0]. Additionally, there are complaints about financial losses, as one user reported that the product took their money without providing the promised digital code [1]. Another user described the product as a rip-off, mentioning that the code provided did not work and there was no option for a refund [2].",7.25
Does it not work well,Redeem against anything on PlayStation Store.,023,"['title: This product is unintuitive to use and requires installing software that does not work DONT BUY IT \ntext: This product is unintuitive to use and requires installing software that does not work DONT BUY IT!', 'title: Don\'t Buy! \ntext: Code does not even work.  They gave me  ""an already used code"" !  No way to get refunded either!!!  Waste of money!', ""title: DO NOT BUY \ntext: I would give a big fat Zero if I could! I bought this for Xmas for my grandson and the code did NOT work! Amazon can't do a thing about it! Never buying again! Rip people OFF!""]","Several users expressed dissatisfaction with the product, citing issues with its usability and functionality. One user described the product as unintuitive and criticized the accompanying software for being non-functional, advising others not to purchase it [0]. Another user reported receiving a code that was already used, with no option for a refund, labeling the purchase as a waste of money [1]. A third user shared a similar experience, stating that the code provided did not work and that Amazon was unable to assist, leading to a feeling of being ripped off [2].",7.25
Does it not work well,Redeem against anything on PlayStation Store.,024,"['title: This product is unintuitive to use and requires installing software that does not work DONT BUY IT \ntext: This product is unintuitive to use and requires installing software that does not work DONT BUY IT!', 'title: Don\'t Buy! \ntext: Code does not even work.  They gave me  ""an already used code"" !  No way to get refunded either!!!  Waste of money!', ""title: Don't order it. \ntext: It did not work and now I have to call Playstation to try to deal with it.  Such a hassle! Wish I just went to store to buy one.""]","Several users have expressed dissatisfaction with the product, citing issues with its usability and functionality. One user described the product as unintuitive and criticized the requirement to install software that ultimately did not work, advising others not to purchase it [0]. Another user reported receiving a code that was already used, with no option for a refund, labeling the purchase as a waste of money [1]. Additionally, a user mentioned the inconvenience of having to contact Playstation for assistance after the product failed to work, suggesting that buying from a store might have been a better option [2].",7.25
Does it not work well,Redeem against anything on PlayStation Store.,025,"['title: This product is unintuitive to use and requires installing software that does not work DONT BUY IT \ntext: This product is unintuitive to use and requires installing software that does not work DONT BUY IT!', 'title: Don\'t Buy! \ntext: Code does not even work.  They gave me  ""an already used code"" !  No way to get refunded either!!!  Waste of money!', 'title: DO NOT GET THIS!!! (SCAM!!!!) \ntext: I got this card a $25 card and a $10 card, the $25 card said that it has already been redeemed and then I never even got the code for the $10 one! These are just rip offs, so don’t go out spending your money on these because you can’t even return them.']","Several users have expressed dissatisfaction with the product, citing issues with its usability and functionality. One user described the product as unintuitive and criticized the accompanying software for being non-functional, advising others not to purchase it [0]. Another user reported receiving a code that had already been used, with no option for a refund, labeling the purchase a waste of money [1]. Additionally, a user shared their experience of buying two cards, one of which was already redeemed, while the other code was never received, calling the product a scam and advising against spending money on it [2].",7.25
Does it not work well,Redeem against anything on PlayStation Store.,026,"['title: This product is unintuitive to use and requires installing software that does not work DONT BUY IT \ntext: This product is unintuitive to use and requires installing software that does not work DONT BUY IT!', 'title: Don\'t Buy! \ntext: Code does not even work.  They gave me  ""an already used code"" !  No way to get refunded either!!!  Waste of money!', 'title: Bad product but good support from Amazon \ntext: Didnt work. Not like xbox couldnt send code to my grandson in Europe!- code wouldnt work!- but Amazon refunded!']","Several users expressed dissatisfaction with the product, citing issues with its usability and functionality. One user described the product as unintuitive and criticized the accompanying software for being non-functional, advising others not to purchase it [0]. Another user reported receiving a code that was already used, highlighting the lack of refund options and labeling the purchase as a waste of money [1]. A third user also experienced problems with the product, noting that the code did not work for their intended use, although they appreciated Amazon's customer support for providing a refund [2].",7.25
Does it not work well,Redeem against anything on PlayStation Store.,027,"['title: This product is unintuitive to use and requires installing software that does not work DONT BUY IT \ntext: This product is unintuitive to use and requires installing software that does not work DONT BUY IT!', 'title: Don\'t Buy! \ntext: Code does not even work.  They gave me  ""an already used code"" !  No way to get refunded either!!!  Waste of money!', 'title: Do not buy! \ntext: Do not buy this! Rip off. The code didn’t work and there is no place to get a refund.']","Several users have expressed dissatisfaction with the product, citing issues with its usability and functionality. One user described the product as unintuitive and criticized the accompanying software for being non-functional, advising others not to purchase it [0]. Another user reported receiving an already used code, which rendered the product unusable, and highlighted the lack of a refund option, calling it a waste of money [1]. Similarly, another comment echoed these sentiments, labeling the product a rip-off due to non-working codes and the absence of a refund mechanism [2].",7.25
Does it not work well,Redeem against anything on PlayStation Store.,034,"['title: This product is unintuitive to use and requires installing software that does not work DONT BUY IT \ntext: This product is unintuitive to use and requires installing software that does not work DONT BUY IT!', ""title: DO NOT BUY \ntext: I would give a big fat Zero if I could! I bought this for Xmas for my grandson and the code did NOT work! Amazon can't do a thing about it! Never buying again! Rip people OFF!"", ""title: Don't order it. \ntext: It did not work and now I have to call Playstation to try to deal with it.  Such a hassle! Wish I just went to store to buy one.""]","Several users expressed dissatisfaction with a product, citing issues with its functionality and customer service. One user described the product as unintuitive and criticized the accompanying software for being non-functional, advising others not to purchase it [0]. Another user shared their frustration over a non-working code purchased as a gift, noting that Amazon was unable to resolve the issue, which led them to feel ripped off [1]. Additionally, a user reported that the product did not work, necessitating a call to PlayStation for resolution, which they found to be a significant inconvenience [2].",7.25
Does it not work well,Redeem against anything on PlayStation Store.,035,"['title: This product is unintuitive to use and requires installing software that does not work DONT BUY IT \ntext: This product is unintuitive to use and requires installing software that does not work DONT BUY IT!', ""title: DO NOT BUY \ntext: I would give a big fat Zero if I could! I bought this for Xmas for my grandson and the code did NOT work! Amazon can't do a thing about it! Never buying again! Rip people OFF!"", 'title: DO NOT GET THIS!!! (SCAM!!!!) \ntext: I got this card a $25 card and a $10 card, the $25 card said that it has already been redeemed and then I never even got the code for the $10 one! These are just rip offs, so don’t go out spending your money on these because you can’t even return them.']","Several users expressed dissatisfaction with a product, describing it as unintuitive and requiring non-functional software, leading to a strong recommendation against purchasing it [0]. Another user reported issues with a product code that did not work, resulting in an inability to resolve the issue through Amazon, and expressed frustration over feeling ripped off [1]. Additionally, a user labeled the product as a scam, citing problems with redeeming a $25 card and not receiving a code for a $10 card, warning others against spending money on these products due to the inability to return them [2].",7.25
Does it not work well,Redeem against anything on PlayStation Store.,036,"['title: This product is unintuitive to use and requires installing software that does not work DONT BUY IT \ntext: This product is unintuitive to use and requires installing software that does not work DONT BUY IT!', ""title: DO NOT BUY \ntext: I would give a big fat Zero if I could! I bought this for Xmas for my grandson and the code did NOT work! Amazon can't do a thing about it! Never buying again! Rip people OFF!"", 'title: Bad product but good support from Amazon \ntext: Didnt work. Not like xbox couldnt send code to my grandson in Europe!- code wouldnt work!- but Amazon refunded!']","Several users expressed dissatisfaction with the product, citing issues with its usability and functionality. One user described the product as unintuitive and criticized the accompanying software for being non-functional, advising others not to purchase it [0]. Another user shared a negative experience where a code provided with the product did not work, and they were unable to resolve the issue through Amazon, leading to frustration and a vow not to purchase again [1]. A third user also reported that the product did not work as expected, particularly with sending a code to Europe, but noted that Amazon provided a refund, highlighting good customer support despite the product's shortcomings [2].",7.25
Does it not work well,Redeem against anything on PlayStation Store.,037,"['title: This product is unintuitive to use and requires installing software that does not work DONT BUY IT \ntext: This product is unintuitive to use and requires installing software that does not work DONT BUY IT!', ""title: DO NOT BUY \ntext: I would give a big fat Zero if I could! I bought this for Xmas for my grandson and the code did NOT work! Amazon can't do a thing about it! Never buying again! Rip people OFF!"", 'title: Do not buy! \ntext: Do not buy this! Rip off. The code didn’t work and there is no place to get a refund.']","Several users expressed dissatisfaction with the product, citing issues with its usability and functionality. One user described the product as unintuitive and criticized the accompanying software for being non-functional, advising others not to purchase it [0]. Another user shared their frustration over a non-working code, which they bought as a gift, and noted that Amazon was unable to assist with the issue, leading them to vow never to purchase the product again [1]. Similarly, another user labeled the product a rip-off due to the non-functional code and the lack of refund options [2].",7.25
Does it not work well,Redeem against anything on PlayStation Store.,045,"['title: This product is unintuitive to use and requires installing software that does not work DONT BUY IT \ntext: This product is unintuitive to use and requires installing software that does not work DONT BUY IT!', ""title: Don't order it. \ntext: It did not work and now I have to call Playstation to try to deal with it.  Such a hassle! Wish I just went to store to buy one."", 'title: DO NOT GET THIS!!! (SCAM!!!!) \ntext: I got this card a $25 card and a $10 card, the $25 card said that it has already been redeemed and then I never even got the code for the $10 one! These are just rip offs, so don’t go out spending your money on these because you can’t even return them.']","Several users have expressed dissatisfaction with the product, citing issues with its usability and functionality. One user described the product as unintuitive and criticized the accompanying software, which they claim does not work, advising others not to purchase it [0]. Another user reported that the product did not function as expected, leading to the inconvenience of having to contact customer support for resolution, and expressed regret for not purchasing it in-store [1]. Additionally, a user labeled the product as a scam, sharing their experience of purchasing gift cards that were either already redeemed or did not provide a code, warning others against spending money on such items [2].",7.25
Does it not work well,Redeem against anything on PlayStation Store.,046,"['title: This product is unintuitive to use and requires installing software that does not work DONT BUY IT \ntext: This product is unintuitive to use and requires installing software that does not work DONT BUY IT!', ""title: Don't order it. \ntext: It did not work and now I have to call Playstation to try to deal with it.  Such a hassle! Wish I just went to store to buy one."", 'title: Bad product but good support from Amazon \ntext: Didnt work. Not like xbox couldnt send code to my grandson in Europe!- code wouldnt work!- but Amazon refunded!']","Several users expressed dissatisfaction with the product, citing issues with its functionality and the associated software. One user described the product as unintuitive and criticized the software required for its operation, advising others not to purchase it due to these shortcomings [0]. Another user reported that the product did not work, leading to the inconvenience of having to contact PlayStation for resolution, which they found to be a hassle [1]. Additionally, a user mentioned that the product failed to work as expected, particularly in sending a code to Europe, but noted that Amazon provided a refund, highlighting the company's good customer support despite the product's failure [2].",7.25
Does it not work well,Redeem against anything on PlayStation Store.,047,"['title: This product is unintuitive to use and requires installing software that does not work DONT BUY IT \ntext: This product is unintuitive to use and requires installing software that does not work DONT BUY IT!', ""title: Don't order it. \ntext: It did not work and now I have to call Playstation to try to deal with it.  Such a hassle! Wish I just went to store to buy one."", 'title: Do not buy! \ntext: Do not buy this! Rip off. The code didn’t work and there is no place to get a refund.']","Several users expressed dissatisfaction with the product, citing issues with its usability and functionality. One user described the product as unintuitive and criticized the accompanying software for being non-functional, advising others not to purchase it [0]. Another user reported that the product did not work, leading to the inconvenience of having to contact Playstation for support, and expressed regret for not purchasing it in-store [1]. Additionally, a user labeled the product as a rip-off, mentioning that the code provided did not work and there was no option for a refund [2].",7.25
Does it not work well,Redeem against anything on PlayStation Store.,056,"['title: This product is unintuitive to use and requires installing software that does not work DONT BUY IT \ntext: This product is unintuitive to use and requires installing software that does not work DONT BUY IT!', 'title: DO NOT GET THIS!!! (SCAM!!!!) \ntext: I got this card a $25 card and a $10 card, the $25 card said that it has already been redeemed and then I never even got the code for the $10 one! These are just rip offs, so don’t go out spending your money on these because you can’t even return them.', 'title: Bad product but good support from Amazon \ntext: Didnt work. Not like xbox couldnt send code to my grandson in Europe!- code wouldnt work!- but Amazon refunded!']","Several users have expressed dissatisfaction with the product, citing issues such as unintuitive usage and non-functional software that is required for operation, leading to a strong recommendation against purchasing it [0]. Another user described the product as a scam, reporting that a $25 card was already redeemed and a $10 card never provided a code, making them feel ripped off [1]. Despite these negative experiences, one user noted that while the product did not work as intended, Amazon provided good support by issuing a refund [2].",7.25
Does it not work well,Redeem against anything on PlayStation Store.,057,"['title: This product is unintuitive to use and requires installing software that does not work DONT BUY IT \ntext: This product is unintuitive to use and requires installing software that does not work DONT BUY IT!', 'title: DO NOT GET THIS!!! (SCAM!!!!) \ntext: I got this card a $25 card and a $10 card, the $25 card said that it has already been redeemed and then I never even got the code for the $10 one! These are just rip offs, so don’t go out spending your money on these because you can’t even return them.', 'title: Do not buy! \ntext: Do not buy this! Rip off. The code didn’t work and there is no place to get a refund.']","Several users have expressed dissatisfaction with a product, citing issues with its usability and functionality. One user described the product as unintuitive and criticized the accompanying software for being non-functional, advising others not to purchase it [0]. Another user reported problems with gift cards, stating that a $25 card was already redeemed and a $10 card did not provide a code, labeling the product as a scam and warning against spending money on it [1]. Additionally, a user complained about a non-working code and the lack of a refund option, further reinforcing the sentiment that the product is a rip-off [2].",7.25
Does it not work well,Redeem against anything on PlayStation Store.,067,"['title: This product is unintuitive to use and requires installing software that does not work DONT BUY IT \ntext: This product is unintuitive to use and requires installing software that does not work DONT BUY IT!', 'title: Bad product but good support from Amazon \ntext: Didnt work. Not like xbox couldnt send code to my grandson in Europe!- code wouldnt work!- but Amazon refunded!', 'title: Do not buy! \ntext: Do not buy this! Rip off. The code didn’t work and there is no place to get a refund.']","Several users expressed dissatisfaction with the product, describing it as unintuitive and problematic due to non-functional software requirements, advising others not to purchase it [0]. Another user reported that the product did not work as expected, specifically mentioning issues with sending a code to Europe, although they appreciated Amazon's customer support for providing a refund [1]. Additionally, a user labeled the product as a rip-off, citing non-functional codes and the absence of a refund option [2].",7.25
Does it not work well,Redeem against anything on PlayStation Store.,123,"['title: This product took all my money and didn’t give me my digital code really annoying \ntext: I hated this product with all my heart it took all my money and I can’t find my digital code', 'title: Don\'t Buy! \ntext: Code does not even work.  They gave me  ""an already used code"" !  No way to get refunded either!!!  Waste of money!', ""title: DO NOT BUY \ntext: I would give a big fat Zero if I could! I bought this for Xmas for my grandson and the code did NOT work! Amazon can't do a thing about it! Never buying again! Rip people OFF!""]","Several users expressed dissatisfaction with a product due to issues with digital codes. One user reported that the product took their money without providing the promised digital code, causing significant frustration [0]. Another user complained that the code they received was already used and highlighted the lack of a refund option, describing the purchase as a waste of money [1]. A third user shared a similar experience, stating that the code did not work and criticized the inability of the retailer to resolve the issue, labeling the product as a rip-off [2].",7.25
Does it not work well,Redeem against anything on PlayStation Store.,124,"['title: This product took all my money and didn’t give me my digital code really annoying \ntext: I hated this product with all my heart it took all my money and I can’t find my digital code', 'title: Don\'t Buy! \ntext: Code does not even work.  They gave me  ""an already used code"" !  No way to get refunded either!!!  Waste of money!', ""title: Don't order it. \ntext: It did not work and now I have to call Playstation to try to deal with it.  Such a hassle! Wish I just went to store to buy one.""]","Several users expressed dissatisfaction with a product due to issues with digital codes. One user reported that the product took their money without providing the promised digital code, leading to significant frustration [0]. Another user complained about receiving a code that was already used, with no option for a refund, describing the purchase as a waste of money [1]. Additionally, a user mentioned the inconvenience of having to contact Playstation to resolve the issue, suggesting that purchasing in-store might have been a better option [2].",7.25
Does it not work well,Redeem against anything on PlayStation Store.,125,"['title: This product took all my money and didn’t give me my digital code really annoying \ntext: I hated this product with all my heart it took all my money and I can’t find my digital code', 'title: Don\'t Buy! \ntext: Code does not even work.  They gave me  ""an already used code"" !  No way to get refunded either!!!  Waste of money!', 'title: DO NOT GET THIS!!! (SCAM!!!!) \ntext: I got this card a $25 card and a $10 card, the $25 card said that it has already been redeemed and then I never even got the code for the $10 one! These are just rip offs, so don’t go out spending your money on these because you can’t even return them.']","Several users have expressed significant dissatisfaction with a product, citing issues with digital codes. One user reported that the product took their money without providing the promised digital code, leading to frustration and disappointment [0]. Another user experienced a similar problem, receiving a code that was already used and facing difficulties in obtaining a refund, which they described as a waste of money [1]. Additionally, a third user purchased two cards, one of which was already redeemed, and the other did not provide a code at all, labeling the product as a scam and advising others not to purchase it due to the inability to return it [2].",7.25
Does it not work well,Redeem against anything on PlayStation Store.,126,"['title: This product took all my money and didn’t give me my digital code really annoying \ntext: I hated this product with all my heart it took all my money and I can’t find my digital code', 'title: Don\'t Buy! \ntext: Code does not even work.  They gave me  ""an already used code"" !  No way to get refunded either!!!  Waste of money!', 'title: Bad product but good support from Amazon \ntext: Didnt work. Not like xbox couldnt send code to my grandson in Europe!- code wouldnt work!- but Amazon refunded!']","Several users expressed dissatisfaction with a product due to issues with digital codes. One user reported that the product took their money without providing the promised digital code, leading to significant frustration [0]. Another user experienced a similar issue, receiving a code that was already used and facing difficulties in obtaining a refund, describing the purchase as a waste of money [1]. A third user also encountered a non-functional code, but noted that Amazon provided a refund, highlighting a positive aspect of customer support despite the product's failure [2].",7.25
Does it not work well,Redeem against anything on PlayStation Store.,127,"['title: This product took all my money and didn’t give me my digital code really annoying \ntext: I hated this product with all my heart it took all my money and I can’t find my digital code', 'title: Don\'t Buy! \ntext: Code does not even work.  They gave me  ""an already used code"" !  No way to get refunded either!!!  Waste of money!', 'title: Do not buy! \ntext: Do not buy this! Rip off. The code didn’t work and there is no place to get a refund.']","Several users expressed dissatisfaction with a product due to issues with digital codes. One user reported that the product took their money without providing the promised digital code, leading to significant frustration [0]. Another user complained about receiving an already used code and highlighted the lack of refund options, describing the purchase as a waste of money [1]. Similarly, another comment labeled the product as a rip-off, citing non-functional codes and the absence of a refund mechanism [2].",7.25
Does it not work well,Redeem against anything on PlayStation Store.,134,"['title: This product took all my money and didn’t give me my digital code really annoying \ntext: I hated this product with all my heart it took all my money and I can’t find my digital code', ""title: DO NOT BUY \ntext: I would give a big fat Zero if I could! I bought this for Xmas for my grandson and the code did NOT work! Amazon can't do a thing about it! Never buying again! Rip people OFF!"", ""title: Don't order it. \ntext: It did not work and now I have to call Playstation to try to deal with it.  Such a hassle! Wish I just went to store to buy one.""]","Several users expressed dissatisfaction with a product due to issues with digital codes. One user reported that the product took their money without providing the promised digital code, leading to significant frustration [0]. Another user warned others not to purchase the product, as the code they received did not work, and they were unable to get assistance from Amazon, feeling ripped off [1]. A third user shared their disappointment, stating that the product did not work and required them to contact Playstation for resolution, which they found to be a hassle [2].",7.25
Does it not work well,Redeem against anything on PlayStation Store.,135,"['title: This product took all my money and didn’t give me my digital code really annoying \ntext: I hated this product with all my heart it took all my money and I can’t find my digital code', ""title: DO NOT BUY \ntext: I would give a big fat Zero if I could! I bought this for Xmas for my grandson and the code did NOT work! Amazon can't do a thing about it! Never buying again! Rip people OFF!"", 'title: DO NOT GET THIS!!! (SCAM!!!!) \ntext: I got this card a $25 card and a $10 card, the $25 card said that it has already been redeemed and then I never even got the code for the $10 one! These are just rip offs, so don’t go out spending your money on these because you can’t even return them.']","Several users expressed dissatisfaction with a product due to issues with digital codes. One user reported that the product took their money without providing the promised digital code, leading to significant frustration [0]. Another user shared a similar experience, stating that the code they received did not work and that customer service was unable to assist, resulting in a negative purchasing experience [1]. Additionally, a third user described the product as a scam, noting that one card was already redeemed and another code was never received, emphasizing the inability to return the product [2].",7.25
Does it not work well,Redeem against anything on PlayStation Store.,136,"['title: This product took all my money and didn’t give me my digital code really annoying \ntext: I hated this product with all my heart it took all my money and I can’t find my digital code', ""title: DO NOT BUY \ntext: I would give a big fat Zero if I could! I bought this for Xmas for my grandson and the code did NOT work! Amazon can't do a thing about it! Never buying again! Rip people OFF!"", 'title: Bad product but good support from Amazon \ntext: Didnt work. Not like xbox couldnt send code to my grandson in Europe!- code wouldnt work!- but Amazon refunded!']","Several users expressed dissatisfaction with a product due to issues with digital codes. One user reported that the product took their money without providing the promised digital code, leading to significant frustration [0]. Another user warned others not to buy the product, as the code they received did not work, and they were unable to get assistance from Amazon, describing the experience as a rip-off [1]. A third user also encountered a non-functional code but noted that Amazon provided a refund, highlighting the company's supportive customer service despite the product's shortcomings [2].",7.25
Does it not work well,Redeem against anything on PlayStation Store.,137,"['title: This product took all my money and didn’t give me my digital code really annoying \ntext: I hated this product with all my heart it took all my money and I can’t find my digital code', ""title: DO NOT BUY \ntext: I would give a big fat Zero if I could! I bought this for Xmas for my grandson and the code did NOT work! Amazon can't do a thing about it! Never buying again! Rip people OFF!"", 'title: Do not buy! \ntext: Do not buy this! Rip off. The code didn’t work and there is no place to get a refund.']","Several users expressed dissatisfaction with a product due to issues with digital codes. One user reported that the product took their money without providing the promised digital code, causing significant frustration [0]. Another user shared a similar experience, stating that the code they received did not work and that Amazon was unable to assist, leading to a vow never to purchase again [1]. A third user echoed these sentiments, describing the product as a rip-off due to the non-functional code and lack of refund options [2].",7.25
Does it not work well,Redeem against anything on PlayStation Store.,145,"['title: This product took all my money and didn’t give me my digital code really annoying \ntext: I hated this product with all my heart it took all my money and I can’t find my digital code', ""title: Don't order it. \ntext: It did not work and now I have to call Playstation to try to deal with it.  Such a hassle! Wish I just went to store to buy one."", 'title: DO NOT GET THIS!!! (SCAM!!!!) \ntext: I got this card a $25 card and a $10 card, the $25 card said that it has already been redeemed and then I never even got the code for the $10 one! These are just rip offs, so don’t go out spending your money on these because you can’t even return them.']","Several users expressed dissatisfaction with a product, describing it as a scam and a rip-off. One user reported that the product took their money without providing the promised digital code, causing significant frustration [0]. Another user mentioned that the product did not work, necessitating a call to Playstation for resolution, which they found to be a hassle [1]. A third user shared a similar experience, stating that a $25 card was already redeemed and a $10 card never provided a code, emphasizing that these products are non-returnable and advising others not to waste their money [2].",7.25
Does it not work well,Redeem against anything on PlayStation Store.,146,"['title: This product took all my money and didn’t give me my digital code really annoying \ntext: I hated this product with all my heart it took all my money and I can’t find my digital code', ""title: Don't order it. \ntext: It did not work and now I have to call Playstation to try to deal with it.  Such a hassle! Wish I just went to store to buy one."", 'title: Bad product but good support from Amazon \ntext: Didnt work. Not like xbox couldnt send code to my grandson in Europe!- code wouldnt work!- but Amazon refunded!']","Several users expressed dissatisfaction with a product that failed to deliver the promised digital code, causing significant frustration. One user reported that the product took their money without providing the digital code, leading to a strong negative reaction [0]. Another user mentioned that the product did not work, necessitating a call to PlayStation for resolution, which they found to be a hassle [1]. A third user experienced issues with the product's functionality, as it failed to send a code to their grandson in Europe, although they appreciated Amazon's support in providing a refund [2].",7.25
Does it not work well,Redeem against anything on PlayStation Store.,147,"['title: This product took all my money and didn’t give me my digital code really annoying \ntext: I hated this product with all my heart it took all my money and I can’t find my digital code', ""title: Don't order it. \ntext: It did not work and now I have to call Playstation to try to deal with it.  Such a hassle! Wish I just went to store to buy one."", 'title: Do not buy! \ntext: Do not buy this! Rip off. The code didn’t work and there is no place to get a refund.']","Several users expressed dissatisfaction with a product, citing issues with digital codes and customer service. One user reported that the product took their money without providing the promised digital code, leading to significant frustration [0]. Another user mentioned that the product did not work, necessitating a call to Playstation for resolution, which they found to be a hassle [1]. Additionally, a user labeled the product a 'rip off' due to a non-functional code and the absence of a refund option [2].",7.25
Does it not work well,Redeem against anything on PlayStation Store.,156,"['title: This product took all my money and didn’t give me my digital code really annoying \ntext: I hated this product with all my heart it took all my money and I can’t find my digital code', 'title: DO NOT GET THIS!!! (SCAM!!!!) \ntext: I got this card a $25 card and a $10 card, the $25 card said that it has already been redeemed and then I never even got the code for the $10 one! These are just rip offs, so don’t go out spending your money on these because you can’t even return them.', 'title: Bad product but good support from Amazon \ntext: Didnt work. Not like xbox couldnt send code to my grandson in Europe!- code wouldnt work!- but Amazon refunded!']","Several users expressed dissatisfaction with a product due to issues with digital codes. One user reported that the product took their money without providing the promised digital code, leading to significant frustration [0]. Another user described the product as a scam, stating that a $25 card was already redeemed and a $10 card never provided a code, warning others against purchasing these products due to the inability to return them [1]. A third user experienced a similar issue with a non-functional code but noted that Amazon provided a refund, highlighting the company's supportive customer service despite the product's failure [2].",7.25
Does it not work well,Redeem against anything on PlayStation Store.,157,"['title: This product took all my money and didn’t give me my digital code really annoying \ntext: I hated this product with all my heart it took all my money and I can’t find my digital code', 'title: DO NOT GET THIS!!! (SCAM!!!!) \ntext: I got this card a $25 card and a $10 card, the $25 card said that it has already been redeemed and then I never even got the code for the $10 one! These are just rip offs, so don’t go out spending your money on these because you can’t even return them.', 'title: Do not buy! \ntext: Do not buy this! Rip off. The code didn’t work and there is no place to get a refund.']","Several users have expressed dissatisfaction with a product, describing it as a scam and a rip-off. One user reported that the product took their money without providing the promised digital code, leaving them frustrated and annoyed [0]. Another user shared a similar experience, stating that a $25 card was already redeemed and they never received the code for a $10 card, emphasizing that these products are non-refundable and advising others not to purchase them [1]. A third user echoed these sentiments, warning others not to buy the product as the code did not work and there was no option for a refund [2].",7.25
Does it not work well,Redeem against anything on PlayStation Store.,167,"['title: This product took all my money and didn’t give me my digital code really annoying \ntext: I hated this product with all my heart it took all my money and I can’t find my digital code', 'title: Bad product but good support from Amazon \ntext: Didnt work. Not like xbox couldnt send code to my grandson in Europe!- code wouldnt work!- but Amazon refunded!', 'title: Do not buy! \ntext: Do not buy this! Rip off. The code didn’t work and there is no place to get a refund.']","Several users expressed dissatisfaction with a product due to issues with digital codes. One user reported that the product took their money without providing the promised digital code, leading to significant frustration [0]. Another user experienced a similar problem where the code did not work, although they noted that Amazon provided good support by issuing a refund [1]. A third user warned others not to buy the product, describing it as a rip-off because the code was non-functional and there was no apparent way to obtain a refund [2].",7.25
Does it not work well,Redeem against anything on PlayStation Store.,234,"['title: Don\'t Buy! \ntext: Code does not even work.  They gave me  ""an already used code"" !  No way to get refunded either!!!  Waste of money!', ""title: DO NOT BUY \ntext: I would give a big fat Zero if I could! I bought this for Xmas for my grandson and the code did NOT work! Amazon can't do a thing about it! Never buying again! Rip people OFF!"", ""title: Don't order it. \ntext: It did not work and now I have to call Playstation to try to deal with it.  Such a hassle! Wish I just went to store to buy one.""]","Several customers have expressed dissatisfaction with a product due to non-functional codes and poor customer service. One user reported receiving an already used code and being unable to obtain a refund, describing the purchase as a waste of money [0]. Another customer shared a similar experience, stating that the code they purchased for a gift did not work and that Amazon was unable to assist, leading them to feel ripped off [1]. Additionally, a user mentioned the inconvenience of having to contact Playstation directly to resolve the issue, wishing they had purchased the product in-store instead [2].",7.25
Does it not work well,Redeem against anything on PlayStation Store.,235,"['title: Don\'t Buy! \ntext: Code does not even work.  They gave me  ""an already used code"" !  No way to get refunded either!!!  Waste of money!', ""title: DO NOT BUY \ntext: I would give a big fat Zero if I could! I bought this for Xmas for my grandson and the code did NOT work! Amazon can't do a thing about it! Never buying again! Rip people OFF!"", 'title: DO NOT GET THIS!!! (SCAM!!!!) \ntext: I got this card a $25 card and a $10 card, the $25 card said that it has already been redeemed and then I never even got the code for the $10 one! These are just rip offs, so don’t go out spending your money on these because you can’t even return them.']","Several users have expressed dissatisfaction with a product, citing issues with non-functional codes and lack of refund options. One user reported receiving an already used code and being unable to obtain a refund, describing the purchase as a waste of money [0]. Another user shared a similar experience, stating that the code did not work and that Amazon could not assist, leading to a vow never to purchase again due to feeling ripped off [1]. Additionally, a third user mentioned purchasing two cards, one of which was already redeemed, and not receiving the code for the other, labeling the product as a scam and advising against buying it due to the inability to return it [2].",7.25
Does it not work well,Redeem against anything on PlayStation Store.,236,"['title: Don\'t Buy! \ntext: Code does not even work.  They gave me  ""an already used code"" !  No way to get refunded either!!!  Waste of money!', ""title: DO NOT BUY \ntext: I would give a big fat Zero if I could! I bought this for Xmas for my grandson and the code did NOT work! Amazon can't do a thing about it! Never buying again! Rip people OFF!"", 'title: Bad product but good support from Amazon \ntext: Didnt work. Not like xbox couldnt send code to my grandson in Europe!- code wouldnt work!- but Amazon refunded!']","Several customers expressed dissatisfaction with a product due to non-functional codes and refund issues. One user reported receiving an already used code and being unable to obtain a refund, describing the purchase as a waste of money [0]. Another customer shared a similar experience, stating that the code did not work for a Christmas gift, and Amazon was unable to assist, leading to a vow never to purchase again due to feeling ripped off [1]. A third comment noted that while the product did not work, Amazon provided a refund, highlighting a contrast between the product's failure and the support received [2].",7.25
Does it not work well,Redeem against anything on PlayStation Store.,237,"['title: Don\'t Buy! \ntext: Code does not even work.  They gave me  ""an already used code"" !  No way to get refunded either!!!  Waste of money!', ""title: DO NOT BUY \ntext: I would give a big fat Zero if I could! I bought this for Xmas for my grandson and the code did NOT work! Amazon can't do a thing about it! Never buying again! Rip people OFF!"", 'title: Do not buy! \ntext: Do not buy this! Rip off. The code didn’t work and there is no place to get a refund.']","Several customers have expressed dissatisfaction with a product, citing issues with non-functional codes and the inability to obtain refunds. One user reported receiving an already used code and described the purchase as a waste of money, with no refund options available [0]. Another customer shared a similar experience, stating that the code they purchased for a Christmas gift did not work, and Amazon was unable to assist, leading them to vow never to purchase again [1]. A third user echoed these sentiments, labeling the product a rip-off due to the non-working code and lack of refund options [2].",7.25
Does it not work well,Redeem against anything on PlayStation Store.,245,"['title: Don\'t Buy! \ntext: Code does not even work.  They gave me  ""an already used code"" !  No way to get refunded either!!!  Waste of money!', ""title: Don't order it. \ntext: It did not work and now I have to call Playstation to try to deal with it.  Such a hassle! Wish I just went to store to buy one."", 'title: DO NOT GET THIS!!! (SCAM!!!!) \ntext: I got this card a $25 card and a $10 card, the $25 card said that it has already been redeemed and then I never even got the code for the $10 one! These are just rip offs, so don’t go out spending your money on these because you can’t even return them.']","Several users have expressed dissatisfaction with a product, describing it as a scam and a waste of money. One user reported receiving a code that had already been used and faced difficulties in obtaining a refund, labeling the purchase as a waste of money [0]. Another user experienced similar issues, having to contact Playstation to resolve the problem, which they described as a hassle [1]. A third user purchased two cards, one of which was already redeemed, and never received the code for the other, warning others not to spend money on these products as they cannot be returned [2].",7.25
Does it not work well,Redeem against anything on PlayStation Store.,246,"['title: Don\'t Buy! \ntext: Code does not even work.  They gave me  ""an already used code"" !  No way to get refunded either!!!  Waste of money!', ""title: Don't order it. \ntext: It did not work and now I have to call Playstation to try to deal with it.  Such a hassle! Wish I just went to store to buy one."", 'title: Bad product but good support from Amazon \ntext: Didnt work. Not like xbox couldnt send code to my grandson in Europe!- code wouldnt work!- but Amazon refunded!']","Several users expressed dissatisfaction with a product, citing issues with non-functional codes and difficulties in obtaining refunds. One user reported receiving an already used code and being unable to secure a refund, describing the purchase as a waste of money [0]. Another user mentioned the inconvenience of having to contact PlayStation for resolution, wishing they had opted for an in-store purchase instead [1]. Despite the product's failure, one user noted that Amazon provided good support by issuing a refund, although the code did not work for their intended recipient in Europe [2].",7.25
Does it not work well,Redeem against anything on PlayStation Store.,247,"['title: Don\'t Buy! \ntext: Code does not even work.  They gave me  ""an already used code"" !  No way to get refunded either!!!  Waste of money!', ""title: Don't order it. \ntext: It did not work and now I have to call Playstation to try to deal with it.  Such a hassle! Wish I just went to store to buy one."", 'title: Do not buy! \ntext: Do not buy this! Rip off. The code didn’t work and there is no place to get a refund.']","Several users expressed dissatisfaction with a product, citing issues with non-functional codes and the inability to obtain refunds. One user reported receiving a code that had already been used and expressed frustration over the lack of refund options, describing the purchase as a waste of money [0]. Another user mentioned the inconvenience of having to contact Playstation to resolve the issue, wishing they had purchased the product in-store instead [1]. A third user labeled the product a rip-off, reiterating that the code did not work and there was no way to get a refund [2].",7.25
Does it not work well,Redeem against anything on PlayStation Store.,256,"['title: Don\'t Buy! \ntext: Code does not even work.  They gave me  ""an already used code"" !  No way to get refunded either!!!  Waste of money!', 'title: DO NOT GET THIS!!! (SCAM!!!!) \ntext: I got this card a $25 card and a $10 card, the $25 card said that it has already been redeemed and then I never even got the code for the $10 one! These are just rip offs, so don’t go out spending your money on these because you can’t even return them.', 'title: Bad product but good support from Amazon \ntext: Didnt work. Not like xbox couldnt send code to my grandson in Europe!- code wouldnt work!- but Amazon refunded!']","Several users have expressed dissatisfaction with the product, citing issues with receiving already used codes and the inability to obtain refunds. One user reported receiving a code that was already used and faced difficulties in getting a refund, describing the purchase as a waste of money [0]. Another user labeled the product as a scam, stating that a $25 card was already redeemed and they never received the code for a $10 card, warning others not to spend money on these products due to the lack of return options [1]. A third user also experienced a non-functional product, although they noted that Amazon provided a refund, highlighting a contrast between the product's failure and Amazon's customer support [2].",7.25
Does it not work well,Redeem against anything on PlayStation Store.,257,"['title: Don\'t Buy! \ntext: Code does not even work.  They gave me  ""an already used code"" !  No way to get refunded either!!!  Waste of money!', 'title: DO NOT GET THIS!!! (SCAM!!!!) \ntext: I got this card a $25 card and a $10 card, the $25 card said that it has already been redeemed and then I never even got the code for the $10 one! These are just rip offs, so don’t go out spending your money on these because you can’t even return them.', 'title: Do not buy! \ntext: Do not buy this! Rip off. The code didn’t work and there is no place to get a refund.']","Several users have expressed dissatisfaction with a product, describing it as a scam and a waste of money. One user reported receiving a code that had already been used and faced difficulties obtaining a refund, labeling the purchase as a waste of money [0]. Another user shared a similar experience, purchasing two cards, one of which was already redeemed, and not receiving the code for the other, warning others not to spend money on these products as they cannot be returned [1]. A third user echoed these sentiments, calling the product a rip-off due to non-functional codes and the lack of refund options [2].",7.25
Does it not work well,Redeem against anything on PlayStation Store.,267,"['title: Don\'t Buy! \ntext: Code does not even work.  They gave me  ""an already used code"" !  No way to get refunded either!!!  Waste of money!', 'title: Bad product but good support from Amazon \ntext: Didnt work. Not like xbox couldnt send code to my grandson in Europe!- code wouldnt work!- but Amazon refunded!', 'title: Do not buy! \ntext: Do not buy this! Rip off. The code didn’t work and there is no place to get a refund.']","Several users expressed dissatisfaction with a product due to non-functional codes and refund issues. One user reported receiving an already used code and faced difficulties in obtaining a refund, describing the purchase as a waste of money [0]. Another user mentioned that the product did not work as expected, particularly highlighting issues with sending a code to Europe, but noted that Amazon provided a refund [1]. A third user labeled the product a rip-off, citing non-working codes and the absence of a refund option [2].",7.25
Does it not work well,Redeem against anything on PlayStation Store.,345,"[""title: DO NOT BUY \ntext: I would give a big fat Zero if I could! I bought this for Xmas for my grandson and the code did NOT work! Amazon can't do a thing about it! Never buying again! Rip people OFF!"", ""title: Don't order it. \ntext: It did not work and now I have to call Playstation to try to deal with it.  Such a hassle! Wish I just went to store to buy one."", 'title: DO NOT GET THIS!!! (SCAM!!!!) \ntext: I got this card a $25 card and a $10 card, the $25 card said that it has already been redeemed and then I never even got the code for the $10 one! These are just rip offs, so don’t go out spending your money on these because you can’t even return them.']","Several users have expressed dissatisfaction with the product, describing it as a scam and a rip-off. One user reported that the code for a gift card purchased as a Christmas gift did not work, and they were unable to get assistance from Amazon, leading to a vow never to purchase again [0]. Another user faced similar issues, finding the process of resolving the problem with PlayStation to be a hassle and regretting not buying from a physical store [1]. Additionally, a user mentioned purchasing two cards, one of which was already redeemed, and the other never provided a code, emphasizing the inability to return these items [2].",7.25
Does it not work well,Redeem against anything on PlayStation Store.,346,"[""title: DO NOT BUY \ntext: I would give a big fat Zero if I could! I bought this for Xmas for my grandson and the code did NOT work! Amazon can't do a thing about it! Never buying again! Rip people OFF!"", ""title: Don't order it. \ntext: It did not work and now I have to call Playstation to try to deal with it.  Such a hassle! Wish I just went to store to buy one."", 'title: Bad product but good support from Amazon \ntext: Didnt work. Not like xbox couldnt send code to my grandson in Europe!- code wouldnt work!- but Amazon refunded!']","Several customers expressed dissatisfaction with a product, citing issues with non-functional codes. One user reported that the code they purchased for their grandson did not work, and they were unable to resolve the issue through Amazon, leading to frustration and a vow not to purchase again due to feeling ripped off [0]. Another customer faced similar problems, having to contact Playstation directly to address the issue, which they described as a hassle [1]. A third user also experienced a non-working code but noted that Amazon provided a refund, although the product itself was unsatisfactory [2].",7.25
Does it not work well,Redeem against anything on PlayStation Store.,347,"[""title: DO NOT BUY \ntext: I would give a big fat Zero if I could! I bought this for Xmas for my grandson and the code did NOT work! Amazon can't do a thing about it! Never buying again! Rip people OFF!"", ""title: Don't order it. \ntext: It did not work and now I have to call Playstation to try to deal with it.  Such a hassle! Wish I just went to store to buy one."", 'title: Do not buy! \ntext: Do not buy this! Rip off. The code didn’t work and there is no place to get a refund.']","Several customers expressed dissatisfaction with a product, citing issues with non-functional codes and poor customer service. One user mentioned that the code they received did not work, and Amazon was unable to assist, leading to frustration and a vow to never purchase again due to feeling ripped off [0]. Another user shared a similar experience, noting the inconvenience of having to contact Playstation for resolution, which they found to be a hassle [1]. A third user reiterated these concerns, emphasizing the lack of a refund option and labeling the product as a rip-off [2].",7.25
Does it not work well,Redeem against anything on PlayStation Store.,356,"[""title: DO NOT BUY \ntext: I would give a big fat Zero if I could! I bought this for Xmas for my grandson and the code did NOT work! Amazon can't do a thing about it! Never buying again! Rip people OFF!"", 'title: DO NOT GET THIS!!! (SCAM!!!!) \ntext: I got this card a $25 card and a $10 card, the $25 card said that it has already been redeemed and then I never even got the code for the $10 one! These are just rip offs, so don’t go out spending your money on these because you can’t even return them.', 'title: Bad product but good support from Amazon \ntext: Didnt work. Not like xbox couldnt send code to my grandson in Europe!- code wouldnt work!- but Amazon refunded!']","Several customers have expressed dissatisfaction with a product, describing it as a scam and a rip-off. One user reported that a code for a gift purchased for their grandson did not work, and they were unable to resolve the issue through Amazon, leading to a vow never to purchase again [0]. Another customer experienced similar issues with gift cards, where one card was already redeemed and another did not provide a code, warning others not to waste their money as returns are not possible [1]. A third user also faced problems with the product not working, although they noted that Amazon provided a refund, highlighting a positive aspect of customer support despite the product's failure [2].",7.25
Does it not work well,Redeem against anything on PlayStation Store.,357,"[""title: DO NOT BUY \ntext: I would give a big fat Zero if I could! I bought this for Xmas for my grandson and the code did NOT work! Amazon can't do a thing about it! Never buying again! Rip people OFF!"", 'title: DO NOT GET THIS!!! (SCAM!!!!) \ntext: I got this card a $25 card and a $10 card, the $25 card said that it has already been redeemed and then I never even got the code for the $10 one! These are just rip offs, so don’t go out spending your money on these because you can’t even return them.', 'title: Do not buy! \ntext: Do not buy this! Rip off. The code didn’t work and there is no place to get a refund.']","Several customers have expressed dissatisfaction with a product, describing it as a scam and a rip-off. One user reported purchasing the product as a gift, only to find that the code provided did not work, and they were unable to receive assistance from Amazon, leading to a vow never to purchase again [0]. Another user experienced issues with two cards, one of which was already redeemed, and the other lacked a code entirely, emphasizing the inability to return the product [1]. A third user echoed these sentiments, stating that the code was non-functional and there was no option for a refund [2].",7.25
Does it not work well,Redeem against anything on PlayStation Store.,367,"[""title: DO NOT BUY \ntext: I would give a big fat Zero if I could! I bought this for Xmas for my grandson and the code did NOT work! Amazon can't do a thing about it! Never buying again! Rip people OFF!"", 'title: Bad product but good support from Amazon \ntext: Didnt work. Not like xbox couldnt send code to my grandson in Europe!- code wouldnt work!- but Amazon refunded!', 'title: Do not buy! \ntext: Do not buy this! Rip off. The code didn’t work and there is no place to get a refund.']","Several customers expressed dissatisfaction with a product, citing issues with non-functional codes. One user mentioned that the code they purchased as a gift did not work, and they were unable to get assistance from Amazon, leading to a vow never to purchase again due to feeling ripped off [0]. Another user also experienced a non-working code but noted that Amazon provided a refund, highlighting a contrast between the product's failure and Amazon's customer support [1]. A third user reiterated the sentiment of being ripped off, emphasizing the lack of refund options for the faulty code [2].",7.25
Does it not work well,Redeem against anything on PlayStation Store.,456,"[""title: Don't order it. \ntext: It did not work and now I have to call Playstation to try to deal with it.  Such a hassle! Wish I just went to store to buy one."", 'title: DO NOT GET THIS!!! (SCAM!!!!) \ntext: I got this card a $25 card and a $10 card, the $25 card said that it has already been redeemed and then I never even got the code for the $10 one! These are just rip offs, so don’t go out spending your money on these because you can’t even return them.', 'title: Bad product but good support from Amazon \ntext: Didnt work. Not like xbox couldnt send code to my grandson in Europe!- code wouldnt work!- but Amazon refunded!']","Several users expressed dissatisfaction with the product, describing it as ineffective and problematic. One user reported that the product did not work, necessitating a call to PlayStation for resolution, which they found to be a hassle, and regretted not purchasing from a store instead [0]. Another user labeled the product as a scam, stating that a $25 card was already redeemed and they never received the code for a $10 card, warning others against spending money on these products due to the inability to return them [1]. A third user also experienced issues with the product, noting that it did not work for sending a code to their grandson in Europe, although they appreciated Amazon's support in providing a refund [2].",7.25
Does it not work well,Redeem against anything on PlayStation Store.,457,"[""title: Don't order it. \ntext: It did not work and now I have to call Playstation to try to deal with it.  Such a hassle! Wish I just went to store to buy one."", 'title: DO NOT GET THIS!!! (SCAM!!!!) \ntext: I got this card a $25 card and a $10 card, the $25 card said that it has already been redeemed and then I never even got the code for the $10 one! These are just rip offs, so don’t go out spending your money on these because you can’t even return them.', 'title: Do not buy! \ntext: Do not buy this! Rip off. The code didn’t work and there is no place to get a refund.']","Several users expressed dissatisfaction with the product, describing it as a hassle and a rip-off. One user reported that the product did not work, requiring them to contact PlayStation for resolution, which they found inconvenient [0]. Another user labeled the product as a scam, stating that a $25 card was already redeemed and a $10 card did not provide a code, emphasizing the inability to return these items [1]. A third user echoed these sentiments, calling the product a rip-off due to non-functional codes and the lack of refund options [2].",7.25
Does it not work well,Redeem against anything on PlayStation Store.,467,"[""title: Don't order it. \ntext: It did not work and now I have to call Playstation to try to deal with it.  Such a hassle! Wish I just went to store to buy one."", 'title: Bad product but good support from Amazon \ntext: Didnt work. Not like xbox couldnt send code to my grandson in Europe!- code wouldnt work!- but Amazon refunded!', 'title: Do not buy! \ntext: Do not buy this! Rip off. The code didn’t work and there is no place to get a refund.']","Several users expressed dissatisfaction with the product, citing issues with non-functional codes and the inconvenience of resolving these problems. One user mentioned the hassle of having to contact PlayStation for assistance after the product failed to work, suggesting that purchasing from a store might have been a better option [0]. Another user shared a similar experience, noting that the product did not work as expected, although they appreciated Amazon's customer support for providing a refund [1]. A third user warned others not to buy the product, describing it as a rip-off due to the non-working code and the lack of refund options [2].",7.25
Does it not work well,Redeem against anything on PlayStation Store.,567,"['title: DO NOT GET THIS!!! (SCAM!!!!) \ntext: I got this card a $25 card and a $10 card, the $25 card said that it has already been redeemed and then I never even got the code for the $10 one! These are just rip offs, so don’t go out spending your money on these because you can’t even return them.', 'title: Bad product but good support from Amazon \ntext: Didnt work. Not like xbox couldnt send code to my grandson in Europe!- code wouldnt work!- but Amazon refunded!', 'title: Do not buy! \ntext: Do not buy this! Rip off. The code didn’t work and there is no place to get a refund.']","Several users expressed dissatisfaction with the product, describing it as a scam and a rip-off. One user reported purchasing a $25 card that was already redeemed and a $10 card for which they never received a code, emphasizing the inability to return these items [0]. Another user shared a similar experience where the code did not work, and there was no option for a refund [2]. However, one user noted that while the product did not work, Amazon provided good support by issuing a refund [1].",7.25
Does it not work well,Redeem against anything on PlayStation Store.,0123,"['title: This product is unintuitive to use and requires installing software that does not work DONT BUY IT \ntext: This product is unintuitive to use and requires installing software that does not work DONT BUY IT!', 'title: This product took all my money and didn’t give me my digital code really annoying \ntext: I hated this product with all my heart it took all my money and I can’t find my digital code', 'title: Don\'t Buy! \ntext: Code does not even work.  They gave me  ""an already used code"" !  No way to get refunded either!!!  Waste of money!', ""title: DO NOT BUY \ntext: I would give a big fat Zero if I could! I bought this for Xmas for my grandson and the code did NOT work! Amazon can't do a thing about it! Never buying again! Rip people OFF!""]","Several users expressed dissatisfaction with the product, citing issues with its usability and functionality. One user described the product as unintuitive and criticized the accompanying software for being non-functional, advising others not to purchase it [0]. Another user reported financial loss, stating that the product took their money without providing the promised digital code, which they found extremely frustrating [1]. Additionally, there were complaints about receiving already used codes, with no possibility of obtaining a refund, leading to a perception of the product as a waste of money [2]. A further complaint highlighted a similar issue with non-working codes, purchased as a gift, and the inability of the retailer to resolve the problem, resulting in a negative buying experience [3].",8.25
Does it not work well,Redeem against anything on PlayStation Store.,0124,"['title: This product is unintuitive to use and requires installing software that does not work DONT BUY IT \ntext: This product is unintuitive to use and requires installing software that does not work DONT BUY IT!', 'title: This product took all my money and didn’t give me my digital code really annoying \ntext: I hated this product with all my heart it took all my money and I can’t find my digital code', 'title: Don\'t Buy! \ntext: Code does not even work.  They gave me  ""an already used code"" !  No way to get refunded either!!!  Waste of money!', ""title: Don't order it. \ntext: It did not work and now I have to call Playstation to try to deal with it.  Such a hassle! Wish I just went to store to buy one.""]","Several users have expressed dissatisfaction with the product, citing significant issues with its functionality and customer service. One user described the product as unintuitive and criticized the accompanying software for being non-functional, advising others not to purchase it [0]. Another user reported financial loss, stating that the product took their money without providing the promised digital code [1]. Additionally, a complaint was made about receiving an already used code, with no option for a refund, leading to frustration over wasted money [2]. Furthermore, a user mentioned the inconvenience of having to contact Playstation for resolution, suggesting that purchasing from a physical store might have been a better option [3].",8.25
Does it not work well,Redeem against anything on PlayStation Store.,0125,"['title: This product is unintuitive to use and requires installing software that does not work DONT BUY IT \ntext: This product is unintuitive to use and requires installing software that does not work DONT BUY IT!', 'title: This product took all my money and didn’t give me my digital code really annoying \ntext: I hated this product with all my heart it took all my money and I can’t find my digital code', 'title: Don\'t Buy! \ntext: Code does not even work.  They gave me  ""an already used code"" !  No way to get refunded either!!!  Waste of money!', 'title: DO NOT GET THIS!!! (SCAM!!!!) \ntext: I got this card a $25 card and a $10 card, the $25 card said that it has already been redeemed and then I never even got the code for the $10 one! These are just rip offs, so don’t go out spending your money on these because you can’t even return them.']","Several users have expressed dissatisfaction with the product, citing issues with its usability and functionality. One user described the product as unintuitive and criticized the accompanying software for being non-functional, advising others not to purchase it [0]. Another user reported financial loss, stating that the product took their money without providing the promised digital code [1]. Additionally, there are complaints about receiving already used codes, with no possibility of obtaining a refund, leading to frustration and labeling the product as a waste of money [2]. Furthermore, a user labeled the product as a scam, detailing experiences of receiving cards that were either already redeemed or missing codes entirely, and emphasized the inability to return the product [3].",8.25
Does it not work well,Redeem against anything on PlayStation Store.,0126,"['title: This product is unintuitive to use and requires installing software that does not work DONT BUY IT \ntext: This product is unintuitive to use and requires installing software that does not work DONT BUY IT!', 'title: This product took all my money and didn’t give me my digital code really annoying \ntext: I hated this product with all my heart it took all my money and I can’t find my digital code', 'title: Don\'t Buy! \ntext: Code does not even work.  They gave me  ""an already used code"" !  No way to get refunded either!!!  Waste of money!', 'title: Bad product but good support from Amazon \ntext: Didnt work. Not like xbox couldnt send code to my grandson in Europe!- code wouldnt work!- but Amazon refunded!']","Several users expressed dissatisfaction with the product, citing issues such as unintuitive usage and non-functional software, leading to a strong recommendation against purchasing it [0]. Another user reported financial loss due to not receiving a digital code after purchase, which they found extremely frustrating [1]. Additionally, there were complaints about receiving an already used code, with no possibility of obtaining a refund, resulting in a perceived waste of money [2]. Despite these negative experiences, one user noted that while the product did not work as intended, Amazon provided good support by issuing a refund [3].",8.25
Does it not work well,Redeem against anything on PlayStation Store.,0127,"['title: This product is unintuitive to use and requires installing software that does not work DONT BUY IT \ntext: This product is unintuitive to use and requires installing software that does not work DONT BUY IT!', 'title: This product took all my money and didn’t give me my digital code really annoying \ntext: I hated this product with all my heart it took all my money and I can’t find my digital code', 'title: Don\'t Buy! \ntext: Code does not even work.  They gave me  ""an already used code"" !  No way to get refunded either!!!  Waste of money!', 'title: Do not buy! \ntext: Do not buy this! Rip off. The code didn’t work and there is no place to get a refund.']","Several users expressed dissatisfaction with the product, citing issues with its usability and functionality. One user described the product as unintuitive and criticized the required software installation, which they claimed did not work, advising others not to purchase it [0]. Another user reported financial loss, stating that the product took their money without providing the promised digital code, which they found extremely frustrating [1]. Additionally, multiple users complained about receiving non-functional or already used codes, with no available option for a refund, labeling the product as a waste of money and a rip-off [2][3].",8.25
Does it not work well,Redeem against anything on PlayStation Store.,0134,"['title: This product is unintuitive to use and requires installing software that does not work DONT BUY IT \ntext: This product is unintuitive to use and requires installing software that does not work DONT BUY IT!', 'title: This product took all my money and didn’t give me my digital code really annoying \ntext: I hated this product with all my heart it took all my money and I can’t find my digital code', ""title: DO NOT BUY \ntext: I would give a big fat Zero if I could! I bought this for Xmas for my grandson and the code did NOT work! Amazon can't do a thing about it! Never buying again! Rip people OFF!"", ""title: Don't order it. \ntext: It did not work and now I have to call Playstation to try to deal with it.  Such a hassle! Wish I just went to store to buy one.""]","Several users have expressed dissatisfaction with the product, citing issues with its usability and functionality. One user described the product as unintuitive and criticized the accompanying software for being non-functional, advising others not to purchase it [0]. Another user reported a financial loss, stating that they were charged without receiving the promised digital code, which they found extremely frustrating [1]. A third user shared a similar experience, noting that the digital code they received did not work, and expressed disappointment with Amazon's inability to resolve the issue, labeling the product as a rip-off [2]. Additionally, another user mentioned the inconvenience of having to contact PlayStation for assistance after the product failed to work, suggesting that purchasing from a physical store might have been a better option [3].",8.25
Does it not work well,Redeem against anything on PlayStation Store.,0135,"['title: This product is unintuitive to use and requires installing software that does not work DONT BUY IT \ntext: This product is unintuitive to use and requires installing software that does not work DONT BUY IT!', 'title: This product took all my money and didn’t give me my digital code really annoying \ntext: I hated this product with all my heart it took all my money and I can’t find my digital code', ""title: DO NOT BUY \ntext: I would give a big fat Zero if I could! I bought this for Xmas for my grandson and the code did NOT work! Amazon can't do a thing about it! Never buying again! Rip people OFF!"", 'title: DO NOT GET THIS!!! (SCAM!!!!) \ntext: I got this card a $25 card and a $10 card, the $25 card said that it has already been redeemed and then I never even got the code for the $10 one! These are just rip offs, so don’t go out spending your money on these because you can’t even return them.']","Several users have expressed dissatisfaction with the product, citing issues such as unintuitive usage and non-functional software that is required for operation, leading to a strong recommendation against purchasing it [0]. Additionally, customers have reported financial losses, as the product failed to deliver digital codes after purchase, causing significant frustration [1]. There are also complaints about non-working codes, with one user mentioning that Amazon was unable to assist in resolving the issue, leading to accusations of the product being a scam and ripping people off [2][3]. Overall, the consensus among these reviews is that the product is unreliable and potentially fraudulent, with multiple users advising others not to buy it [0][1][2][3].",8.25
Does it not work well,Redeem against anything on PlayStation Store.,0136,"['title: This product is unintuitive to use and requires installing software that does not work DONT BUY IT \ntext: This product is unintuitive to use and requires installing software that does not work DONT BUY IT!', 'title: This product took all my money and didn’t give me my digital code really annoying \ntext: I hated this product with all my heart it took all my money and I can’t find my digital code', ""title: DO NOT BUY \ntext: I would give a big fat Zero if I could! I bought this for Xmas for my grandson and the code did NOT work! Amazon can't do a thing about it! Never buying again! Rip people OFF!"", 'title: Bad product but good support from Amazon \ntext: Didnt work. Not like xbox couldnt send code to my grandson in Europe!- code wouldnt work!- but Amazon refunded!']","Several users expressed dissatisfaction with the product, citing issues with its usability and functionality. One user described the product as unintuitive and criticized the accompanying software for being non-functional, advising others not to purchase it [0]. Another user reported a financial loss, stating that the product took their money without providing the promised digital code [1]. A third user echoed this sentiment, expressing frustration over a non-working code purchased as a gift, and noted that Amazon was unable to resolve the issue, leading to a negative purchasing experience [2]. Despite these complaints, one user acknowledged that while the product did not work, Amazon provided good support by issuing a refund [3].",8.25
Does it not work well,Redeem against anything on PlayStation Store.,0137,"['title: This product is unintuitive to use and requires installing software that does not work DONT BUY IT \ntext: This product is unintuitive to use and requires installing software that does not work DONT BUY IT!', 'title: This product took all my money and didn’t give me my digital code really annoying \ntext: I hated this product with all my heart it took all my money and I can’t find my digital code', ""title: DO NOT BUY \ntext: I would give a big fat Zero if I could! I bought this for Xmas for my grandson and the code did NOT work! Amazon can't do a thing about it! Never buying again! Rip people OFF!"", 'title: Do not buy! \ntext: Do not buy this! Rip off. The code didn’t work and there is no place to get a refund.']","Several users have expressed dissatisfaction with the product, citing issues with its usability and functionality. One user described the product as unintuitive and criticized the accompanying software for being non-functional, advising others not to purchase it [0]. Another user reported financial loss, stating that the product took their money without providing the promised digital code [1]. Additionally, a user expressed frustration over a non-working code purchased as a gift, highlighting the lack of support from Amazon and labeling the experience as a rip-off [2]. Similarly, another user warned against buying the product due to the non-functional code and the absence of a refund option [3].",8.25
Does it not work well,Redeem against anything on PlayStation Store.,0145,"['title: This product is unintuitive to use and requires installing software that does not work DONT BUY IT \ntext: This product is unintuitive to use and requires installing software that does not work DONT BUY IT!', 'title: This product took all my money and didn’t give me my digital code really annoying \ntext: I hated this product with all my heart it took all my money and I can’t find my digital code', ""title: Don't order it. \ntext: It did not work and now I have to call Playstation to try to deal with it.  Such a hassle! Wish I just went to store to buy one."", 'title: DO NOT GET THIS!!! (SCAM!!!!) \ntext: I got this card a $25 card and a $10 card, the $25 card said that it has already been redeemed and then I never even got the code for the $10 one! These are just rip offs, so don’t go out spending your money on these because you can’t even return them.']","Several users expressed dissatisfaction with the product, describing it as unintuitive and problematic due to non-functional software requirements, advising others not to purchase it [0]. Another user reported financial loss, stating that the product took their money without providing the promised digital code, leading to significant frustration [1]. Additionally, a customer mentioned that the product did not work, necessitating a call to PlayStation for resolution, which they found to be a hassle [2]. Furthermore, a user labeled the product as a scam, recounting issues with redeeming purchased cards and receiving codes, ultimately warning others against spending money on it due to the inability to return the product [3].",8.25
Does it not work well,Redeem against anything on PlayStation Store.,0146,"['title: This product is unintuitive to use and requires installing software that does not work DONT BUY IT \ntext: This product is unintuitive to use and requires installing software that does not work DONT BUY IT!', 'title: This product took all my money and didn’t give me my digital code really annoying \ntext: I hated this product with all my heart it took all my money and I can’t find my digital code', ""title: Don't order it. \ntext: It did not work and now I have to call Playstation to try to deal with it.  Such a hassle! Wish I just went to store to buy one."", 'title: Bad product but good support from Amazon \ntext: Didnt work. Not like xbox couldnt send code to my grandson in Europe!- code wouldnt work!- but Amazon refunded!']","Several users expressed dissatisfaction with the product, citing various issues. One user found the product unintuitive and criticized the accompanying software for being non-functional, advising others not to purchase it [0]. Another user reported a financial loss, stating that the product took their money without providing the promised digital code [1]. A third user mentioned that the product did not work, leading to the inconvenience of having to contact PlayStation for resolution, and regretted not purchasing it in-store [2]. Lastly, a user noted that while the product failed to work, particularly in sending a code to Europe, they appreciated Amazon's customer support for providing a refund [3].",8.25
Does it not work well,Redeem against anything on PlayStation Store.,0147,"['title: This product is unintuitive to use and requires installing software that does not work DONT BUY IT \ntext: This product is unintuitive to use and requires installing software that does not work DONT BUY IT!', 'title: This product took all my money and didn’t give me my digital code really annoying \ntext: I hated this product with all my heart it took all my money and I can’t find my digital code', ""title: Don't order it. \ntext: It did not work and now I have to call Playstation to try to deal with it.  Such a hassle! Wish I just went to store to buy one."", 'title: Do not buy! \ntext: Do not buy this! Rip off. The code didn’t work and there is no place to get a refund.']","Several users expressed dissatisfaction with the product, citing issues such as unintuitive usage and non-functional software, which led to frustration and a recommendation against purchasing it [0]. Another user reported financial loss, as the product took their money without providing the promised digital code, leading to significant annoyance [1]. Additionally, a user mentioned that the product did not work, necessitating a call to PlayStation for resolution, which they found to be a hassle [2]. Furthermore, there were complaints about the product being a rip-off, with non-working codes and no available refund options [3].",8.25
Does it not work well,Redeem against anything on PlayStation Store.,0156,"['title: This product is unintuitive to use and requires installing software that does not work DONT BUY IT \ntext: This product is unintuitive to use and requires installing software that does not work DONT BUY IT!', 'title: This product took all my money and didn’t give me my digital code really annoying \ntext: I hated this product with all my heart it took all my money and I can’t find my digital code', 'title: DO NOT GET THIS!!! (SCAM!!!!) \ntext: I got this card a $25 card and a $10 card, the $25 card said that it has already been redeemed and then I never even got the code for the $10 one! These are just rip offs, so don’t go out spending your money on these because you can’t even return them.', 'title: Bad product but good support from Amazon \ntext: Didnt work. Not like xbox couldnt send code to my grandson in Europe!- code wouldnt work!- but Amazon refunded!']","Several users have expressed dissatisfaction with the product, citing issues such as unintuitive usage and non-functional software that is required for operation, leading to strong recommendations against purchasing it [0]. Additionally, there are complaints about financial losses, with one user reporting that the product took their money without providing the promised digital code [1]. Another user described the product as a scam, stating that a $25 card was already redeemed and a $10 card never provided a code, warning others not to spend money on these items as they cannot be returned [2]. Despite these negative experiences, one user noted that while the product did not work as intended, Amazon provided good support by issuing a refund [3].",8.25
Does it not work well,Redeem against anything on PlayStation Store.,0157,"['title: This product is unintuitive to use and requires installing software that does not work DONT BUY IT \ntext: This product is unintuitive to use and requires installing software that does not work DONT BUY IT!', 'title: This product took all my money and didn’t give me my digital code really annoying \ntext: I hated this product with all my heart it took all my money and I can’t find my digital code', 'title: DO NOT GET THIS!!! (SCAM!!!!) \ntext: I got this card a $25 card and a $10 card, the $25 card said that it has already been redeemed and then I never even got the code for the $10 one! These are just rip offs, so don’t go out spending your money on these because you can’t even return them.', 'title: Do not buy! \ntext: Do not buy this! Rip off. The code didn’t work and there is no place to get a refund.']","Several users have expressed dissatisfaction with the product, citing issues such as unintuitive usage and non-functional software that is required for operation, leading to a strong recommendation against purchasing it [0]. Additionally, there are complaints about financial losses, as one user reported that the product took their money without providing the promised digital code [1]. Another user described the product as a scam, noting that a $25 card was already redeemed and a $10 card code was never received, emphasizing the inability to return these items [2]. Furthermore, there are grievances about non-working codes and the lack of refund options, reinforcing the perception of the product as a rip-off [3].",8.25
Does it not work well,Redeem against anything on PlayStation Store.,0167,"['title: This product is unintuitive to use and requires installing software that does not work DONT BUY IT \ntext: This product is unintuitive to use and requires installing software that does not work DONT BUY IT!', 'title: This product took all my money and didn’t give me my digital code really annoying \ntext: I hated this product with all my heart it took all my money and I can’t find my digital code', 'title: Bad product but good support from Amazon \ntext: Didnt work. Not like xbox couldnt send code to my grandson in Europe!- code wouldnt work!- but Amazon refunded!', 'title: Do not buy! \ntext: Do not buy this! Rip off. The code didn’t work and there is no place to get a refund.']","Several users expressed dissatisfaction with the product, citing issues such as unintuitive usage and non-functional software that is required for operation, leading to strong recommendations against purchasing it [0]. Another user reported financial loss due to not receiving a digital code after purchase, which they found extremely frustrating [1]. Although one user acknowledged good support from Amazon, they still experienced problems with the product, as the code did not work for their intended recipient, resulting in a refund [2]. Additionally, another user labeled the product a rip-off, as the code provided was non-functional and there was no apparent way to obtain a refund [3].",8.25
Does it not work well,Redeem against anything on PlayStation Store.,0234,"['title: This product is unintuitive to use and requires installing software that does not work DONT BUY IT \ntext: This product is unintuitive to use and requires installing software that does not work DONT BUY IT!', 'title: Don\'t Buy! \ntext: Code does not even work.  They gave me  ""an already used code"" !  No way to get refunded either!!!  Waste of money!', ""title: DO NOT BUY \ntext: I would give a big fat Zero if I could! I bought this for Xmas for my grandson and the code did NOT work! Amazon can't do a thing about it! Never buying again! Rip people OFF!"", ""title: Don't order it. \ntext: It did not work and now I have to call Playstation to try to deal with it.  Such a hassle! Wish I just went to store to buy one.""]","Several users expressed dissatisfaction with the product, citing issues with its functionality and customer service. One user described the product as unintuitive and criticized the accompanying software for being non-functional, advising others not to purchase it [0]. Another user reported receiving an already used code and highlighted the lack of refund options, calling it a waste of money [1]. A similar complaint was made by a user who bought the product as a gift, only to find the code unusable, with no assistance from Amazon, leading to accusations of being ripped off [2]. Additionally, a user mentioned the inconvenience of having to contact Playstation for resolution, expressing regret for not purchasing from a physical store [3].",8.25
Does it not work well,Redeem against anything on PlayStation Store.,0235,"['title: This product is unintuitive to use and requires installing software that does not work DONT BUY IT \ntext: This product is unintuitive to use and requires installing software that does not work DONT BUY IT!', 'title: Don\'t Buy! \ntext: Code does not even work.  They gave me  ""an already used code"" !  No way to get refunded either!!!  Waste of money!', ""title: DO NOT BUY \ntext: I would give a big fat Zero if I could! I bought this for Xmas for my grandson and the code did NOT work! Amazon can't do a thing about it! Never buying again! Rip people OFF!"", 'title: DO NOT GET THIS!!! (SCAM!!!!) \ntext: I got this card a $25 card and a $10 card, the $25 card said that it has already been redeemed and then I never even got the code for the $10 one! These are just rip offs, so don’t go out spending your money on these because you can’t even return them.']","Several users have expressed dissatisfaction with a product, citing issues with its usability and functionality. One user described the product as unintuitive and criticized the accompanying software for being non-functional, advising others not to purchase it [0]. Another user reported receiving a code that was already used and highlighted the lack of a refund option, labeling the purchase as a waste of money [1]. A similar complaint was made by a user who bought the product as a gift, only to find that the code did not work, and noted that Amazon was unable to assist, calling the experience a rip-off [2]. Additionally, a user reported purchasing two cards, one of which was already redeemed, and the other did not provide a code, warning others against buying these products due to their non-returnable nature [3].",8.25
Does it not work well,Redeem against anything on PlayStation Store.,0236,"['title: This product is unintuitive to use and requires installing software that does not work DONT BUY IT \ntext: This product is unintuitive to use and requires installing software that does not work DONT BUY IT!', 'title: Don\'t Buy! \ntext: Code does not even work.  They gave me  ""an already used code"" !  No way to get refunded either!!!  Waste of money!', ""title: DO NOT BUY \ntext: I would give a big fat Zero if I could! I bought this for Xmas for my grandson and the code did NOT work! Amazon can't do a thing about it! Never buying again! Rip people OFF!"", 'title: Bad product but good support from Amazon \ntext: Didnt work. Not like xbox couldnt send code to my grandson in Europe!- code wouldnt work!- but Amazon refunded!']","Several users have expressed dissatisfaction with the product, citing issues with its usability and functionality. One user described the product as unintuitive and criticized the accompanying software for being non-functional, advising others not to purchase it [0]. Another user reported receiving an already used code, which rendered the product unusable, and expressed frustration over the lack of a refund option, labeling the purchase a waste of money [1]. Similarly, a third user shared their disappointment after buying the product as a gift, only to find that the code did not work, and noted that Amazon was unable to assist with the issue, leading to a feeling of being ripped off [2]. However, one user acknowledged that while the product itself was faulty, Amazon provided good support by offering a refund, despite the code not working for their grandson in Europe [3].",8.25
Does it not work well,Redeem against anything on PlayStation Store.,0237,"['title: This product is unintuitive to use and requires installing software that does not work DONT BUY IT \ntext: This product is unintuitive to use and requires installing software that does not work DONT BUY IT!', 'title: Don\'t Buy! \ntext: Code does not even work.  They gave me  ""an already used code"" !  No way to get refunded either!!!  Waste of money!', ""title: DO NOT BUY \ntext: I would give a big fat Zero if I could! I bought this for Xmas for my grandson and the code did NOT work! Amazon can't do a thing about it! Never buying again! Rip people OFF!"", 'title: Do not buy! \ntext: Do not buy this! Rip off. The code didn’t work and there is no place to get a refund.']","Several users have expressed dissatisfaction with the product, citing issues such as unintuitive usage and non-functional software that is required for operation. One user reported receiving an already used code, with no option for a refund, describing it as a waste of money [0][1]. Another user shared a similar experience, stating that the code did not work and that Amazon was unable to assist, leading to a feeling of being ripped off [2][3]. Overall, the consensus among these reviews is that the product is unreliable and not worth purchasing due to these recurring issues [0][1][2][3].",8.25
Does it not work well,Redeem against anything on PlayStation Store.,0245,"['title: This product is unintuitive to use and requires installing software that does not work DONT BUY IT \ntext: This product is unintuitive to use and requires installing software that does not work DONT BUY IT!', 'title: Don\'t Buy! \ntext: Code does not even work.  They gave me  ""an already used code"" !  No way to get refunded either!!!  Waste of money!', ""title: Don't order it. \ntext: It did not work and now I have to call Playstation to try to deal with it.  Such a hassle! Wish I just went to store to buy one."", 'title: DO NOT GET THIS!!! (SCAM!!!!) \ntext: I got this card a $25 card and a $10 card, the $25 card said that it has already been redeemed and then I never even got the code for the $10 one! These are just rip offs, so don’t go out spending your money on these because you can’t even return them.']","Several users have expressed dissatisfaction with the product, citing issues with its usability and functionality. One user described the product as unintuitive and criticized the accompanying software for being non-functional, advising others not to purchase it [0]. Another user reported receiving a code that had already been used and highlighted the lack of a refund option, labeling the purchase as a waste of money [1]. A third user mentioned that the product did not work, necessitating a call to Playstation for resolution, which they found to be a hassle [2]. Additionally, a user shared their experience of receiving a $25 card that was already redeemed and not receiving the code for a $10 card, describing the product as a scam and warning others against buying it due to the inability to return it [3].",8.25
Does it not work well,Redeem against anything on PlayStation Store.,0246,"['title: This product is unintuitive to use and requires installing software that does not work DONT BUY IT \ntext: This product is unintuitive to use and requires installing software that does not work DONT BUY IT!', 'title: Don\'t Buy! \ntext: Code does not even work.  They gave me  ""an already used code"" !  No way to get refunded either!!!  Waste of money!', ""title: Don't order it. \ntext: It did not work and now I have to call Playstation to try to deal with it.  Such a hassle! Wish I just went to store to buy one."", 'title: Bad product but good support from Amazon \ntext: Didnt work. Not like xbox couldnt send code to my grandson in Europe!- code wouldnt work!- but Amazon refunded!']","Several users have expressed dissatisfaction with a product, citing issues with its functionality and associated software. One user described the product as unintuitive and criticized the required software for not working, advising others not to purchase it [0]. Another user reported receiving an already used code, with no option for a refund, labeling it a waste of money [1]. A third user mentioned that the product did not work, necessitating a call to Playstation for resolution, which they found to be a hassle [2]. Despite the product's failure, one user noted that Amazon provided good support by issuing a refund, although the code could not be sent to their grandson in Europe [3].",8.25
Does it not work well,Redeem against anything on PlayStation Store.,0247,"['title: This product is unintuitive to use and requires installing software that does not work DONT BUY IT \ntext: This product is unintuitive to use and requires installing software that does not work DONT BUY IT!', 'title: Don\'t Buy! \ntext: Code does not even work.  They gave me  ""an already used code"" !  No way to get refunded either!!!  Waste of money!', ""title: Don't order it. \ntext: It did not work and now I have to call Playstation to try to deal with it.  Such a hassle! Wish I just went to store to buy one."", 'title: Do not buy! \ntext: Do not buy this! Rip off. The code didn’t work and there is no place to get a refund.']","Several users have expressed dissatisfaction with the product, citing issues with its usability and functionality. One user described the product as unintuitive and criticized the accompanying software for being non-functional, advising others not to purchase it [0]. Another user reported receiving a code that was already used and highlighted the lack of refund options, calling it a waste of money [1]. Additionally, a user mentioned the inconvenience of having to contact PlayStation for resolution after the product failed to work, suggesting that purchasing from a store might have been a better option [2]. Lastly, another user labeled the product a rip-off due to non-working codes and the absence of refund opportunities [3].",8.25
Does it not work well,Redeem against anything on PlayStation Store.,0256,"['title: This product is unintuitive to use and requires installing software that does not work DONT BUY IT \ntext: This product is unintuitive to use and requires installing software that does not work DONT BUY IT!', 'title: Don\'t Buy! \ntext: Code does not even work.  They gave me  ""an already used code"" !  No way to get refunded either!!!  Waste of money!', 'title: DO NOT GET THIS!!! (SCAM!!!!) \ntext: I got this card a $25 card and a $10 card, the $25 card said that it has already been redeemed and then I never even got the code for the $10 one! These are just rip offs, so don’t go out spending your money on these because you can’t even return them.', 'title: Bad product but good support from Amazon \ntext: Didnt work. Not like xbox couldnt send code to my grandson in Europe!- code wouldnt work!- but Amazon refunded!']","Several users expressed dissatisfaction with the product, citing issues with its functionality and the accompanying software. One user described the product as unintuitive and criticized the software required for its operation, which they claimed did not work, advising others not to purchase it [0]. Another user reported receiving an already used code and highlighted the lack of a refund option, labeling the purchase as a waste of money [1]. Similarly, a third user experienced problems with redeeming a $25 card and not receiving a code for a $10 card, describing the product as a scam and advising against buying it due to the inability to return it [2]. Despite these negative experiences, one user noted that while the product did not work, Amazon provided good support by offering a refund [3].",8.25
Does it not work well,Redeem against anything on PlayStation Store.,0257,"['title: This product is unintuitive to use and requires installing software that does not work DONT BUY IT \ntext: This product is unintuitive to use and requires installing software that does not work DONT BUY IT!', 'title: Don\'t Buy! \ntext: Code does not even work.  They gave me  ""an already used code"" !  No way to get refunded either!!!  Waste of money!', 'title: DO NOT GET THIS!!! (SCAM!!!!) \ntext: I got this card a $25 card and a $10 card, the $25 card said that it has already been redeemed and then I never even got the code for the $10 one! These are just rip offs, so don’t go out spending your money on these because you can’t even return them.', 'title: Do not buy! \ntext: Do not buy this! Rip off. The code didn’t work and there is no place to get a refund.']","Several users have expressed dissatisfaction with the product, citing issues such as unintuitive usage and non-functional software that is required for operation, leading to strong recommendations against purchasing it [0]. Additionally, there are multiple reports of receiving already used codes, with no available options for refunds, which has led to frustration and claims of the product being a waste of money [1][2][3]. Users describe the product as a scam and a rip-off, emphasizing the inability to return or get a refund for the faulty codes [2][3].",8.25
Does it not work well,Redeem against anything on PlayStation Store.,0267,"['title: This product is unintuitive to use and requires installing software that does not work DONT BUY IT \ntext: This product is unintuitive to use and requires installing software that does not work DONT BUY IT!', 'title: Don\'t Buy! \ntext: Code does not even work.  They gave me  ""an already used code"" !  No way to get refunded either!!!  Waste of money!', 'title: Bad product but good support from Amazon \ntext: Didnt work. Not like xbox couldnt send code to my grandson in Europe!- code wouldnt work!- but Amazon refunded!', 'title: Do not buy! \ntext: Do not buy this! Rip off. The code didn’t work and there is no place to get a refund.']","Several users have expressed dissatisfaction with the product, citing issues such as unintuitive usage and non-functional software that is required for operation, leading to strong recommendations against purchasing it [0]. Additionally, there are complaints about receiving already used codes, with no available refund options, which has been described as a waste of money [1][3]. One user noted that while the product did not work, Amazon provided good support by issuing a refund, although the code still failed to function as intended [2].",8.25
Does it not work well,Redeem against anything on PlayStation Store.,0345,"['title: This product is unintuitive to use and requires installing software that does not work DONT BUY IT \ntext: This product is unintuitive to use and requires installing software that does not work DONT BUY IT!', ""title: DO NOT BUY \ntext: I would give a big fat Zero if I could! I bought this for Xmas for my grandson and the code did NOT work! Amazon can't do a thing about it! Never buying again! Rip people OFF!"", ""title: Don't order it. \ntext: It did not work and now I have to call Playstation to try to deal with it.  Such a hassle! Wish I just went to store to buy one."", 'title: DO NOT GET THIS!!! (SCAM!!!!) \ntext: I got this card a $25 card and a $10 card, the $25 card said that it has already been redeemed and then I never even got the code for the $10 one! These are just rip offs, so don’t go out spending your money on these because you can’t even return them.']","Several users expressed dissatisfaction with a product, describing it as unintuitive and problematic due to non-functional software requirements, advising others not to purchase it [0]. Another user reported issues with a product code that did not work, leading to frustration with the retailer's inability to resolve the issue, and labeling the experience as a rip-off [1]. A similar sentiment was shared by another user who found the product non-functional and burdensome, requiring additional customer service interactions [2]. Additionally, a user described the product as a scam, citing issues with redeemed codes and missing items, and warned against purchasing due to the inability to return the product [3].",8.25
Does it not work well,Redeem against anything on PlayStation Store.,0346,"['title: This product is unintuitive to use and requires installing software that does not work DONT BUY IT \ntext: This product is unintuitive to use and requires installing software that does not work DONT BUY IT!', ""title: DO NOT BUY \ntext: I would give a big fat Zero if I could! I bought this for Xmas for my grandson and the code did NOT work! Amazon can't do a thing about it! Never buying again! Rip people OFF!"", ""title: Don't order it. \ntext: It did not work and now I have to call Playstation to try to deal with it.  Such a hassle! Wish I just went to store to buy one."", 'title: Bad product but good support from Amazon \ntext: Didnt work. Not like xbox couldnt send code to my grandson in Europe!- code wouldnt work!- but Amazon refunded!']","Several users expressed dissatisfaction with a product, citing issues with its functionality and associated software. One user described the product as unintuitive and criticized the required software for not working, advising others not to purchase it [0]. Another user reported that a code provided with the product did not work, and expressed frustration with Amazon's inability to resolve the issue, feeling that they were ripped off [1]. A third user mentioned that the product did not work, necessitating a call to PlayStation for resolution, which they found to be a hassle [2]. Lastly, a user noted that while the product did not work and the code was unusable, Amazon provided good support by issuing a refund [3].",8.25
Does it not work well,Redeem against anything on PlayStation Store.,0347,"['title: This product is unintuitive to use and requires installing software that does not work DONT BUY IT \ntext: This product is unintuitive to use and requires installing software that does not work DONT BUY IT!', ""title: DO NOT BUY \ntext: I would give a big fat Zero if I could! I bought this for Xmas for my grandson and the code did NOT work! Amazon can't do a thing about it! Never buying again! Rip people OFF!"", ""title: Don't order it. \ntext: It did not work and now I have to call Playstation to try to deal with it.  Such a hassle! Wish I just went to store to buy one."", 'title: Do not buy! \ntext: Do not buy this! Rip off. The code didn’t work and there is no place to get a refund.']","Several users expressed dissatisfaction with the product, citing issues with its functionality and customer service. One user described the product as unintuitive and criticized the accompanying software for being non-functional, advising others not to purchase it [0]. Another user shared their frustration over a non-working code purchased as a gift, noting that Amazon was unable to assist, and felt that the product was a rip-off [1]. Similarly, another comment highlighted the inconvenience of dealing with a non-functional product, which required contacting Playstation for resolution, and expressed regret for not purchasing in-store [2]. A further complaint reiterated the issue of a non-working code and the lack of refund options, labeling the product as a rip-off [3].",8.25
Does it not work well,Redeem against anything on PlayStation Store.,0356,"['title: This product is unintuitive to use and requires installing software that does not work DONT BUY IT \ntext: This product is unintuitive to use and requires installing software that does not work DONT BUY IT!', ""title: DO NOT BUY \ntext: I would give a big fat Zero if I could! I bought this for Xmas for my grandson and the code did NOT work! Amazon can't do a thing about it! Never buying again! Rip people OFF!"", 'title: DO NOT GET THIS!!! (SCAM!!!!) \ntext: I got this card a $25 card and a $10 card, the $25 card said that it has already been redeemed and then I never even got the code for the $10 one! These are just rip offs, so don’t go out spending your money on these because you can’t even return them.', 'title: Bad product but good support from Amazon \ntext: Didnt work. Not like xbox couldnt send code to my grandson in Europe!- code wouldnt work!- but Amazon refunded!']","Several users expressed dissatisfaction with the product, describing it as unintuitive and requiring non-functional software, leading to a strong recommendation against purchasing it [0]. Another user reported issues with a product code that did not work, resulting in a negative experience with customer service and a vow never to purchase again [1]. Additionally, a user labeled the product as a scam, citing problems with redeeming purchased cards and the inability to return them [2]. Despite these issues, one user noted that while the product did not work, Amazon provided good support by offering a refund [3].",8.25
Does it not work well,Redeem against anything on PlayStation Store.,0357,"['title: This product is unintuitive to use and requires installing software that does not work DONT BUY IT \ntext: This product is unintuitive to use and requires installing software that does not work DONT BUY IT!', ""title: DO NOT BUY \ntext: I would give a big fat Zero if I could! I bought this for Xmas for my grandson and the code did NOT work! Amazon can't do a thing about it! Never buying again! Rip people OFF!"", 'title: DO NOT GET THIS!!! (SCAM!!!!) \ntext: I got this card a $25 card and a $10 card, the $25 card said that it has already been redeemed and then I never even got the code for the $10 one! These are just rip offs, so don’t go out spending your money on these because you can’t even return them.', 'title: Do not buy! \ntext: Do not buy this! Rip off. The code didn’t work and there is no place to get a refund.']","Several users expressed dissatisfaction with a product, describing it as unintuitive and requiring non-functional software installation, leading to a strong recommendation against purchasing it [0]. Another user reported issues with a product code that did not work, expressing frustration with the inability to resolve the issue through Amazon and labeling the experience as a rip-off [1]. Additionally, a user described purchasing gift cards that were either already redeemed or lacked a code entirely, further emphasizing the product as a scam and advising against spending money on it [2]. Lastly, a user reiterated the sentiment of the product being a rip-off due to non-functional codes and the lack of refund options [3].",8.25
Does it not work well,Redeem against anything on PlayStation Store.,0367,"['title: This product is unintuitive to use and requires installing software that does not work DONT BUY IT \ntext: This product is unintuitive to use and requires installing software that does not work DONT BUY IT!', ""title: DO NOT BUY \ntext: I would give a big fat Zero if I could! I bought this for Xmas for my grandson and the code did NOT work! Amazon can't do a thing about it! Never buying again! Rip people OFF!"", 'title: Bad product but good support from Amazon \ntext: Didnt work. Not like xbox couldnt send code to my grandson in Europe!- code wouldnt work!- but Amazon refunded!', 'title: Do not buy! \ntext: Do not buy this! Rip off. The code didn’t work and there is no place to get a refund.']","Several users expressed dissatisfaction with the product, citing issues with its usability and functionality. One user described the product as unintuitive and criticized the accompanying software for being non-functional, advising others not to purchase it [0]. Another user reported that the product's code did not work, leading to a negative experience as Amazon was unable to resolve the issue, resulting in a vow never to buy again [1]. A third user also encountered a non-working code but noted that Amazon provided a refund, highlighting the company's supportive customer service despite the product's failure [2]. Lastly, another user labeled the product a rip-off due to the non-functional code and the lack of refund options [3].",8.25
Does it not work well,Redeem against anything on PlayStation Store.,0456,"['title: This product is unintuitive to use and requires installing software that does not work DONT BUY IT \ntext: This product is unintuitive to use and requires installing software that does not work DONT BUY IT!', ""title: Don't order it. \ntext: It did not work and now I have to call Playstation to try to deal with it.  Such a hassle! Wish I just went to store to buy one."", 'title: DO NOT GET THIS!!! (SCAM!!!!) \ntext: I got this card a $25 card and a $10 card, the $25 card said that it has already been redeemed and then I never even got the code for the $10 one! These are just rip offs, so don’t go out spending your money on these because you can’t even return them.', 'title: Bad product but good support from Amazon \ntext: Didnt work. Not like xbox couldnt send code to my grandson in Europe!- code wouldnt work!- but Amazon refunded!']","Several users expressed dissatisfaction with the product, citing various issues. One user found the product unintuitive and criticized the accompanying software for being non-functional, advising others not to purchase it [0]. Another user reported that the product did not work, leading to the inconvenience of having to contact PlayStation for resolution, and regretted not purchasing it in-store instead [1]. A third user labeled the product as a scam, explaining that a $25 card was already redeemed and a $10 card never provided a code, warning others against spending money on these items [2]. Lastly, a user mentioned that the product did not work as intended, particularly in sending a code to Europe, but noted that Amazon provided a refund, highlighting good customer support despite the product's failure [3].",8.25
Does it not work well,Redeem against anything on PlayStation Store.,0457,"['title: This product is unintuitive to use and requires installing software that does not work DONT BUY IT \ntext: This product is unintuitive to use and requires installing software that does not work DONT BUY IT!', ""title: Don't order it. \ntext: It did not work and now I have to call Playstation to try to deal with it.  Such a hassle! Wish I just went to store to buy one."", 'title: DO NOT GET THIS!!! (SCAM!!!!) \ntext: I got this card a $25 card and a $10 card, the $25 card said that it has already been redeemed and then I never even got the code for the $10 one! These are just rip offs, so don’t go out spending your money on these because you can’t even return them.', 'title: Do not buy! \ntext: Do not buy this! Rip off. The code didn’t work and there is no place to get a refund.']","Several users have expressed dissatisfaction with the product, citing issues with its usability and functionality. One user described the product as unintuitive and criticized the accompanying software for being non-functional, advising others not to purchase it [0]. Another user reported that the product did not work, leading to the inconvenience of having to contact customer support, which they found to be a hassle [1]. Additionally, there are complaints about the product being a scam, with one user stating that a $25 card was already redeemed and a $10 card did not provide a code, labeling these as rip-offs [2]. Another user echoed these sentiments, describing the product as a rip-off due to non-functional codes and the lack of refund options [3].",8.25
Does it not work well,Redeem against anything on PlayStation Store.,0467,"['title: This product is unintuitive to use and requires installing software that does not work DONT BUY IT \ntext: This product is unintuitive to use and requires installing software that does not work DONT BUY IT!', ""title: Don't order it. \ntext: It did not work and now I have to call Playstation to try to deal with it.  Such a hassle! Wish I just went to store to buy one."", 'title: Bad product but good support from Amazon \ntext: Didnt work. Not like xbox couldnt send code to my grandson in Europe!- code wouldnt work!- but Amazon refunded!', 'title: Do not buy! \ntext: Do not buy this! Rip off. The code didn’t work and there is no place to get a refund.']","Several users expressed dissatisfaction with the product, citing issues such as unintuitive use and non-functional software, leading to a recommendation against purchasing it [0]. Another user reported that the product did not work, necessitating a call to Playstation for resolution, which was described as a hassle [1]. A third user mentioned that the product failed to work as expected, particularly in sending a code to Europe, although they appreciated Amazon's support in providing a refund [2]. Additionally, a user labeled the product a 'rip off' due to a non-working code and the lack of refund options [3].",8.25
Does it not work well,Redeem against anything on PlayStation Store.,0567,"['title: This product is unintuitive to use and requires installing software that does not work DONT BUY IT \ntext: This product is unintuitive to use and requires installing software that does not work DONT BUY IT!', 'title: DO NOT GET THIS!!! (SCAM!!!!) \ntext: I got this card a $25 card and a $10 card, the $25 card said that it has already been redeemed and then I never even got the code for the $10 one! These are just rip offs, so don’t go out spending your money on these because you can’t even return them.', 'title: Bad product but good support from Amazon \ntext: Didnt work. Not like xbox couldnt send code to my grandson in Europe!- code wouldnt work!- but Amazon refunded!', 'title: Do not buy! \ntext: Do not buy this! Rip off. The code didn’t work and there is no place to get a refund.']","Several users expressed dissatisfaction with the product, citing issues with its functionality and the accompanying software. One user described the product as unintuitive and criticized the software required for its operation, which reportedly does not work, advising others not to purchase it [0]. Another user labeled the product as a scam, sharing their experience of purchasing gift cards that either appeared redeemed or did not provide a code, warning others against spending money on such items [1]. Despite acknowledging the product's failure, one user appreciated Amazon's customer support for providing a refund after the product did not work as intended [2]. Another user echoed the sentiment of dissatisfaction, describing the product as a rip-off due to non-functional codes and the lack of refund options [3].",8.25
Does it not work well,Redeem against anything on PlayStation Store.,1234,"['title: This product took all my money and didn’t give me my digital code really annoying \ntext: I hated this product with all my heart it took all my money and I can’t find my digital code', 'title: Don\'t Buy! \ntext: Code does not even work.  They gave me  ""an already used code"" !  No way to get refunded either!!!  Waste of money!', ""title: DO NOT BUY \ntext: I would give a big fat Zero if I could! I bought this for Xmas for my grandson and the code did NOT work! Amazon can't do a thing about it! Never buying again! Rip people OFF!"", ""title: Don't order it. \ntext: It did not work and now I have to call Playstation to try to deal with it.  Such a hassle! Wish I just went to store to buy one.""]","Several users expressed dissatisfaction with a product due to issues with digital codes. One user reported that the product took their money without providing the promised digital code, causing significant frustration [0]. Another user complained that the code they received was already used, and they were unable to obtain a refund, describing the purchase as a waste of money [1]. A third user shared a similar experience, stating that the code did not work and that Amazon was unable to assist, leading them to feel ripped off [2]. Additionally, a user mentioned the inconvenience of having to contact Playstation to resolve the issue, wishing they had purchased the product in-store instead [3].",8.25
Does it not work well,Redeem against anything on PlayStation Store.,1235,"['title: This product took all my money and didn’t give me my digital code really annoying \ntext: I hated this product with all my heart it took all my money and I can’t find my digital code', 'title: Don\'t Buy! \ntext: Code does not even work.  They gave me  ""an already used code"" !  No way to get refunded either!!!  Waste of money!', ""title: DO NOT BUY \ntext: I would give a big fat Zero if I could! I bought this for Xmas for my grandson and the code did NOT work! Amazon can't do a thing about it! Never buying again! Rip people OFF!"", 'title: DO NOT GET THIS!!! (SCAM!!!!) \ntext: I got this card a $25 card and a $10 card, the $25 card said that it has already been redeemed and then I never even got the code for the $10 one! These are just rip offs, so don’t go out spending your money on these because you can’t even return them.']","Several users have expressed dissatisfaction with a product due to issues with digital codes. One user reported that the product took their money without providing the promised digital code, causing significant frustration [0]. Another user complained that the code they received was already used, and they were unable to obtain a refund, describing the purchase as a waste of money [1]. A third user shared a similar experience, stating that the code they bought as a gift did not work, and they were unable to get assistance from Amazon, leading them to feel ripped off [2]. Additionally, another user mentioned purchasing two cards, one of which was already redeemed, and the other did not provide a code at all, labeling the product as a scam and advising others not to buy it [3].",8.25
Does it not work well,Redeem against anything on PlayStation Store.,1236,"['title: This product took all my money and didn’t give me my digital code really annoying \ntext: I hated this product with all my heart it took all my money and I can’t find my digital code', 'title: Don\'t Buy! \ntext: Code does not even work.  They gave me  ""an already used code"" !  No way to get refunded either!!!  Waste of money!', ""title: DO NOT BUY \ntext: I would give a big fat Zero if I could! I bought this for Xmas for my grandson and the code did NOT work! Amazon can't do a thing about it! Never buying again! Rip people OFF!"", 'title: Bad product but good support from Amazon \ntext: Didnt work. Not like xbox couldnt send code to my grandson in Europe!- code wouldnt work!- but Amazon refunded!']","Several users expressed dissatisfaction with a product due to issues with digital codes. One user reported that the product took their money without providing a digital code, causing significant frustration [0]. Another user complained about receiving an already used code and highlighted the lack of refund options, describing the purchase as a waste of money [1]. A third user shared a similar experience, stating that the code they purchased for a Christmas gift did not work, and they were unable to get assistance from Amazon, feeling that they were ripped off [2]. Although one user mentioned that the product did not work, they appreciated Amazon's support in providing a refund [3].",8.25
Does it not work well,Redeem against anything on PlayStation Store.,1237,"['title: This product took all my money and didn’t give me my digital code really annoying \ntext: I hated this product with all my heart it took all my money and I can’t find my digital code', 'title: Don\'t Buy! \ntext: Code does not even work.  They gave me  ""an already used code"" !  No way to get refunded either!!!  Waste of money!', ""title: DO NOT BUY \ntext: I would give a big fat Zero if I could! I bought this for Xmas for my grandson and the code did NOT work! Amazon can't do a thing about it! Never buying again! Rip people OFF!"", 'title: Do not buy! \ntext: Do not buy this! Rip off. The code didn’t work and there is no place to get a refund.']","Several users expressed dissatisfaction with a product due to issues with digital codes. One user reported that the product took their money without providing a digital code, causing significant frustration [0]. Another user mentioned receiving an already used code and highlighted the lack of refund options, describing the purchase as a waste of money [1]. A third user shared a similar experience, stating that the code they received did not work and that Amazon was unable to assist, leading them to vow never to purchase again [2]. Additionally, another user warned others not to buy the product, labeling it a rip-off due to non-functional codes and the absence of refund opportunities [3].",8.25
Does it not work well,Redeem against anything on PlayStation Store.,1245,"['title: This product took all my money and didn’t give me my digital code really annoying \ntext: I hated this product with all my heart it took all my money and I can’t find my digital code', 'title: Don\'t Buy! \ntext: Code does not even work.  They gave me  ""an already used code"" !  No way to get refunded either!!!  Waste of money!', ""title: Don't order it. \ntext: It did not work and now I have to call Playstation to try to deal with it.  Such a hassle! Wish I just went to store to buy one."", 'title: DO NOT GET THIS!!! (SCAM!!!!) \ntext: I got this card a $25 card and a $10 card, the $25 card said that it has already been redeemed and then I never even got the code for the $10 one! These are just rip offs, so don’t go out spending your money on these because you can’t even return them.']","Several users expressed dissatisfaction with a product that failed to deliver the promised digital codes. One user reported that the product took their money without providing the digital code, causing significant frustration [0]. Another user mentioned receiving a code that was already used and highlighted the lack of a refund option, describing the purchase as a waste of money [1]. A third user shared their experience of the product not working, which forced them to contact Playstation for resolution, describing the process as a hassle [2]. Additionally, a user recounted purchasing two cards, one of which was already redeemed, while the other never provided a code, labeling the product as a scam and advising others against purchasing it due to the inability to return it [3].",8.25
Does it not work well,Redeem against anything on PlayStation Store.,1246,"['title: This product took all my money and didn’t give me my digital code really annoying \ntext: I hated this product with all my heart it took all my money and I can’t find my digital code', 'title: Don\'t Buy! \ntext: Code does not even work.  They gave me  ""an already used code"" !  No way to get refunded either!!!  Waste of money!', ""title: Don't order it. \ntext: It did not work and now I have to call Playstation to try to deal with it.  Such a hassle! Wish I just went to store to buy one."", 'title: Bad product but good support from Amazon \ntext: Didnt work. Not like xbox couldnt send code to my grandson in Europe!- code wouldnt work!- but Amazon refunded!']","Several users expressed dissatisfaction with a product that failed to deliver a working digital code. One user reported that the product took their money without providing the promised digital code, leading to significant frustration [0]. Another user mentioned receiving a code that was already used, with no option for a refund, describing the purchase as a waste of money [1]. A third user shared their experience of the product not working, which required them to contact PlayStation for resolution, adding unnecessary hassle [2]. Despite the product's failure, one user noted that Amazon provided good support by issuing a refund, although the code still did not work for their intended recipient in Europe [3].",8.25
Does it not work well,Redeem against anything on PlayStation Store.,1247,"['title: This product took all my money and didn’t give me my digital code really annoying \ntext: I hated this product with all my heart it took all my money and I can’t find my digital code', 'title: Don\'t Buy! \ntext: Code does not even work.  They gave me  ""an already used code"" !  No way to get refunded either!!!  Waste of money!', ""title: Don't order it. \ntext: It did not work and now I have to call Playstation to try to deal with it.  Such a hassle! Wish I just went to store to buy one."", 'title: Do not buy! \ntext: Do not buy this! Rip off. The code didn’t work and there is no place to get a refund.']","Several users expressed dissatisfaction with a product that failed to deliver a working digital code, resulting in financial loss and frustration. One user reported that the product took all their money without providing the promised digital code, leading to significant annoyance [0]. Another user received a code that was already used and highlighted the lack of refund options, describing the purchase as a waste of money [1]. A third user mentioned the inconvenience of having to contact Playstation to resolve the issue, wishing they had purchased the product in-store instead [2]. Additionally, another user labeled the product as a rip-off due to the non-functional code and absence of refund opportunities [3].",8.25
Does it not work well,Redeem against anything on PlayStation Store.,1256,"['title: This product took all my money and didn’t give me my digital code really annoying \ntext: I hated this product with all my heart it took all my money and I can’t find my digital code', 'title: Don\'t Buy! \ntext: Code does not even work.  They gave me  ""an already used code"" !  No way to get refunded either!!!  Waste of money!', 'title: DO NOT GET THIS!!! (SCAM!!!!) \ntext: I got this card a $25 card and a $10 card, the $25 card said that it has already been redeemed and then I never even got the code for the $10 one! These are just rip offs, so don’t go out spending your money on these because you can’t even return them.', 'title: Bad product but good support from Amazon \ntext: Didnt work. Not like xbox couldnt send code to my grandson in Europe!- code wouldnt work!- but Amazon refunded!']","Several users expressed dissatisfaction with a product that failed to deliver the promised digital codes. One user reported that the product took their money without providing the digital code, leading to significant frustration [0]. Another user mentioned receiving a code that was already used and highlighted the lack of refund options, describing the purchase as a waste of money [1]. A third user shared a similar experience, purchasing two cards only to find one code already redeemed and the other code never received, labeling the product as a scam [2]. Despite these issues, one user noted that while the product did not work, Amazon provided a refund, indicating some level of customer support [3].",8.25
Does it not work well,Redeem against anything on PlayStation Store.,1257,"['title: This product took all my money and didn’t give me my digital code really annoying \ntext: I hated this product with all my heart it took all my money and I can’t find my digital code', 'title: Don\'t Buy! \ntext: Code does not even work.  They gave me  ""an already used code"" !  No way to get refunded either!!!  Waste of money!', 'title: DO NOT GET THIS!!! (SCAM!!!!) \ntext: I got this card a $25 card and a $10 card, the $25 card said that it has already been redeemed and then I never even got the code for the $10 one! These are just rip offs, so don’t go out spending your money on these because you can’t even return them.', 'title: Do not buy! \ntext: Do not buy this! Rip off. The code didn’t work and there is no place to get a refund.']","Several users have expressed dissatisfaction with a product, describing it as a scam and a rip-off. One user reported that the product took their money without providing the promised digital code, leading to significant frustration [0]. Another user mentioned receiving a code that was already used and highlighted the lack of a refund option, calling it a waste of money [1]. Similarly, a third user purchased two cards, only to find that one had already been redeemed and the other code was never received, reinforcing the sentiment that these products are deceptive [2]. A fourth user echoed these concerns, stating that the code did not work and there was no way to obtain a refund, further labeling the product as a rip-off [3].",8.25
Does it not work well,Redeem against anything on PlayStation Store.,1267,"['title: This product took all my money and didn’t give me my digital code really annoying \ntext: I hated this product with all my heart it took all my money and I can’t find my digital code', 'title: Don\'t Buy! \ntext: Code does not even work.  They gave me  ""an already used code"" !  No way to get refunded either!!!  Waste of money!', 'title: Bad product but good support from Amazon \ntext: Didnt work. Not like xbox couldnt send code to my grandson in Europe!- code wouldnt work!- but Amazon refunded!', 'title: Do not buy! \ntext: Do not buy this! Rip off. The code didn’t work and there is no place to get a refund.']","Several users expressed dissatisfaction with a product due to issues with digital codes. One user reported that the product took their money without providing the promised digital code, leading to significant frustration [0]. Another user experienced a similar issue, receiving a code that was already used and found it impossible to obtain a refund, describing the purchase as a waste of money [1]. While one user noted that the product did not work, they appreciated Amazon's customer support for providing a refund, despite the initial failure to send a working code to their grandson in Europe [2]. Another user warned others not to buy the product, labeling it a rip-off due to the non-functional code and lack of refund options [3].",8.25
Does it not work well,Redeem against anything on PlayStation Store.,1345,"['title: This product took all my money and didn’t give me my digital code really annoying \ntext: I hated this product with all my heart it took all my money and I can’t find my digital code', ""title: DO NOT BUY \ntext: I would give a big fat Zero if I could! I bought this for Xmas for my grandson and the code did NOT work! Amazon can't do a thing about it! Never buying again! Rip people OFF!"", ""title: Don't order it. \ntext: It did not work and now I have to call Playstation to try to deal with it.  Such a hassle! Wish I just went to store to buy one."", 'title: DO NOT GET THIS!!! (SCAM!!!!) \ntext: I got this card a $25 card and a $10 card, the $25 card said that it has already been redeemed and then I never even got the code for the $10 one! These are just rip offs, so don’t go out spending your money on these because you can’t even return them.']","Several users expressed dissatisfaction with a product due to issues with digital codes. One user reported that the product took their money without providing the promised digital code, causing significant frustration [0]. Another user shared a similar experience, stating that the code they received did not work, and they were unable to get assistance from Amazon, leading to a vow never to purchase the product again [1]. A third user described the inconvenience of having to contact Playstation for a resolution after the product failed to work, suggesting that purchasing in-store might have been a better option [2]. Additionally, a user labeled the product as a scam, explaining that one card was already redeemed and another code was never received, emphasizing the inability to return the product and warning others against buying it [3].",8.25
Does it not work well,Redeem against anything on PlayStation Store.,1346,"['title: This product took all my money and didn’t give me my digital code really annoying \ntext: I hated this product with all my heart it took all my money and I can’t find my digital code', ""title: DO NOT BUY \ntext: I would give a big fat Zero if I could! I bought this for Xmas for my grandson and the code did NOT work! Amazon can't do a thing about it! Never buying again! Rip people OFF!"", ""title: Don't order it. \ntext: It did not work and now I have to call Playstation to try to deal with it.  Such a hassle! Wish I just went to store to buy one."", 'title: Bad product but good support from Amazon \ntext: Didnt work. Not like xbox couldnt send code to my grandson in Europe!- code wouldnt work!- but Amazon refunded!']","Several users expressed dissatisfaction with a product due to issues with digital codes. One user reported that the product took their money without providing the promised digital code, causing significant frustration [0]. Another user shared a similar experience, stating that the code they received did not work, and they were unable to get assistance from Amazon, leading to a negative purchasing experience [1]. A third user mentioned the inconvenience of having to contact PlayStation to resolve the issue, which they found to be a hassle [2]. Despite these problems, one user noted that while the product did not work, Amazon provided good support by issuing a refund [3].",8.25
Does it not work well,Redeem against anything on PlayStation Store.,1347,"['title: This product took all my money and didn’t give me my digital code really annoying \ntext: I hated this product with all my heart it took all my money and I can’t find my digital code', ""title: DO NOT BUY \ntext: I would give a big fat Zero if I could! I bought this for Xmas for my grandson and the code did NOT work! Amazon can't do a thing about it! Never buying again! Rip people OFF!"", ""title: Don't order it. \ntext: It did not work and now I have to call Playstation to try to deal with it.  Such a hassle! Wish I just went to store to buy one."", 'title: Do not buy! \ntext: Do not buy this! Rip off. The code didn’t work and there is no place to get a refund.']","Several users expressed dissatisfaction with a product due to issues with digital codes. One user reported that the product took their money without providing the promised digital code, causing significant frustration [0]. Another user shared a similar experience, stating that the code they received did not work, and they were unable to get assistance from Amazon, leading them to vow never to purchase again [1]. A third user described the inconvenience of having to contact Playstation to resolve the issue, which they found to be a hassle [2]. Additionally, another user labeled the product a 'rip off' due to the non-functional code and the lack of refund options [3].",8.25
Does it not work well,Redeem against anything on PlayStation Store.,1356,"['title: This product took all my money and didn’t give me my digital code really annoying \ntext: I hated this product with all my heart it took all my money and I can’t find my digital code', ""title: DO NOT BUY \ntext: I would give a big fat Zero if I could! I bought this for Xmas for my grandson and the code did NOT work! Amazon can't do a thing about it! Never buying again! Rip people OFF!"", 'title: DO NOT GET THIS!!! (SCAM!!!!) \ntext: I got this card a $25 card and a $10 card, the $25 card said that it has already been redeemed and then I never even got the code for the $10 one! These are just rip offs, so don’t go out spending your money on these because you can’t even return them.', 'title: Bad product but good support from Amazon \ntext: Didnt work. Not like xbox couldnt send code to my grandson in Europe!- code wouldnt work!- but Amazon refunded!']","Several users expressed dissatisfaction with a product due to issues with digital codes. One user reported that the product took their money without providing the promised digital code, causing significant frustration [0]. Another user shared a similar experience, stating that the code they received did not work and that Amazon was unable to assist, leading them to vow never to purchase the product again [1]. A third user described the product as a scam, as they received a card that was already redeemed and another without a code, warning others against buying it [2]. Despite these negative experiences, one user noted that while the product did not work, Amazon provided a refund, highlighting the company's supportive customer service [3].",8.25
Does it not work well,Redeem against anything on PlayStation Store.,1357,"['title: This product took all my money and didn’t give me my digital code really annoying \ntext: I hated this product with all my heart it took all my money and I can’t find my digital code', ""title: DO NOT BUY \ntext: I would give a big fat Zero if I could! I bought this for Xmas for my grandson and the code did NOT work! Amazon can't do a thing about it! Never buying again! Rip people OFF!"", 'title: DO NOT GET THIS!!! (SCAM!!!!) \ntext: I got this card a $25 card and a $10 card, the $25 card said that it has already been redeemed and then I never even got the code for the $10 one! These are just rip offs, so don’t go out spending your money on these because you can’t even return them.', 'title: Do not buy! \ntext: Do not buy this! Rip off. The code didn’t work and there is no place to get a refund.']","Several users have expressed dissatisfaction with a product, describing it as a scam and a rip-off. One user reported that the product took their money without providing the promised digital code, leaving them frustrated and annoyed [0]. Another user shared a similar experience, stating that the code they received did not work and that Amazon was unable to assist them, leading to a vow never to purchase the product again [1]. A third user mentioned purchasing two cards, one of which was already redeemed, while the other did not provide a code at all, reinforcing the sentiment that the product is a scam [2]. Additionally, a user emphasized the lack of refund options after receiving a non-functional code, further highlighting the product's unreliability [3].",8.25
Does it not work well,Redeem against anything on PlayStation Store.,1367,"['title: This product took all my money and didn’t give me my digital code really annoying \ntext: I hated this product with all my heart it took all my money and I can’t find my digital code', ""title: DO NOT BUY \ntext: I would give a big fat Zero if I could! I bought this for Xmas for my grandson and the code did NOT work! Amazon can't do a thing about it! Never buying again! Rip people OFF!"", 'title: Bad product but good support from Amazon \ntext: Didnt work. Not like xbox couldnt send code to my grandson in Europe!- code wouldnt work!- but Amazon refunded!', 'title: Do not buy! \ntext: Do not buy this! Rip off. The code didn’t work and there is no place to get a refund.']","Several users expressed dissatisfaction with a product due to issues with digital codes. One user reported that the product took their money without providing the promised digital code, causing significant frustration [0]. Another user shared a similar experience, stating that the code they received did not work, and they were unable to get assistance from Amazon, leading them to label the product as a rip-off [1]. A third user also encountered a non-functional code but noted that Amazon provided a refund, highlighting a positive aspect of customer support despite the product's failure [2]. Lastly, another user warned others not to purchase the product, citing the non-working code and lack of refund options as major issues [3].",8.25
Does it not work well,Redeem against anything on PlayStation Store.,1456,"['title: This product took all my money and didn’t give me my digital code really annoying \ntext: I hated this product with all my heart it took all my money and I can’t find my digital code', ""title: Don't order it. \ntext: It did not work and now I have to call Playstation to try to deal with it.  Such a hassle! Wish I just went to store to buy one."", 'title: DO NOT GET THIS!!! (SCAM!!!!) \ntext: I got this card a $25 card and a $10 card, the $25 card said that it has already been redeemed and then I never even got the code for the $10 one! These are just rip offs, so don’t go out spending your money on these because you can’t even return them.', 'title: Bad product but good support from Amazon \ntext: Didnt work. Not like xbox couldnt send code to my grandson in Europe!- code wouldnt work!- but Amazon refunded!']","Several users expressed dissatisfaction with a product that failed to deliver digital codes as promised. One user reported that the product took their money without providing the digital code, causing significant frustration [0]. Another user mentioned that the product did not work, necessitating a call to PlayStation for resolution, which they found to be a hassle [1]. A third user described the product as a scam, stating that a $25 card was already redeemed and a $10 card never provided a code, warning others against purchasing [2]. Despite these issues, one user noted that while the product did not work, Amazon provided good support by offering a refund [3].",8.25
Does it not work well,Redeem against anything on PlayStation Store.,1457,"['title: This product took all my money and didn’t give me my digital code really annoying \ntext: I hated this product with all my heart it took all my money and I can’t find my digital code', ""title: Don't order it. \ntext: It did not work and now I have to call Playstation to try to deal with it.  Such a hassle! Wish I just went to store to buy one."", 'title: DO NOT GET THIS!!! (SCAM!!!!) \ntext: I got this card a $25 card and a $10 card, the $25 card said that it has already been redeemed and then I never even got the code for the $10 one! These are just rip offs, so don’t go out spending your money on these because you can’t even return them.', 'title: Do not buy! \ntext: Do not buy this! Rip off. The code didn’t work and there is no place to get a refund.']","Several users expressed dissatisfaction with a product, describing it as a scam and a rip-off. One user reported that the product took their money without providing the promised digital code, leading to significant frustration [0]. Another user mentioned that the product did not work, requiring them to contact PlayStation for resolution, which they found to be a hassle [1]. A third user experienced issues with two cards, one of which was already redeemed, and the other did not provide a code, emphasizing the inability to return the product [2]. Lastly, a user warned others not to buy the product, as the code was non-functional and there was no option for a refund [3].",8.25
Does it not work well,Redeem against anything on PlayStation Store.,1467,"['title: This product took all my money and didn’t give me my digital code really annoying \ntext: I hated this product with all my heart it took all my money and I can’t find my digital code', ""title: Don't order it. \ntext: It did not work and now I have to call Playstation to try to deal with it.  Such a hassle! Wish I just went to store to buy one."", 'title: Bad product but good support from Amazon \ntext: Didnt work. Not like xbox couldnt send code to my grandson in Europe!- code wouldnt work!- but Amazon refunded!', 'title: Do not buy! \ntext: Do not buy this! Rip off. The code didn’t work and there is no place to get a refund.']","Several users expressed dissatisfaction with a product that failed to deliver the promised digital code, causing significant frustration. One user reported that the product took all their money without providing the digital code, leading to a highly negative experience [0]. Another user found the product non-functional and had to contact PlayStation for resolution, which they described as a hassle [1]. A third user noted that while the product did not work, Amazon provided good support by issuing a refund, highlighting a contrast between the product's failure and the customer service received [2]. Lastly, a user warned others not to buy the product, labeling it a rip-off due to the non-working code and lack of refund options [3].",8.25
Does it not work well,Redeem against anything on PlayStation Store.,1567,"['title: This product took all my money and didn’t give me my digital code really annoying \ntext: I hated this product with all my heart it took all my money and I can’t find my digital code', 'title: DO NOT GET THIS!!! (SCAM!!!!) \ntext: I got this card a $25 card and a $10 card, the $25 card said that it has already been redeemed and then I never even got the code for the $10 one! These are just rip offs, so don’t go out spending your money on these because you can’t even return them.', 'title: Bad product but good support from Amazon \ntext: Didnt work. Not like xbox couldnt send code to my grandson in Europe!- code wouldnt work!- but Amazon refunded!', 'title: Do not buy! \ntext: Do not buy this! Rip off. The code didn’t work and there is no place to get a refund.']","Several users expressed dissatisfaction with a product due to issues with digital codes. One user reported that the product took their money without providing the promised digital code, causing significant frustration [0]. Another user labeled the product as a scam, stating that a $25 card was already redeemed and a $10 card never provided a code, warning others against purchasing these products due to the inability to return them [1]. A third user experienced a non-functional product but noted that Amazon provided a refund, highlighting the company's supportive customer service despite the product's failure [2]. Lastly, a user warned against buying the product, describing it as a rip-off due to non-working codes and the lack of refund options [3].",8.25
Does it not work well,Redeem against anything on PlayStation Store.,2345,"['title: Don\'t Buy! \ntext: Code does not even work.  They gave me  ""an already used code"" !  No way to get refunded either!!!  Waste of money!', ""title: DO NOT BUY \ntext: I would give a big fat Zero if I could! I bought this for Xmas for my grandson and the code did NOT work! Amazon can't do a thing about it! Never buying again! Rip people OFF!"", ""title: Don't order it. \ntext: It did not work and now I have to call Playstation to try to deal with it.  Such a hassle! Wish I just went to store to buy one."", 'title: DO NOT GET THIS!!! (SCAM!!!!) \ntext: I got this card a $25 card and a $10 card, the $25 card said that it has already been redeemed and then I never even got the code for the $10 one! These are just rip offs, so don’t go out spending your money on these because you can’t even return them.']","Several customers have expressed dissatisfaction with a product, citing issues with non-functional codes and lack of refund options. One user reported receiving an already used code and being unable to obtain a refund, describing the purchase as a waste of money [0]. Another customer shared a similar experience, stating that the code they purchased for a gift did not work and that Amazon was unable to assist, leading them to vow never to buy again [1]. A third user mentioned the inconvenience of having to contact Playstation to resolve the issue, wishing they had purchased the product in-store instead [2]. Additionally, a customer reported that one card was already redeemed and another code was never received, labeling the product as a scam and advising others not to spend money on it due to the inability to return it [3].",8.25
Does it not work well,Redeem against anything on PlayStation Store.,2346,"['title: Don\'t Buy! \ntext: Code does not even work.  They gave me  ""an already used code"" !  No way to get refunded either!!!  Waste of money!', ""title: DO NOT BUY \ntext: I would give a big fat Zero if I could! I bought this for Xmas for my grandson and the code did NOT work! Amazon can't do a thing about it! Never buying again! Rip people OFF!"", ""title: Don't order it. \ntext: It did not work and now I have to call Playstation to try to deal with it.  Such a hassle! Wish I just went to store to buy one."", 'title: Bad product but good support from Amazon \ntext: Didnt work. Not like xbox couldnt send code to my grandson in Europe!- code wouldnt work!- but Amazon refunded!']","Several customers have expressed dissatisfaction with a product due to non-functional codes and poor refund policies. One user reported receiving an already used code and being unable to obtain a refund, describing the purchase as a waste of money [0]. Another user shared a similar experience, stating that the code did not work and that Amazon was unable to assist, leading to a vow never to purchase again due to feeling ripped off [1]. A third comment highlighted the inconvenience of having to contact PlayStation directly to resolve the issue, suggesting that buying in-store might have been a better option [2]. Despite these negative experiences, one customer noted that while the product did not work, Amazon provided a refund, contrasting their experience with Xbox, where the code also failed [3].",8.25
Does it not work well,Redeem against anything on PlayStation Store.,2347,"['title: Don\'t Buy! \ntext: Code does not even work.  They gave me  ""an already used code"" !  No way to get refunded either!!!  Waste of money!', ""title: DO NOT BUY \ntext: I would give a big fat Zero if I could! I bought this for Xmas for my grandson and the code did NOT work! Amazon can't do a thing about it! Never buying again! Rip people OFF!"", ""title: Don't order it. \ntext: It did not work and now I have to call Playstation to try to deal with it.  Such a hassle! Wish I just went to store to buy one."", 'title: Do not buy! \ntext: Do not buy this! Rip off. The code didn’t work and there is no place to get a refund.']","Several customers have expressed dissatisfaction with a product, citing issues with non-functional codes and the inability to obtain refunds. One user reported receiving an already used code and described the purchase as a waste of money due to the lack of refund options [0]. Another customer shared a similar experience, stating that the code they purchased for a gift did not work and that Amazon was unable to assist, leading them to vow never to buy again [1]. A third user mentioned the inconvenience of having to contact Playstation to resolve the issue, expressing regret for not purchasing the product in-store [2]. Additionally, another review echoed these sentiments, labeling the product a rip-off due to the non-working code and absence of refund opportunities [3].",8.25
Does it not work well,Redeem against anything on PlayStation Store.,2356,"['title: Don\'t Buy! \ntext: Code does not even work.  They gave me  ""an already used code"" !  No way to get refunded either!!!  Waste of money!', ""title: DO NOT BUY \ntext: I would give a big fat Zero if I could! I bought this for Xmas for my grandson and the code did NOT work! Amazon can't do a thing about it! Never buying again! Rip people OFF!"", 'title: DO NOT GET THIS!!! (SCAM!!!!) \ntext: I got this card a $25 card and a $10 card, the $25 card said that it has already been redeemed and then I never even got the code for the $10 one! These are just rip offs, so don’t go out spending your money on these because you can’t even return them.', 'title: Bad product but good support from Amazon \ntext: Didnt work. Not like xbox couldnt send code to my grandson in Europe!- code wouldnt work!- but Amazon refunded!']","Several users expressed dissatisfaction with a product, describing it as a scam and a waste of money due to non-functional codes. One user reported receiving an already used code and being unable to obtain a refund, labeling the purchase as a waste of money [0]. Another user shared a similar experience, stating that the code did not work and that Amazon was unable to assist, leading to a vow never to purchase again [1]. A third user mentioned buying two cards, one of which was already redeemed, while the other code was never received, warning others against spending money on these products as they cannot be returned [2]. Despite these issues, one user noted that although the product did not work, Amazon provided a refund, highlighting a positive aspect of customer support [3].",8.25
Does it not work well,Redeem against anything on PlayStation Store.,2357,"['title: Don\'t Buy! \ntext: Code does not even work.  They gave me  ""an already used code"" !  No way to get refunded either!!!  Waste of money!', ""title: DO NOT BUY \ntext: I would give a big fat Zero if I could! I bought this for Xmas for my grandson and the code did NOT work! Amazon can't do a thing about it! Never buying again! Rip people OFF!"", 'title: DO NOT GET THIS!!! (SCAM!!!!) \ntext: I got this card a $25 card and a $10 card, the $25 card said that it has already been redeemed and then I never even got the code for the $10 one! These are just rip offs, so don’t go out spending your money on these because you can’t even return them.', 'title: Do not buy! \ntext: Do not buy this! Rip off. The code didn’t work and there is no place to get a refund.']","Several users have expressed dissatisfaction with a product, describing it as a scam and a waste of money. They report receiving codes that were already used or not receiving codes at all, with no possibility of obtaining a refund. One user mentioned purchasing the product as a gift, only to find that the code did not work, and noted that even Amazon could not assist with the issue. Overall, the sentiment is overwhelmingly negative, with users warning others not to purchase the product due to these issues [0][1][2][3].",8.25
Does it not work well,Redeem against anything on PlayStation Store.,2367,"['title: Don\'t Buy! \ntext: Code does not even work.  They gave me  ""an already used code"" !  No way to get refunded either!!!  Waste of money!', ""title: DO NOT BUY \ntext: I would give a big fat Zero if I could! I bought this for Xmas for my grandson and the code did NOT work! Amazon can't do a thing about it! Never buying again! Rip people OFF!"", 'title: Bad product but good support from Amazon \ntext: Didnt work. Not like xbox couldnt send code to my grandson in Europe!- code wouldnt work!- but Amazon refunded!', 'title: Do not buy! \ntext: Do not buy this! Rip off. The code didn’t work and there is no place to get a refund.']","Several customers have expressed dissatisfaction with a product due to non-functional codes and the inability to obtain refunds. One user reported receiving an already used code and described the purchase as a waste of money, with no refund options available [0]. Another user echoed this sentiment, stating that the code they purchased for their grandson did not work and criticized Amazon for being unable to assist, labeling the experience as a rip-off [1]. A third user mentioned that while the product did not work, Amazon provided good support by issuing a refund [2]. Lastly, another customer warned others not to buy the product, citing non-working codes and the lack of refund opportunities as reasons for their dissatisfaction [3].",8.25
Does it not work well,Redeem against anything on PlayStation Store.,2456,"['title: Don\'t Buy! \ntext: Code does not even work.  They gave me  ""an already used code"" !  No way to get refunded either!!!  Waste of money!', ""title: Don't order it. \ntext: It did not work and now I have to call Playstation to try to deal with it.  Such a hassle! Wish I just went to store to buy one."", 'title: DO NOT GET THIS!!! (SCAM!!!!) \ntext: I got this card a $25 card and a $10 card, the $25 card said that it has already been redeemed and then I never even got the code for the $10 one! These are just rip offs, so don’t go out spending your money on these because you can’t even return them.', 'title: Bad product but good support from Amazon \ntext: Didnt work. Not like xbox couldnt send code to my grandson in Europe!- code wouldnt work!- but Amazon refunded!']","Several users expressed dissatisfaction with a product, describing it as ineffective and a waste of money. One user reported receiving a code that had already been used and faced difficulties obtaining a refund, labeling the purchase as a waste of money [0]. Another user mentioned the inconvenience of having to contact PlayStation to resolve issues with the product, expressing regret over not purchasing it in-store instead [1]. A third user described the product as a scam, having received a $25 card that was already redeemed and not receiving the code for a $10 card, warning others against spending money on such items [2]. Despite the product not working, one user noted that Amazon provided good support by issuing a refund, although the code failed to work for their grandson in Europe [3].",8.25
Does it not work well,Redeem against anything on PlayStation Store.,2457,"['title: Don\'t Buy! \ntext: Code does not even work.  They gave me  ""an already used code"" !  No way to get refunded either!!!  Waste of money!', ""title: Don't order it. \ntext: It did not work and now I have to call Playstation to try to deal with it.  Such a hassle! Wish I just went to store to buy one."", 'title: DO NOT GET THIS!!! (SCAM!!!!) \ntext: I got this card a $25 card and a $10 card, the $25 card said that it has already been redeemed and then I never even got the code for the $10 one! These are just rip offs, so don’t go out spending your money on these because you can’t even return them.', 'title: Do not buy! \ntext: Do not buy this! Rip off. The code didn’t work and there is no place to get a refund.']","Several users have expressed dissatisfaction with a product, describing it as a scam and a waste of money. One user reported receiving an already used code and being unable to obtain a refund, labeling the purchase as a waste of money [0]. Another user mentioned the inconvenience of having to contact PlayStation to resolve issues with the product, suggesting it would have been easier to buy from a store [1]. A third user shared their experience of purchasing two cards, one of which was already redeemed, and not receiving the code for the other, warning others not to spend money on these products as they cannot be returned [2]. Lastly, another user reiterated that the product is a rip-off, with non-functional codes and no refund options available [3].",8.25
Does it not work well,Redeem against anything on PlayStation Store.,2467,"['title: Don\'t Buy! \ntext: Code does not even work.  They gave me  ""an already used code"" !  No way to get refunded either!!!  Waste of money!', ""title: Don't order it. \ntext: It did not work and now I have to call Playstation to try to deal with it.  Such a hassle! Wish I just went to store to buy one."", 'title: Bad product but good support from Amazon \ntext: Didnt work. Not like xbox couldnt send code to my grandson in Europe!- code wouldnt work!- but Amazon refunded!', 'title: Do not buy! \ntext: Do not buy this! Rip off. The code didn’t work and there is no place to get a refund.']","Several users expressed dissatisfaction with a product due to non-functional codes and refund issues. One user reported receiving an already used code and being unable to obtain a refund, describing the purchase as a waste of money [0]. Another user mentioned the inconvenience of having to contact PlayStation to resolve the issue, wishing they had purchased the product in-store instead [1]. A third user noted that while the product did not work, Amazon provided good support by issuing a refund [2]. Lastly, another user labeled the product a rip-off due to the non-working code and lack of refund options [3].",8.25
Does it not work well,Redeem against anything on PlayStation Store.,2567,"['title: Don\'t Buy! \ntext: Code does not even work.  They gave me  ""an already used code"" !  No way to get refunded either!!!  Waste of money!', 'title: DO NOT GET THIS!!! (SCAM!!!!) \ntext: I got this card a $25 card and a $10 card, the $25 card said that it has already been redeemed and then I never even got the code for the $10 one! These are just rip offs, so don’t go out spending your money on these because you can’t even return them.', 'title: Bad product but good support from Amazon \ntext: Didnt work. Not like xbox couldnt send code to my grandson in Europe!- code wouldnt work!- but Amazon refunded!', 'title: Do not buy! \ntext: Do not buy this! Rip off. The code didn’t work and there is no place to get a refund.']","Several users have expressed dissatisfaction with a product, describing it as a scam and a waste of money. One user reported receiving a code that was already used and faced difficulties in obtaining a refund, labeling the purchase as a waste of money [0]. Another user shared a similar experience, where a $25 card was already redeemed and a $10 card code was never received, warning others not to spend money on these products as they cannot be returned [1]. A third user mentioned that the product did not work, but noted that Amazon provided a refund, highlighting a contrast between the product's failure and Amazon's customer support [2]. Lastly, a user advised against purchasing the product, calling it a rip-off due to non-functional codes and the absence of a refund option [3].",8.25
Does it not work well,Redeem against anything on PlayStation Store.,3456,"[""title: DO NOT BUY \ntext: I would give a big fat Zero if I could! I bought this for Xmas for my grandson and the code did NOT work! Amazon can't do a thing about it! Never buying again! Rip people OFF!"", ""title: Don't order it. \ntext: It did not work and now I have to call Playstation to try to deal with it.  Such a hassle! Wish I just went to store to buy one."", 'title: DO NOT GET THIS!!! (SCAM!!!!) \ntext: I got this card a $25 card and a $10 card, the $25 card said that it has already been redeemed and then I never even got the code for the $10 one! These are just rip offs, so don’t go out spending your money on these because you can’t even return them.', 'title: Bad product but good support from Amazon \ntext: Didnt work. Not like xbox couldnt send code to my grandson in Europe!- code wouldnt work!- but Amazon refunded!']","Several customers have expressed dissatisfaction with a product, describing it as a scam and a rip-off. One user reported that a code purchased for their grandson did not work, and Amazon was unable to assist, leading to a vow never to purchase again [0]. Another user faced similar issues, having to contact PlayStation directly to resolve the problem, which they found to be a hassle [1]. A third user experienced issues with two cards, one of which was already redeemed, and the other did not provide a code, reinforcing their belief that the product is a scam [2]. Despite these issues, one customer noted that while the product did not work, Amazon provided a refund, highlighting good customer support [3].",8.25
Does it not work well,Redeem against anything on PlayStation Store.,3457,"[""title: DO NOT BUY \ntext: I would give a big fat Zero if I could! I bought this for Xmas for my grandson and the code did NOT work! Amazon can't do a thing about it! Never buying again! Rip people OFF!"", ""title: Don't order it. \ntext: It did not work and now I have to call Playstation to try to deal with it.  Such a hassle! Wish I just went to store to buy one."", 'title: DO NOT GET THIS!!! (SCAM!!!!) \ntext: I got this card a $25 card and a $10 card, the $25 card said that it has already been redeemed and then I never even got the code for the $10 one! These are just rip offs, so don’t go out spending your money on these because you can’t even return them.', 'title: Do not buy! \ntext: Do not buy this! Rip off. The code didn’t work and there is no place to get a refund.']","Several customers have expressed dissatisfaction with a product, describing it as a scam and a rip-off. One user reported that the code for a gift card purchased as a Christmas gift did not work, and they were unable to get assistance from Amazon, leading to a vow never to purchase again [0]. Another user shared a similar experience, stating that the product did not work, and they had to contact PlayStation for resolution, which they found to be a hassle [1]. A third customer mentioned purchasing two cards, one of which was already redeemed, and the other did not provide a code, emphasizing that these products are rip-offs and cannot be returned [2]. Additionally, another review echoed these sentiments, stating that the code did not work and there was no option for a refund [3].",8.25
Does it not work well,Redeem against anything on PlayStation Store.,3467,"[""title: DO NOT BUY \ntext: I would give a big fat Zero if I could! I bought this for Xmas for my grandson and the code did NOT work! Amazon can't do a thing about it! Never buying again! Rip people OFF!"", ""title: Don't order it. \ntext: It did not work and now I have to call Playstation to try to deal with it.  Such a hassle! Wish I just went to store to buy one."", 'title: Bad product but good support from Amazon \ntext: Didnt work. Not like xbox couldnt send code to my grandson in Europe!- code wouldnt work!- but Amazon refunded!', 'title: Do not buy! \ntext: Do not buy this! Rip off. The code didn’t work and there is no place to get a refund.']","Several customers expressed dissatisfaction with a product due to non-functional codes, which led to frustration and inconvenience. One user reported that the code they purchased as a gift did not work, and they were unable to get assistance from Amazon, leading to a vow never to purchase again from the platform [0]. Another user faced similar issues with a non-working code and had to contact PlayStation for resolution, expressing regret for not purchasing in-store instead [1]. Despite the product's failure, one customer noted that Amazon provided a refund, although the code still did not work for their intended recipient in Europe [2]. Another user labeled the product a 'rip off' due to the non-functional code and the lack of refund options [3].",8.25
Does it not work well,Redeem against anything on PlayStation Store.,3567,"[""title: DO NOT BUY \ntext: I would give a big fat Zero if I could! I bought this for Xmas for my grandson and the code did NOT work! Amazon can't do a thing about it! Never buying again! Rip people OFF!"", 'title: DO NOT GET THIS!!! (SCAM!!!!) \ntext: I got this card a $25 card and a $10 card, the $25 card said that it has already been redeemed and then I never even got the code for the $10 one! These are just rip offs, so don’t go out spending your money on these because you can’t even return them.', 'title: Bad product but good support from Amazon \ntext: Didnt work. Not like xbox couldnt send code to my grandson in Europe!- code wouldnt work!- but Amazon refunded!', 'title: Do not buy! \ntext: Do not buy this! Rip off. The code didn’t work and there is no place to get a refund.']","Several customers have expressed dissatisfaction with a product, describing it as a scam and a rip-off due to non-functional codes. One customer reported that a code purchased for their grandson did not work, and Amazon was unable to assist, leading to a vow never to purchase again [0]. Another customer experienced issues with two cards, one of which was already redeemed, and the other lacked a code entirely, emphasizing the inability to return the product [1]. Despite similar issues with a non-working code, one customer noted that Amazon provided a refund, highlighting some level of support [2]. Overall, the consensus is that the product is unreliable, with multiple reports of non-functional codes and difficulties in obtaining refunds [3].",8.25
Does it not work well,Redeem against anything on PlayStation Store.,4567,"[""title: Don't order it. \ntext: It did not work and now I have to call Playstation to try to deal with it.  Such a hassle! Wish I just went to store to buy one."", 'title: DO NOT GET THIS!!! (SCAM!!!!) \ntext: I got this card a $25 card and a $10 card, the $25 card said that it has already been redeemed and then I never even got the code for the $10 one! These are just rip offs, so don’t go out spending your money on these because you can’t even return them.', 'title: Bad product but good support from Amazon \ntext: Didnt work. Not like xbox couldnt send code to my grandson in Europe!- code wouldnt work!- but Amazon refunded!', 'title: Do not buy! \ntext: Do not buy this! Rip off. The code didn’t work and there is no place to get a refund.']","Several users expressed dissatisfaction with the product, describing it as ineffective and problematic. One user reported that the product did not work, necessitating a call to PlayStation for resolution, which they found to be a hassle, and regretted not purchasing from a store instead [0]. Another user labeled the product as a scam, stating that a $25 card was already redeemed and they never received the code for a $10 card, warning others not to waste money on these products as they are non-refundable [1]. A third user mentioned that the product did not work, similar to an Xbox issue, but appreciated Amazon's support in providing a refund [2]. Lastly, another user described the product as a rip-off, with non-functional codes and no refund options available [3].",8.25
Does it not work well,Redeem against anything on PlayStation Store.,01234,"['title: This product is unintuitive to use and requires installing software that does not work DONT BUY IT \ntext: This product is unintuitive to use and requires installing software that does not work DONT BUY IT!', 'title: This product took all my money and didn’t give me my digital code really annoying \ntext: I hated this product with all my heart it took all my money and I can’t find my digital code', 'title: Don\'t Buy! \ntext: Code does not even work.  They gave me  ""an already used code"" !  No way to get refunded either!!!  Waste of money!', ""title: DO NOT BUY \ntext: I would give a big fat Zero if I could! I bought this for Xmas for my grandson and the code did NOT work! Amazon can't do a thing about it! Never buying again! Rip people OFF!"", ""title: Don't order it. \ntext: It did not work and now I have to call Playstation to try to deal with it.  Such a hassle! Wish I just went to store to buy one.""]","Several users expressed dissatisfaction with the product, citing issues with its functionality and customer service. One user described the product as unintuitive and criticized the accompanying software for being non-functional, advising others not to purchase it [0]. Another user reported financial loss, stating that they did not receive their digital code after purchase [1]. Multiple comments highlighted problems with receiving already used codes, with no available refund options, leading to a perception of wasted money [2][3]. Additionally, a user mentioned the inconvenience of having to contact customer support to resolve issues, suggesting that purchasing from a physical store might have been a better option [4].",9.25
Does it not work well,Redeem against anything on PlayStation Store.,01235,"['title: This product is unintuitive to use and requires installing software that does not work DONT BUY IT \ntext: This product is unintuitive to use and requires installing software that does not work DONT BUY IT!', 'title: This product took all my money and didn’t give me my digital code really annoying \ntext: I hated this product with all my heart it took all my money and I can’t find my digital code', 'title: Don\'t Buy! \ntext: Code does not even work.  They gave me  ""an already used code"" !  No way to get refunded either!!!  Waste of money!', ""title: DO NOT BUY \ntext: I would give a big fat Zero if I could! I bought this for Xmas for my grandson and the code did NOT work! Amazon can't do a thing about it! Never buying again! Rip people OFF!"", 'title: DO NOT GET THIS!!! (SCAM!!!!) \ntext: I got this card a $25 card and a $10 card, the $25 card said that it has already been redeemed and then I never even got the code for the $10 one! These are just rip offs, so don’t go out spending your money on these because you can’t even return them.']","Several users expressed dissatisfaction with a product, citing issues with its usability and functionality. One user described the product as unintuitive and criticized the accompanying software for being non-functional, advising others not to purchase it [0]. Another user reported financial loss, stating that they did not receive their digital code after purchase, which they found extremely frustrating [1]. Multiple users complained about receiving codes that were already used, with no possibility of obtaining a refund, labeling the purchase as a waste of money [2][3]. Additionally, a user recounted a negative experience where a gift purchase for their grandson resulted in a non-working code, with no assistance from the retailer, leading them to feel ripped off [3]. Another user warned others about the product being a scam, as they received a card that was already redeemed and did not receive another code they paid for, emphasizing the inability to return the product [4].",9.25
Does it not work well,Redeem against anything on PlayStation Store.,01236,"['title: This product is unintuitive to use and requires installing software that does not work DONT BUY IT \ntext: This product is unintuitive to use and requires installing software that does not work DONT BUY IT!', 'title: This product took all my money and didn’t give me my digital code really annoying \ntext: I hated this product with all my heart it took all my money and I can’t find my digital code', 'title: Don\'t Buy! \ntext: Code does not even work.  They gave me  ""an already used code"" !  No way to get refunded either!!!  Waste of money!', ""title: DO NOT BUY \ntext: I would give a big fat Zero if I could! I bought this for Xmas for my grandson and the code did NOT work! Amazon can't do a thing about it! Never buying again! Rip people OFF!"", 'title: Bad product but good support from Amazon \ntext: Didnt work. Not like xbox couldnt send code to my grandson in Europe!- code wouldnt work!- but Amazon refunded!']","Several users expressed dissatisfaction with the product, citing issues with its functionality and the associated software. One user described the product as unintuitive and criticized the software required for its operation, which they claimed did not work, advising others not to purchase it [0]. Another user reported financial loss, stating that the product took their money without providing the promised digital code [1]. Multiple users complained about receiving non-functional or already used codes, with no possibility of obtaining a refund, labeling the purchase as a waste of money [2][3]. Despite these issues, one user noted that while the product did not work, Amazon provided good support by offering a refund [4].",9.25
Does it not work well,Redeem against anything on PlayStation Store.,01237,"['title: This product is unintuitive to use and requires installing software that does not work DONT BUY IT \ntext: This product is unintuitive to use and requires installing software that does not work DONT BUY IT!', 'title: This product took all my money and didn’t give me my digital code really annoying \ntext: I hated this product with all my heart it took all my money and I can’t find my digital code', 'title: Don\'t Buy! \ntext: Code does not even work.  They gave me  ""an already used code"" !  No way to get refunded either!!!  Waste of money!', ""title: DO NOT BUY \ntext: I would give a big fat Zero if I could! I bought this for Xmas for my grandson and the code did NOT work! Amazon can't do a thing about it! Never buying again! Rip people OFF!"", 'title: Do not buy! \ntext: Do not buy this! Rip off. The code didn’t work and there is no place to get a refund.']","Several users expressed dissatisfaction with the product, citing issues with its functionality and customer service. One user described the product as unintuitive and criticized the accompanying software for being non-functional, advising others not to purchase it [0]. Another user reported a financial loss, stating that they were unable to retrieve their digital code after purchase [1]. Multiple users complained about receiving non-working or previously used codes, with no available options for refunds, labeling the product as a waste of money and a rip-off [2][3][4].",9.25
Does it not work well,Redeem against anything on PlayStation Store.,01245,"['title: This product is unintuitive to use and requires installing software that does not work DONT BUY IT \ntext: This product is unintuitive to use and requires installing software that does not work DONT BUY IT!', 'title: This product took all my money and didn’t give me my digital code really annoying \ntext: I hated this product with all my heart it took all my money and I can’t find my digital code', 'title: Don\'t Buy! \ntext: Code does not even work.  They gave me  ""an already used code"" !  No way to get refunded either!!!  Waste of money!', ""title: Don't order it. \ntext: It did not work and now I have to call Playstation to try to deal with it.  Such a hassle! Wish I just went to store to buy one."", 'title: DO NOT GET THIS!!! (SCAM!!!!) \ntext: I got this card a $25 card and a $10 card, the $25 card said that it has already been redeemed and then I never even got the code for the $10 one! These are just rip offs, so don’t go out spending your money on these because you can’t even return them.']","Several users have expressed dissatisfaction with a product, describing it as unintuitive and problematic due to non-functional software requirements [0]. Customers reported financial losses, as the product failed to deliver promised digital codes, leading to frustration and a sense of being scammed [1][2]. Additionally, users experienced issues with receiving already used codes and faced difficulties in obtaining refunds, further contributing to the perception of the product as a waste of money [2][3]. The inconvenience of having to contact customer support, such as Playstation, to resolve these issues was also highlighted, with some users wishing they had opted for in-store purchases instead [3]. Overall, the product is described as a scam, with multiple reports of cards being redeemed without the user's knowledge and an inability to return them [4].",9.25
Does it not work well,Redeem against anything on PlayStation Store.,01246,"['title: This product is unintuitive to use and requires installing software that does not work DONT BUY IT \ntext: This product is unintuitive to use and requires installing software that does not work DONT BUY IT!', 'title: This product took all my money and didn’t give me my digital code really annoying \ntext: I hated this product with all my heart it took all my money and I can’t find my digital code', 'title: Don\'t Buy! \ntext: Code does not even work.  They gave me  ""an already used code"" !  No way to get refunded either!!!  Waste of money!', ""title: Don't order it. \ntext: It did not work and now I have to call Playstation to try to deal with it.  Such a hassle! Wish I just went to store to buy one."", 'title: Bad product but good support from Amazon \ntext: Didnt work. Not like xbox couldnt send code to my grandson in Europe!- code wouldnt work!- but Amazon refunded!']","Several users expressed dissatisfaction with the product, citing various issues. One user found the product unintuitive and criticized the requirement to install non-functional software, advising others not to purchase it [0]. Another user reported a financial loss, stating that the product took their money without providing the promised digital code [1]. A third user complained about receiving an already used code and highlighted the lack of refund options, describing the purchase as a waste of money [2]. Additionally, a user mentioned the inconvenience of having to contact PlayStation for resolution, suggesting that buying from a store might have been a better option [3]. Despite these negative experiences, one user noted that while the product did not work, Amazon provided good support by issuing a refund [4].",9.25
Does it not work well,Redeem against anything on PlayStation Store.,01247,"['title: This product is unintuitive to use and requires installing software that does not work DONT BUY IT \ntext: This product is unintuitive to use and requires installing software that does not work DONT BUY IT!', 'title: This product took all my money and didn’t give me my digital code really annoying \ntext: I hated this product with all my heart it took all my money and I can’t find my digital code', 'title: Don\'t Buy! \ntext: Code does not even work.  They gave me  ""an already used code"" !  No way to get refunded either!!!  Waste of money!', ""title: Don't order it. \ntext: It did not work and now I have to call Playstation to try to deal with it.  Such a hassle! Wish I just went to store to buy one."", 'title: Do not buy! \ntext: Do not buy this! Rip off. The code didn’t work and there is no place to get a refund.']","Several users expressed dissatisfaction with the product, citing issues with its functionality and customer service. One user described the product as unintuitive and criticized the accompanying software for being non-functional, advising others not to purchase it [0]. Another user reported financial loss, stating that the product took their money without providing the promised digital code [1]. Multiple users complained about receiving codes that were already used, with no available options for refunds, labeling the purchase as a waste of money [2][4]. Additionally, one user mentioned the inconvenience of having to contact PlayStation for resolution, suggesting that buying from a physical store might have been a better option [3]. Overall, the consensus among these comments is that the product is unreliable and not worth purchasing.",9.25
Does it not work well,Redeem against anything on PlayStation Store.,01256,"['title: This product is unintuitive to use and requires installing software that does not work DONT BUY IT \ntext: This product is unintuitive to use and requires installing software that does not work DONT BUY IT!', 'title: This product took all my money and didn’t give me my digital code really annoying \ntext: I hated this product with all my heart it took all my money and I can’t find my digital code', 'title: Don\'t Buy! \ntext: Code does not even work.  They gave me  ""an already used code"" !  No way to get refunded either!!!  Waste of money!', 'title: DO NOT GET THIS!!! (SCAM!!!!) \ntext: I got this card a $25 card and a $10 card, the $25 card said that it has already been redeemed and then I never even got the code for the $10 one! These are just rip offs, so don’t go out spending your money on these because you can’t even return them.', 'title: Bad product but good support from Amazon \ntext: Didnt work. Not like xbox couldnt send code to my grandson in Europe!- code wouldnt work!- but Amazon refunded!']","Several users expressed dissatisfaction with the product, citing issues with its functionality and the associated software. One user described the product as unintuitive and criticized the software required for its operation, which they claimed did not work, advising others not to purchase it [0]. Another user reported financial loss, stating that the product took their money without providing the promised digital code [1]. A similar complaint was made about receiving an already used code, with no option for a refund, leading to frustration over wasted money [2]. Additionally, a user labeled the product as a scam, mentioning that they received a $25 card that was already redeemed and never received the code for a $10 card, warning others against spending money on such products [3]. However, one user noted that while the product did not work, Amazon provided good support by issuing a refund [4].",9.25
Does it not work well,Redeem against anything on PlayStation Store.,01257,"['title: This product is unintuitive to use and requires installing software that does not work DONT BUY IT \ntext: This product is unintuitive to use and requires installing software that does not work DONT BUY IT!', 'title: This product took all my money and didn’t give me my digital code really annoying \ntext: I hated this product with all my heart it took all my money and I can’t find my digital code', 'title: Don\'t Buy! \ntext: Code does not even work.  They gave me  ""an already used code"" !  No way to get refunded either!!!  Waste of money!', 'title: DO NOT GET THIS!!! (SCAM!!!!) \ntext: I got this card a $25 card and a $10 card, the $25 card said that it has already been redeemed and then I never even got the code for the $10 one! These are just rip offs, so don’t go out spending your money on these because you can’t even return them.', 'title: Do not buy! \ntext: Do not buy this! Rip off. The code didn’t work and there is no place to get a refund.']","Several users have expressed dissatisfaction with the product, citing issues such as unintuitive use and non-functional software that is required for operation, leading to strong recommendations against purchasing it [0]. Additionally, customers have reported financial losses due to not receiving digital codes after purchase, with one user stating that the product took all their money without providing the promised code [1]. There are also complaints about receiving already used codes, with no available refund options, which has been described as a waste of money [2]. Another user labeled the product as a scam, mentioning that they received a $25 card that was already redeemed and never received the code for a $10 card, emphasizing the inability to return these products [3]. Overall, the product is described as a rip-off, with non-functional codes and no refund options, leading to strong warnings against buying it [4].",9.25
Does it not work well,Redeem against anything on PlayStation Store.,01267,"['title: This product is unintuitive to use and requires installing software that does not work DONT BUY IT \ntext: This product is unintuitive to use and requires installing software that does not work DONT BUY IT!', 'title: This product took all my money and didn’t give me my digital code really annoying \ntext: I hated this product with all my heart it took all my money and I can’t find my digital code', 'title: Don\'t Buy! \ntext: Code does not even work.  They gave me  ""an already used code"" !  No way to get refunded either!!!  Waste of money!', 'title: Bad product but good support from Amazon \ntext: Didnt work. Not like xbox couldnt send code to my grandson in Europe!- code wouldnt work!- but Amazon refunded!', 'title: Do not buy! \ntext: Do not buy this! Rip off. The code didn’t work and there is no place to get a refund.']","Several users expressed dissatisfaction with the product, citing issues with its functionality and associated software. One user described the product as unintuitive and criticized the required software for not working, advising others not to purchase it [0]. Another user reported financial loss, stating that the product took their money without providing the promised digital code [1]. Multiple users complained about receiving non-functional or already used codes, with one highlighting the lack of refund options, calling it a waste of money [2][4]. Despite these issues, one user noted that while the product did not work, they received good support from Amazon, which provided a refund [3].",9.25
Does it not work well,Redeem against anything on PlayStation Store.,01345,"['title: This product is unintuitive to use and requires installing software that does not work DONT BUY IT \ntext: This product is unintuitive to use and requires installing software that does not work DONT BUY IT!', 'title: This product took all my money and didn’t give me my digital code really annoying \ntext: I hated this product with all my heart it took all my money and I can’t find my digital code', ""title: DO NOT BUY \ntext: I would give a big fat Zero if I could! I bought this for Xmas for my grandson and the code did NOT work! Amazon can't do a thing about it! Never buying again! Rip people OFF!"", ""title: Don't order it. \ntext: It did not work and now I have to call Playstation to try to deal with it.  Such a hassle! Wish I just went to store to buy one."", 'title: DO NOT GET THIS!!! (SCAM!!!!) \ntext: I got this card a $25 card and a $10 card, the $25 card said that it has already been redeemed and then I never even got the code for the $10 one! These are just rip offs, so don’t go out spending your money on these because you can’t even return them.']","Several users expressed dissatisfaction with the product, describing it as unintuitive and problematic due to non-functional software requirements [0]. Customers reported financial losses, such as not receiving digital codes after purchase, which led to frustration and a sense of being scammed [1][2]. One user mentioned that the product did not work, requiring them to contact customer support, which was deemed a hassle [3]. Another user labeled the product as a scam, citing issues with redeemed cards and missing codes, and warned others against purchasing it due to the inability to return the product [4].",9.25
Does it not work well,Redeem against anything on PlayStation Store.,01346,"['title: This product is unintuitive to use and requires installing software that does not work DONT BUY IT \ntext: This product is unintuitive to use and requires installing software that does not work DONT BUY IT!', 'title: This product took all my money and didn’t give me my digital code really annoying \ntext: I hated this product with all my heart it took all my money and I can’t find my digital code', ""title: DO NOT BUY \ntext: I would give a big fat Zero if I could! I bought this for Xmas for my grandson and the code did NOT work! Amazon can't do a thing about it! Never buying again! Rip people OFF!"", ""title: Don't order it. \ntext: It did not work and now I have to call Playstation to try to deal with it.  Such a hassle! Wish I just went to store to buy one."", 'title: Bad product but good support from Amazon \ntext: Didnt work. Not like xbox couldnt send code to my grandson in Europe!- code wouldnt work!- but Amazon refunded!']","Several users expressed dissatisfaction with a product, describing it as unintuitive and requiring non-functional software, leading to a strong recommendation against purchasing it [0]. Another user reported financial loss due to not receiving a digital code, which they found extremely frustrating [1]. A similar issue was highlighted by another customer who was unable to use a code purchased for a gift, criticizing both the product and the lack of resolution from Amazon [2]. Additionally, a user described the inconvenience of having to contact PlayStation for a non-working product, expressing regret over not purchasing in-store [3]. Despite these issues, one user noted that while the product failed to work, Amazon provided a refund, highlighting a positive aspect of customer support [4].",9.25
Does it not work well,Redeem against anything on PlayStation Store.,01347,"['title: This product is unintuitive to use and requires installing software that does not work DONT BUY IT \ntext: This product is unintuitive to use and requires installing software that does not work DONT BUY IT!', 'title: This product took all my money and didn’t give me my digital code really annoying \ntext: I hated this product with all my heart it took all my money and I can’t find my digital code', ""title: DO NOT BUY \ntext: I would give a big fat Zero if I could! I bought this for Xmas for my grandson and the code did NOT work! Amazon can't do a thing about it! Never buying again! Rip people OFF!"", ""title: Don't order it. \ntext: It did not work and now I have to call Playstation to try to deal with it.  Such a hassle! Wish I just went to store to buy one."", 'title: Do not buy! \ntext: Do not buy this! Rip off. The code didn’t work and there is no place to get a refund.']","Several users have expressed dissatisfaction with the product, citing issues with its functionality and customer service. One user described the product as unintuitive and criticized the required software for not working, advising others not to purchase it [0]. Another user reported a financial loss, stating that the product took their money without providing the promised digital code [1]. A third user shared a similar experience, noting that the code they received did not work and that Amazon was unable to assist, leading them to label the product as a rip-off [2]. Additionally, a user mentioned the inconvenience of having to contact Playstation for resolution, expressing regret for not purchasing the product in-store [3]. Lastly, another user reiterated the sentiment of being ripped off, highlighting the lack of refund options for the non-functional code [4].",9.25
Does it not work well,Redeem against anything on PlayStation Store.,01356,"['title: This product is unintuitive to use and requires installing software that does not work DONT BUY IT \ntext: This product is unintuitive to use and requires installing software that does not work DONT BUY IT!', 'title: This product took all my money and didn’t give me my digital code really annoying \ntext: I hated this product with all my heart it took all my money and I can’t find my digital code', ""title: DO NOT BUY \ntext: I would give a big fat Zero if I could! I bought this for Xmas for my grandson and the code did NOT work! Amazon can't do a thing about it! Never buying again! Rip people OFF!"", 'title: DO NOT GET THIS!!! (SCAM!!!!) \ntext: I got this card a $25 card and a $10 card, the $25 card said that it has already been redeemed and then I never even got the code for the $10 one! These are just rip offs, so don’t go out spending your money on these because you can’t even return them.', 'title: Bad product but good support from Amazon \ntext: Didnt work. Not like xbox couldnt send code to my grandson in Europe!- code wouldnt work!- but Amazon refunded!']","Several users expressed dissatisfaction with the product, citing issues such as unintuitive use and non-functional software that is required for operation, leading to strong recommendations against purchasing it [0]. Additionally, customers reported financial losses due to missing or non-functional digital codes, with one user stating that the product took their money without providing the promised digital code [1]. Another user shared a similar experience, noting that the code they received did not work and that Amazon was unable to assist, describing the situation as a rip-off [2]. Further complaints included receiving cards that were either already redeemed or missing codes entirely, leading to accusations of the product being a scam [3]. Despite these negative experiences, one user acknowledged that while the product did not work, Amazon provided good support by issuing a refund [4].",9.25
Does it not work well,Redeem against anything on PlayStation Store.,01357,"['title: This product is unintuitive to use and requires installing software that does not work DONT BUY IT \ntext: This product is unintuitive to use and requires installing software that does not work DONT BUY IT!', 'title: This product took all my money and didn’t give me my digital code really annoying \ntext: I hated this product with all my heart it took all my money and I can’t find my digital code', ""title: DO NOT BUY \ntext: I would give a big fat Zero if I could! I bought this for Xmas for my grandson and the code did NOT work! Amazon can't do a thing about it! Never buying again! Rip people OFF!"", 'title: DO NOT GET THIS!!! (SCAM!!!!) \ntext: I got this card a $25 card and a $10 card, the $25 card said that it has already been redeemed and then I never even got the code for the $10 one! These are just rip offs, so don’t go out spending your money on these because you can’t even return them.', 'title: Do not buy! \ntext: Do not buy this! Rip off. The code didn’t work and there is no place to get a refund.']","Several users expressed dissatisfaction with the product, describing it as unintuitive and problematic due to non-functional software requirements [0]. Customers reported financial losses, as the product failed to deliver promised digital codes, leading to frustration and a sense of being scammed [1][2][3][4]. Many users warned others not to purchase the product, citing issues with redeeming codes and the inability to obtain refunds, which they perceived as a rip-off [2][3][4].",9.25
Does it not work well,Redeem against anything on PlayStation Store.,01367,"['title: This product is unintuitive to use and requires installing software that does not work DONT BUY IT \ntext: This product is unintuitive to use and requires installing software that does not work DONT BUY IT!', 'title: This product took all my money and didn’t give me my digital code really annoying \ntext: I hated this product with all my heart it took all my money and I can’t find my digital code', ""title: DO NOT BUY \ntext: I would give a big fat Zero if I could! I bought this for Xmas for my grandson and the code did NOT work! Amazon can't do a thing about it! Never buying again! Rip people OFF!"", 'title: Bad product but good support from Amazon \ntext: Didnt work. Not like xbox couldnt send code to my grandson in Europe!- code wouldnt work!- but Amazon refunded!', 'title: Do not buy! \ntext: Do not buy this! Rip off. The code didn’t work and there is no place to get a refund.']","Several users expressed dissatisfaction with the product, citing issues with its functionality and the associated software. One user described the product as unintuitive and criticized the software required for its operation, which they claimed did not work, advising others not to purchase it [0]. Another user reported financial loss, stating that the product took their money without providing the promised digital code [1]. A third user shared a similar experience, noting that the code they received did not work and that Amazon was unable to assist, leading them to feel ripped off [2]. Despite these issues, one user acknowledged that while the product did not work, Amazon provided good support by offering a refund [3]. Another user reiterated the sentiment of being ripped off, as the code did not work and there was no apparent way to obtain a refund [4].",9.25
Does it not work well,Redeem against anything on PlayStation Store.,01456,"['title: This product is unintuitive to use and requires installing software that does not work DONT BUY IT \ntext: This product is unintuitive to use and requires installing software that does not work DONT BUY IT!', 'title: This product took all my money and didn’t give me my digital code really annoying \ntext: I hated this product with all my heart it took all my money and I can’t find my digital code', ""title: Don't order it. \ntext: It did not work and now I have to call Playstation to try to deal with it.  Such a hassle! Wish I just went to store to buy one."", 'title: DO NOT GET THIS!!! (SCAM!!!!) \ntext: I got this card a $25 card and a $10 card, the $25 card said that it has already been redeemed and then I never even got the code for the $10 one! These are just rip offs, so don’t go out spending your money on these because you can’t even return them.', 'title: Bad product but good support from Amazon \ntext: Didnt work. Not like xbox couldnt send code to my grandson in Europe!- code wouldnt work!- but Amazon refunded!']","Several users expressed dissatisfaction with the product, describing it as unintuitive and problematic due to non-functional software requirements, advising others not to purchase it [0]. Another user reported financial loss, as the product took their money without providing the promised digital code, leading to significant frustration [1]. A different user found the product non-functional, necessitating inconvenient customer service interactions with PlayStation, and regretted not purchasing from a physical store [2]. Additionally, one user labeled the product a scam, as they received cards that were either already redeemed or missing codes, warning others against spending money on such items [3]. Despite the product's issues, one user noted that Amazon provided good support by offering a refund after the product failed to work, although they were unable to send a code to their grandson in Europe [4].",9.25
Does it not work well,Redeem against anything on PlayStation Store.,01457,"['title: This product is unintuitive to use and requires installing software that does not work DONT BUY IT \ntext: This product is unintuitive to use and requires installing software that does not work DONT BUY IT!', 'title: This product took all my money and didn’t give me my digital code really annoying \ntext: I hated this product with all my heart it took all my money and I can’t find my digital code', ""title: Don't order it. \ntext: It did not work and now I have to call Playstation to try to deal with it.  Such a hassle! Wish I just went to store to buy one."", 'title: DO NOT GET THIS!!! (SCAM!!!!) \ntext: I got this card a $25 card and a $10 card, the $25 card said that it has already been redeemed and then I never even got the code for the $10 one! These are just rip offs, so don’t go out spending your money on these because you can’t even return them.', 'title: Do not buy! \ntext: Do not buy this! Rip off. The code didn’t work and there is no place to get a refund.']","Several users expressed dissatisfaction with the product, citing issues such as unintuitive usage and non-functional software that needs to be installed, which led to a recommendation against purchasing it [0]. Another user reported financial loss, as they were unable to retrieve their digital code after purchase, describing the experience as highly frustrating [1]. Additionally, a customer mentioned that the product did not work, necessitating a call to PlayStation for resolution, which they found to be a significant inconvenience [2]. There were also complaints about the product being a scam, with one user stating that a $25 card was already redeemed and a $10 card code was never received, warning others against spending money on these items due to the inability to return them [3]. Lastly, a user labeled the product as a rip-off, as the code provided did not work and there was no option for a refund [4].",9.25
Does it not work well,Redeem against anything on PlayStation Store.,01467,"['title: This product is unintuitive to use and requires installing software that does not work DONT BUY IT \ntext: This product is unintuitive to use and requires installing software that does not work DONT BUY IT!', 'title: This product took all my money and didn’t give me my digital code really annoying \ntext: I hated this product with all my heart it took all my money and I can’t find my digital code', ""title: Don't order it. \ntext: It did not work and now I have to call Playstation to try to deal with it.  Such a hassle! Wish I just went to store to buy one."", 'title: Bad product but good support from Amazon \ntext: Didnt work. Not like xbox couldnt send code to my grandson in Europe!- code wouldnt work!- but Amazon refunded!', 'title: Do not buy! \ntext: Do not buy this! Rip off. The code didn’t work and there is no place to get a refund.']","Several users expressed dissatisfaction with the product, citing various issues. One user found the product unintuitive and criticized the accompanying software for being non-functional, advising others not to purchase it [0]. Another user reported a financial loss, as they were unable to retrieve their digital code after purchase, leading to significant frustration [1]. A third user mentioned that the product did not work, necessitating a call to PlayStation for resolution, which they found to be a hassle [2]. Despite acknowledging good support from Amazon, another user experienced problems with sending a code to Europe, which ultimately did not work, though they were able to secure a refund [3]. Lastly, a user labeled the product a rip-off due to a non-functional code and the absence of a refund option [4].",9.25
Does it not work well,Redeem against anything on PlayStation Store.,01567,"['title: This product is unintuitive to use and requires installing software that does not work DONT BUY IT \ntext: This product is unintuitive to use and requires installing software that does not work DONT BUY IT!', 'title: This product took all my money and didn’t give me my digital code really annoying \ntext: I hated this product with all my heart it took all my money and I can’t find my digital code', 'title: DO NOT GET THIS!!! (SCAM!!!!) \ntext: I got this card a $25 card and a $10 card, the $25 card said that it has already been redeemed and then I never even got the code for the $10 one! These are just rip offs, so don’t go out spending your money on these because you can’t even return them.', 'title: Bad product but good support from Amazon \ntext: Didnt work. Not like xbox couldnt send code to my grandson in Europe!- code wouldnt work!- but Amazon refunded!', 'title: Do not buy! \ntext: Do not buy this! Rip off. The code didn’t work and there is no place to get a refund.']","Several users have expressed dissatisfaction with the product, citing issues such as unintuitive usage and non-functional software that must be installed, leading to a strong recommendation against purchasing it [0]. Another user reported financial loss without receiving the promised digital code, describing the experience as extremely frustrating [1]. Additionally, there are complaints about the product being a scam, with users not receiving valid codes or any codes at all, making it impossible to return the product [2][4]. Despite these negative experiences, one user noted that while the product did not work, Amazon provided good support by offering a refund [3].",9.25
Does it not work well,Redeem against anything on PlayStation Store.,02345,"['title: This product is unintuitive to use and requires installing software that does not work DONT BUY IT \ntext: This product is unintuitive to use and requires installing software that does not work DONT BUY IT!', 'title: Don\'t Buy! \ntext: Code does not even work.  They gave me  ""an already used code"" !  No way to get refunded either!!!  Waste of money!', ""title: DO NOT BUY \ntext: I would give a big fat Zero if I could! I bought this for Xmas for my grandson and the code did NOT work! Amazon can't do a thing about it! Never buying again! Rip people OFF!"", ""title: Don't order it. \ntext: It did not work and now I have to call Playstation to try to deal with it.  Such a hassle! Wish I just went to store to buy one."", 'title: DO NOT GET THIS!!! (SCAM!!!!) \ntext: I got this card a $25 card and a $10 card, the $25 card said that it has already been redeemed and then I never even got the code for the $10 one! These are just rip offs, so don’t go out spending your money on these because you can’t even return them.']","Several users have expressed dissatisfaction with the product, citing issues with its usability and functionality. One user described the product as unintuitive and criticized the accompanying software for being non-functional, advising others not to purchase it [0]. Another user reported receiving a code that had already been used and highlighted the lack of a refund option, labeling the purchase as a waste of money [1]. A similar complaint was made by a user who bought the product as a gift, only to find that the code did not work, and noted that Amazon was unable to assist with the issue [2]. Additionally, a user mentioned the inconvenience of having to contact Playstation for resolution, expressing regret over not purchasing from a physical store [3]. Another user reported receiving a card that was already redeemed and not receiving another code at all, describing the experience as a scam and advising against spending money on such products [4].",9.25
Does it not work well,Redeem against anything on PlayStation Store.,02346,"['title: This product is unintuitive to use and requires installing software that does not work DONT BUY IT \ntext: This product is unintuitive to use and requires installing software that does not work DONT BUY IT!', 'title: Don\'t Buy! \ntext: Code does not even work.  They gave me  ""an already used code"" !  No way to get refunded either!!!  Waste of money!', ""title: DO NOT BUY \ntext: I would give a big fat Zero if I could! I bought this for Xmas for my grandson and the code did NOT work! Amazon can't do a thing about it! Never buying again! Rip people OFF!"", ""title: Don't order it. \ntext: It did not work and now I have to call Playstation to try to deal with it.  Such a hassle! Wish I just went to store to buy one."", 'title: Bad product but good support from Amazon \ntext: Didnt work. Not like xbox couldnt send code to my grandson in Europe!- code wouldnt work!- but Amazon refunded!']","Several users expressed dissatisfaction with the product, citing issues with its functionality and the associated software. One user described the product as unintuitive and criticized the software required for its operation, which they claimed did not work, advising others not to purchase it [0]. Another user reported receiving an already used code and highlighted the lack of refund options, calling it a waste of money [1]. A similar complaint was made by another user who bought the product as a gift, only to find the code non-functional, with no assistance from Amazon, leading them to feel ripped off [2]. Additionally, a user mentioned the inconvenience of having to contact PlayStation for resolution after the product failed to work, expressing regret for not purchasing in-store [3]. Despite these negative experiences, one user noted that while the product did not work, Amazon provided a refund, contrasting with their inability to send a working code to their grandson in Europe [4].",9.25
Does it not work well,Redeem against anything on PlayStation Store.,02347,"['title: This product is unintuitive to use and requires installing software that does not work DONT BUY IT \ntext: This product is unintuitive to use and requires installing software that does not work DONT BUY IT!', 'title: Don\'t Buy! \ntext: Code does not even work.  They gave me  ""an already used code"" !  No way to get refunded either!!!  Waste of money!', ""title: DO NOT BUY \ntext: I would give a big fat Zero if I could! I bought this for Xmas for my grandson and the code did NOT work! Amazon can't do a thing about it! Never buying again! Rip people OFF!"", ""title: Don't order it. \ntext: It did not work and now I have to call Playstation to try to deal with it.  Such a hassle! Wish I just went to store to buy one."", 'title: Do not buy! \ntext: Do not buy this! Rip off. The code didn’t work and there is no place to get a refund.']","Several users expressed dissatisfaction with the product, citing issues with its functionality and customer service. One user described the product as unintuitive and criticized the accompanying software for being non-functional, advising others not to purchase it [0]. Another user reported receiving an already used code and highlighted the lack of refund options, labeling the purchase as a waste of money [1]. A similar complaint was made by a user who bought the product as a gift, only to find the code unusable and customer service unhelpful, leading to frustration and a vow to never purchase again [2]. Additionally, a user mentioned the inconvenience of having to contact Playstation for resolution after the product failed to work, expressing regret over not buying from a physical store [3]. Another user reiterated the issue of non-working codes and the absence of refund options, calling the product a rip-off [4].",9.25
Does it not work well,Redeem against anything on PlayStation Store.,02356,"['title: This product is unintuitive to use and requires installing software that does not work DONT BUY IT \ntext: This product is unintuitive to use and requires installing software that does not work DONT BUY IT!', 'title: Don\'t Buy! \ntext: Code does not even work.  They gave me  ""an already used code"" !  No way to get refunded either!!!  Waste of money!', ""title: DO NOT BUY \ntext: I would give a big fat Zero if I could! I bought this for Xmas for my grandson and the code did NOT work! Amazon can't do a thing about it! Never buying again! Rip people OFF!"", 'title: DO NOT GET THIS!!! (SCAM!!!!) \ntext: I got this card a $25 card and a $10 card, the $25 card said that it has already been redeemed and then I never even got the code for the $10 one! These are just rip offs, so don’t go out spending your money on these because you can’t even return them.', 'title: Bad product but good support from Amazon \ntext: Didnt work. Not like xbox couldnt send code to my grandson in Europe!- code wouldnt work!- but Amazon refunded!']","Several users expressed dissatisfaction with the product, citing issues with its usability and functionality. One user described the product as unintuitive and criticized the accompanying software for being non-functional, advising others not to purchase it [0]. Another user reported receiving an already used code and highlighted the lack of refund options, calling it a waste of money [1]. A similar complaint was made by a user who bought the product as a gift, only to find the code non-functional and no assistance from Amazon, labeling it a rip-off [2]. Another user shared their experience of purchasing two cards, one of which was already redeemed, and not receiving the code for the other, warning others against buying these products due to the inability to return them [3]. However, one user noted that while the product did not work, Amazon provided a refund, indicating some level of customer support [4].",9.25
Does it not work well,Redeem against anything on PlayStation Store.,02357,"['title: This product is unintuitive to use and requires installing software that does not work DONT BUY IT \ntext: This product is unintuitive to use and requires installing software that does not work DONT BUY IT!', 'title: Don\'t Buy! \ntext: Code does not even work.  They gave me  ""an already used code"" !  No way to get refunded either!!!  Waste of money!', ""title: DO NOT BUY \ntext: I would give a big fat Zero if I could! I bought this for Xmas for my grandson and the code did NOT work! Amazon can't do a thing about it! Never buying again! Rip people OFF!"", 'title: DO NOT GET THIS!!! (SCAM!!!!) \ntext: I got this card a $25 card and a $10 card, the $25 card said that it has already been redeemed and then I never even got the code for the $10 one! These are just rip offs, so don’t go out spending your money on these because you can’t even return them.', 'title: Do not buy! \ntext: Do not buy this! Rip off. The code didn’t work and there is no place to get a refund.']","Several users expressed dissatisfaction with the product, describing it as unintuitive and problematic due to non-functional software requirements [0]. Many reported receiving already used codes, with no possibility of obtaining a refund, labeling the purchase as a waste of money [1][2][3][4]. Additionally, customers highlighted issues with redeeming codes, with some not receiving the codes at all, and emphasized the lack of support from retailers like Amazon in resolving these issues [2][3]. Overall, the product is widely criticized as a scam and a rip-off, with strong recommendations against purchasing it [0][1][2][3][4].",9.25
Does it not work well,Redeem against anything on PlayStation Store.,02367,"['title: This product is unintuitive to use and requires installing software that does not work DONT BUY IT \ntext: This product is unintuitive to use and requires installing software that does not work DONT BUY IT!', 'title: Don\'t Buy! \ntext: Code does not even work.  They gave me  ""an already used code"" !  No way to get refunded either!!!  Waste of money!', ""title: DO NOT BUY \ntext: I would give a big fat Zero if I could! I bought this for Xmas for my grandson and the code did NOT work! Amazon can't do a thing about it! Never buying again! Rip people OFF!"", 'title: Bad product but good support from Amazon \ntext: Didnt work. Not like xbox couldnt send code to my grandson in Europe!- code wouldnt work!- but Amazon refunded!', 'title: Do not buy! \ntext: Do not buy this! Rip off. The code didn’t work and there is no place to get a refund.']","Several users expressed dissatisfaction with the product, citing issues with its usability and functionality. One user described the product as unintuitive and criticized the accompanying software for being non-functional, advising others not to purchase it [0]. Another user reported receiving an already used code and highlighted the lack of refund options, calling it a waste of money [1]. A similar complaint was made by a user who purchased the product as a gift, only to find that the code did not work and that Amazon was unable to assist, leading them to feel ripped off [2]. Despite the product not working, one user noted that Amazon provided good support by issuing a refund, although the code still failed to function properly [3]. Another user reiterated the sentiment of being ripped off due to the non-functional code and the absence of a refund mechanism [4].",9.25
Does it not work well,Redeem against anything on PlayStation Store.,02456,"['title: This product is unintuitive to use and requires installing software that does not work DONT BUY IT \ntext: This product is unintuitive to use and requires installing software that does not work DONT BUY IT!', 'title: Don\'t Buy! \ntext: Code does not even work.  They gave me  ""an already used code"" !  No way to get refunded either!!!  Waste of money!', ""title: Don't order it. \ntext: It did not work and now I have to call Playstation to try to deal with it.  Such a hassle! Wish I just went to store to buy one."", 'title: DO NOT GET THIS!!! (SCAM!!!!) \ntext: I got this card a $25 card and a $10 card, the $25 card said that it has already been redeemed and then I never even got the code for the $10 one! These are just rip offs, so don’t go out spending your money on these because you can’t even return them.', 'title: Bad product but good support from Amazon \ntext: Didnt work. Not like xbox couldnt send code to my grandson in Europe!- code wouldnt work!- but Amazon refunded!']","Several users have expressed dissatisfaction with the product, citing issues such as unintuitive use and non-functional software, which led to a recommendation against purchasing it [0]. Another user reported receiving an already used code with no possibility of a refund, describing the purchase as a waste of money [1]. A similar experience was shared by another customer who had to contact Playstation for resolution, highlighting the inconvenience and hassle involved [2]. Additionally, a user labeled the product as a scam, mentioning that a $25 card was already redeemed and a $10 card code was never received, advising others not to spend money on these products due to the inability to return them [3]. Despite these negative experiences, one user noted that while the product did not work, Amazon provided good support by issuing a refund [4].",9.25
Does it not work well,Redeem against anything on PlayStation Store.,02457,"['title: This product is unintuitive to use and requires installing software that does not work DONT BUY IT \ntext: This product is unintuitive to use and requires installing software that does not work DONT BUY IT!', 'title: Don\'t Buy! \ntext: Code does not even work.  They gave me  ""an already used code"" !  No way to get refunded either!!!  Waste of money!', ""title: Don't order it. \ntext: It did not work and now I have to call Playstation to try to deal with it.  Such a hassle! Wish I just went to store to buy one."", 'title: DO NOT GET THIS!!! (SCAM!!!!) \ntext: I got this card a $25 card and a $10 card, the $25 card said that it has already been redeemed and then I never even got the code for the $10 one! These are just rip offs, so don’t go out spending your money on these because you can’t even return them.', 'title: Do not buy! \ntext: Do not buy this! Rip off. The code didn’t work and there is no place to get a refund.']","Several users have expressed dissatisfaction with the product, describing it as unintuitive and problematic due to non-functional software requirements [0]. Customers reported receiving already used codes, with no available refund options, leading to a waste of money [1][4]. Additionally, users faced difficulties in resolving issues, such as having to contact Playstation for assistance, which they found to be a hassle [2]. Some users labeled the product as a scam, citing experiences where purchased cards were either already redeemed or codes were not provided at all, further emphasizing the inability to return the product [3]. Overall, the consensus among these reviews is that the product is unreliable and not worth purchasing.",9.25
Does it not work well,Redeem against anything on PlayStation Store.,02467,"['title: This product is unintuitive to use and requires installing software that does not work DONT BUY IT \ntext: This product is unintuitive to use and requires installing software that does not work DONT BUY IT!', 'title: Don\'t Buy! \ntext: Code does not even work.  They gave me  ""an already used code"" !  No way to get refunded either!!!  Waste of money!', ""title: Don't order it. \ntext: It did not work and now I have to call Playstation to try to deal with it.  Such a hassle! Wish I just went to store to buy one."", 'title: Bad product but good support from Amazon \ntext: Didnt work. Not like xbox couldnt send code to my grandson in Europe!- code wouldnt work!- but Amazon refunded!', 'title: Do not buy! \ntext: Do not buy this! Rip off. The code didn’t work and there is no place to get a refund.']","Several users expressed dissatisfaction with the product, citing issues such as unintuitive use and non-functional software that is required for operation, leading to strong recommendations against purchasing it [0]. Additionally, customers reported receiving already used codes, with no available refund options, describing the purchase as a waste of money [1][4]. Another user mentioned the inconvenience of having to contact PlayStation for resolution, suggesting that buying from a physical store might have been a better option [2]. Despite the product's failure, one customer noted that Amazon provided good support by issuing a refund, although the code could not be sent to their grandson in Europe [3].",9.25
Does it not work well,Redeem against anything on PlayStation Store.,02567,"['title: This product is unintuitive to use and requires installing software that does not work DONT BUY IT \ntext: This product is unintuitive to use and requires installing software that does not work DONT BUY IT!', 'title: Don\'t Buy! \ntext: Code does not even work.  They gave me  ""an already used code"" !  No way to get refunded either!!!  Waste of money!', 'title: DO NOT GET THIS!!! (SCAM!!!!) \ntext: I got this card a $25 card and a $10 card, the $25 card said that it has already been redeemed and then I never even got the code for the $10 one! These are just rip offs, so don’t go out spending your money on these because you can’t even return them.', 'title: Bad product but good support from Amazon \ntext: Didnt work. Not like xbox couldnt send code to my grandson in Europe!- code wouldnt work!- but Amazon refunded!', 'title: Do not buy! \ntext: Do not buy this! Rip off. The code didn’t work and there is no place to get a refund.']","Several users have expressed dissatisfaction with the product, citing issues with its functionality and the inability to obtain refunds. One user described the product as unintuitive and criticized the required software for being non-functional, advising others not to purchase it [0]. Another user reported receiving an already used code and highlighted the lack of refund options, labeling the purchase as a waste of money [1]. Similarly, a user mentioned buying two cards, one of which was already redeemed, and not receiving the code for the other, calling the product a scam and advising against buying it [2]. While one user noted that the product did not work, they appreciated Amazon's support in providing a refund [3]. Another user reiterated the sentiment of the product being a rip-off due to non-functional codes and the absence of refund options [4].",9.25
Does it not work well,Redeem against anything on PlayStation Store.,03456,"['title: This product is unintuitive to use and requires installing software that does not work DONT BUY IT \ntext: This product is unintuitive to use and requires installing software that does not work DONT BUY IT!', ""title: DO NOT BUY \ntext: I would give a big fat Zero if I could! I bought this for Xmas for my grandson and the code did NOT work! Amazon can't do a thing about it! Never buying again! Rip people OFF!"", ""title: Don't order it. \ntext: It did not work and now I have to call Playstation to try to deal with it.  Such a hassle! Wish I just went to store to buy one."", 'title: DO NOT GET THIS!!! (SCAM!!!!) \ntext: I got this card a $25 card and a $10 card, the $25 card said that it has already been redeemed and then I never even got the code for the $10 one! These are just rip offs, so don’t go out spending your money on these because you can’t even return them.', 'title: Bad product but good support from Amazon \ntext: Didnt work. Not like xbox couldnt send code to my grandson in Europe!- code wouldnt work!- but Amazon refunded!']","Several users expressed dissatisfaction with a product, describing it as unintuitive and problematic due to non-functional software requirements, advising others not to purchase it [0]. Another user reported issues with a code that did not work, leading to frustration with Amazon's inability to resolve the issue, and labeled the product as a rip-off [1]. A similar sentiment was echoed by another user who found the product non-functional and a hassle, suggesting that purchasing from a store might have been a better option [2]. Additionally, a user described the product as a scam, with one card showing as already redeemed and another code not received, warning others against buying it [3]. Despite these issues, one user noted that while the product did not work, Amazon provided a refund, highlighting good customer support [4].",9.25
Does it not work well,Redeem against anything on PlayStation Store.,03457,"['title: This product is unintuitive to use and requires installing software that does not work DONT BUY IT \ntext: This product is unintuitive to use and requires installing software that does not work DONT BUY IT!', ""title: DO NOT BUY \ntext: I would give a big fat Zero if I could! I bought this for Xmas for my grandson and the code did NOT work! Amazon can't do a thing about it! Never buying again! Rip people OFF!"", ""title: Don't order it. \ntext: It did not work and now I have to call Playstation to try to deal with it.  Such a hassle! Wish I just went to store to buy one."", 'title: DO NOT GET THIS!!! (SCAM!!!!) \ntext: I got this card a $25 card and a $10 card, the $25 card said that it has already been redeemed and then I never even got the code for the $10 one! These are just rip offs, so don’t go out spending your money on these because you can’t even return them.', 'title: Do not buy! \ntext: Do not buy this! Rip off. The code didn’t work and there is no place to get a refund.']","Several users have expressed dissatisfaction with the product, citing issues with its functionality and customer service. One user described the product as unintuitive and criticized the accompanying software for being non-functional, advising others not to purchase it [0]. Another user reported that a code provided with the product did not work, and they were unable to receive assistance from Amazon, leading to a negative purchasing experience [1]. A similar issue was noted by another user who had to contact Playstation for resolution, highlighting the inconvenience caused by the product [2]. Additionally, a user reported receiving a card that was already redeemed and not receiving another code, labeling the product as a scam and advising against purchasing it [3]. Lastly, another user echoed these sentiments, describing the product as a rip-off due to non-functional codes and the lack of refund options [4].",9.25
Does it not work well,Redeem against anything on PlayStation Store.,03467,"['title: This product is unintuitive to use and requires installing software that does not work DONT BUY IT \ntext: This product is unintuitive to use and requires installing software that does not work DONT BUY IT!', ""title: DO NOT BUY \ntext: I would give a big fat Zero if I could! I bought this for Xmas for my grandson and the code did NOT work! Amazon can't do a thing about it! Never buying again! Rip people OFF!"", ""title: Don't order it. \ntext: It did not work and now I have to call Playstation to try to deal with it.  Such a hassle! Wish I just went to store to buy one."", 'title: Bad product but good support from Amazon \ntext: Didnt work. Not like xbox couldnt send code to my grandson in Europe!- code wouldnt work!- but Amazon refunded!', 'title: Do not buy! \ntext: Do not buy this! Rip off. The code didn’t work and there is no place to get a refund.']","Several users expressed dissatisfaction with a product, citing issues with its functionality and customer support. One user described the product as unintuitive and criticized the accompanying software for being non-functional, advising others not to purchase it [0]. Another user reported that a code provided with the product did not work, and they were unable to resolve the issue through Amazon, leading to a negative purchasing experience [1]. A similar complaint was made by another user who found the product non-functional and had to contact PlayStation for assistance, which they found to be a hassle [2]. Despite the product not working, one user noted that Amazon provided good support by offering a refund, although the code still failed to work for their grandson in Europe [3]. Another user echoed the sentiment of the product being a rip-off due to the non-functional code and lack of refund options [4].",9.25
Does it not work well,Redeem against anything on PlayStation Store.,03567,"['title: This product is unintuitive to use and requires installing software that does not work DONT BUY IT \ntext: This product is unintuitive to use and requires installing software that does not work DONT BUY IT!', ""title: DO NOT BUY \ntext: I would give a big fat Zero if I could! I bought this for Xmas for my grandson and the code did NOT work! Amazon can't do a thing about it! Never buying again! Rip people OFF!"", 'title: DO NOT GET THIS!!! (SCAM!!!!) \ntext: I got this card a $25 card and a $10 card, the $25 card said that it has already been redeemed and then I never even got the code for the $10 one! These are just rip offs, so don’t go out spending your money on these because you can’t even return them.', 'title: Bad product but good support from Amazon \ntext: Didnt work. Not like xbox couldnt send code to my grandson in Europe!- code wouldnt work!- but Amazon refunded!', 'title: Do not buy! \ntext: Do not buy this! Rip off. The code didn’t work and there is no place to get a refund.']","Several users expressed dissatisfaction with the product, describing it as unintuitive and problematic due to non-functional software requirements, advising others not to purchase it [0]. Customers reported issues with redeeming codes, with one user stating that a code bought for a grandson did not work and that Amazon was unable to assist, leading to a negative buying experience [1]. Another user labeled the product as a scam, mentioning that a $25 card was already redeemed and a $10 card code was never received, warning others against spending money on these products [2]. Despite the product not working, one user noted that Amazon provided good support by issuing a refund after the code failed to work for their grandson in Europe [3]. Overall, the consensus among users is that the product is a rip-off due to non-functional codes and lack of refund options [4].",9.25
Does it not work well,Redeem against anything on PlayStation Store.,04567,"['title: This product is unintuitive to use and requires installing software that does not work DONT BUY IT \ntext: This product is unintuitive to use and requires installing software that does not work DONT BUY IT!', ""title: Don't order it. \ntext: It did not work and now I have to call Playstation to try to deal with it.  Such a hassle! Wish I just went to store to buy one."", 'title: DO NOT GET THIS!!! (SCAM!!!!) \ntext: I got this card a $25 card and a $10 card, the $25 card said that it has already been redeemed and then I never even got the code for the $10 one! These are just rip offs, so don’t go out spending your money on these because you can’t even return them.', 'title: Bad product but good support from Amazon \ntext: Didnt work. Not like xbox couldnt send code to my grandson in Europe!- code wouldnt work!- but Amazon refunded!', 'title: Do not buy! \ntext: Do not buy this! Rip off. The code didn’t work and there is no place to get a refund.']","Several users have expressed dissatisfaction with the product, citing issues such as unintuitive use and non-functional software that needs to be installed, which has led to frustration and a recommendation not to purchase it [0]. Another user reported that the product did not work, resulting in the need to contact customer support, which they found to be a hassle [1]. Additionally, there are complaints about the product being a scam, with one user stating that a $25 card was already redeemed and a $10 card did not provide a code, making it impossible to return [2]. While one user noted that the product did not work, they appreciated Amazon's support in providing a refund [3]. Overall, users have labeled the product as a rip-off due to non-functional codes and the lack of a refund option [4].",9.25
Does it not work well,Redeem against anything on PlayStation Store.,12345,"['title: This product took all my money and didn’t give me my digital code really annoying \ntext: I hated this product with all my heart it took all my money and I can’t find my digital code', 'title: Don\'t Buy! \ntext: Code does not even work.  They gave me  ""an already used code"" !  No way to get refunded either!!!  Waste of money!', ""title: DO NOT BUY \ntext: I would give a big fat Zero if I could! I bought this for Xmas for my grandson and the code did NOT work! Amazon can't do a thing about it! Never buying again! Rip people OFF!"", ""title: Don't order it. \ntext: It did not work and now I have to call Playstation to try to deal with it.  Such a hassle! Wish I just went to store to buy one."", 'title: DO NOT GET THIS!!! (SCAM!!!!) \ntext: I got this card a $25 card and a $10 card, the $25 card said that it has already been redeemed and then I never even got the code for the $10 one! These are just rip offs, so don’t go out spending your money on these because you can’t even return them.']","Several users expressed dissatisfaction with a product that failed to deliver the promised digital codes, leading to financial loss and frustration. One user reported that the product took their money without providing the digital code, causing significant annoyance [0]. Another user received a code that was already used and found it impossible to get a refund, describing the purchase as a waste of money [1]. A third user shared their disappointment after buying the product as a gift, only to find the code non-functional and Amazon unable to assist, feeling ripped off [2]. Additionally, a user mentioned the inconvenience of having to contact Playstation to resolve the issue, wishing they had purchased the product in-store instead [3]. Lastly, a user labeled the product as a scam, having received a redeemed $25 card and no code for a $10 card, warning others against spending money on these non-returnable items [4].",9.25
Does it not work well,Redeem against anything on PlayStation Store.,12346,"['title: This product took all my money and didn’t give me my digital code really annoying \ntext: I hated this product with all my heart it took all my money and I can’t find my digital code', 'title: Don\'t Buy! \ntext: Code does not even work.  They gave me  ""an already used code"" !  No way to get refunded either!!!  Waste of money!', ""title: DO NOT BUY \ntext: I would give a big fat Zero if I could! I bought this for Xmas for my grandson and the code did NOT work! Amazon can't do a thing about it! Never buying again! Rip people OFF!"", ""title: Don't order it. \ntext: It did not work and now I have to call Playstation to try to deal with it.  Such a hassle! Wish I just went to store to buy one."", 'title: Bad product but good support from Amazon \ntext: Didnt work. Not like xbox couldnt send code to my grandson in Europe!- code wouldnt work!- but Amazon refunded!']","Several customers expressed dissatisfaction with a product that failed to deliver a working digital code, leading to significant frustration. One user reported that the product took their money without providing the promised digital code, causing annoyance and disappointment [0]. Another customer received a code that was already used, with no option for a refund, describing the purchase as a waste of money [1]. A third reviewer shared their experience of buying the product as a gift, only to find the code non-functional and Amazon unable to assist, feeling ripped off [2]. Additionally, a user mentioned the inconvenience of having to contact PlayStation for resolution, wishing they had purchased the product in-store instead [3]. Despite these issues, one customer noted that while the product did not work, Amazon provided a refund, highlighting a positive aspect of customer support [4].",9.25
Does it not work well,Redeem against anything on PlayStation Store.,12347,"['title: This product took all my money and didn’t give me my digital code really annoying \ntext: I hated this product with all my heart it took all my money and I can’t find my digital code', 'title: Don\'t Buy! \ntext: Code does not even work.  They gave me  ""an already used code"" !  No way to get refunded either!!!  Waste of money!', ""title: DO NOT BUY \ntext: I would give a big fat Zero if I could! I bought this for Xmas for my grandson and the code did NOT work! Amazon can't do a thing about it! Never buying again! Rip people OFF!"", ""title: Don't order it. \ntext: It did not work and now I have to call Playstation to try to deal with it.  Such a hassle! Wish I just went to store to buy one."", 'title: Do not buy! \ntext: Do not buy this! Rip off. The code didn’t work and there is no place to get a refund.']","Several users expressed dissatisfaction with a product due to issues with digital codes. One user reported that the product took their money without providing the promised digital code, causing significant frustration [0]. Another user received a code that was already used and found it impossible to get a refund, describing the purchase as a waste of money [1]. A third user shared a similar experience, stating that the code they bought for a Christmas gift did not work, and they were unable to get assistance from Amazon, feeling ripped off [2]. Additionally, a user mentioned the inconvenience of having to contact Playstation to resolve the issue, wishing they had purchased the product in-store instead [3]. Lastly, another user warned others not to buy the product, labeling it a rip-off due to the non-functional code and lack of refund options [4].",9.25
Does it not work well,Redeem against anything on PlayStation Store.,12356,"['title: This product took all my money and didn’t give me my digital code really annoying \ntext: I hated this product with all my heart it took all my money and I can’t find my digital code', 'title: Don\'t Buy! \ntext: Code does not even work.  They gave me  ""an already used code"" !  No way to get refunded either!!!  Waste of money!', ""title: DO NOT BUY \ntext: I would give a big fat Zero if I could! I bought this for Xmas for my grandson and the code did NOT work! Amazon can't do a thing about it! Never buying again! Rip people OFF!"", 'title: DO NOT GET THIS!!! (SCAM!!!!) \ntext: I got this card a $25 card and a $10 card, the $25 card said that it has already been redeemed and then I never even got the code for the $10 one! These are just rip offs, so don’t go out spending your money on these because you can’t even return them.', 'title: Bad product but good support from Amazon \ntext: Didnt work. Not like xbox couldnt send code to my grandson in Europe!- code wouldnt work!- but Amazon refunded!']","Several users have expressed dissatisfaction with a product due to issues with digital codes. One user reported that the product took their money without providing the digital code, causing significant frustration [0]. Another user mentioned receiving a code that was already used and highlighted the lack of refund options, describing the purchase as a waste of money [1]. A similar complaint was made by a user who bought the product as a gift, only to find the code non-functional, with no assistance from Amazon, leading to feelings of being ripped off [2]. Another user experienced issues with two cards, one of which was already redeemed, and the other code was never received, warning others against purchasing due to the inability to return the product [3]. However, one user noted that while the product did not work, Amazon provided a refund, indicating some level of customer support [4].",9.25
Does it not work well,Redeem against anything on PlayStation Store.,12357,"['title: This product took all my money and didn’t give me my digital code really annoying \ntext: I hated this product with all my heart it took all my money and I can’t find my digital code', 'title: Don\'t Buy! \ntext: Code does not even work.  They gave me  ""an already used code"" !  No way to get refunded either!!!  Waste of money!', ""title: DO NOT BUY \ntext: I would give a big fat Zero if I could! I bought this for Xmas for my grandson and the code did NOT work! Amazon can't do a thing about it! Never buying again! Rip people OFF!"", 'title: DO NOT GET THIS!!! (SCAM!!!!) \ntext: I got this card a $25 card and a $10 card, the $25 card said that it has already been redeemed and then I never even got the code for the $10 one! These are just rip offs, so don’t go out spending your money on these because you can’t even return them.', 'title: Do not buy! \ntext: Do not buy this! Rip off. The code didn’t work and there is no place to get a refund.']","Several users expressed dissatisfaction with a product that failed to deliver the promised digital codes, describing it as a scam and a rip-off. One user reported that the product took their money without providing the digital code, causing significant frustration [0]. Another user mentioned receiving an already used code and highlighted the lack of refund options, labeling the purchase a waste of money [1]. A third user shared a similar experience, stating that the code did not work and that Amazon was unable to assist, leading them to vow never to purchase again [2]. Additionally, a user recounted buying two cards, one of which was already redeemed while the other code was never received, advising others against spending money on such products due to the inability to return them [3]. Lastly, another user reiterated the sentiment of being ripped off, as the code did not work and there was no refund process available [4].",9.25
Does it not work well,Redeem against anything on PlayStation Store.,12367,"['title: This product took all my money and didn’t give me my digital code really annoying \ntext: I hated this product with all my heart it took all my money and I can’t find my digital code', 'title: Don\'t Buy! \ntext: Code does not even work.  They gave me  ""an already used code"" !  No way to get refunded either!!!  Waste of money!', ""title: DO NOT BUY \ntext: I would give a big fat Zero if I could! I bought this for Xmas for my grandson and the code did NOT work! Amazon can't do a thing about it! Never buying again! Rip people OFF!"", 'title: Bad product but good support from Amazon \ntext: Didnt work. Not like xbox couldnt send code to my grandson in Europe!- code wouldnt work!- but Amazon refunded!', 'title: Do not buy! \ntext: Do not buy this! Rip off. The code didn’t work and there is no place to get a refund.']","Several users expressed dissatisfaction with a product due to issues with digital codes. One user reported that the product took their money without providing a digital code, causing significant frustration [0]. Another user received a code that was already used and faced difficulties obtaining a refund, describing the purchase as a waste of money [1]. A third user shared a similar experience, stating that the code they purchased for a gift did not work and that Amazon was unable to assist, leading them to feel ripped off [2]. Despite these issues, one user noted that while the product did not work, Amazon provided a refund, highlighting a positive aspect of customer support [3]. Another user reiterated the sentiment of being ripped off due to non-functional codes and the lack of refund options [4].",9.25
Does it not work well,Redeem against anything on PlayStation Store.,12456,"['title: This product took all my money and didn’t give me my digital code really annoying \ntext: I hated this product with all my heart it took all my money and I can’t find my digital code', 'title: Don\'t Buy! \ntext: Code does not even work.  They gave me  ""an already used code"" !  No way to get refunded either!!!  Waste of money!', ""title: Don't order it. \ntext: It did not work and now I have to call Playstation to try to deal with it.  Such a hassle! Wish I just went to store to buy one."", 'title: DO NOT GET THIS!!! (SCAM!!!!) \ntext: I got this card a $25 card and a $10 card, the $25 card said that it has already been redeemed and then I never even got the code for the $10 one! These are just rip offs, so don’t go out spending your money on these because you can’t even return them.', 'title: Bad product but good support from Amazon \ntext: Didnt work. Not like xbox couldnt send code to my grandson in Europe!- code wouldnt work!- but Amazon refunded!']","Several users expressed dissatisfaction with a product that failed to deliver the promised digital codes, leading to financial loss and frustration. One user reported that the product took their money without providing the digital code, causing significant annoyance [0]. Another user received a code that was already used and faced difficulties obtaining a refund, describing the purchase as a waste of money [1]. A third user had to contact Playstation to resolve issues with the non-functional product, which they found to be a hassle [2]. Additionally, a user purchased two cards, one of which was already redeemed, and the other code was never received, labeling the product as a scam [3]. Despite these issues, one user noted that while the product did not work, Amazon provided a refund, highlighting good customer support [4].",9.25
Does it not work well,Redeem against anything on PlayStation Store.,12457,"['title: This product took all my money and didn’t give me my digital code really annoying \ntext: I hated this product with all my heart it took all my money and I can’t find my digital code', 'title: Don\'t Buy! \ntext: Code does not even work.  They gave me  ""an already used code"" !  No way to get refunded either!!!  Waste of money!', ""title: Don't order it. \ntext: It did not work and now I have to call Playstation to try to deal with it.  Such a hassle! Wish I just went to store to buy one."", 'title: DO NOT GET THIS!!! (SCAM!!!!) \ntext: I got this card a $25 card and a $10 card, the $25 card said that it has already been redeemed and then I never even got the code for the $10 one! These are just rip offs, so don’t go out spending your money on these because you can’t even return them.', 'title: Do not buy! \ntext: Do not buy this! Rip off. The code didn’t work and there is no place to get a refund.']","Several users expressed dissatisfaction with a product, describing it as a scam and a rip-off due to issues with digital codes. One user reported that the product took their money without providing the digital code, causing significant frustration [0]. Another user mentioned receiving an already used code and highlighted the lack of refund options, deeming it a waste of money [1]. A similar complaint was made about the inconvenience of having to contact PlayStation for resolution, which they found to be a hassle [2]. Additionally, a user reported purchasing two cards, one of which was already redeemed, and not receiving the code for the other, advising others not to spend money on these products as they cannot be returned [3]. Another user reiterated the sentiment, calling the product a rip-off due to non-functional codes and the absence of refund options [4].",9.25
Does it not work well,Redeem against anything on PlayStation Store.,12467,"['title: This product took all my money and didn’t give me my digital code really annoying \ntext: I hated this product with all my heart it took all my money and I can’t find my digital code', 'title: Don\'t Buy! \ntext: Code does not even work.  They gave me  ""an already used code"" !  No way to get refunded either!!!  Waste of money!', ""title: Don't order it. \ntext: It did not work and now I have to call Playstation to try to deal with it.  Such a hassle! Wish I just went to store to buy one."", 'title: Bad product but good support from Amazon \ntext: Didnt work. Not like xbox couldnt send code to my grandson in Europe!- code wouldnt work!- but Amazon refunded!', 'title: Do not buy! \ntext: Do not buy this! Rip off. The code didn’t work and there is no place to get a refund.']","Several users expressed dissatisfaction with a product due to issues with digital codes. One user reported that the product took their money without providing a digital code, causing significant frustration [0]. Another user received a code that was already used and found it impossible to get a refund, describing the purchase as a waste of money [1]. A similar complaint was made about the product not working, necessitating a call to PlayStation for resolution, which was described as a hassle [2]. Although one user experienced a non-functional product, they noted that Amazon provided a refund, contrasting with other experiences where refunds were not available [3]. Overall, users warned against purchasing the product, labeling it a rip-off due to non-working codes and lack of refund options [4].",9.25
Does it not work well,Redeem against anything on PlayStation Store.,12567,"['title: This product took all my money and didn’t give me my digital code really annoying \ntext: I hated this product with all my heart it took all my money and I can’t find my digital code', 'title: Don\'t Buy! \ntext: Code does not even work.  They gave me  ""an already used code"" !  No way to get refunded either!!!  Waste of money!', 'title: DO NOT GET THIS!!! (SCAM!!!!) \ntext: I got this card a $25 card and a $10 card, the $25 card said that it has already been redeemed and then I never even got the code for the $10 one! These are just rip offs, so don’t go out spending your money on these because you can’t even return them.', 'title: Bad product but good support from Amazon \ntext: Didnt work. Not like xbox couldnt send code to my grandson in Europe!- code wouldnt work!- but Amazon refunded!', 'title: Do not buy! \ntext: Do not buy this! Rip off. The code didn’t work and there is no place to get a refund.']","Several users expressed dissatisfaction with a product due to issues with digital codes. One user reported that the product took their money without providing the digital code, causing significant frustration [0]. Another user claimed that the code they received was already used and highlighted the lack of refund options, describing the purchase as a waste of money [1]. A third user experienced similar issues, with one card showing as already redeemed and another code never received, labeling the product as a scam and advising against purchasing it [2]. Despite these negative experiences, one user noted that while the product did not work, Amazon provided good support by issuing a refund [3]. Another user reiterated the sentiment of the product being a rip-off due to non-functional codes and the absence of refund options [4].",9.25
Does it not work well,Redeem against anything on PlayStation Store.,13456,"['title: This product took all my money and didn’t give me my digital code really annoying \ntext: I hated this product with all my heart it took all my money and I can’t find my digital code', ""title: DO NOT BUY \ntext: I would give a big fat Zero if I could! I bought this for Xmas for my grandson and the code did NOT work! Amazon can't do a thing about it! Never buying again! Rip people OFF!"", ""title: Don't order it. \ntext: It did not work and now I have to call Playstation to try to deal with it.  Such a hassle! Wish I just went to store to buy one."", 'title: DO NOT GET THIS!!! (SCAM!!!!) \ntext: I got this card a $25 card and a $10 card, the $25 card said that it has already been redeemed and then I never even got the code for the $10 one! These are just rip offs, so don’t go out spending your money on these because you can’t even return them.', 'title: Bad product but good support from Amazon \ntext: Didnt work. Not like xbox couldnt send code to my grandson in Europe!- code wouldnt work!- but Amazon refunded!']","Several users expressed dissatisfaction with a product due to issues with digital codes not working or being missing. One user reported that the product took their money without providing the digital code, causing significant frustration [0]. Another user mentioned that the code they received did not work, and they were unable to get assistance from Amazon, leading to a negative experience [1]. A third user described the inconvenience of having to contact PlayStation for resolution, wishing they had purchased the product in-store instead [2]. Additionally, a user labeled the product as a scam, stating that one card was already redeemed and another code was never received [3]. Despite these issues, one user noted that while the product did not work, Amazon provided a refund, highlighting a positive aspect of customer support [4].",9.25
Does it not work well,Redeem against anything on PlayStation Store.,13457,"['title: This product took all my money and didn’t give me my digital code really annoying \ntext: I hated this product with all my heart it took all my money and I can’t find my digital code', ""title: DO NOT BUY \ntext: I would give a big fat Zero if I could! I bought this for Xmas for my grandson and the code did NOT work! Amazon can't do a thing about it! Never buying again! Rip people OFF!"", ""title: Don't order it. \ntext: It did not work and now I have to call Playstation to try to deal with it.  Such a hassle! Wish I just went to store to buy one."", 'title: DO NOT GET THIS!!! (SCAM!!!!) \ntext: I got this card a $25 card and a $10 card, the $25 card said that it has already been redeemed and then I never even got the code for the $10 one! These are just rip offs, so don’t go out spending your money on these because you can’t even return them.', 'title: Do not buy! \ntext: Do not buy this! Rip off. The code didn’t work and there is no place to get a refund.']","Several customers have expressed dissatisfaction with a product due to issues with digital codes. One user reported that the product took their money without providing the promised digital code, causing significant frustration [0]. Another customer shared that the code they received did not work, and they were unable to get assistance from Amazon, leading to a vow never to purchase again [1]. A similar complaint was made by a user who had to contact Playstation for resolution, describing the process as a hassle [2]. Additionally, a customer mentioned receiving a card that was already redeemed and not receiving another code, labeling the product as a scam [3]. Lastly, another user reiterated the sentiment of being ripped off, as the code did not work and there was no option for a refund [4].",9.25
Does it not work well,Redeem against anything on PlayStation Store.,13467,"['title: This product took all my money and didn’t give me my digital code really annoying \ntext: I hated this product with all my heart it took all my money and I can’t find my digital code', ""title: DO NOT BUY \ntext: I would give a big fat Zero if I could! I bought this for Xmas for my grandson and the code did NOT work! Amazon can't do a thing about it! Never buying again! Rip people OFF!"", ""title: Don't order it. \ntext: It did not work and now I have to call Playstation to try to deal with it.  Such a hassle! Wish I just went to store to buy one."", 'title: Bad product but good support from Amazon \ntext: Didnt work. Not like xbox couldnt send code to my grandson in Europe!- code wouldnt work!- but Amazon refunded!', 'title: Do not buy! \ntext: Do not buy this! Rip off. The code didn’t work and there is no place to get a refund.']","Several customers have expressed dissatisfaction with a product due to issues with digital codes not working. One user reported that the product took their money without providing the promised digital code, causing significant frustration [0]. Another customer shared a similar experience, stating that the code they purchased for their grandson did not work, and they were unable to get assistance from Amazon, leading them to vow never to purchase again [1]. A third user mentioned the inconvenience of having to contact Playstation for resolution after the product failed to work, suggesting that buying in-store might have been a better option [2]. While one customer acknowledged that Amazon provided a refund, they still criticized the product for not working as intended [3]. Another user warned others not to buy the product, labeling it a rip-off due to the non-functional code and lack of refund options [4].",9.25
Does it not work well,Redeem against anything on PlayStation Store.,13567,"['title: This product took all my money and didn’t give me my digital code really annoying \ntext: I hated this product with all my heart it took all my money and I can’t find my digital code', ""title: DO NOT BUY \ntext: I would give a big fat Zero if I could! I bought this for Xmas for my grandson and the code did NOT work! Amazon can't do a thing about it! Never buying again! Rip people OFF!"", 'title: DO NOT GET THIS!!! (SCAM!!!!) \ntext: I got this card a $25 card and a $10 card, the $25 card said that it has already been redeemed and then I never even got the code for the $10 one! These are just rip offs, so don’t go out spending your money on these because you can’t even return them.', 'title: Bad product but good support from Amazon \ntext: Didnt work. Not like xbox couldnt send code to my grandson in Europe!- code wouldnt work!- but Amazon refunded!', 'title: Do not buy! \ntext: Do not buy this! Rip off. The code didn’t work and there is no place to get a refund.']","Several users expressed dissatisfaction with a product due to issues with digital codes. One user reported that the product took their money without providing the promised digital code, leading to significant frustration [0]. Another user shared a similar experience, stating that the code they received did not work and that Amazon was unable to assist, describing the situation as a rip-off [1]. A third user mentioned purchasing two cards, one of which was already redeemed, and the other did not provide a code, warning others against spending money on such products [2]. Although one user acknowledged receiving good support from Amazon, they still faced issues with non-functional codes, which required a refund [3]. Another user reiterated the sentiment of being ripped off, as the code did not work and there was no option for a refund [4].",9.25
Does it not work well,Redeem against anything on PlayStation Store.,14567,"['title: This product took all my money and didn’t give me my digital code really annoying \ntext: I hated this product with all my heart it took all my money and I can’t find my digital code', ""title: Don't order it. \ntext: It did not work and now I have to call Playstation to try to deal with it.  Such a hassle! Wish I just went to store to buy one."", 'title: DO NOT GET THIS!!! (SCAM!!!!) \ntext: I got this card a $25 card and a $10 card, the $25 card said that it has already been redeemed and then I never even got the code for the $10 one! These are just rip offs, so don’t go out spending your money on these because you can’t even return them.', 'title: Bad product but good support from Amazon \ntext: Didnt work. Not like xbox couldnt send code to my grandson in Europe!- code wouldnt work!- but Amazon refunded!', 'title: Do not buy! \ntext: Do not buy this! Rip off. The code didn’t work and there is no place to get a refund.']","Several users expressed dissatisfaction with a product, describing it as a scam and a rip-off. One user reported that the product took their money without providing the promised digital code, causing significant frustration [0]. Another user mentioned that the product did not work, requiring them to contact PlayStation for resolution, which they found to be a hassle [1]. A third user shared that they purchased two cards, one of which was already redeemed, and they never received the code for the other, warning others not to waste their money [2]. Although one user noted that the product did not work, they appreciated Amazon's support in providing a refund [3]. Lastly, another user reiterated that the code did not work and highlighted the lack of refund options, advising others against purchasing [4].",9.25
Does it not work well,Redeem against anything on PlayStation Store.,23456,"['title: Don\'t Buy! \ntext: Code does not even work.  They gave me  ""an already used code"" !  No way to get refunded either!!!  Waste of money!', ""title: DO NOT BUY \ntext: I would give a big fat Zero if I could! I bought this for Xmas for my grandson and the code did NOT work! Amazon can't do a thing about it! Never buying again! Rip people OFF!"", ""title: Don't order it. \ntext: It did not work and now I have to call Playstation to try to deal with it.  Such a hassle! Wish I just went to store to buy one."", 'title: DO NOT GET THIS!!! (SCAM!!!!) \ntext: I got this card a $25 card and a $10 card, the $25 card said that it has already been redeemed and then I never even got the code for the $10 one! These are just rip offs, so don’t go out spending your money on these because you can’t even return them.', 'title: Bad product but good support from Amazon \ntext: Didnt work. Not like xbox couldnt send code to my grandson in Europe!- code wouldnt work!- but Amazon refunded!']","Several customers have expressed dissatisfaction with a product, citing issues with non-functional codes and difficulties in obtaining refunds. One user reported receiving an already used code and being unable to secure a refund, describing the purchase as a waste of money [0]. Another customer shared a similar experience, stating that the code did not work and that Amazon was unable to assist, leading to a vow never to purchase again due to feeling ripped off [1]. A third user mentioned the inconvenience of having to contact PlayStation directly to resolve the issue, wishing they had purchased the product in-store instead [2]. Additionally, a customer reported receiving a $25 card that was already redeemed and not receiving the code for a $10 card, labeling the product as a scam [3]. However, one user noted that while the product did not work, Amazon provided good support by issuing a refund [4].",9.25
Does it not work well,Redeem against anything on PlayStation Store.,23457,"['title: Don\'t Buy! \ntext: Code does not even work.  They gave me  ""an already used code"" !  No way to get refunded either!!!  Waste of money!', ""title: DO NOT BUY \ntext: I would give a big fat Zero if I could! I bought this for Xmas for my grandson and the code did NOT work! Amazon can't do a thing about it! Never buying again! Rip people OFF!"", ""title: Don't order it. \ntext: It did not work and now I have to call Playstation to try to deal with it.  Such a hassle! Wish I just went to store to buy one."", 'title: DO NOT GET THIS!!! (SCAM!!!!) \ntext: I got this card a $25 card and a $10 card, the $25 card said that it has already been redeemed and then I never even got the code for the $10 one! These are just rip offs, so don’t go out spending your money on these because you can’t even return them.', 'title: Do not buy! \ntext: Do not buy this! Rip off. The code didn’t work and there is no place to get a refund.']","Several users have expressed dissatisfaction with a product, citing issues with non-functional codes and the inability to obtain refunds. One user reported receiving an already used code and described the purchase as a waste of money due to the lack of refund options [0]. Another user shared a similar experience, stating that the code they purchased for a gift did not work and that Amazon was unable to assist, leading them to vow never to buy again [1]. A third user mentioned the inconvenience of having to contact Playstation to resolve the issue, wishing they had purchased the product in-store instead [2]. Additionally, a user described purchasing two cards, one of which was already redeemed, and not receiving the code for the other, labeling the product as a scam [3]. Lastly, another user reiterated the sentiment of being ripped off, as the code did not work and there was no refund available [4].",9.25
Does it not work well,Redeem against anything on PlayStation Store.,23467,"['title: Don\'t Buy! \ntext: Code does not even work.  They gave me  ""an already used code"" !  No way to get refunded either!!!  Waste of money!', ""title: DO NOT BUY \ntext: I would give a big fat Zero if I could! I bought this for Xmas for my grandson and the code did NOT work! Amazon can't do a thing about it! Never buying again! Rip people OFF!"", ""title: Don't order it. \ntext: It did not work and now I have to call Playstation to try to deal with it.  Such a hassle! Wish I just went to store to buy one."", 'title: Bad product but good support from Amazon \ntext: Didnt work. Not like xbox couldnt send code to my grandson in Europe!- code wouldnt work!- but Amazon refunded!', 'title: Do not buy! \ntext: Do not buy this! Rip off. The code didn’t work and there is no place to get a refund.']","Several customers have expressed dissatisfaction with a product due to non-functional codes and lack of refund options. One user reported receiving an already used code and being unable to obtain a refund, describing the purchase as a waste of money [0]. Another customer shared a similar experience, stating that the code they bought for their grandson did not work and that Amazon was unable to assist, leading them to vow never to purchase again [1]. A third user mentioned the inconvenience of having to contact PlayStation to resolve the issue, wishing they had purchased the product in-store instead [2]. Although one customer noted that Amazon provided a refund, they still experienced issues with the code not working for their grandson in Europe [3]. Another user simply labeled the product a rip-off due to the non-functional code and lack of refund options [4].",9.25
Does it not work well,Redeem against anything on PlayStation Store.,23567,"['title: Don\'t Buy! \ntext: Code does not even work.  They gave me  ""an already used code"" !  No way to get refunded either!!!  Waste of money!', ""title: DO NOT BUY \ntext: I would give a big fat Zero if I could! I bought this for Xmas for my grandson and the code did NOT work! Amazon can't do a thing about it! Never buying again! Rip people OFF!"", 'title: DO NOT GET THIS!!! (SCAM!!!!) \ntext: I got this card a $25 card and a $10 card, the $25 card said that it has already been redeemed and then I never even got the code for the $10 one! These are just rip offs, so don’t go out spending your money on these because you can’t even return them.', 'title: Bad product but good support from Amazon \ntext: Didnt work. Not like xbox couldnt send code to my grandson in Europe!- code wouldnt work!- but Amazon refunded!', 'title: Do not buy! \ntext: Do not buy this! Rip off. The code didn’t work and there is no place to get a refund.']","Several users expressed dissatisfaction with a product due to non-functional codes and the inability to obtain refunds. One user reported receiving an already used code and highlighted the lack of refund options, describing the purchase as a waste of money [0]. Another user shared a similar experience, stating that the code did not work and that Amazon was unable to assist, leading them to vow never to purchase again [1]. A third user described the product as a scam, noting that one card was already redeemed and another code was never received, advising others not to waste their money [2]. Despite these issues, one user mentioned that although the product did not work, Amazon provided a refund [3]. Another user reiterated the sentiment of the product being a rip-off due to non-functional codes and the absence of refund options [4].",9.25
Does it not work well,Redeem against anything on PlayStation Store.,24567,"['title: Don\'t Buy! \ntext: Code does not even work.  They gave me  ""an already used code"" !  No way to get refunded either!!!  Waste of money!', ""title: Don't order it. \ntext: It did not work and now I have to call Playstation to try to deal with it.  Such a hassle! Wish I just went to store to buy one."", 'title: DO NOT GET THIS!!! (SCAM!!!!) \ntext: I got this card a $25 card and a $10 card, the $25 card said that it has already been redeemed and then I never even got the code for the $10 one! These are just rip offs, so don’t go out spending your money on these because you can’t even return them.', 'title: Bad product but good support from Amazon \ntext: Didnt work. Not like xbox couldnt send code to my grandson in Europe!- code wouldnt work!- but Amazon refunded!', 'title: Do not buy! \ntext: Do not buy this! Rip off. The code didn’t work and there is no place to get a refund.']","Several users have expressed dissatisfaction with a product, describing it as ineffective and a waste of money. One user reported receiving an already used code and being unable to obtain a refund, calling it a waste of money [0]. Another user mentioned the inconvenience of having to contact PlayStation for resolution, suggesting it would have been easier to purchase in-store [1]. A third user labeled the product a scam, stating that one card was already redeemed and another code was never received, emphasizing the inability to return the product [2]. Despite the product not working, one user noted that Amazon provided good support by issuing a refund [3]. Another user reiterated the sentiment that the product is a rip-off, with non-functional codes and no refund options [4].",9.25
Does it not work well,Redeem against anything on PlayStation Store.,34567,"[""title: DO NOT BUY \ntext: I would give a big fat Zero if I could! I bought this for Xmas for my grandson and the code did NOT work! Amazon can't do a thing about it! Never buying again! Rip people OFF!"", ""title: Don't order it. \ntext: It did not work and now I have to call Playstation to try to deal with it.  Such a hassle! Wish I just went to store to buy one."", 'title: DO NOT GET THIS!!! (SCAM!!!!) \ntext: I got this card a $25 card and a $10 card, the $25 card said that it has already been redeemed and then I never even got the code for the $10 one! These are just rip offs, so don’t go out spending your money on these because you can’t even return them.', 'title: Bad product but good support from Amazon \ntext: Didnt work. Not like xbox couldnt send code to my grandson in Europe!- code wouldnt work!- but Amazon refunded!', 'title: Do not buy! \ntext: Do not buy this! Rip off. The code didn’t work and there is no place to get a refund.']","Several customers have expressed dissatisfaction with the product, describing it as a scam and a rip-off. One user reported that the code for a gift card did not work, and Amazon was unable to assist, leading to a vow never to purchase again from the platform [0]. Another user faced similar issues, having to contact PlayStation directly to resolve the problem, which they found to be a significant hassle [1]. A third customer experienced issues with both a $25 and a $10 card, with the former being already redeemed and the latter not providing a code at all, reinforcing their belief that these products are scams [2]. Although one user acknowledged receiving good support from Amazon, they still encountered problems with the product itself, as the code did not work for their grandson in Europe [3]. Another user simply labeled the product as a rip-off, citing the non-functional code and lack of refund options [4].",9.25
Does it not work well,Redeem against anything on PlayStation Store.,012345,"['title: This product is unintuitive to use and requires installing software that does not work DONT BUY IT \ntext: This product is unintuitive to use and requires installing software that does not work DONT BUY IT!', 'title: This product took all my money and didn’t give me my digital code really annoying \ntext: I hated this product with all my heart it took all my money and I can’t find my digital code', 'title: Don\'t Buy! \ntext: Code does not even work.  They gave me  ""an already used code"" !  No way to get refunded either!!!  Waste of money!', ""title: DO NOT BUY \ntext: I would give a big fat Zero if I could! I bought this for Xmas for my grandson and the code did NOT work! Amazon can't do a thing about it! Never buying again! Rip people OFF!"", ""title: Don't order it. \ntext: It did not work and now I have to call Playstation to try to deal with it.  Such a hassle! Wish I just went to store to buy one."", 'title: DO NOT GET THIS!!! (SCAM!!!!) \ntext: I got this card a $25 card and a $10 card, the $25 card said that it has already been redeemed and then I never even got the code for the $10 one! These are just rip offs, so don’t go out spending your money on these because you can’t even return them.']","Several users expressed dissatisfaction with the product, citing issues with unintuitive use and non-functional software that is required for operation, leading to a strong recommendation against purchasing it [0]. Customers reported financial losses, as the product failed to deliver promised digital codes, leaving them unable to access what they paid for [1]. Additionally, there were complaints about receiving already used codes, with no option for refunds, which was described as a waste of money [2]. One user shared their frustration over purchasing the product as a gift, only to find the code non-functional, with no assistance available from the retailer, leading to feelings of being ripped off [3]. Another user mentioned the inconvenience of having to contact customer support to resolve issues with the product, suggesting that purchasing from a physical store might have been a better option [4]. Lastly, a user labeled the product as a scam, having received a card that was already redeemed and another without a code, emphasizing the inability to return the product and advising others against buying it [5].",10.0
Does it not work well,Redeem against anything on PlayStation Store.,012346,"['title: This product is unintuitive to use and requires installing software that does not work DONT BUY IT \ntext: This product is unintuitive to use and requires installing software that does not work DONT BUY IT!', 'title: This product took all my money and didn’t give me my digital code really annoying \ntext: I hated this product with all my heart it took all my money and I can’t find my digital code', 'title: Don\'t Buy! \ntext: Code does not even work.  They gave me  ""an already used code"" !  No way to get refunded either!!!  Waste of money!', ""title: DO NOT BUY \ntext: I would give a big fat Zero if I could! I bought this for Xmas for my grandson and the code did NOT work! Amazon can't do a thing about it! Never buying again! Rip people OFF!"", ""title: Don't order it. \ntext: It did not work and now I have to call Playstation to try to deal with it.  Such a hassle! Wish I just went to store to buy one."", 'title: Bad product but good support from Amazon \ntext: Didnt work. Not like xbox couldnt send code to my grandson in Europe!- code wouldnt work!- but Amazon refunded!']","Several users expressed dissatisfaction with the product, citing issues with its functionality and the associated software. One user described the product as unintuitive and criticized the software required for its operation, which they claimed did not work, advising others not to purchase it [0]. Another user reported financial loss, stating that the product took their money without providing the promised digital code [1]. Multiple users experienced problems with non-functional codes, with one user receiving an already used code and facing difficulties in obtaining a refund [2]. Another user shared their frustration after purchasing the product as a gift, only to find that the code did not work, and noted that Amazon was unable to assist with the issue [3]. A similar sentiment was echoed by another user who found the product non-functional and expressed regret over the inconvenience of having to contact Playstation for resolution [4]. Despite these issues, one user acknowledged that while the product did not work, Amazon provided good support by issuing a refund [5].",10.0
Does it not work well,Redeem against anything on PlayStation Store.,012347,"['title: This product is unintuitive to use and requires installing software that does not work DONT BUY IT \ntext: This product is unintuitive to use and requires installing software that does not work DONT BUY IT!', 'title: This product took all my money and didn’t give me my digital code really annoying \ntext: I hated this product with all my heart it took all my money and I can’t find my digital code', 'title: Don\'t Buy! \ntext: Code does not even work.  They gave me  ""an already used code"" !  No way to get refunded either!!!  Waste of money!', ""title: DO NOT BUY \ntext: I would give a big fat Zero if I could! I bought this for Xmas for my grandson and the code did NOT work! Amazon can't do a thing about it! Never buying again! Rip people OFF!"", ""title: Don't order it. \ntext: It did not work and now I have to call Playstation to try to deal with it.  Such a hassle! Wish I just went to store to buy one."", 'title: Do not buy! \ntext: Do not buy this! Rip off. The code didn’t work and there is no place to get a refund.']","Several users expressed dissatisfaction with the product, citing issues with its functionality and customer service. One user described the product as unintuitive and criticized the accompanying software for being non-functional, advising others not to purchase it [0]. Another user reported financial loss, stating that they were charged without receiving their digital code [1]. Multiple users complained about receiving non-working or previously used codes, with no available refund options, labeling the purchase as a waste of money and a rip-off [2][3][5]. Additionally, a user mentioned the inconvenience of having to contact customer support to resolve issues with the product, expressing regret over not purchasing from a physical store instead [4].",10.0
Does it not work well,Redeem against anything on PlayStation Store.,012356,"['title: This product is unintuitive to use and requires installing software that does not work DONT BUY IT \ntext: This product is unintuitive to use and requires installing software that does not work DONT BUY IT!', 'title: This product took all my money and didn’t give me my digital code really annoying \ntext: I hated this product with all my heart it took all my money and I can’t find my digital code', 'title: Don\'t Buy! \ntext: Code does not even work.  They gave me  ""an already used code"" !  No way to get refunded either!!!  Waste of money!', ""title: DO NOT BUY \ntext: I would give a big fat Zero if I could! I bought this for Xmas for my grandson and the code did NOT work! Amazon can't do a thing about it! Never buying again! Rip people OFF!"", 'title: DO NOT GET THIS!!! (SCAM!!!!) \ntext: I got this card a $25 card and a $10 card, the $25 card said that it has already been redeemed and then I never even got the code for the $10 one! These are just rip offs, so don’t go out spending your money on these because you can’t even return them.', 'title: Bad product but good support from Amazon \ntext: Didnt work. Not like xbox couldnt send code to my grandson in Europe!- code wouldnt work!- but Amazon refunded!']","Several users expressed dissatisfaction with a product due to its unintuitive nature and malfunctioning software, advising others not to purchase it [0]. Customers reported financial losses, as they were unable to retrieve their digital codes after purchase, leading to frustration and disappointment [1]. Many users received codes that were already used, with no possibility of obtaining a refund, describing the experience as a waste of money [2]. One user shared their disappointment after purchasing the product as a gift, only to find the code non-functional and no assistance available from the retailer, feeling ripped off [3]. Another user labeled the product as a scam, having received a redeemed code and missing another, warning others against spending money on it due to the inability to return it [4]. Despite the product's issues, one customer noted that Amazon provided a refund, although the product itself did not work as intended [5].",10.0
Does it not work well,Redeem against anything on PlayStation Store.,012357,"['title: This product is unintuitive to use and requires installing software that does not work DONT BUY IT \ntext: This product is unintuitive to use and requires installing software that does not work DONT BUY IT!', 'title: This product took all my money and didn’t give me my digital code really annoying \ntext: I hated this product with all my heart it took all my money and I can’t find my digital code', 'title: Don\'t Buy! \ntext: Code does not even work.  They gave me  ""an already used code"" !  No way to get refunded either!!!  Waste of money!', ""title: DO NOT BUY \ntext: I would give a big fat Zero if I could! I bought this for Xmas for my grandson and the code did NOT work! Amazon can't do a thing about it! Never buying again! Rip people OFF!"", 'title: DO NOT GET THIS!!! (SCAM!!!!) \ntext: I got this card a $25 card and a $10 card, the $25 card said that it has already been redeemed and then I never even got the code for the $10 one! These are just rip offs, so don’t go out spending your money on these because you can’t even return them.', 'title: Do not buy! \ntext: Do not buy this! Rip off. The code didn’t work and there is no place to get a refund.']","Several users expressed dissatisfaction with the product, citing issues with its functionality and customer service. One user described the product as unintuitive and criticized the accompanying software for being non-functional, advising others not to purchase it [0]. Another user reported financial loss, stating that they were charged without receiving their digital code [1]. Multiple comments highlighted problems with the product's codes, which were either already used or non-existent, and noted the lack of refund options, leading to frustration and a sense of being scammed [2][3][4][5].",10.0
Does it not work well,Redeem against anything on PlayStation Store.,012367,"['title: This product is unintuitive to use and requires installing software that does not work DONT BUY IT \ntext: This product is unintuitive to use and requires installing software that does not work DONT BUY IT!', 'title: This product took all my money and didn’t give me my digital code really annoying \ntext: I hated this product with all my heart it took all my money and I can’t find my digital code', 'title: Don\'t Buy! \ntext: Code does not even work.  They gave me  ""an already used code"" !  No way to get refunded either!!!  Waste of money!', ""title: DO NOT BUY \ntext: I would give a big fat Zero if I could! I bought this for Xmas for my grandson and the code did NOT work! Amazon can't do a thing about it! Never buying again! Rip people OFF!"", 'title: Bad product but good support from Amazon \ntext: Didnt work. Not like xbox couldnt send code to my grandson in Europe!- code wouldnt work!- but Amazon refunded!', 'title: Do not buy! \ntext: Do not buy this! Rip off. The code didn’t work and there is no place to get a refund.']","Several users expressed dissatisfaction with the product, citing issues with its functionality and the associated software. One user described the product as unintuitive and criticized the software required for its operation, which they claimed did not work, advising others not to purchase it [0]. Another user reported financial loss, stating that they were unable to retrieve their digital code after purchase [1]. Multiple users complained about receiving non-functional or previously used codes, with no available refund options, leading to frustration and a sense of being ripped off [2][3][5]. Despite these negative experiences, one user noted that Amazon provided good support by offering a refund, although the product itself did not work as intended [4].",10.0
Does it not work well,Redeem against anything on PlayStation Store.,012456,"['title: This product is unintuitive to use and requires installing software that does not work DONT BUY IT \ntext: This product is unintuitive to use and requires installing software that does not work DONT BUY IT!', 'title: This product took all my money and didn’t give me my digital code really annoying \ntext: I hated this product with all my heart it took all my money and I can’t find my digital code', 'title: Don\'t Buy! \ntext: Code does not even work.  They gave me  ""an already used code"" !  No way to get refunded either!!!  Waste of money!', ""title: Don't order it. \ntext: It did not work and now I have to call Playstation to try to deal with it.  Such a hassle! Wish I just went to store to buy one."", 'title: DO NOT GET THIS!!! (SCAM!!!!) \ntext: I got this card a $25 card and a $10 card, the $25 card said that it has already been redeemed and then I never even got the code for the $10 one! These are just rip offs, so don’t go out spending your money on these because you can’t even return them.', 'title: Bad product but good support from Amazon \ntext: Didnt work. Not like xbox couldnt send code to my grandson in Europe!- code wouldnt work!- but Amazon refunded!']","Several users expressed dissatisfaction with a product that they found to be unintuitive and problematic. One user reported that the product required installing software that did not function properly, advising others not to purchase it [0]. Another user complained about being charged without receiving a digital code, describing the experience as very frustrating [1]. A third user mentioned receiving an already used code and highlighted the lack of refund options, calling it a waste of money [2]. Additional comments echoed similar issues, with one user having to contact PlayStation for resolution, which they found to be a hassle [3]. Another user labeled the product as a scam, noting that one card was already redeemed and another code was never received [4]. Despite these negative experiences, one user noted that while the product did not work, Amazon provided a refund, which they appreciated [5].",10.0
Does it not work well,Redeem against anything on PlayStation Store.,012457,"['title: This product is unintuitive to use and requires installing software that does not work DONT BUY IT \ntext: This product is unintuitive to use and requires installing software that does not work DONT BUY IT!', 'title: This product took all my money and didn’t give me my digital code really annoying \ntext: I hated this product with all my heart it took all my money and I can’t find my digital code', 'title: Don\'t Buy! \ntext: Code does not even work.  They gave me  ""an already used code"" !  No way to get refunded either!!!  Waste of money!', ""title: Don't order it. \ntext: It did not work and now I have to call Playstation to try to deal with it.  Such a hassle! Wish I just went to store to buy one."", 'title: DO NOT GET THIS!!! (SCAM!!!!) \ntext: I got this card a $25 card and a $10 card, the $25 card said that it has already been redeemed and then I never even got the code for the $10 one! These are just rip offs, so don’t go out spending your money on these because you can’t even return them.', 'title: Do not buy! \ntext: Do not buy this! Rip off. The code didn’t work and there is no place to get a refund.']","Several users have expressed dissatisfaction with the product, citing issues such as unintuitive usage and non-functional software that is required for operation, leading to strong recommendations against purchasing it [0]. Customers have reported financial losses, as the product allegedly took their money without providing the promised digital codes [1]. Additionally, there are complaints about receiving already used codes, with no available options for refunds, which has been described as a waste of money [2][5]. The inconvenience of having to contact customer service, such as Playstation, to resolve these issues has been highlighted as a significant hassle [3]. Furthermore, there are accusations of the product being a scam, with instances of cards being redeemed without the user's knowledge and missing codes, reinforcing the sentiment that the product is a rip-off [4].",10.0
Does it not work well,Redeem against anything on PlayStation Store.,012467,"['title: This product is unintuitive to use and requires installing software that does not work DONT BUY IT \ntext: This product is unintuitive to use and requires installing software that does not work DONT BUY IT!', 'title: This product took all my money and didn’t give me my digital code really annoying \ntext: I hated this product with all my heart it took all my money and I can’t find my digital code', 'title: Don\'t Buy! \ntext: Code does not even work.  They gave me  ""an already used code"" !  No way to get refunded either!!!  Waste of money!', ""title: Don't order it. \ntext: It did not work and now I have to call Playstation to try to deal with it.  Such a hassle! Wish I just went to store to buy one."", 'title: Bad product but good support from Amazon \ntext: Didnt work. Not like xbox couldnt send code to my grandson in Europe!- code wouldnt work!- but Amazon refunded!', 'title: Do not buy! \ntext: Do not buy this! Rip off. The code didn’t work and there is no place to get a refund.']","Several users expressed dissatisfaction with the product, citing issues such as unintuitive usage and non-functional software that is required for operation, leading to a strong recommendation against purchasing it [0]. Customers reported financial losses due to receiving digital codes that were either missing or already used, with no available refund options, which they found extremely frustrating [1][2][5]. Additionally, some users experienced significant inconvenience, such as needing to contact customer support to resolve issues, which they found to be a hassle [3]. Despite these negative experiences, one user noted that Amazon provided good support by offering a refund, although the product itself was still deemed unsatisfactory [4].",10.0
Does it not work well,Redeem against anything on PlayStation Store.,012567,"['title: This product is unintuitive to use and requires installing software that does not work DONT BUY IT \ntext: This product is unintuitive to use and requires installing software that does not work DONT BUY IT!', 'title: This product took all my money and didn’t give me my digital code really annoying \ntext: I hated this product with all my heart it took all my money and I can’t find my digital code', 'title: Don\'t Buy! \ntext: Code does not even work.  They gave me  ""an already used code"" !  No way to get refunded either!!!  Waste of money!', 'title: DO NOT GET THIS!!! (SCAM!!!!) \ntext: I got this card a $25 card and a $10 card, the $25 card said that it has already been redeemed and then I never even got the code for the $10 one! These are just rip offs, so don’t go out spending your money on these because you can’t even return them.', 'title: Bad product but good support from Amazon \ntext: Didnt work. Not like xbox couldnt send code to my grandson in Europe!- code wouldnt work!- but Amazon refunded!', 'title: Do not buy! \ntext: Do not buy this! Rip off. The code didn’t work and there is no place to get a refund.']","Several users expressed dissatisfaction with the product, citing issues with its functionality and the associated software. One user described the product as unintuitive and criticized the software required for its operation, which they claimed did not work, advising others not to purchase it [0]. Another user reported financial loss, stating that they were charged without receiving their digital code [1]. Multiple users complained about receiving codes that were already used, with no option for a refund, labeling the product as a waste of money and a scam [2][3][5]. Despite these negative experiences, one user noted that while the product did not work, Amazon provided good support by issuing a refund [4].",10.0
Does it not work well,Redeem against anything on PlayStation Store.,013456,"['title: This product is unintuitive to use and requires installing software that does not work DONT BUY IT \ntext: This product is unintuitive to use and requires installing software that does not work DONT BUY IT!', 'title: This product took all my money and didn’t give me my digital code really annoying \ntext: I hated this product with all my heart it took all my money and I can’t find my digital code', ""title: DO NOT BUY \ntext: I would give a big fat Zero if I could! I bought this for Xmas for my grandson and the code did NOT work! Amazon can't do a thing about it! Never buying again! Rip people OFF!"", ""title: Don't order it. \ntext: It did not work and now I have to call Playstation to try to deal with it.  Such a hassle! Wish I just went to store to buy one."", 'title: DO NOT GET THIS!!! (SCAM!!!!) \ntext: I got this card a $25 card and a $10 card, the $25 card said that it has already been redeemed and then I never even got the code for the $10 one! These are just rip offs, so don’t go out spending your money on these because you can’t even return them.', 'title: Bad product but good support from Amazon \ntext: Didnt work. Not like xbox couldnt send code to my grandson in Europe!- code wouldnt work!- but Amazon refunded!']","Several users expressed dissatisfaction with the product, describing it as unintuitive and requiring non-functional software installation, leading to a recommendation against purchasing it [0]. Customers reported financial losses, such as being charged without receiving the promised digital code, which they found extremely frustrating [1]. Another user shared a negative experience where a purchased code did not work, and Amazon was unable to assist, leading to feelings of being ripped off [2]. The inconvenience of having to contact PlayStation for resolution was highlighted, with a preference for in-store purchases expressed [3]. Additionally, users reported issues with cards being marked as already redeemed or not receiving codes at all, labeling the product as a scam [4]. Despite these issues, one user noted that Amazon provided a refund, although the product itself was faulty [5].",10.0
Does it not work well,Redeem against anything on PlayStation Store.,013457,"['title: This product is unintuitive to use and requires installing software that does not work DONT BUY IT \ntext: This product is unintuitive to use and requires installing software that does not work DONT BUY IT!', 'title: This product took all my money and didn’t give me my digital code really annoying \ntext: I hated this product with all my heart it took all my money and I can’t find my digital code', ""title: DO NOT BUY \ntext: I would give a big fat Zero if I could! I bought this for Xmas for my grandson and the code did NOT work! Amazon can't do a thing about it! Never buying again! Rip people OFF!"", ""title: Don't order it. \ntext: It did not work and now I have to call Playstation to try to deal with it.  Such a hassle! Wish I just went to store to buy one."", 'title: DO NOT GET THIS!!! (SCAM!!!!) \ntext: I got this card a $25 card and a $10 card, the $25 card said that it has already been redeemed and then I never even got the code for the $10 one! These are just rip offs, so don’t go out spending your money on these because you can’t even return them.', 'title: Do not buy! \ntext: Do not buy this! Rip off. The code didn’t work and there is no place to get a refund.']","Several users have expressed dissatisfaction with a product, citing issues with its functionality and customer service. One user described the product as unintuitive and criticized the accompanying software for being non-functional, advising others not to purchase it [0]. Another user reported financial loss, stating that they were unable to retrieve their digital code after purchase [1]. A third user expressed frustration over a non-working code bought as a gift, highlighting Amazon's inability to resolve the issue and labeling the product as a rip-off [2]. Additional complaints include the inconvenience of having to contact customer support due to non-functional codes, with one user regretting not purchasing from a physical store instead [3]. Furthermore, users reported receiving cards that were either already redeemed or missing codes entirely, reinforcing the perception of the product as a scam [4][5]. Overall, the consensus among these reviews is that the product is unreliable and not worth purchasing.",10.0
Does it not work well,Redeem against anything on PlayStation Store.,013467,"['title: This product is unintuitive to use and requires installing software that does not work DONT BUY IT \ntext: This product is unintuitive to use and requires installing software that does not work DONT BUY IT!', 'title: This product took all my money and didn’t give me my digital code really annoying \ntext: I hated this product with all my heart it took all my money and I can’t find my digital code', ""title: DO NOT BUY \ntext: I would give a big fat Zero if I could! I bought this for Xmas for my grandson and the code did NOT work! Amazon can't do a thing about it! Never buying again! Rip people OFF!"", ""title: Don't order it. \ntext: It did not work and now I have to call Playstation to try to deal with it.  Such a hassle! Wish I just went to store to buy one."", 'title: Bad product but good support from Amazon \ntext: Didnt work. Not like xbox couldnt send code to my grandson in Europe!- code wouldnt work!- but Amazon refunded!', 'title: Do not buy! \ntext: Do not buy this! Rip off. The code didn’t work and there is no place to get a refund.']","Several users expressed dissatisfaction with the product, citing issues with its functionality and customer service. One user described the product as unintuitive and criticized the accompanying software for being non-functional, advising others not to purchase it [0]. Another user reported financial loss, stating that they were unable to retrieve their digital code after purchase [1]. A third user expressed frustration over a non-working code bought as a gift, noting that Amazon was unable to assist, and labeled the product as a rip-off [2]. Similarly, another user found the product non-functional and mentioned the inconvenience of having to contact PlayStation for resolution, suggesting that purchasing in-store might have been a better option [3]. While one user acknowledged Amazon's good support in refunding their purchase, they still faced issues with the product's code not working [4]. Lastly, another user warned against buying the product, describing it as a rip-off due to the non-functional code and lack of refund options [5].",10.0
Does it not work well,Redeem against anything on PlayStation Store.,013567,"['title: This product is unintuitive to use and requires installing software that does not work DONT BUY IT \ntext: This product is unintuitive to use and requires installing software that does not work DONT BUY IT!', 'title: This product took all my money and didn’t give me my digital code really annoying \ntext: I hated this product with all my heart it took all my money and I can’t find my digital code', ""title: DO NOT BUY \ntext: I would give a big fat Zero if I could! I bought this for Xmas for my grandson and the code did NOT work! Amazon can't do a thing about it! Never buying again! Rip people OFF!"", 'title: DO NOT GET THIS!!! (SCAM!!!!) \ntext: I got this card a $25 card and a $10 card, the $25 card said that it has already been redeemed and then I never even got the code for the $10 one! These are just rip offs, so don’t go out spending your money on these because you can’t even return them.', 'title: Bad product but good support from Amazon \ntext: Didnt work. Not like xbox couldnt send code to my grandson in Europe!- code wouldnt work!- but Amazon refunded!', 'title: Do not buy! \ntext: Do not buy this! Rip off. The code didn’t work and there is no place to get a refund.']","Several users expressed dissatisfaction with the product, citing issues such as unintuitive use and non-functional software that needs to be installed, leading to a strong recommendation against purchasing it [0]. Customers reported financial losses, as the product took their money without providing the promised digital code, causing significant frustration [1]. One user mentioned that the product's code did not work, and Amazon was unable to assist, leading to a feeling of being ripped off [2]. Another user described the product as a scam, with one card showing as already redeemed and another code never received, advising others not to waste their money [3]. Despite these issues, one user noted that while the product did not work, Amazon provided good support by offering a refund [4]. Overall, the product is described as a rip-off, with non-functional codes and no clear refund process [5].",10.0
Does it not work well,Redeem against anything on PlayStation Store.,014567,"['title: This product is unintuitive to use and requires installing software that does not work DONT BUY IT \ntext: This product is unintuitive to use and requires installing software that does not work DONT BUY IT!', 'title: This product took all my money and didn’t give me my digital code really annoying \ntext: I hated this product with all my heart it took all my money and I can’t find my digital code', ""title: Don't order it. \ntext: It did not work and now I have to call Playstation to try to deal with it.  Such a hassle! Wish I just went to store to buy one."", 'title: DO NOT GET THIS!!! (SCAM!!!!) \ntext: I got this card a $25 card and a $10 card, the $25 card said that it has already been redeemed and then I never even got the code for the $10 one! These are just rip offs, so don’t go out spending your money on these because you can’t even return them.', 'title: Bad product but good support from Amazon \ntext: Didnt work. Not like xbox couldnt send code to my grandson in Europe!- code wouldnt work!- but Amazon refunded!', 'title: Do not buy! \ntext: Do not buy this! Rip off. The code didn’t work and there is no place to get a refund.']","Several users expressed dissatisfaction with the product, citing various issues. One user found the product unintuitive and criticized the accompanying software for being non-functional, advising others not to purchase it [0]. Another user reported financial loss, as they were unable to retrieve their digital code after purchase [1]. A third user mentioned that the product did not work, leading to the inconvenience of having to contact PlayStation for resolution [2]. Additionally, a user described the product as a scam, noting that one card was already redeemed and another code was never received, warning others against spending money on it [3]. Despite these negative experiences, one user acknowledged that while the product failed to work, Amazon provided good support by issuing a refund [4]. Another user reiterated the sentiment of the product being a rip-off, as the code did not work and there was no refund option available [5].",10.0
Does it not work well,Redeem against anything on PlayStation Store.,023456,"['title: This product is unintuitive to use and requires installing software that does not work DONT BUY IT \ntext: This product is unintuitive to use and requires installing software that does not work DONT BUY IT!', 'title: Don\'t Buy! \ntext: Code does not even work.  They gave me  ""an already used code"" !  No way to get refunded either!!!  Waste of money!', ""title: DO NOT BUY \ntext: I would give a big fat Zero if I could! I bought this for Xmas for my grandson and the code did NOT work! Amazon can't do a thing about it! Never buying again! Rip people OFF!"", ""title: Don't order it. \ntext: It did not work and now I have to call Playstation to try to deal with it.  Such a hassle! Wish I just went to store to buy one."", 'title: DO NOT GET THIS!!! (SCAM!!!!) \ntext: I got this card a $25 card and a $10 card, the $25 card said that it has already been redeemed and then I never even got the code for the $10 one! These are just rip offs, so don’t go out spending your money on these because you can’t even return them.', 'title: Bad product but good support from Amazon \ntext: Didnt work. Not like xbox couldnt send code to my grandson in Europe!- code wouldnt work!- but Amazon refunded!']","Several users expressed dissatisfaction with the product, describing it as unintuitive and problematic due to non-functional software requirements, advising others not to purchase it [0]. Customers reported receiving already used codes, with no possibility of obtaining a refund, labeling the purchase as a waste of money [1]. Another user shared a similar experience, stating that the code did not work and that Amazon was unable to assist, leading to frustration and a sense of being ripped off [2]. The inconvenience of having to contact Playstation for resolution was highlighted, with a preference for in-store purchases expressed [3]. Additionally, users described the product as a scam, with one customer receiving a card that was already redeemed and another card without a code, emphasizing the inability to return the product [4]. Despite these issues, one user noted that Amazon provided a refund, although the product itself did not work [5].",10.0
Does it not work well,Redeem against anything on PlayStation Store.,023457,"['title: This product is unintuitive to use and requires installing software that does not work DONT BUY IT \ntext: This product is unintuitive to use and requires installing software that does not work DONT BUY IT!', 'title: Don\'t Buy! \ntext: Code does not even work.  They gave me  ""an already used code"" !  No way to get refunded either!!!  Waste of money!', ""title: DO NOT BUY \ntext: I would give a big fat Zero if I could! I bought this for Xmas for my grandson and the code did NOT work! Amazon can't do a thing about it! Never buying again! Rip people OFF!"", ""title: Don't order it. \ntext: It did not work and now I have to call Playstation to try to deal with it.  Such a hassle! Wish I just went to store to buy one."", 'title: DO NOT GET THIS!!! (SCAM!!!!) \ntext: I got this card a $25 card and a $10 card, the $25 card said that it has already been redeemed and then I never even got the code for the $10 one! These are just rip offs, so don’t go out spending your money on these because you can’t even return them.', 'title: Do not buy! \ntext: Do not buy this! Rip off. The code didn’t work and there is no place to get a refund.']","Several users have expressed dissatisfaction with the product, citing issues such as unintuitive usage and non-functional software that must be installed, which has led to recommendations against purchasing it [0]. Additionally, there are multiple reports of receiving already used codes, with no available refund options, leading to a perception of the product as a waste of money [1][2][5]. Customers have also reported that the product does not work as intended, requiring them to contact customer support, which is seen as a hassle [3]. Furthermore, some users have described the product as a scam, noting that codes are either already redeemed or not provided at all, reinforcing the sentiment that it is a rip-off [4].",10.0
Does it not work well,Redeem against anything on PlayStation Store.,023467,"['title: This product is unintuitive to use and requires installing software that does not work DONT BUY IT \ntext: This product is unintuitive to use and requires installing software that does not work DONT BUY IT!', 'title: Don\'t Buy! \ntext: Code does not even work.  They gave me  ""an already used code"" !  No way to get refunded either!!!  Waste of money!', ""title: DO NOT BUY \ntext: I would give a big fat Zero if I could! I bought this for Xmas for my grandson and the code did NOT work! Amazon can't do a thing about it! Never buying again! Rip people OFF!"", ""title: Don't order it. \ntext: It did not work and now I have to call Playstation to try to deal with it.  Such a hassle! Wish I just went to store to buy one."", 'title: Bad product but good support from Amazon \ntext: Didnt work. Not like xbox couldnt send code to my grandson in Europe!- code wouldnt work!- but Amazon refunded!', 'title: Do not buy! \ntext: Do not buy this! Rip off. The code didn’t work and there is no place to get a refund.']","Several users expressed dissatisfaction with the product, citing issues with non-functional codes and the inability to obtain refunds. One user reported receiving an already used code and described the purchase as a waste of money due to the lack of refund options [1]. Another user shared a similar experience, stating that the code did not work for a Christmas gift, and Amazon was unable to assist, leading to feelings of being ripped off [2]. Additionally, a user mentioned the inconvenience of having to contact PlayStation for resolution, wishing they had purchased the product in-store instead [3]. Despite these negative experiences, one user noted that Amazon provided a refund, although the product itself was faulty [4]. Overall, the consensus among these comments is that the product is unreliable and purchasing it is not recommended [0][1][2][3][4][5].",10.0
Does it not work well,Redeem against anything on PlayStation Store.,023567,"['title: This product is unintuitive to use and requires installing software that does not work DONT BUY IT \ntext: This product is unintuitive to use and requires installing software that does not work DONT BUY IT!', 'title: Don\'t Buy! \ntext: Code does not even work.  They gave me  ""an already used code"" !  No way to get refunded either!!!  Waste of money!', ""title: DO NOT BUY \ntext: I would give a big fat Zero if I could! I bought this for Xmas for my grandson and the code did NOT work! Amazon can't do a thing about it! Never buying again! Rip people OFF!"", 'title: DO NOT GET THIS!!! (SCAM!!!!) \ntext: I got this card a $25 card and a $10 card, the $25 card said that it has already been redeemed and then I never even got the code for the $10 one! These are just rip offs, so don’t go out spending your money on these because you can’t even return them.', 'title: Bad product but good support from Amazon \ntext: Didnt work. Not like xbox couldnt send code to my grandson in Europe!- code wouldnt work!- but Amazon refunded!', 'title: Do not buy! \ntext: Do not buy this! Rip off. The code didn’t work and there is no place to get a refund.']","Several users have expressed dissatisfaction with the product, citing issues with its functionality and the inability to obtain refunds. One user described the product as unintuitive and criticized the accompanying software for being non-functional, advising others not to purchase it [0]. Another user reported receiving a code that had already been used and highlighted the lack of refund options, labeling the purchase a waste of money [1]. Similarly, a customer who bought the product as a gift found that the code did not work and was frustrated by Amazon's inability to assist, feeling that the product was a rip-off [2]. Another review echoed these sentiments, describing the product as a scam after receiving a card that had already been redeemed and not receiving another promised code [3]. While one user acknowledged that the product did not work, they appreciated Amazon's customer support for providing a refund [4]. Overall, the consensus among these reviews is that the product is unreliable, with multiple reports of non-functional codes and difficulties in obtaining refunds [5].",10.0
Does it not work well,Redeem against anything on PlayStation Store.,024567,"['title: This product is unintuitive to use and requires installing software that does not work DONT BUY IT \ntext: This product is unintuitive to use and requires installing software that does not work DONT BUY IT!', 'title: Don\'t Buy! \ntext: Code does not even work.  They gave me  ""an already used code"" !  No way to get refunded either!!!  Waste of money!', ""title: Don't order it. \ntext: It did not work and now I have to call Playstation to try to deal with it.  Such a hassle! Wish I just went to store to buy one."", 'title: DO NOT GET THIS!!! (SCAM!!!!) \ntext: I got this card a $25 card and a $10 card, the $25 card said that it has already been redeemed and then I never even got the code for the $10 one! These are just rip offs, so don’t go out spending your money on these because you can’t even return them.', 'title: Bad product but good support from Amazon \ntext: Didnt work. Not like xbox couldnt send code to my grandson in Europe!- code wouldnt work!- but Amazon refunded!', 'title: Do not buy! \ntext: Do not buy this! Rip off. The code didn’t work and there is no place to get a refund.']","Several users have expressed dissatisfaction with the product, citing issues such as unintuitive use and non-functional software that must be installed, leading to a recommendation against purchasing it [0]. Customers have reported receiving already used codes, with no option for a refund, describing the purchase as a waste of money [1][5]. Additionally, some users have faced difficulties in resolving issues, such as having to contact Playstation for assistance, which they found to be a hassle [2]. Others have labeled the product as a scam, noting that they received cards that were either already redeemed or did not provide a code at all, making them feel ripped off [3]. However, one user mentioned that while the product did not work, Amazon provided good support by offering a refund [4].",10.0
Does it not work well,Redeem against anything on PlayStation Store.,034567,"['title: This product is unintuitive to use and requires installing software that does not work DONT BUY IT \ntext: This product is unintuitive to use and requires installing software that does not work DONT BUY IT!', ""title: DO NOT BUY \ntext: I would give a big fat Zero if I could! I bought this for Xmas for my grandson and the code did NOT work! Amazon can't do a thing about it! Never buying again! Rip people OFF!"", ""title: Don't order it. \ntext: It did not work and now I have to call Playstation to try to deal with it.  Such a hassle! Wish I just went to store to buy one."", 'title: DO NOT GET THIS!!! (SCAM!!!!) \ntext: I got this card a $25 card and a $10 card, the $25 card said that it has already been redeemed and then I never even got the code for the $10 one! These are just rip offs, so don’t go out spending your money on these because you can’t even return them.', 'title: Bad product but good support from Amazon \ntext: Didnt work. Not like xbox couldnt send code to my grandson in Europe!- code wouldnt work!- but Amazon refunded!', 'title: Do not buy! \ntext: Do not buy this! Rip off. The code didn’t work and there is no place to get a refund.']","Several users expressed dissatisfaction with the product, citing issues with its functionality and the associated software. One user described the product as unintuitive and criticized the software required for its operation, which they claimed did not work, advising others not to purchase it [0]. Another user shared their frustration after buying the product as a gift, only to find that the code provided did not work, and noted that Amazon was unable to assist with the issue [1]. A similar sentiment was echoed by another reviewer who found the product non-functional and expressed regret over the hassle of having to contact PlayStation for resolution [2]. Additionally, a user reported receiving a card that was already redeemed and another card for which they never received a code, labeling the product as a scam [3]. Despite these negative experiences, one user acknowledged that while the product did not work, Amazon provided a refund, highlighting the company's supportive customer service [4]. Another user reiterated the product's unreliability, mentioning the lack of refund options for non-working codes [5].",10.0
Does it not work well,Redeem against anything on PlayStation Store.,123456,"['title: This product took all my money and didn’t give me my digital code really annoying \ntext: I hated this product with all my heart it took all my money and I can’t find my digital code', 'title: Don\'t Buy! \ntext: Code does not even work.  They gave me  ""an already used code"" !  No way to get refunded either!!!  Waste of money!', ""title: DO NOT BUY \ntext: I would give a big fat Zero if I could! I bought this for Xmas for my grandson and the code did NOT work! Amazon can't do a thing about it! Never buying again! Rip people OFF!"", ""title: Don't order it. \ntext: It did not work and now I have to call Playstation to try to deal with it.  Such a hassle! Wish I just went to store to buy one."", 'title: DO NOT GET THIS!!! (SCAM!!!!) \ntext: I got this card a $25 card and a $10 card, the $25 card said that it has already been redeemed and then I never even got the code for the $10 one! These are just rip offs, so don’t go out spending your money on these because you can’t even return them.', 'title: Bad product but good support from Amazon \ntext: Didnt work. Not like xbox couldnt send code to my grandson in Europe!- code wouldnt work!- but Amazon refunded!']","Several users expressed dissatisfaction with a product due to issues with digital codes. One user reported that the product took their money without providing the digital code, causing significant frustration [0]. Another user mentioned receiving an already used code and highlighted the lack of refund options, describing the purchase as a waste of money [1]. A third user shared a similar experience, stating that the code they purchased for a gift did not work, and they were unable to get assistance from Amazon, leading to a feeling of being ripped off [2]. Another comment described the inconvenience of having to contact PlayStation for resolution after the product failed to work, suggesting that purchasing in-store might have been a better option [3]. Additionally, a user reported buying two cards, one of which was already redeemed, and not receiving the code for the other, labeling the product as a scam [4]. Despite these negative experiences, one user noted that while the product did not work, Amazon provided a refund, contrasting with other users' experiences [5].",10.0
Does it not work well,Redeem against anything on PlayStation Store.,123457,"['title: This product took all my money and didn’t give me my digital code really annoying \ntext: I hated this product with all my heart it took all my money and I can’t find my digital code', 'title: Don\'t Buy! \ntext: Code does not even work.  They gave me  ""an already used code"" !  No way to get refunded either!!!  Waste of money!', ""title: DO NOT BUY \ntext: I would give a big fat Zero if I could! I bought this for Xmas for my grandson and the code did NOT work! Amazon can't do a thing about it! Never buying again! Rip people OFF!"", ""title: Don't order it. \ntext: It did not work and now I have to call Playstation to try to deal with it.  Such a hassle! Wish I just went to store to buy one."", 'title: DO NOT GET THIS!!! (SCAM!!!!) \ntext: I got this card a $25 card and a $10 card, the $25 card said that it has already been redeemed and then I never even got the code for the $10 one! These are just rip offs, so don’t go out spending your money on these because you can’t even return them.', 'title: Do not buy! \ntext: Do not buy this! Rip off. The code didn’t work and there is no place to get a refund.']","Several users have expressed dissatisfaction with a product due to issues with digital codes. One user reported that the product took their money without providing the digital code, causing significant frustration [0]. Another user mentioned receiving a code that was already used and highlighted the lack of refund options, describing the purchase as a waste of money [1]. A similar complaint was made by a user who bought the product as a gift, only to find the code non-functional and Amazon unable to assist, leading them to feel ripped off [2]. Another user faced the inconvenience of having to contact Playstation for resolution after the product failed to work, wishing they had purchased it in-store instead [3]. Additionally, a user reported that one card was already redeemed and another code was never received, labeling the product as a scam and advising against purchasing it due to the inability to return it [4]. Lastly, a user reiterated the sentiment of being ripped off, with non-working codes and no refund options available [5].",10.0
Does it not work well,Redeem against anything on PlayStation Store.,123467,"['title: This product took all my money and didn’t give me my digital code really annoying \ntext: I hated this product with all my heart it took all my money and I can’t find my digital code', 'title: Don\'t Buy! \ntext: Code does not even work.  They gave me  ""an already used code"" !  No way to get refunded either!!!  Waste of money!', ""title: DO NOT BUY \ntext: I would give a big fat Zero if I could! I bought this for Xmas for my grandson and the code did NOT work! Amazon can't do a thing about it! Never buying again! Rip people OFF!"", ""title: Don't order it. \ntext: It did not work and now I have to call Playstation to try to deal with it.  Such a hassle! Wish I just went to store to buy one."", 'title: Bad product but good support from Amazon \ntext: Didnt work. Not like xbox couldnt send code to my grandson in Europe!- code wouldnt work!- but Amazon refunded!', 'title: Do not buy! \ntext: Do not buy this! Rip off. The code didn’t work and there is no place to get a refund.']","Several customers have expressed dissatisfaction with a product due to issues with digital codes. One user reported that the product took their money without providing a digital code, causing significant frustration [0]. Another customer received a code that was already used and faced difficulties obtaining a refund, describing the purchase as a waste of money [1]. A similar experience was shared by another user who bought the product as a gift, only to find the code non-functional and no assistance from Amazon, leading to feelings of being ripped off [2]. Another review highlighted the inconvenience of having to contact PlayStation for resolution after the code failed to work, suggesting that purchasing in-store might have been a better option [3]. While one user noted that the product did not work, they appreciated Amazon's support in providing a refund, contrasting with other experiences [4]. Overall, the consensus is that the product is a rip-off due to non-working codes and lack of refund options [5].",10.0
Does it not work well,Redeem against anything on PlayStation Store.,123567,"['title: This product took all my money and didn’t give me my digital code really annoying \ntext: I hated this product with all my heart it took all my money and I can’t find my digital code', 'title: Don\'t Buy! \ntext: Code does not even work.  They gave me  ""an already used code"" !  No way to get refunded either!!!  Waste of money!', ""title: DO NOT BUY \ntext: I would give a big fat Zero if I could! I bought this for Xmas for my grandson and the code did NOT work! Amazon can't do a thing about it! Never buying again! Rip people OFF!"", 'title: DO NOT GET THIS!!! (SCAM!!!!) \ntext: I got this card a $25 card and a $10 card, the $25 card said that it has already been redeemed and then I never even got the code for the $10 one! These are just rip offs, so don’t go out spending your money on these because you can’t even return them.', 'title: Bad product but good support from Amazon \ntext: Didnt work. Not like xbox couldnt send code to my grandson in Europe!- code wouldnt work!- but Amazon refunded!', 'title: Do not buy! \ntext: Do not buy this! Rip off. The code didn’t work and there is no place to get a refund.']","Several customers expressed dissatisfaction with a product due to issues with digital codes. One user reported that the product took their money without providing the digital code, causing significant frustration [0]. Another customer received a code that was already used and found no way to obtain a refund, describing the purchase as a waste of money [1]. A similar complaint was made by a user who bought the product as a gift, only to find the code non-functional and Amazon unable to assist, leading them to feel ripped off [2]. Another user experienced issues with two cards, one of which was already redeemed, and the other code was never received, reinforcing the sentiment of being scammed [3]. Despite these issues, one customer noted that while the product did not work, Amazon provided a refund, highlighting some level of support from the retailer [4]. Overall, the consensus among these reviews is that the product is a rip-off, with non-working codes and limited refund options [5].",10.0
Does it not work well,Redeem against anything on PlayStation Store.,124567,"['title: This product took all my money and didn’t give me my digital code really annoying \ntext: I hated this product with all my heart it took all my money and I can’t find my digital code', 'title: Don\'t Buy! \ntext: Code does not even work.  They gave me  ""an already used code"" !  No way to get refunded either!!!  Waste of money!', ""title: Don't order it. \ntext: It did not work and now I have to call Playstation to try to deal with it.  Such a hassle! Wish I just went to store to buy one."", 'title: DO NOT GET THIS!!! (SCAM!!!!) \ntext: I got this card a $25 card and a $10 card, the $25 card said that it has already been redeemed and then I never even got the code for the $10 one! These are just rip offs, so don’t go out spending your money on these because you can’t even return them.', 'title: Bad product but good support from Amazon \ntext: Didnt work. Not like xbox couldnt send code to my grandson in Europe!- code wouldnt work!- but Amazon refunded!', 'title: Do not buy! \ntext: Do not buy this! Rip off. The code didn’t work and there is no place to get a refund.']","Several users expressed dissatisfaction with a product due to issues with digital codes. One user reported that the product took their money without providing the digital code, causing significant frustration [0]. Another user received a code that was already used and found it impossible to get a refund, describing the purchase as a waste of money [1]. A similar experience was shared by another user who had to contact PlayStation for resolution, which they found to be a hassle [2]. Additionally, a user purchased two cards, one of which was already redeemed, and the other code was never received, leading them to label the product as a scam [3]. Despite these negative experiences, one user noted that while the product did not work, Amazon provided a refund, highlighting good customer support [4]. Another user reiterated the sentiment of the product being a rip-off due to non-functional codes and the lack of refund options [5].",10.0
Does it not work well,Redeem against anything on PlayStation Store.,134567,"['title: This product took all my money and didn’t give me my digital code really annoying \ntext: I hated this product with all my heart it took all my money and I can’t find my digital code', ""title: DO NOT BUY \ntext: I would give a big fat Zero if I could! I bought this for Xmas for my grandson and the code did NOT work! Amazon can't do a thing about it! Never buying again! Rip people OFF!"", ""title: Don't order it. \ntext: It did not work and now I have to call Playstation to try to deal with it.  Such a hassle! Wish I just went to store to buy one."", 'title: DO NOT GET THIS!!! (SCAM!!!!) \ntext: I got this card a $25 card and a $10 card, the $25 card said that it has already been redeemed and then I never even got the code for the $10 one! These are just rip offs, so don’t go out spending your money on these because you can’t even return them.', 'title: Bad product but good support from Amazon \ntext: Didnt work. Not like xbox couldnt send code to my grandson in Europe!- code wouldnt work!- but Amazon refunded!', 'title: Do not buy! \ntext: Do not buy this! Rip off. The code didn’t work and there is no place to get a refund.']","Several customers have expressed dissatisfaction with a product due to issues with digital codes not being delivered or not working. One user reported that the product took their money without providing the digital code, leading to significant frustration [0]. Another customer mentioned that the code they received did not work, and they were unable to get assistance from Amazon, describing the experience as a rip-off [1]. A similar issue was reported by another user who had to contact Playstation for resolution, which they found to be a hassle [2]. Additionally, a customer purchased two cards, one of which was already redeemed, and the other did not provide a code, leading them to label the product as a scam [3]. Despite these issues, one user noted that while the product did not work, Amazon provided a refund, highlighting some level of customer support [4]. Another user reiterated the sentiment of the product being a rip-off due to non-functional codes and the lack of refund options [5].",10.0
Does it not work well,Redeem against anything on PlayStation Store.,234567,"['title: Don\'t Buy! \ntext: Code does not even work.  They gave me  ""an already used code"" !  No way to get refunded either!!!  Waste of money!', ""title: DO NOT BUY \ntext: I would give a big fat Zero if I could! I bought this for Xmas for my grandson and the code did NOT work! Amazon can't do a thing about it! Never buying again! Rip people OFF!"", ""title: Don't order it. \ntext: It did not work and now I have to call Playstation to try to deal with it.  Such a hassle! Wish I just went to store to buy one."", 'title: DO NOT GET THIS!!! (SCAM!!!!) \ntext: I got this card a $25 card and a $10 card, the $25 card said that it has already been redeemed and then I never even got the code for the $10 one! These are just rip offs, so don’t go out spending your money on these because you can’t even return them.', 'title: Bad product but good support from Amazon \ntext: Didnt work. Not like xbox couldnt send code to my grandson in Europe!- code wouldnt work!- but Amazon refunded!', 'title: Do not buy! \ntext: Do not buy this! Rip off. The code didn’t work and there is no place to get a refund.']","Several users expressed dissatisfaction with a product due to non-functional codes and the inability to obtain refunds. One user reported receiving an already used code and described the purchase as a waste of money, highlighting the lack of refund options [0]. Another user shared a similar experience, stating that the code did not work and that Amazon was unable to assist, leading to a vow never to purchase again [1]. A third user mentioned the inconvenience of having to contact Playstation to resolve the issue, suggesting that buying in-store might have been a better option [2]. Additionally, a user described the product as a scam, noting that one card was already redeemed and another code was never received, advising others not to spend money on these products due to the inability to return them [3]. Despite these negative experiences, one user noted that while the product did not work, Amazon provided a refund, contrasting with other users' experiences [4]. Another user reiterated the sentiment of the product being a rip-off due to non-functional codes and the absence of refund options [5].",10.0
Does it not work well,Redeem against anything on PlayStation Store.,0123456,"['title: This product is unintuitive to use and requires installing software that does not work DONT BUY IT \ntext: This product is unintuitive to use and requires installing software that does not work DONT BUY IT!', 'title: This product took all my money and didn’t give me my digital code really annoying \ntext: I hated this product with all my heart it took all my money and I can’t find my digital code', 'title: Don\'t Buy! \ntext: Code does not even work.  They gave me  ""an already used code"" !  No way to get refunded either!!!  Waste of money!', ""title: DO NOT BUY \ntext: I would give a big fat Zero if I could! I bought this for Xmas for my grandson and the code did NOT work! Amazon can't do a thing about it! Never buying again! Rip people OFF!"", ""title: Don't order it. \ntext: It did not work and now I have to call Playstation to try to deal with it.  Such a hassle! Wish I just went to store to buy one."", 'title: DO NOT GET THIS!!! (SCAM!!!!) \ntext: I got this card a $25 card and a $10 card, the $25 card said that it has already been redeemed and then I never even got the code for the $10 one! These are just rip offs, so don’t go out spending your money on these because you can’t even return them.', 'title: Bad product but good support from Amazon \ntext: Didnt work. Not like xbox couldnt send code to my grandson in Europe!- code wouldnt work!- but Amazon refunded!']","Several users expressed dissatisfaction with the product, citing issues with unintuitive use and non-functional software that is required for operation, leading to a strong recommendation against purchasing it [0]. Customers reported financial losses due to receiving invalid or already used digital codes, with no possibility of obtaining refunds, describing the experience as a waste of money [1][2][3]. One user mentioned the inconvenience of having to contact PlayStation for resolution, suggesting that purchasing from a physical store might have been a better option [4]. Another user labeled the product as a scam, having received a card that was already redeemed and not receiving another promised code, warning others against spending money on it [5]. Despite these issues, one customer noted that while the product did not work, Amazon provided a refund, highlighting a positive aspect of customer support [6].",10.0
Does it not work well,Redeem against anything on PlayStation Store.,0123457,"['title: This product is unintuitive to use and requires installing software that does not work DONT BUY IT \ntext: This product is unintuitive to use and requires installing software that does not work DONT BUY IT!', 'title: This product took all my money and didn’t give me my digital code really annoying \ntext: I hated this product with all my heart it took all my money and I can’t find my digital code', 'title: Don\'t Buy! \ntext: Code does not even work.  They gave me  ""an already used code"" !  No way to get refunded either!!!  Waste of money!', ""title: DO NOT BUY \ntext: I would give a big fat Zero if I could! I bought this for Xmas for my grandson and the code did NOT work! Amazon can't do a thing about it! Never buying again! Rip people OFF!"", ""title: Don't order it. \ntext: It did not work and now I have to call Playstation to try to deal with it.  Such a hassle! Wish I just went to store to buy one."", 'title: DO NOT GET THIS!!! (SCAM!!!!) \ntext: I got this card a $25 card and a $10 card, the $25 card said that it has already been redeemed and then I never even got the code for the $10 one! These are just rip offs, so don’t go out spending your money on these because you can’t even return them.', 'title: Do not buy! \ntext: Do not buy this! Rip off. The code didn’t work and there is no place to get a refund.']","Several users expressed dissatisfaction with a product, describing it as unintuitive and problematic due to non-functional software requirements, leading to a recommendation against purchasing it [0]. Many reported financial losses, with one user stating that the product took their money without providing a digital code [1]. Others experienced issues with receiving already used codes, with no available refund options, labeling the purchase as a waste of money [2][3]. The product was also criticized for causing inconvenience, as users had to contact customer support to resolve issues, which was described as a hassle [4]. Additionally, some users reported that the product was a scam, with redeemed codes and missing codes, advising others not to spend money on it due to the inability to return it [5][6].",10.0
Does it not work well,Redeem against anything on PlayStation Store.,0123467,"['title: This product is unintuitive to use and requires installing software that does not work DONT BUY IT \ntext: This product is unintuitive to use and requires installing software that does not work DONT BUY IT!', 'title: This product took all my money and didn’t give me my digital code really annoying \ntext: I hated this product with all my heart it took all my money and I can’t find my digital code', 'title: Don\'t Buy! \ntext: Code does not even work.  They gave me  ""an already used code"" !  No way to get refunded either!!!  Waste of money!', ""title: DO NOT BUY \ntext: I would give a big fat Zero if I could! I bought this for Xmas for my grandson and the code did NOT work! Amazon can't do a thing about it! Never buying again! Rip people OFF!"", ""title: Don't order it. \ntext: It did not work and now I have to call Playstation to try to deal with it.  Such a hassle! Wish I just went to store to buy one."", 'title: Bad product but good support from Amazon \ntext: Didnt work. Not like xbox couldnt send code to my grandson in Europe!- code wouldnt work!- but Amazon refunded!', 'title: Do not buy! \ntext: Do not buy this! Rip off. The code didn’t work and there is no place to get a refund.']","Several users expressed dissatisfaction with the product, citing issues with non-functional digital codes and the inability to obtain refunds. One user described the product as unintuitive and criticized the required software installation, which did not work, advising others not to purchase it [0]. Another user reported that the product took their money without providing a valid digital code, expressing frustration and disappointment [1]. Multiple users shared similar experiences of receiving already used or non-working codes, with no refund options available, labeling the purchase as a waste of money and a rip-off [2][3][4][6]. One user mentioned the inconvenience of having to contact PlayStation for resolution, wishing they had purchased the product in-store instead [5]. Despite these issues, one user noted that Amazon provided good support by offering a refund, although the product itself did not work [5].",10.0
Does it not work well,Redeem against anything on PlayStation Store.,0123567,"['title: This product is unintuitive to use and requires installing software that does not work DONT BUY IT \ntext: This product is unintuitive to use and requires installing software that does not work DONT BUY IT!', 'title: This product took all my money and didn’t give me my digital code really annoying \ntext: I hated this product with all my heart it took all my money and I can’t find my digital code', 'title: Don\'t Buy! \ntext: Code does not even work.  They gave me  ""an already used code"" !  No way to get refunded either!!!  Waste of money!', ""title: DO NOT BUY \ntext: I would give a big fat Zero if I could! I bought this for Xmas for my grandson and the code did NOT work! Amazon can't do a thing about it! Never buying again! Rip people OFF!"", 'title: DO NOT GET THIS!!! (SCAM!!!!) \ntext: I got this card a $25 card and a $10 card, the $25 card said that it has already been redeemed and then I never even got the code for the $10 one! These are just rip offs, so don’t go out spending your money on these because you can’t even return them.', 'title: Bad product but good support from Amazon \ntext: Didnt work. Not like xbox couldnt send code to my grandson in Europe!- code wouldnt work!- but Amazon refunded!', 'title: Do not buy! \ntext: Do not buy this! Rip off. The code didn’t work and there is no place to get a refund.']","Several users expressed dissatisfaction with the product, citing issues with non-functional codes and the inability to obtain refunds. One user described the product as unintuitive and criticized the required software for not working properly, advising others not to purchase it [0]. Another user reported that the product took their money without providing the promised digital code, expressing significant frustration [1]. Multiple users complained about receiving codes that were already used and highlighted the lack of refund options, labeling the product as a waste of money and a scam [2][3][4][6]. One user noted that while the product did not work, Amazon provided a refund, which was a positive aspect of their experience [5].",10.0
Does it not work well,Redeem against anything on PlayStation Store.,0124567,"['title: This product is unintuitive to use and requires installing software that does not work DONT BUY IT \ntext: This product is unintuitive to use and requires installing software that does not work DONT BUY IT!', 'title: This product took all my money and didn’t give me my digital code really annoying \ntext: I hated this product with all my heart it took all my money and I can’t find my digital code', 'title: Don\'t Buy! \ntext: Code does not even work.  They gave me  ""an already used code"" !  No way to get refunded either!!!  Waste of money!', ""title: Don't order it. \ntext: It did not work and now I have to call Playstation to try to deal with it.  Such a hassle! Wish I just went to store to buy one."", 'title: DO NOT GET THIS!!! (SCAM!!!!) \ntext: I got this card a $25 card and a $10 card, the $25 card said that it has already been redeemed and then I never even got the code for the $10 one! These are just rip offs, so don’t go out spending your money on these because you can’t even return them.', 'title: Bad product but good support from Amazon \ntext: Didnt work. Not like xbox couldnt send code to my grandson in Europe!- code wouldnt work!- but Amazon refunded!', 'title: Do not buy! \ntext: Do not buy this! Rip off. The code didn’t work and there is no place to get a refund.']","Several users expressed dissatisfaction with the product, citing issues such as unintuitive usage and non-functional software that needs to be installed, leading to a recommendation against purchasing it [0]. Customers reported financial losses, as the product took their money without providing the promised digital codes, which were either missing or already used, and there was no way to obtain a refund [1][2][3][4][6]. One user mentioned the inconvenience of having to contact PlayStation for resolution, suggesting that purchasing from a physical store might have been a better option [3]. Another user highlighted that while the product was faulty, Amazon provided good support by issuing a refund, contrasting with the general lack of refund options [5].",10.0
Does it not work well,Redeem against anything on PlayStation Store.,0134567,"['title: This product is unintuitive to use and requires installing software that does not work DONT BUY IT \ntext: This product is unintuitive to use and requires installing software that does not work DONT BUY IT!', 'title: This product took all my money and didn’t give me my digital code really annoying \ntext: I hated this product with all my heart it took all my money and I can’t find my digital code', ""title: DO NOT BUY \ntext: I would give a big fat Zero if I could! I bought this for Xmas for my grandson and the code did NOT work! Amazon can't do a thing about it! Never buying again! Rip people OFF!"", ""title: Don't order it. \ntext: It did not work and now I have to call Playstation to try to deal with it.  Such a hassle! Wish I just went to store to buy one."", 'title: DO NOT GET THIS!!! (SCAM!!!!) \ntext: I got this card a $25 card and a $10 card, the $25 card said that it has already been redeemed and then I never even got the code for the $10 one! These are just rip offs, so don’t go out spending your money on these because you can’t even return them.', 'title: Bad product but good support from Amazon \ntext: Didnt work. Not like xbox couldnt send code to my grandson in Europe!- code wouldnt work!- but Amazon refunded!', 'title: Do not buy! \ntext: Do not buy this! Rip off. The code didn’t work and there is no place to get a refund.']","Several users expressed dissatisfaction with the product, citing issues with its functionality and the associated software. One user described the product as unintuitive and criticized the software required for its use, which they claimed did not work, advising others not to purchase it [0]. Another user reported financial loss, stating that they were unable to retrieve their digital code after purchase [1]. A third user shared their frustration over a non-functional code bought as a gift, noting that Amazon was unable to assist, and labeled the product as a rip-off [2]. Similarly, another user mentioned the inconvenience of having to contact PlayStation due to the product not working, expressing regret over not purchasing from a physical store [3]. Additional complaints included receiving cards that were either already redeemed or missing codes entirely, with users warning others against buying these products due to their inability to return them [4][6]. However, one user noted that while the product did not work, Amazon provided good support by issuing a refund [5].",10.0
Does it not work well,Redeem against anything on PlayStation Store.,0234567,"['title: This product is unintuitive to use and requires installing software that does not work DONT BUY IT \ntext: This product is unintuitive to use and requires installing software that does not work DONT BUY IT!', 'title: Don\'t Buy! \ntext: Code does not even work.  They gave me  ""an already used code"" !  No way to get refunded either!!!  Waste of money!', ""title: DO NOT BUY \ntext: I would give a big fat Zero if I could! I bought this for Xmas for my grandson and the code did NOT work! Amazon can't do a thing about it! Never buying again! Rip people OFF!"", ""title: Don't order it. \ntext: It did not work and now I have to call Playstation to try to deal with it.  Such a hassle! Wish I just went to store to buy one."", 'title: DO NOT GET THIS!!! (SCAM!!!!) \ntext: I got this card a $25 card and a $10 card, the $25 card said that it has already been redeemed and then I never even got the code for the $10 one! These are just rip offs, so don’t go out spending your money on these because you can’t even return them.', 'title: Bad product but good support from Amazon \ntext: Didnt work. Not like xbox couldnt send code to my grandson in Europe!- code wouldnt work!- but Amazon refunded!', 'title: Do not buy! \ntext: Do not buy this! Rip off. The code didn’t work and there is no place to get a refund.']","Several users expressed dissatisfaction with the product, citing issues such as unintuitive use and non-functional software that is required for operation, leading to a strong recommendation against purchasing it [0]. Many customers reported receiving codes that were already used or did not work at all, with no available options for refunds, describing the purchase as a waste of money and a rip-off [1][2][3][4][6]. One user mentioned the inconvenience of having to contact PlayStation for resolution, suggesting that buying from a physical store might have been a better option [3]. Another user noted that while the product did not work, Amazon provided good support by offering a refund, although this was not a universal experience [5]. Overall, the consensus among these reviews is that the product is unreliable and not worth the purchase.",10.0
Does it not work well,Redeem against anything on PlayStation Store.,1234567,"['title: This product took all my money and didn’t give me my digital code really annoying \ntext: I hated this product with all my heart it took all my money and I can’t find my digital code', 'title: Don\'t Buy! \ntext: Code does not even work.  They gave me  ""an already used code"" !  No way to get refunded either!!!  Waste of money!', ""title: DO NOT BUY \ntext: I would give a big fat Zero if I could! I bought this for Xmas for my grandson and the code did NOT work! Amazon can't do a thing about it! Never buying again! Rip people OFF!"", ""title: Don't order it. \ntext: It did not work and now I have to call Playstation to try to deal with it.  Such a hassle! Wish I just went to store to buy one."", 'title: DO NOT GET THIS!!! (SCAM!!!!) \ntext: I got this card a $25 card and a $10 card, the $25 card said that it has already been redeemed and then I never even got the code for the $10 one! These are just rip offs, so don’t go out spending your money on these because you can’t even return them.', 'title: Bad product but good support from Amazon \ntext: Didnt work. Not like xbox couldnt send code to my grandson in Europe!- code wouldnt work!- but Amazon refunded!', 'title: Do not buy! \ntext: Do not buy this! Rip off. The code didn’t work and there is no place to get a refund.']","Several customers expressed dissatisfaction with a product that failed to deliver functional digital codes, leading to financial loss and frustration. One user reported that the product took their money without providing the promised digital code, causing significant annoyance [0]. Another customer received a code that was already used and found no way to obtain a refund, deeming the purchase a waste of money [1]. A similar experience was shared by another user who bought the product as a gift, only to find the code non-functional and Amazon unable to assist, leading them to feel ripped off [2]. Another reviewer described the inconvenience of having to contact PlayStation for resolution after the product failed to work, expressing regret for not purchasing in-store instead [3]. One user labeled the product a scam, as they received a card that was already redeemed and never received another promised code, warning others against spending money on such items due to the inability to return them [4]. Despite the product's failure, one customer noted that Amazon provided good support by issuing a refund, although the code still did not work [5]. Another user reiterated the sentiment of being ripped off, with a non-functional code and no refund options available [6].",10.0
Does it not work well,Redeem against anything on PlayStation Store.,01234567,"['title: This product is unintuitive to use and requires installing software that does not work DONT BUY IT \ntext: This product is unintuitive to use and requires installing software that does not work DONT BUY IT!', 'title: This product took all my money and didn’t give me my digital code really annoying \ntext: I hated this product with all my heart it took all my money and I can’t find my digital code', 'title: Don\'t Buy! \ntext: Code does not even work.  They gave me  ""an already used code"" !  No way to get refunded either!!!  Waste of money!', ""title: DO NOT BUY \ntext: I would give a big fat Zero if I could! I bought this for Xmas for my grandson and the code did NOT work! Amazon can't do a thing about it! Never buying again! Rip people OFF!"", ""title: Don't order it. \ntext: It did not work and now I have to call Playstation to try to deal with it.  Such a hassle! Wish I just went to store to buy one."", 'title: DO NOT GET THIS!!! (SCAM!!!!) \ntext: I got this card a $25 card and a $10 card, the $25 card said that it has already been redeemed and then I never even got the code for the $10 one! These are just rip offs, so don’t go out spending your money on these because you can’t even return them.', 'title: Bad product but good support from Amazon \ntext: Didnt work. Not like xbox couldnt send code to my grandson in Europe!- code wouldnt work!- but Amazon refunded!', 'title: Do not buy! \ntext: Do not buy this! Rip off. The code didn’t work and there is no place to get a refund.']","Several users expressed dissatisfaction with the product, citing issues with non-functional codes and the inability to obtain refunds. One user described the product as unintuitive and criticized the requirement to install non-working software, advising others not to purchase it [0]. Another user reported losing money without receiving their digital code, expressing significant frustration [1]. Multiple users complained about receiving already used codes and highlighted the lack of refund options, labeling the product a waste of money and a scam [2][3][4][5][7]. One user mentioned the inconvenience of having to contact PlayStation for resolution, wishing they had purchased the product in-store instead [5]. Despite these issues, one user noted that Amazon provided good support by offering a refund, although the product itself did not work [6].",10.0
Does it not work well,Redeem against anything on PlayStation Store.,Comment 0,"title: This product is unintuitive to use and requires installing software that does not work DONT BUY IT 
text: This product is unintuitive to use and requires installing software that does not work DONT BUY IT!",,1.168154761904762
Does it not work well,Redeem against anything on PlayStation Store.,Comment 1,"title: This product took all my money and didn’t give me my digital code really annoying 
text: I hated this product with all my heart it took all my money and I can’t find my digital code",,1.0252976190476175
Does it not work well,Redeem against anything on PlayStation Store.,Comment 2,"title: Don't Buy! 
text: Code does not even work.  They gave me  ""an already used code"" !  No way to get refunded either!!!  Waste of money!",,1.3169642857142858
Does it not work well,Redeem against anything on PlayStation Store.,Comment 3,"title: DO NOT BUY 
text: I would give a big fat Zero if I could! I bought this for Xmas for my grandson and the code did NOT work! Amazon can't do a thing about it! Never buying again! Rip people OFF!",,1.566964285714287
Does it not work well,Redeem against anything on PlayStation Store.,Comment 4,"title: Don't order it. 
text: It did not work and now I have to call Playstation to try to deal with it.  Such a hassle! Wish I just went to store to buy one.",,1.1502976190476188
Does it not work well,Redeem against anything on PlayStation Store.,Comment 5,"title: DO NOT GET THIS!!! (SCAM!!!!) 
text: I got this card a $25 card and a $10 card, the $25 card said that it has already been redeemed and then I never even got the code for the $10 one! These are just rip offs, so don’t go out spending your money on these because you can’t even return them.",,1.4062500000000002
Does it not work well,Redeem against anything on PlayStation Store.,Comment 6,"title: Bad product but good support from Amazon 
text: Didnt work. Not like xbox couldnt send code to my grandson in Europe!- code wouldnt work!- but Amazon refunded!",,1.1741071428571428
Does it not work well,Redeem against anything on PlayStation Store.,Comment 7,"title: Do not buy! 
text: Do not buy this! Rip off. The code didn’t work and there is no place to get a refund.",,1.1919642857142858
