original_query,product_description,subset,comments,summary,avg_score
Is the quality of the bath wash up to par,The product has been given as the following : Salux Nylon Japanese Beauty Skin Bath Wash Cloth/towel (3)blue Yellow and Pink,0,"['title: Quality Issues \ntext: Compared to other similar, they become way too soft as to no longer be able to exfoliate and they also quickly fall apart.']","The product has been criticized for becoming too soft, which diminishes its ability to exfoliate effectively. Additionally, it has been noted that the product quickly falls apart, indicating potential quality issues [0].",5.0
Is the quality of the bath wash up to par,The product has been given as the following : Salux Nylon Japanese Beauty Skin Bath Wash Cloth/towel (3)blue Yellow and Pink,1,['title: Super durable and of high quality \ntext: Super durable and of high quality. As a man I like the coarseness but my girlfriend finds it to be to much.'],"The product is described as super durable and of high quality, appealing to those who appreciate its coarseness, although it may not be suitable for everyone, as some might find it excessive [0].",5.0
Is the quality of the bath wash up to par,The product has been given as the following : Salux Nylon Japanese Beauty Skin Bath Wash Cloth/towel (3)blue Yellow and Pink,2,"['title: quality went down \ntext: i’m not sure when the quality went down, but these are not the same ones i’ve been buying. The end he’s got frayed super easily and made them look old and raggedy. I’ve had some for longer and the edges are better trimmed and looks great considering. Still scrubbed well, just looks bad']","The user expresses dissatisfaction with the decline in product quality, noting that the edges of the items fray easily, making them appear old and raggedy. Despite this, the product still performs well in terms of functionality, as it continues to scrub effectively. [0]",6.0
Is the quality of the bath wash up to par,The product has been given as the following : Salux Nylon Japanese Beauty Skin Bath Wash Cloth/towel (3)blue Yellow and Pink,3,['title: Great product \ntext: This is a great product to exfoliate your body with not to hard not to soft'],"The product is praised for its balanced exfoliating properties, being neither too harsh nor too gentle, making it effective for body exfoliation [0].",6.0
Is the quality of the bath wash up to par,The product has been given as the following : Salux Nylon Japanese Beauty Skin Bath Wash Cloth/towel (3)blue Yellow and Pink,4,"['title: very good quality. I purchased what I thought was a ... \ntext: These are just what I wanted and well worth the money, very good quality. I purchased what I thought was a good product at a name brand store and they fell apart.  These will be the ones I buy from now on.']","The product is praised for its very good quality, as it met the user's expectations and proved to be worth the money. The user compared it favorably against a previous purchase from a name brand store, which fell apart, indicating a higher satisfaction with the current product's durability and quality [0].",6.0
Is the quality of the bath wash up to par,The product has been given as the following : Salux Nylon Japanese Beauty Skin Bath Wash Cloth/towel (3)blue Yellow and Pink,5,['title: Not Original Salux \ntext: Not the original Salux. The quality is not as good as the towels I purchased from a different seller 3 yrs ago.'],"The product is not the original Salux, and its quality is inferior compared to towels purchased from a different seller three years ago [0].",4.0
Is the quality of the bath wash up to par,The product has been given as the following : Salux Nylon Japanese Beauty Skin Bath Wash Cloth/towel (3)blue Yellow and Pink,6,"[""title: Will do the job in a pinch. \ntext: The quality itself is as it should be (nice and rough/exfoliating), and I do like the colors. My main issue is with the fact that this isn't nearly as long as the same type of wash cloths sold at a nearby Japanese dollar store here. I was expecting the same length and these are a good 1/4 of the length shorter. Still possible to reach your back and all, but just a bit less comfortable to use.""]","The product is described as having the expected quality, being nice and rough for exfoliating, and featuring appealing colors. However, a notable drawback is its shorter length compared to similar products available at a local Japanese dollar store, making it slightly less comfortable to use for reaching the back [0].",6.0
Is the quality of the bath wash up to par,The product has been given as the following : Salux Nylon Japanese Beauty Skin Bath Wash Cloth/towel (3)blue Yellow and Pink,7,"['title: Good for price. Not the best quality \ntext: Not the quality I was expecting, but it does do the job.I was searching for the straight line thread design.']","The product is described as being adequate for its price, although it does not meet the user's expectations for quality. Despite this, it performs its intended function effectively [0].",5.0
Is the quality of the bath wash up to par,The product has been given as the following : Salux Nylon Japanese Beauty Skin Bath Wash Cloth/towel (3)blue Yellow and Pink,01,"['title: Quality Issues \ntext: Compared to other similar, they become way too soft as to no longer be able to exfoliate and they also quickly fall apart.', 'title: Super durable and of high quality \ntext: Super durable and of high quality. As a man I like the coarseness but my girlfriend finds it to be to much.']","The product's quality is perceived differently by users. One user notes that the product becomes too soft over time, losing its exfoliating ability and falling apart quickly, indicating a potential quality issue [0]. Conversely, another user praises the product for being super durable and of high quality, appreciating its coarseness, although it may be too coarse for some users [1].",6.0
Is the quality of the bath wash up to par,The product has been given as the following : Salux Nylon Japanese Beauty Skin Bath Wash Cloth/towel (3)blue Yellow and Pink,02,"['title: Quality Issues \ntext: Compared to other similar, they become way too soft as to no longer be able to exfoliate and they also quickly fall apart.', 'title: quality went down \ntext: i’m not sure when the quality went down, but these are not the same ones i’ve been buying. The end he’s got frayed super easily and made them look old and raggedy. I’ve had some for longer and the edges are better trimmed and looks great considering. Still scrubbed well, just looks bad']","Several users have expressed concerns about the declining quality of the product. One user noted that the product becomes too soft over time, rendering it ineffective for exfoliation and prone to falling apart quickly [0]. Another user mentioned that the quality has deteriorated compared to previous purchases, with the product's edges fraying easily, making them appear old and raggedy, although they still function well for scrubbing [1].",6.0
Is the quality of the bath wash up to par,The product has been given as the following : Salux Nylon Japanese Beauty Skin Bath Wash Cloth/towel (3)blue Yellow and Pink,03,"['title: Quality Issues \ntext: Compared to other similar, they become way too soft as to no longer be able to exfoliate and they also quickly fall apart.', 'title: Great product \ntext: This is a great product to exfoliate your body with not to hard not to soft']","The comments present differing opinions on the quality of the product. One user notes that the product becomes too soft over time, rendering it ineffective for exfoliation and prone to falling apart quickly [0]. Conversely, another user praises the product for its balanced texture, describing it as neither too hard nor too soft, making it ideal for body exfoliation [1].",6.0
Is the quality of the bath wash up to par,The product has been given as the following : Salux Nylon Japanese Beauty Skin Bath Wash Cloth/towel (3)blue Yellow and Pink,04,"['title: Quality Issues \ntext: Compared to other similar, they become way too soft as to no longer be able to exfoliate and they also quickly fall apart.', 'title: very good quality. I purchased what I thought was a ... \ntext: These are just what I wanted and well worth the money, very good quality. I purchased what I thought was a good product at a name brand store and they fell apart.  These will be the ones I buy from now on.']","The comments reflect differing opinions on the quality of the product. One user expressed dissatisfaction, noting that the product becomes too soft to exfoliate effectively and falls apart quickly, indicating poor durability and performance compared to similar products [0]. In contrast, another user praised the product for its very good quality, stating that it was well worth the money and superior to a similar product purchased from a name brand store, which also fell apart. This user intends to continue purchasing this product in the future [1].",6.0
Is the quality of the bath wash up to par,The product has been given as the following : Salux Nylon Japanese Beauty Skin Bath Wash Cloth/towel (3)blue Yellow and Pink,05,"['title: Quality Issues \ntext: Compared to other similar, they become way too soft as to no longer be able to exfoliate and they also quickly fall apart.', 'title: Not Original Salux \ntext: Not the original Salux. The quality is not as good as the towels I purchased from a different seller 3 yrs ago.']","The product has been criticized for its quality, with users noting that it becomes too soft to effectively exfoliate and falls apart quickly compared to similar products [0]. Additionally, it has been mentioned that the product is not the original Salux and does not match the quality of towels purchased from a different seller three years ago [1].",5.0
Is the quality of the bath wash up to par,The product has been given as the following : Salux Nylon Japanese Beauty Skin Bath Wash Cloth/towel (3)blue Yellow and Pink,06,"['title: Quality Issues \ntext: Compared to other similar, they become way too soft as to no longer be able to exfoliate and they also quickly fall apart.', ""title: Will do the job in a pinch. \ntext: The quality itself is as it should be (nice and rough/exfoliating), and I do like the colors. My main issue is with the fact that this isn't nearly as long as the same type of wash cloths sold at a nearby Japanese dollar store here. I was expecting the same length and these are a good 1/4 of the length shorter. Still possible to reach your back and all, but just a bit less comfortable to use.""]","The product's quality is inconsistent, with some users reporting that it becomes too soft to effectively exfoliate and falls apart quickly, indicating durability issues [0]. However, another user finds the quality satisfactory in terms of texture, describing it as nice and rough for exfoliating, but notes a discrepancy in length compared to similar products, which affects comfort during use [1].",6.0
Is the quality of the bath wash up to par,The product has been given as the following : Salux Nylon Japanese Beauty Skin Bath Wash Cloth/towel (3)blue Yellow and Pink,07,"['title: Quality Issues \ntext: Compared to other similar, they become way too soft as to no longer be able to exfoliate and they also quickly fall apart.', 'title: Good for price. Not the best quality \ntext: Not the quality I was expecting, but it does do the job.I was searching for the straight line thread design.']","The product has been criticized for its quality, as it becomes too soft to effectively exfoliate and falls apart quickly compared to similar products [0]. Additionally, while it is considered good for the price, it does not meet the expected quality standards, although it is functional for its intended purpose [1].",5.0
Is the quality of the bath wash up to par,The product has been given as the following : Salux Nylon Japanese Beauty Skin Bath Wash Cloth/towel (3)blue Yellow and Pink,12,"['title: Super durable and of high quality \ntext: Super durable and of high quality. As a man I like the coarseness but my girlfriend finds it to be to much.', 'title: quality went down \ntext: i’m not sure when the quality went down, but these are not the same ones i’ve been buying. The end he’s got frayed super easily and made them look old and raggedy. I’ve had some for longer and the edges are better trimmed and looks great considering. Still scrubbed well, just looks bad']","The product is described as super durable and of high quality, with one user appreciating its coarseness, although it may not be suitable for everyone due to its texture [0]. Another user noted a decline in quality, mentioning that the product's edges frayed easily, making them appear old and raggedy, despite still performing well in terms of scrubbing [1].",6.0
Is the quality of the bath wash up to par,The product has been given as the following : Salux Nylon Japanese Beauty Skin Bath Wash Cloth/towel (3)blue Yellow and Pink,13,"['title: Super durable and of high quality \ntext: Super durable and of high quality. As a man I like the coarseness but my girlfriend finds it to be to much.', 'title: Great product \ntext: This is a great product to exfoliate your body with not to hard not to soft']","The product is described as super durable and of high quality, with a texture that some may find coarse, as noted by a user who appreciates its durability but mentions that their girlfriend finds it too coarse [0]. Another user praises the product for being a great exfoliant, highlighting its balanced texture that is neither too hard nor too soft [1].",6.0
Is the quality of the bath wash up to par,The product has been given as the following : Salux Nylon Japanese Beauty Skin Bath Wash Cloth/towel (3)blue Yellow and Pink,14,"['title: Super durable and of high quality \ntext: Super durable and of high quality. As a man I like the coarseness but my girlfriend finds it to be to much.', 'title: very good quality. I purchased what I thought was a ... \ntext: These are just what I wanted and well worth the money, very good quality. I purchased what I thought was a good product at a name brand store and they fell apart.  These will be the ones I buy from now on.']","The product is described as super durable and of high quality, appealing to those who appreciate its coarseness, although it may not suit everyone's preferences [0]. Additionally, the product is praised for its very good quality and value for money, outperforming a previous purchase from a name brand store that fell apart, leading the user to commit to buying this product in the future [1].",6.0
Is the quality of the bath wash up to par,The product has been given as the following : Salux Nylon Japanese Beauty Skin Bath Wash Cloth/towel (3)blue Yellow and Pink,15,"['title: Super durable and of high quality \ntext: Super durable and of high quality. As a man I like the coarseness but my girlfriend finds it to be to much.', 'title: Not Original Salux \ntext: Not the original Salux. The quality is not as good as the towels I purchased from a different seller 3 yrs ago.']","The product's quality is perceived differently by users. One user appreciates its durability and coarseness, although their partner finds it too coarse for their liking [0]. Another user expresses dissatisfaction, noting that the product is not the original Salux and does not match the quality of similar towels purchased from a different seller three years ago [1].",5.0
Is the quality of the bath wash up to par,The product has been given as the following : Salux Nylon Japanese Beauty Skin Bath Wash Cloth/towel (3)blue Yellow and Pink,16,"['title: Super durable and of high quality \ntext: Super durable and of high quality. As a man I like the coarseness but my girlfriend finds it to be to much.', ""title: Will do the job in a pinch. \ntext: The quality itself is as it should be (nice and rough/exfoliating), and I do like the colors. My main issue is with the fact that this isn't nearly as long as the same type of wash cloths sold at a nearby Japanese dollar store here. I was expecting the same length and these are a good 1/4 of the length shorter. Still possible to reach your back and all, but just a bit less comfortable to use.""]","The product is described as super durable and of high quality, with a coarse texture that some users appreciate, although it may be too much for others [0]. While the quality is praised for being nice and rough, suitable for exfoliating, there is a concern about the product's length, which is shorter than expected compared to similar products, making it slightly less comfortable to use [1].",6.0
Is the quality of the bath wash up to par,The product has been given as the following : Salux Nylon Japanese Beauty Skin Bath Wash Cloth/towel (3)blue Yellow and Pink,17,"['title: Super durable and of high quality \ntext: Super durable and of high quality. As a man I like the coarseness but my girlfriend finds it to be to much.', 'title: Good for price. Not the best quality \ntext: Not the quality I was expecting, but it does do the job.I was searching for the straight line thread design.']","The product is described as super durable and of high quality, with one user appreciating its coarseness, although it may not suit everyone's preferences [0]. Another user found the product to be good for the price but not of the best quality, indicating it met basic expectations but did not align with their specific design preferences [1].",5.0
Is the quality of the bath wash up to par,The product has been given as the following : Salux Nylon Japanese Beauty Skin Bath Wash Cloth/towel (3)blue Yellow and Pink,23,"['title: quality went down \ntext: i’m not sure when the quality went down, but these are not the same ones i’ve been buying. The end he’s got frayed super easily and made them look old and raggedy. I’ve had some for longer and the edges are better trimmed and looks great considering. Still scrubbed well, just looks bad', 'title: Great product \ntext: This is a great product to exfoliate your body with not to hard not to soft']","The quality of the product appears to have declined over time, as one user noted that the edges of the product frayed easily, making them look old and raggedy, despite still performing well in terms of scrubbing [0]. Another user praised the product for its effectiveness in exfoliating the body, describing it as having the right balance of firmness [1].",6.0
Is the quality of the bath wash up to par,The product has been given as the following : Salux Nylon Japanese Beauty Skin Bath Wash Cloth/towel (3)blue Yellow and Pink,24,"['title: quality went down \ntext: i’m not sure when the quality went down, but these are not the same ones i’ve been buying. The end he’s got frayed super easily and made them look old and raggedy. I’ve had some for longer and the edges are better trimmed and looks great considering. Still scrubbed well, just looks bad', 'title: very good quality. I purchased what I thought was a ... \ntext: These are just what I wanted and well worth the money, very good quality. I purchased what I thought was a good product at a name brand store and they fell apart.  These will be the ones I buy from now on.']","One user expressed dissatisfaction with the product's quality, noting that the edges frayed easily, making them look old and raggedy, despite still functioning well for scrubbing purposes. They compared these to older versions they had, which maintained better edge trimming and appearance over time [0]. Conversely, another user praised the product for its very good quality, stating that it was well worth the money and superior to a similar product purchased from a name brand store, which fell apart. They indicated a preference for continuing to purchase this product in the future [1].",6.0
Is the quality of the bath wash up to par,The product has been given as the following : Salux Nylon Japanese Beauty Skin Bath Wash Cloth/towel (3)blue Yellow and Pink,25,"['title: quality went down \ntext: i’m not sure when the quality went down, but these are not the same ones i’ve been buying. The end he’s got frayed super easily and made them look old and raggedy. I’ve had some for longer and the edges are better trimmed and looks great considering. Still scrubbed well, just looks bad', 'title: Not Original Salux \ntext: Not the original Salux. The quality is not as good as the towels I purchased from a different seller 3 yrs ago.']","Recent customer feedback indicates a decline in product quality, with reports of frayed edges that make the items appear old and worn, despite maintaining their scrubbing effectiveness [0]. Additionally, there are concerns about the authenticity of the product, as some customers have noted that the quality does not match that of previous purchases from other sellers [1].",6.0
Is the quality of the bath wash up to par,The product has been given as the following : Salux Nylon Japanese Beauty Skin Bath Wash Cloth/towel (3)blue Yellow and Pink,26,"['title: quality went down \ntext: i’m not sure when the quality went down, but these are not the same ones i’ve been buying. The end he’s got frayed super easily and made them look old and raggedy. I’ve had some for longer and the edges are better trimmed and looks great considering. Still scrubbed well, just looks bad', ""title: Will do the job in a pinch. \ntext: The quality itself is as it should be (nice and rough/exfoliating), and I do like the colors. My main issue is with the fact that this isn't nearly as long as the same type of wash cloths sold at a nearby Japanese dollar store here. I was expecting the same length and these are a good 1/4 of the length shorter. Still possible to reach your back and all, but just a bit less comfortable to use.""]","The quality of the product has declined, as noted by a user who observed that the edges of the product frayed easily, making them appear old and raggedy, despite still functioning well for scrubbing purposes [0]. Another user mentioned that while the quality remains as expected in terms of texture and color, the product is shorter than similar items available elsewhere, which affects its comfort and usability [1].",6.0
Is the quality of the bath wash up to par,The product has been given as the following : Salux Nylon Japanese Beauty Skin Bath Wash Cloth/towel (3)blue Yellow and Pink,27,"['title: quality went down \ntext: i’m not sure when the quality went down, but these are not the same ones i’ve been buying. The end he’s got frayed super easily and made them look old and raggedy. I’ve had some for longer and the edges are better trimmed and looks great considering. Still scrubbed well, just looks bad', 'title: Good for price. Not the best quality \ntext: Not the quality I was expecting, but it does do the job.I was searching for the straight line thread design.']","The quality of the product has declined over time, as noted by a user who observed that the edges of the product frayed easily, making them appear old and raggedy. Despite this, the product still performs its intended function well, although it does not maintain its appearance as effectively as older versions [0]. Another user mentioned that while the product is good for its price, it does not meet their quality expectations, particularly in terms of the design they were seeking [1].",6.0
Is the quality of the bath wash up to par,The product has been given as the following : Salux Nylon Japanese Beauty Skin Bath Wash Cloth/towel (3)blue Yellow and Pink,34,"['title: Great product \ntext: This is a great product to exfoliate your body with not to hard not to soft', 'title: very good quality. I purchased what I thought was a ... \ntext: These are just what I wanted and well worth the money, very good quality. I purchased what I thought was a good product at a name brand store and they fell apart.  These will be the ones I buy from now on.']","The product is praised for its excellent exfoliating properties, being described as neither too hard nor too soft, making it ideal for body care [0]. Additionally, it is noted for its high quality and durability, especially when compared to similar products from name brand stores that tend to fall apart. The user expresses satisfaction with the purchase and intends to continue buying this product in the future [1].",6.0
Is the quality of the bath wash up to par,The product has been given as the following : Salux Nylon Japanese Beauty Skin Bath Wash Cloth/towel (3)blue Yellow and Pink,35,"['title: Great product \ntext: This is a great product to exfoliate your body with not to hard not to soft', 'title: Not Original Salux \ntext: Not the original Salux. The quality is not as good as the towels I purchased from a different seller 3 yrs ago.']","The product is praised for its balanced exfoliating properties, being neither too hard nor too soft, which suggests a satisfactory quality for body exfoliation [0]. However, there are concerns about the authenticity and quality of the product, as one user noted that it does not match the quality of Salux towels purchased from a different seller three years ago [1].",6.0
Is the quality of the bath wash up to par,The product has been given as the following : Salux Nylon Japanese Beauty Skin Bath Wash Cloth/towel (3)blue Yellow and Pink,36,"['title: Great product \ntext: This is a great product to exfoliate your body with not to hard not to soft', ""title: Will do the job in a pinch. \ntext: The quality itself is as it should be (nice and rough/exfoliating), and I do like the colors. My main issue is with the fact that this isn't nearly as long as the same type of wash cloths sold at a nearby Japanese dollar store here. I was expecting the same length and these are a good 1/4 of the length shorter. Still possible to reach your back and all, but just a bit less comfortable to use.""]","The product is praised for its effective exfoliating quality, being described as neither too hard nor too soft, making it suitable for body exfoliation [0]. Another user appreciates the rough texture for exfoliation but notes a drawback in the product's length, which is shorter than similar products available locally, affecting its comfort during use [1].",6.0
Is the quality of the bath wash up to par,The product has been given as the following : Salux Nylon Japanese Beauty Skin Bath Wash Cloth/towel (3)blue Yellow and Pink,37,"['title: Great product \ntext: This is a great product to exfoliate your body with not to hard not to soft', 'title: Good for price. Not the best quality \ntext: Not the quality I was expecting, but it does do the job.I was searching for the straight line thread design.']","The product is praised for its effectiveness in exfoliating the body, striking a balance between being neither too hard nor too soft, which contributes positively to its perceived quality [0]. However, another user expressed that the quality did not meet their expectations, although it was still functional for its intended purpose. They were specifically looking for a straight line thread design, which may have influenced their perception of quality [1].",6.0
Is the quality of the bath wash up to par,The product has been given as the following : Salux Nylon Japanese Beauty Skin Bath Wash Cloth/towel (3)blue Yellow and Pink,45,"['title: very good quality. I purchased what I thought was a ... \ntext: These are just what I wanted and well worth the money, very good quality. I purchased what I thought was a good product at a name brand store and they fell apart.  These will be the ones I buy from now on.', 'title: Not Original Salux \ntext: Not the original Salux. The quality is not as good as the towels I purchased from a different seller 3 yrs ago.']","The product is praised for its quality, with one user stating that it is exactly what they wanted and worth the money, especially compared to a previous purchase from a name brand store that fell apart [0]. However, another user expressed disappointment, noting that the product is not the original Salux and that its quality does not match the towels they bought from a different seller three years ago [1].",6.0
Is the quality of the bath wash up to par,The product has been given as the following : Salux Nylon Japanese Beauty Skin Bath Wash Cloth/towel (3)blue Yellow and Pink,46,"['title: very good quality. I purchased what I thought was a ... \ntext: These are just what I wanted and well worth the money, very good quality. I purchased what I thought was a good product at a name brand store and they fell apart.  These will be the ones I buy from now on.', ""title: Will do the job in a pinch. \ntext: The quality itself is as it should be (nice and rough/exfoliating), and I do like the colors. My main issue is with the fact that this isn't nearly as long as the same type of wash cloths sold at a nearby Japanese dollar store here. I was expecting the same length and these are a good 1/4 of the length shorter. Still possible to reach your back and all, but just a bit less comfortable to use.""]","The product is praised for its very good quality, with one user noting that it is well worth the money and superior to a previous purchase from a name brand store that fell apart, leading them to decide to continue buying this product in the future [0]. Another user appreciates the quality, describing it as nice and rough for exfoliating, but mentions a drawback in the product's length, which is shorter than expected, making it slightly less comfortable to use [1].",6.0
Is the quality of the bath wash up to par,The product has been given as the following : Salux Nylon Japanese Beauty Skin Bath Wash Cloth/towel (3)blue Yellow and Pink,47,"['title: very good quality. I purchased what I thought was a ... \ntext: These are just what I wanted and well worth the money, very good quality. I purchased what I thought was a good product at a name brand store and they fell apart.  These will be the ones I buy from now on.', 'title: Good for price. Not the best quality \ntext: Not the quality I was expecting, but it does do the job.I was searching for the straight line thread design.']","The product is praised for its quality, with one user expressing satisfaction that it is well worth the money and superior to a previous purchase from a name brand store that fell apart. This user intends to continue purchasing this product in the future [0]. Another user, however, notes that while the product is not of the highest quality, it is adequate for their needs [1].",6.0
Is the quality of the bath wash up to par,The product has been given as the following : Salux Nylon Japanese Beauty Skin Bath Wash Cloth/towel (3)blue Yellow and Pink,56,"['title: Not Original Salux \ntext: Not the original Salux. The quality is not as good as the towels I purchased from a different seller 3 yrs ago.', ""title: Will do the job in a pinch. \ntext: The quality itself is as it should be (nice and rough/exfoliating), and I do like the colors. My main issue is with the fact that this isn't nearly as long as the same type of wash cloths sold at a nearby Japanese dollar store here. I was expecting the same length and these are a good 1/4 of the length shorter. Still possible to reach your back and all, but just a bit less comfortable to use.""]","One user expressed dissatisfaction with the product, noting that it is not the original Salux and that the quality is inferior compared to similar towels purchased from a different seller three years ago [0]. Another user mentioned that while the quality of the product is satisfactory, being nice and rough for exfoliation, the length of the washcloths is shorter than expected, which makes them slightly less comfortable to use [1].",6.0
Is the quality of the bath wash up to par,The product has been given as the following : Salux Nylon Japanese Beauty Skin Bath Wash Cloth/towel (3)blue Yellow and Pink,57,"['title: Not Original Salux \ntext: Not the original Salux. The quality is not as good as the towels I purchased from a different seller 3 yrs ago.', 'title: Good for price. Not the best quality \ntext: Not the quality I was expecting, but it does do the job.I was searching for the straight line thread design.']","The product is not the original Salux, and its quality is inferior compared to similar towels purchased from a different seller three years ago [0]. While the product is considered good for its price, it does not meet the expected quality standards, although it is functional. The user was specifically looking for a straight line thread design, which was not met [1].",5.0
Is the quality of the bath wash up to par,The product has been given as the following : Salux Nylon Japanese Beauty Skin Bath Wash Cloth/towel (3)blue Yellow and Pink,67,"[""title: Will do the job in a pinch. \ntext: The quality itself is as it should be (nice and rough/exfoliating), and I do like the colors. My main issue is with the fact that this isn't nearly as long as the same type of wash cloths sold at a nearby Japanese dollar store here. I was expecting the same length and these are a good 1/4 of the length shorter. Still possible to reach your back and all, but just a bit less comfortable to use."", 'title: Good for price. Not the best quality \ntext: Not the quality I was expecting, but it does do the job.I was searching for the straight line thread design.']","The product's quality is generally satisfactory, with a nice and rough texture suitable for exfoliating, and appealing colors. However, there is a notable issue with the length of the washcloths, which are shorter than expected, making them slightly less comfortable to use despite being functional for reaching the back [0]. Additionally, while the product is good for its price, it does not meet the expected quality standards, particularly in terms of the desired straight line thread design [1].",6.0
Is the quality of the bath wash up to par,The product has been given as the following : Salux Nylon Japanese Beauty Skin Bath Wash Cloth/towel (3)blue Yellow and Pink,012,"['title: Quality Issues \ntext: Compared to other similar, they become way too soft as to no longer be able to exfoliate and they also quickly fall apart.', 'title: Super durable and of high quality \ntext: Super durable and of high quality. As a man I like the coarseness but my girlfriend finds it to be to much.', 'title: quality went down \ntext: i’m not sure when the quality went down, but these are not the same ones i’ve been buying. The end he’s got frayed super easily and made them look old and raggedy. I’ve had some for longer and the edges are better trimmed and looks great considering. Still scrubbed well, just looks bad']","The comments reflect mixed opinions on the quality of the product. One user noted that the product becomes too soft over time, losing its exfoliating ability and falling apart quickly, which suggests a decline in quality compared to similar products [0]. Another user praised the product for being super durable and of high quality, appreciating its coarseness, although it was noted that this might not be suitable for everyone [1]. A third comment expressed disappointment, stating that the quality has deteriorated over time, with the product's edges fraying easily and appearing old and raggedy, although it still performs well in terms of scrubbing [2].",6.75
Is the quality of the bath wash up to par,The product has been given as the following : Salux Nylon Japanese Beauty Skin Bath Wash Cloth/towel (3)blue Yellow and Pink,013,"['title: Quality Issues \ntext: Compared to other similar, they become way too soft as to no longer be able to exfoliate and they also quickly fall apart.', 'title: Super durable and of high quality \ntext: Super durable and of high quality. As a man I like the coarseness but my girlfriend finds it to be to much.', 'title: Great product \ntext: This is a great product to exfoliate your body with not to hard not to soft']","The comments present mixed opinions on the quality of the product. One user notes that the product becomes too soft over time, losing its exfoliating ability and falling apart quickly, which suggests durability issues [0]. Another user praises the product for being super durable and of high quality, appreciating its coarseness, although it may be too coarse for some users [1]. A third user finds the product to be well-balanced for exfoliation, being neither too hard nor too soft, indicating satisfaction with its quality [2].",6.75
Is the quality of the bath wash up to par,The product has been given as the following : Salux Nylon Japanese Beauty Skin Bath Wash Cloth/towel (3)blue Yellow and Pink,014,"['title: Quality Issues \ntext: Compared to other similar, they become way too soft as to no longer be able to exfoliate and they also quickly fall apart.', 'title: Super durable and of high quality \ntext: Super durable and of high quality. As a man I like the coarseness but my girlfriend finds it to be to much.', 'title: very good quality. I purchased what I thought was a ... \ntext: These are just what I wanted and well worth the money, very good quality. I purchased what I thought was a good product at a name brand store and they fell apart.  These will be the ones I buy from now on.']","The comments present mixed opinions on the quality of the product. One user notes that the product becomes too soft and falls apart quickly, indicating a lack of durability compared to similar items [0]. Another user praises the product for being super durable and of high quality, although they mention that the coarseness might not be suitable for everyone [1]. A third user expresses satisfaction with the product's quality, stating that it is well worth the money and superior to a previous purchase from a name brand store that fell apart [2].",6.75
Is the quality of the bath wash up to par,The product has been given as the following : Salux Nylon Japanese Beauty Skin Bath Wash Cloth/towel (3)blue Yellow and Pink,015,"['title: Quality Issues \ntext: Compared to other similar, they become way too soft as to no longer be able to exfoliate and they also quickly fall apart.', 'title: Super durable and of high quality \ntext: Super durable and of high quality. As a man I like the coarseness but my girlfriend finds it to be to much.', 'title: Not Original Salux \ntext: Not the original Salux. The quality is not as good as the towels I purchased from a different seller 3 yrs ago.']","The comments present mixed opinions on the quality of the product. One user notes that the product becomes too soft and falls apart quickly, indicating a decline in quality compared to similar products [0]. Another user praises the product for being super durable and of high quality, although they mention that the coarseness may not be suitable for everyone [1]. A third user expresses disappointment, stating that the product is not the original Salux and does not match the quality of similar towels purchased from a different seller three years ago [2].",6.75
Is the quality of the bath wash up to par,The product has been given as the following : Salux Nylon Japanese Beauty Skin Bath Wash Cloth/towel (3)blue Yellow and Pink,016,"['title: Quality Issues \ntext: Compared to other similar, they become way too soft as to no longer be able to exfoliate and they also quickly fall apart.', 'title: Super durable and of high quality \ntext: Super durable and of high quality. As a man I like the coarseness but my girlfriend finds it to be to much.', ""title: Will do the job in a pinch. \ntext: The quality itself is as it should be (nice and rough/exfoliating), and I do like the colors. My main issue is with the fact that this isn't nearly as long as the same type of wash cloths sold at a nearby Japanese dollar store here. I was expecting the same length and these are a good 1/4 of the length shorter. Still possible to reach your back and all, but just a bit less comfortable to use.""]","The comments present mixed opinions on the quality of the product. One user notes that the product becomes too soft over time, losing its exfoliating ability and falling apart quickly, which suggests a decline in quality compared to similar products [0]. Another user praises the product for being super durable and of high quality, appreciating its coarseness, although it may be too much for some users [1]. A third user finds the quality to be satisfactory in terms of roughness and exfoliating capability but is disappointed by the shorter length compared to similar products, which affects comfort during use [2].",6.75
Is the quality of the bath wash up to par,The product has been given as the following : Salux Nylon Japanese Beauty Skin Bath Wash Cloth/towel (3)blue Yellow and Pink,017,"['title: Quality Issues \ntext: Compared to other similar, they become way too soft as to no longer be able to exfoliate and they also quickly fall apart.', 'title: Super durable and of high quality \ntext: Super durable and of high quality. As a man I like the coarseness but my girlfriend finds it to be to much.', 'title: Good for price. Not the best quality \ntext: Not the quality I was expecting, but it does do the job.I was searching for the straight line thread design.']","The product has received mixed reviews regarding its quality. Some users have noted that the product becomes too soft over time, losing its exfoliating ability and falling apart quickly, which raises concerns about its durability [0]. On the other hand, another user praised the product for being super durable and of high quality, although they mentioned that the coarseness might not be suitable for everyone [1]. Additionally, while one user found the product to be good for its price, they felt it did not meet their quality expectations, particularly in terms of design [2].",6.75
Is the quality of the bath wash up to par,The product has been given as the following : Salux Nylon Japanese Beauty Skin Bath Wash Cloth/towel (3)blue Yellow and Pink,023,"['title: Quality Issues \ntext: Compared to other similar, they become way too soft as to no longer be able to exfoliate and they also quickly fall apart.', 'title: quality went down \ntext: i’m not sure when the quality went down, but these are not the same ones i’ve been buying. The end he’s got frayed super easily and made them look old and raggedy. I’ve had some for longer and the edges are better trimmed and looks great considering. Still scrubbed well, just looks bad', 'title: Great product \ntext: This is a great product to exfoliate your body with not to hard not to soft']","Several users have expressed concerns about the quality of the product. One user noted that the product becomes too soft over time, rendering it ineffective for exfoliation, and that it falls apart quickly compared to similar products [0]. Another user mentioned a decline in quality, observing that the edges fray easily, making the product appear old and raggedy, although it still performs well in terms of scrubbing [1]. Conversely, a positive review highlighted that the product is effective for exfoliation, striking a balance between being not too hard and not too soft [2].",6.75
Is the quality of the bath wash up to par,The product has been given as the following : Salux Nylon Japanese Beauty Skin Bath Wash Cloth/towel (3)blue Yellow and Pink,024,"['title: Quality Issues \ntext: Compared to other similar, they become way too soft as to no longer be able to exfoliate and they also quickly fall apart.', 'title: quality went down \ntext: i’m not sure when the quality went down, but these are not the same ones i’ve been buying. The end he’s got frayed super easily and made them look old and raggedy. I’ve had some for longer and the edges are better trimmed and looks great considering. Still scrubbed well, just looks bad', 'title: very good quality. I purchased what I thought was a ... \ntext: These are just what I wanted and well worth the money, very good quality. I purchased what I thought was a good product at a name brand store and they fell apart.  These will be the ones I buy from now on.']","Several comments highlight concerns and praises regarding the quality of the product. One user noted that the product becomes too soft to effectively exfoliate and falls apart quickly, indicating a decline in quality compared to similar products [0]. Another user expressed uncertainty about when the quality decreased, mentioning that the product's edges frayed easily, making them appear old and raggedy, although they still functioned well for scrubbing [1]. Conversely, a different user praised the product for its very good quality, stating that it was well worth the money and superior to a similar product purchased from a name brand store, which fell apart [2].",6.75
Is the quality of the bath wash up to par,The product has been given as the following : Salux Nylon Japanese Beauty Skin Bath Wash Cloth/towel (3)blue Yellow and Pink,025,"['title: Quality Issues \ntext: Compared to other similar, they become way too soft as to no longer be able to exfoliate and they also quickly fall apart.', 'title: quality went down \ntext: i’m not sure when the quality went down, but these are not the same ones i’ve been buying. The end he’s got frayed super easily and made them look old and raggedy. I’ve had some for longer and the edges are better trimmed and looks great considering. Still scrubbed well, just looks bad', 'title: Not Original Salux \ntext: Not the original Salux. The quality is not as good as the towels I purchased from a different seller 3 yrs ago.']","Several users have expressed concerns about the declining quality of the product. One user noted that the product becomes too soft to effectively exfoliate and falls apart quickly compared to similar items [0]. Another user mentioned that the quality has deteriorated over time, with the product's edges fraying easily, making them appear old and raggedy, although they still function well for scrubbing [1]. Additionally, a user pointed out that the product is not the original Salux and that its quality does not match that of similar towels purchased from a different seller three years ago [2].",6.75
Is the quality of the bath wash up to par,The product has been given as the following : Salux Nylon Japanese Beauty Skin Bath Wash Cloth/towel (3)blue Yellow and Pink,026,"['title: Quality Issues \ntext: Compared to other similar, they become way too soft as to no longer be able to exfoliate and they also quickly fall apart.', 'title: quality went down \ntext: i’m not sure when the quality went down, but these are not the same ones i’ve been buying. The end he’s got frayed super easily and made them look old and raggedy. I’ve had some for longer and the edges are better trimmed and looks great considering. Still scrubbed well, just looks bad', ""title: Will do the job in a pinch. \ntext: The quality itself is as it should be (nice and rough/exfoliating), and I do like the colors. My main issue is with the fact that this isn't nearly as long as the same type of wash cloths sold at a nearby Japanese dollar store here. I was expecting the same length and these are a good 1/4 of the length shorter. Still possible to reach your back and all, but just a bit less comfortable to use.""]","Several users have expressed concerns about the quality of the product. One user noted that the product becomes too soft over time, losing its exfoliating ability and falling apart quickly, which suggests a decline in durability and effectiveness [0]. Another user mentioned that the quality has deteriorated compared to previous purchases, with the edges fraying easily, making the product look old and raggedy, although it still functions well for scrubbing [1]. A third user found the quality to be satisfactory in terms of roughness and exfoliating capability, but was disappointed by the shorter length compared to similar products, which affects comfort during use [2].",6.75
Is the quality of the bath wash up to par,The product has been given as the following : Salux Nylon Japanese Beauty Skin Bath Wash Cloth/towel (3)blue Yellow and Pink,027,"['title: Quality Issues \ntext: Compared to other similar, they become way too soft as to no longer be able to exfoliate and they also quickly fall apart.', 'title: quality went down \ntext: i’m not sure when the quality went down, but these are not the same ones i’ve been buying. The end he’s got frayed super easily and made them look old and raggedy. I’ve had some for longer and the edges are better trimmed and looks great considering. Still scrubbed well, just looks bad', 'title: Good for price. Not the best quality \ntext: Not the quality I was expecting, but it does do the job.I was searching for the straight line thread design.']","Several users have expressed concerns about the quality of the product. One user noted that the product becomes too soft to effectively exfoliate and tends to fall apart quickly, indicating a decline in durability compared to similar products [0]. Another user mentioned that the quality has deteriorated over time, with the edges fraying easily, making the product appear old and raggedy, although it still functions well for scrubbing [1]. A third user commented that while the product is good for its price, it did not meet their quality expectations, particularly in terms of design [2].",6.75
Is the quality of the bath wash up to par,The product has been given as the following : Salux Nylon Japanese Beauty Skin Bath Wash Cloth/towel (3)blue Yellow and Pink,034,"['title: Quality Issues \ntext: Compared to other similar, they become way too soft as to no longer be able to exfoliate and they also quickly fall apart.', 'title: Great product \ntext: This is a great product to exfoliate your body with not to hard not to soft', 'title: very good quality. I purchased what I thought was a ... \ntext: These are just what I wanted and well worth the money, very good quality. I purchased what I thought was a good product at a name brand store and they fell apart.  These will be the ones I buy from now on.']","The comments present mixed opinions on the quality of the product. One user notes that the product becomes too soft over time, losing its exfoliating ability and falling apart quickly, which suggests a quality issue compared to similar products [0]. Conversely, another user praises the product for being ideal for exfoliation, describing it as neither too hard nor too soft, indicating satisfaction with its quality [1]. A third user highlights the product's good quality and durability, stating that it is well worth the money and superior to a name-brand alternative that fell apart, suggesting a preference for this product due to its reliability [2].",6.75
Is the quality of the bath wash up to par,The product has been given as the following : Salux Nylon Japanese Beauty Skin Bath Wash Cloth/towel (3)blue Yellow and Pink,035,"['title: Quality Issues \ntext: Compared to other similar, they become way too soft as to no longer be able to exfoliate and they also quickly fall apart.', 'title: Great product \ntext: This is a great product to exfoliate your body with not to hard not to soft', 'title: Not Original Salux \ntext: Not the original Salux. The quality is not as good as the towels I purchased from a different seller 3 yrs ago.']","The comments reflect mixed opinions on the quality of the product. One user notes that the product becomes too soft and falls apart quickly, which affects its ability to exfoliate effectively [0]. Another user, however, praises the product for being just the right texture for exfoliation, neither too hard nor too soft [1]. A third comment criticizes the product for not being the original Salux, stating that its quality does not match that of similar towels purchased from a different seller three years ago [2].",6.75
Is the quality of the bath wash up to par,The product has been given as the following : Salux Nylon Japanese Beauty Skin Bath Wash Cloth/towel (3)blue Yellow and Pink,036,"['title: Quality Issues \ntext: Compared to other similar, they become way too soft as to no longer be able to exfoliate and they also quickly fall apart.', 'title: Great product \ntext: This is a great product to exfoliate your body with not to hard not to soft', ""title: Will do the job in a pinch. \ntext: The quality itself is as it should be (nice and rough/exfoliating), and I do like the colors. My main issue is with the fact that this isn't nearly as long as the same type of wash cloths sold at a nearby Japanese dollar store here. I was expecting the same length and these are a good 1/4 of the length shorter. Still possible to reach your back and all, but just a bit less comfortable to use.""]","The product's quality is a point of contention among users. One user notes that the product becomes too soft over time, losing its exfoliating ability and falling apart quickly, which suggests durability issues [0]. Conversely, another user praises the product for being an effective exfoliator, striking a balance between being too hard and too soft [1]. A third user appreciates the product's rough texture for exfoliation but mentions a drawback in its length compared to similar products, which affects comfort during use [2].",6.75
Is the quality of the bath wash up to par,The product has been given as the following : Salux Nylon Japanese Beauty Skin Bath Wash Cloth/towel (3)blue Yellow and Pink,037,"['title: Quality Issues \ntext: Compared to other similar, they become way too soft as to no longer be able to exfoliate and they also quickly fall apart.', 'title: Great product \ntext: This is a great product to exfoliate your body with not to hard not to soft', 'title: Good for price. Not the best quality \ntext: Not the quality I was expecting, but it does do the job.I was searching for the straight line thread design.']","The product has received mixed reviews regarding its quality. One user noted that the product becomes too soft over time, losing its exfoliating ability and falling apart quickly compared to similar products [0]. Another user praised the product for being effective in exfoliating, describing it as neither too hard nor too soft [1]. However, a third user expressed that the quality did not meet their expectations, although it was functional, and they were specifically looking for a straight line thread design [2].",6.75
Is the quality of the bath wash up to par,The product has been given as the following : Salux Nylon Japanese Beauty Skin Bath Wash Cloth/towel (3)blue Yellow and Pink,045,"['title: Quality Issues \ntext: Compared to other similar, they become way too soft as to no longer be able to exfoliate and they also quickly fall apart.', 'title: very good quality. I purchased what I thought was a ... \ntext: These are just what I wanted and well worth the money, very good quality. I purchased what I thought was a good product at a name brand store and they fell apart.  These will be the ones I buy from now on.', 'title: Not Original Salux \ntext: Not the original Salux. The quality is not as good as the towels I purchased from a different seller 3 yrs ago.']","Several comments highlight concerns about the quality of the product. One user notes that the product becomes too soft to exfoliate effectively and falls apart quickly, indicating a decline in quality compared to similar items [0]. Another user praises the product for its good quality and durability, contrasting it with a previous purchase from a name brand store that fell apart, suggesting satisfaction with the current product [1]. However, another comment mentions that the product is not the original Salux and that its quality does not match that of similar towels purchased from a different seller three years ago, indicating a perceived decline in quality over time [2].",6.75
Is the quality of the bath wash up to par,The product has been given as the following : Salux Nylon Japanese Beauty Skin Bath Wash Cloth/towel (3)blue Yellow and Pink,046,"['title: Quality Issues \ntext: Compared to other similar, they become way too soft as to no longer be able to exfoliate and they also quickly fall apart.', 'title: very good quality. I purchased what I thought was a ... \ntext: These are just what I wanted and well worth the money, very good quality. I purchased what I thought was a good product at a name brand store and they fell apart.  These will be the ones I buy from now on.', ""title: Will do the job in a pinch. \ntext: The quality itself is as it should be (nice and rough/exfoliating), and I do like the colors. My main issue is with the fact that this isn't nearly as long as the same type of wash cloths sold at a nearby Japanese dollar store here. I was expecting the same length and these are a good 1/4 of the length shorter. Still possible to reach your back and all, but just a bit less comfortable to use.""]","The comments provide mixed reviews regarding the quality of the product. One user expressed dissatisfaction, noting that the product becomes too soft to exfoliate effectively and falls apart quickly, indicating poor durability compared to similar products [0]. Another user praised the product for its very good quality, stating that it was well worth the money and superior to a previous purchase from a name brand store that fell apart [1]. A third user mentioned that the quality is as expected, with a nice rough texture suitable for exfoliating, but noted a drawback in the product's length, which is shorter than similar items available elsewhere, affecting comfort during use [2].",6.75
Is the quality of the bath wash up to par,The product has been given as the following : Salux Nylon Japanese Beauty Skin Bath Wash Cloth/towel (3)blue Yellow and Pink,047,"['title: Quality Issues \ntext: Compared to other similar, they become way too soft as to no longer be able to exfoliate and they also quickly fall apart.', 'title: very good quality. I purchased what I thought was a ... \ntext: These are just what I wanted and well worth the money, very good quality. I purchased what I thought was a good product at a name brand store and they fell apart.  These will be the ones I buy from now on.', 'title: Good for price. Not the best quality \ntext: Not the quality I was expecting, but it does do the job.I was searching for the straight line thread design.']","The quality of the product has received mixed reviews. One user expressed dissatisfaction, noting that the product becomes too soft to exfoliate effectively and falls apart quickly, indicating poor durability [0]. Another user praised the product for its quality and value, stating that it surpassed a similar product from a name brand store that fell apart, and they plan to continue purchasing it [1]. However, a third user mentioned that while the product is good for the price, it did not meet their quality expectations, although it still performs its intended function [2].",6.75
Is the quality of the bath wash up to par,The product has been given as the following : Salux Nylon Japanese Beauty Skin Bath Wash Cloth/towel (3)blue Yellow and Pink,056,"['title: Quality Issues \ntext: Compared to other similar, they become way too soft as to no longer be able to exfoliate and they also quickly fall apart.', 'title: Not Original Salux \ntext: Not the original Salux. The quality is not as good as the towels I purchased from a different seller 3 yrs ago.', ""title: Will do the job in a pinch. \ntext: The quality itself is as it should be (nice and rough/exfoliating), and I do like the colors. My main issue is with the fact that this isn't nearly as long as the same type of wash cloths sold at a nearby Japanese dollar store here. I was expecting the same length and these are a good 1/4 of the length shorter. Still possible to reach your back and all, but just a bit less comfortable to use.""]","Several users have expressed concerns about the quality of the product. One user noted that the product becomes too soft over time, losing its exfoliating ability and falling apart quickly, which suggests durability issues [0]. Another user mentioned that the product is not the original Salux and does not match the quality of similar towels purchased from a different seller three years ago, indicating a decline in quality [1]. However, a different user found the quality to be satisfactory in terms of texture, describing it as nice and rough for exfoliating. Despite this, they noted a discrepancy in length compared to similar products, which affects comfort during use [2].",6.5
Is the quality of the bath wash up to par,The product has been given as the following : Salux Nylon Japanese Beauty Skin Bath Wash Cloth/towel (3)blue Yellow and Pink,057,"['title: Quality Issues \ntext: Compared to other similar, they become way too soft as to no longer be able to exfoliate and they also quickly fall apart.', 'title: Not Original Salux \ntext: Not the original Salux. The quality is not as good as the towels I purchased from a different seller 3 yrs ago.', 'title: Good for price. Not the best quality \ntext: Not the quality I was expecting, but it does do the job.I was searching for the straight line thread design.']","Several users have expressed concerns about the quality of the product. One user noted that the product becomes too soft over time, rendering it ineffective for exfoliation, and it also tends to fall apart quickly [0]. Another user mentioned that the product is not the original Salux and that its quality does not match that of similar towels purchased from a different seller three years ago [1]. Additionally, a user commented that while the product is good for its price, it does not meet their quality expectations, although it still performs its intended function [2].",6.25
Is the quality of the bath wash up to par,The product has been given as the following : Salux Nylon Japanese Beauty Skin Bath Wash Cloth/towel (3)blue Yellow and Pink,067,"['title: Quality Issues \ntext: Compared to other similar, they become way too soft as to no longer be able to exfoliate and they also quickly fall apart.', ""title: Will do the job in a pinch. \ntext: The quality itself is as it should be (nice and rough/exfoliating), and I do like the colors. My main issue is with the fact that this isn't nearly as long as the same type of wash cloths sold at a nearby Japanese dollar store here. I was expecting the same length and these are a good 1/4 of the length shorter. Still possible to reach your back and all, but just a bit less comfortable to use."", 'title: Good for price. Not the best quality \ntext: Not the quality I was expecting, but it does do the job.I was searching for the straight line thread design.']","The product has mixed reviews regarding its quality. One user noted that the product becomes too soft over time, losing its exfoliating ability and falling apart quickly, which suggests durability issues [0]. Another user mentioned that while the quality is satisfactory in terms of texture, the product is shorter than expected, which affects its usability [1]. A third user expressed that the quality did not meet their expectations, although it was adequate for the price, indicating a compromise between cost and quality [2].",6.5
Is the quality of the bath wash up to par,The product has been given as the following : Salux Nylon Japanese Beauty Skin Bath Wash Cloth/towel (3)blue Yellow and Pink,123,"['title: Super durable and of high quality \ntext: Super durable and of high quality. As a man I like the coarseness but my girlfriend finds it to be to much.', 'title: quality went down \ntext: i’m not sure when the quality went down, but these are not the same ones i’ve been buying. The end he’s got frayed super easily and made them look old and raggedy. I’ve had some for longer and the edges are better trimmed and looks great considering. Still scrubbed well, just looks bad', 'title: Great product \ntext: This is a great product to exfoliate your body with not to hard not to soft']","The product is described as super durable and of high quality, with a texture that some users appreciate for its coarseness, although it may be too rough for others [0]. However, there are concerns about a decline in quality, as some users have noticed that the edges fray easily, making the product look old and raggedy, despite its continued effectiveness in scrubbing [1]. Overall, the product is praised for being a great exfoliator, striking a balance between being not too hard and not too soft [2].",7.25
Is the quality of the bath wash up to par,The product has been given as the following : Salux Nylon Japanese Beauty Skin Bath Wash Cloth/towel (3)blue Yellow and Pink,124,"['title: Super durable and of high quality \ntext: Super durable and of high quality. As a man I like the coarseness but my girlfriend finds it to be to much.', 'title: quality went down \ntext: i’m not sure when the quality went down, but these are not the same ones i’ve been buying. The end he’s got frayed super easily and made them look old and raggedy. I’ve had some for longer and the edges are better trimmed and looks great considering. Still scrubbed well, just looks bad', 'title: very good quality. I purchased what I thought was a ... \ntext: These are just what I wanted and well worth the money, very good quality. I purchased what I thought was a good product at a name brand store and they fell apart.  These will be the ones I buy from now on.']","The comments provide mixed reviews on the quality of the product. One user describes the product as 'super durable and of high quality,' although they note that the texture may be too coarse for some users, such as their girlfriend [0]. Another user expresses disappointment, stating that the quality has declined over time, with the product's edges fraying easily and appearing old and raggedy, although it still performs well functionally [1]. Conversely, a third user praises the product for its very good quality, stating it is well worth the money and superior to a similar product from a name brand store that fell apart [2].",7.25
Is the quality of the bath wash up to par,The product has been given as the following : Salux Nylon Japanese Beauty Skin Bath Wash Cloth/towel (3)blue Yellow and Pink,125,"['title: Super durable and of high quality \ntext: Super durable and of high quality. As a man I like the coarseness but my girlfriend finds it to be to much.', 'title: quality went down \ntext: i’m not sure when the quality went down, but these are not the same ones i’ve been buying. The end he’s got frayed super easily and made them look old and raggedy. I’ve had some for longer and the edges are better trimmed and looks great considering. Still scrubbed well, just looks bad', 'title: Not Original Salux \ntext: Not the original Salux. The quality is not as good as the towels I purchased from a different seller 3 yrs ago.']","The product has received mixed reviews regarding its quality. One user appreciates its durability and coarseness, although it may be too coarse for some users, such as their girlfriend [0]. Another user has noticed a decline in quality, mentioning that the product frays easily and appears old and raggedy, although it still functions well for scrubbing [1]. Additionally, a user pointed out that the product is not the original Salux and does not match the quality of similar products purchased from a different seller three years ago [2].",7.25
Is the quality of the bath wash up to par,The product has been given as the following : Salux Nylon Japanese Beauty Skin Bath Wash Cloth/towel (3)blue Yellow and Pink,126,"['title: Super durable and of high quality \ntext: Super durable and of high quality. As a man I like the coarseness but my girlfriend finds it to be to much.', 'title: quality went down \ntext: i’m not sure when the quality went down, but these are not the same ones i’ve been buying. The end he’s got frayed super easily and made them look old and raggedy. I’ve had some for longer and the edges are better trimmed and looks great considering. Still scrubbed well, just looks bad', ""title: Will do the job in a pinch. \ntext: The quality itself is as it should be (nice and rough/exfoliating), and I do like the colors. My main issue is with the fact that this isn't nearly as long as the same type of wash cloths sold at a nearby Japanese dollar store here. I was expecting the same length and these are a good 1/4 of the length shorter. Still possible to reach your back and all, but just a bit less comfortable to use.""]","The product is described as super durable and of high quality, with a coarse texture that some users appreciate, although it may be too much for others [0]. However, there are concerns about a decline in quality, as some users have experienced frayed edges that make the product look old and raggedy, despite its continued effectiveness in scrubbing [1]. Another user notes that while the quality is as expected, the product is shorter than similar items available elsewhere, which affects its comfort and usability [2].",7.25
Is the quality of the bath wash up to par,The product has been given as the following : Salux Nylon Japanese Beauty Skin Bath Wash Cloth/towel (3)blue Yellow and Pink,127,"['title: Super durable and of high quality \ntext: Super durable and of high quality. As a man I like the coarseness but my girlfriend finds it to be to much.', 'title: quality went down \ntext: i’m not sure when the quality went down, but these are not the same ones i’ve been buying. The end he’s got frayed super easily and made them look old and raggedy. I’ve had some for longer and the edges are better trimmed and looks great considering. Still scrubbed well, just looks bad', 'title: Good for price. Not the best quality \ntext: Not the quality I was expecting, but it does do the job.I was searching for the straight line thread design.']","The product's quality has received mixed reviews. One user appreciates its durability and coarseness, although their partner finds it too coarse [0]. Another user notes a decline in quality, mentioning that the product's edges fray easily, making them appear old and raggedy, despite still functioning well [1]. A third user finds the product satisfactory for its price, but not of the expected quality, as they were looking for a specific thread design [2].",7.25
Is the quality of the bath wash up to par,The product has been given as the following : Salux Nylon Japanese Beauty Skin Bath Wash Cloth/towel (3)blue Yellow and Pink,134,"['title: Super durable and of high quality \ntext: Super durable and of high quality. As a man I like the coarseness but my girlfriend finds it to be to much.', 'title: Great product \ntext: This is a great product to exfoliate your body with not to hard not to soft', 'title: very good quality. I purchased what I thought was a ... \ntext: These are just what I wanted and well worth the money, very good quality. I purchased what I thought was a good product at a name brand store and they fell apart.  These will be the ones I buy from now on.']","The product is praised for its durability and high quality, with one user noting its coarseness as a positive feature, although it may be too much for some users [0]. Another user describes it as an excellent exfoliating product, striking a balance between being neither too hard nor too soft [1]. Additionally, the product is considered to be of very good quality and worth the money, especially when compared to similar items from name brand stores that did not last as long [2].",7.25
Is the quality of the bath wash up to par,The product has been given as the following : Salux Nylon Japanese Beauty Skin Bath Wash Cloth/towel (3)blue Yellow and Pink,135,"['title: Super durable and of high quality \ntext: Super durable and of high quality. As a man I like the coarseness but my girlfriend finds it to be to much.', 'title: Great product \ntext: This is a great product to exfoliate your body with not to hard not to soft', 'title: Not Original Salux \ntext: Not the original Salux. The quality is not as good as the towels I purchased from a different seller 3 yrs ago.']","The product is described as super durable and of high quality, with a coarse texture that may not be suitable for everyone, as one user notes that while they appreciate the coarseness, their girlfriend finds it excessive [0]. Another user praises the product for being an effective exfoliator, striking a balance between hardness and softness [1]. However, a different user criticizes the product for not being the original Salux, stating that its quality does not match that of similar towels purchased from another seller three years ago [2].",7.25
Is the quality of the bath wash up to par,The product has been given as the following : Salux Nylon Japanese Beauty Skin Bath Wash Cloth/towel (3)blue Yellow and Pink,136,"['title: Super durable and of high quality \ntext: Super durable and of high quality. As a man I like the coarseness but my girlfriend finds it to be to much.', 'title: Great product \ntext: This is a great product to exfoliate your body with not to hard not to soft', ""title: Will do the job in a pinch. \ntext: The quality itself is as it should be (nice and rough/exfoliating), and I do like the colors. My main issue is with the fact that this isn't nearly as long as the same type of wash cloths sold at a nearby Japanese dollar store here. I was expecting the same length and these are a good 1/4 of the length shorter. Still possible to reach your back and all, but just a bit less comfortable to use.""]","The product is described as super durable and of high quality, with a coarse texture that some users appreciate while others find excessive [0]. It is praised for being an effective exfoliator, striking a balance between being not too hard and not too soft [1]. However, there are some concerns about its length, as it is shorter than similar products available elsewhere, which affects its comfort and usability [2].",7.25
Is the quality of the bath wash up to par,The product has been given as the following : Salux Nylon Japanese Beauty Skin Bath Wash Cloth/towel (3)blue Yellow and Pink,137,"['title: Super durable and of high quality \ntext: Super durable and of high quality. As a man I like the coarseness but my girlfriend finds it to be to much.', 'title: Great product \ntext: This is a great product to exfoliate your body with not to hard not to soft', 'title: Good for price. Not the best quality \ntext: Not the quality I was expecting, but it does do the job.I was searching for the straight line thread design.']","The product is described as super durable and of high quality, with one user appreciating its coarseness, although it may be too much for some users [0]. Another user finds it to be a great product for exfoliating, striking a balance between being not too hard and not too soft [1]. However, there is a contrasting opinion regarding the quality, with one user stating that it does the job but did not meet their expectations in terms of quality, particularly in relation to the design [2].",7.25
Is the quality of the bath wash up to par,The product has been given as the following : Salux Nylon Japanese Beauty Skin Bath Wash Cloth/towel (3)blue Yellow and Pink,145,"['title: Super durable and of high quality \ntext: Super durable and of high quality. As a man I like the coarseness but my girlfriend finds it to be to much.', 'title: very good quality. I purchased what I thought was a ... \ntext: These are just what I wanted and well worth the money, very good quality. I purchased what I thought was a good product at a name brand store and they fell apart.  These will be the ones I buy from now on.', 'title: Not Original Salux \ntext: Not the original Salux. The quality is not as good as the towels I purchased from a different seller 3 yrs ago.']","The product is described as super durable and of high quality, with one user appreciating its coarseness, although it may not be suitable for everyone due to this texture [0]. Another user praises the product for being very good quality and worth the money, especially compared to a previous purchase from a name brand store that fell apart, indicating a preference for this product moving forward [1]. However, a different user notes that the product is not the original Salux and that its quality does not match that of similar towels purchased from another seller three years ago, suggesting a decline in quality [2].",7.25
Is the quality of the bath wash up to par,The product has been given as the following : Salux Nylon Japanese Beauty Skin Bath Wash Cloth/towel (3)blue Yellow and Pink,146,"['title: Super durable and of high quality \ntext: Super durable and of high quality. As a man I like the coarseness but my girlfriend finds it to be to much.', 'title: very good quality. I purchased what I thought was a ... \ntext: These are just what I wanted and well worth the money, very good quality. I purchased what I thought was a good product at a name brand store and they fell apart.  These will be the ones I buy from now on.', ""title: Will do the job in a pinch. \ntext: The quality itself is as it should be (nice and rough/exfoliating), and I do like the colors. My main issue is with the fact that this isn't nearly as long as the same type of wash cloths sold at a nearby Japanese dollar store here. I was expecting the same length and these are a good 1/4 of the length shorter. Still possible to reach your back and all, but just a bit less comfortable to use.""]","The product is described as super durable and of high quality, with a texture that some may find too coarse, as noted by one user who appreciates the coarseness while their partner does not [0]. Another user highlights the product's very good quality, stating that it is well worth the money and superior to a previous purchase from a name brand store that fell apart, indicating a preference for this product moving forward [1]. A third user mentions that the quality is as expected, being nice and rough for exfoliation, but notes a drawback in the product's length compared to similar items, which affects comfort during use [2].",7.25
Is the quality of the bath wash up to par,The product has been given as the following : Salux Nylon Japanese Beauty Skin Bath Wash Cloth/towel (3)blue Yellow and Pink,147,"['title: Super durable and of high quality \ntext: Super durable and of high quality. As a man I like the coarseness but my girlfriend finds it to be to much.', 'title: very good quality. I purchased what I thought was a ... \ntext: These are just what I wanted and well worth the money, very good quality. I purchased what I thought was a good product at a name brand store and they fell apart.  These will be the ones I buy from now on.', 'title: Good for price. Not the best quality \ntext: Not the quality I was expecting, but it does do the job.I was searching for the straight line thread design.']","The product is described as super durable and of high quality, with one user appreciating its coarseness, although it may not be suitable for everyone [0]. Another user praises the product for being very good quality and worth the money, especially compared to a previous purchase from a name brand store that fell apart [1]. However, a different user notes that while the product is good for the price, it does not meet their expectations for quality, although it is functional [2].",7.25
Is the quality of the bath wash up to par,The product has been given as the following : Salux Nylon Japanese Beauty Skin Bath Wash Cloth/towel (3)blue Yellow and Pink,156,"['title: Super durable and of high quality \ntext: Super durable and of high quality. As a man I like the coarseness but my girlfriend finds it to be to much.', 'title: Not Original Salux \ntext: Not the original Salux. The quality is not as good as the towels I purchased from a different seller 3 yrs ago.', ""title: Will do the job in a pinch. \ntext: The quality itself is as it should be (nice and rough/exfoliating), and I do like the colors. My main issue is with the fact that this isn't nearly as long as the same type of wash cloths sold at a nearby Japanese dollar store here. I was expecting the same length and these are a good 1/4 of the length shorter. Still possible to reach your back and all, but just a bit less comfortable to use.""]","The product is described as super durable and of high quality, with a coarse texture that some users appreciate, although it may be too rough for others [0]. However, there are concerns about the authenticity and quality of the product, as one user noted it is not the original Salux and does not match the quality of similar towels purchased previously [1]. Another user mentioned that while the quality is satisfactory in terms of texture and color, the product is shorter than expected, which affects its usability [2].",7.0
Is the quality of the bath wash up to par,The product has been given as the following : Salux Nylon Japanese Beauty Skin Bath Wash Cloth/towel (3)blue Yellow and Pink,157,"['title: Super durable and of high quality \ntext: Super durable and of high quality. As a man I like the coarseness but my girlfriend finds it to be to much.', 'title: Not Original Salux \ntext: Not the original Salux. The quality is not as good as the towels I purchased from a different seller 3 yrs ago.', 'title: Good for price. Not the best quality \ntext: Not the quality I was expecting, but it does do the job.I was searching for the straight line thread design.']","The comments provide mixed reviews regarding the quality of the product. One user appreciates the product's durability and quality, although they note that the texture might be too coarse for some users, such as their girlfriend [0]. Another user expresses disappointment, stating that the product is not the original Salux and that its quality does not match that of similar products purchased from a different seller three years ago [1]. A third user mentions that while the product is good for its price, it does not meet their quality expectations, particularly in terms of the design they were looking for [2].",6.75
Is the quality of the bath wash up to par,The product has been given as the following : Salux Nylon Japanese Beauty Skin Bath Wash Cloth/towel (3)blue Yellow and Pink,167,"['title: Super durable and of high quality \ntext: Super durable and of high quality. As a man I like the coarseness but my girlfriend finds it to be to much.', ""title: Will do the job in a pinch. \ntext: The quality itself is as it should be (nice and rough/exfoliating), and I do like the colors. My main issue is with the fact that this isn't nearly as long as the same type of wash cloths sold at a nearby Japanese dollar store here. I was expecting the same length and these are a good 1/4 of the length shorter. Still possible to reach your back and all, but just a bit less comfortable to use."", 'title: Good for price. Not the best quality \ntext: Not the quality I was expecting, but it does do the job.I was searching for the straight line thread design.']","The product is described as super durable and of high quality, with a coarse texture that some users appreciate, although it may be too much for others [0]. While the quality is generally satisfactory, with a nice rough texture suitable for exfoliating, there are concerns about the product's length compared to similar items, which affects comfort [1]. Additionally, the quality does not meet some users' expectations, particularly in terms of design, although it is considered adequate for the price [2].",7.0
Is the quality of the bath wash up to par,The product has been given as the following : Salux Nylon Japanese Beauty Skin Bath Wash Cloth/towel (3)blue Yellow and Pink,234,"['title: quality went down \ntext: i’m not sure when the quality went down, but these are not the same ones i’ve been buying. The end he’s got frayed super easily and made them look old and raggedy. I’ve had some for longer and the edges are better trimmed and looks great considering. Still scrubbed well, just looks bad', 'title: Great product \ntext: This is a great product to exfoliate your body with not to hard not to soft', 'title: very good quality. I purchased what I thought was a ... \ntext: These are just what I wanted and well worth the money, very good quality. I purchased what I thought was a good product at a name brand store and they fell apart.  These will be the ones I buy from now on.']","The quality of the product appears to have declined over time, as one user noted that the edges of the product frayed easily, making them look old and raggedy, despite still performing well in terms of scrubbing [0]. Another user praised the product for its balanced texture, being neither too hard nor too soft, which makes it effective for exfoliating the body [1]. A third user expressed satisfaction with the product's quality, stating that it was well worth the money and superior to a similar product purchased from a name brand store, which fell apart [2].",7.25
Is the quality of the bath wash up to par,The product has been given as the following : Salux Nylon Japanese Beauty Skin Bath Wash Cloth/towel (3)blue Yellow and Pink,235,"['title: quality went down \ntext: i’m not sure when the quality went down, but these are not the same ones i’ve been buying. The end he’s got frayed super easily and made them look old and raggedy. I’ve had some for longer and the edges are better trimmed and looks great considering. Still scrubbed well, just looks bad', 'title: Great product \ntext: This is a great product to exfoliate your body with not to hard not to soft', 'title: Not Original Salux \ntext: Not the original Salux. The quality is not as good as the towels I purchased from a different seller 3 yrs ago.']","Several users have expressed concerns about the declining quality of the product. One user noted that the edges of the product frayed easily, making them appear old and raggedy, despite still functioning well for scrubbing purposes [0]. Another user mentioned that the product is not as good as the original Salux towels they purchased from a different seller three years ago, indicating a drop in quality [2]. However, one user praised the product for being effective in exfoliating the body, describing it as neither too hard nor too soft [1].",7.25
Is the quality of the bath wash up to par,The product has been given as the following : Salux Nylon Japanese Beauty Skin Bath Wash Cloth/towel (3)blue Yellow and Pink,236,"['title: quality went down \ntext: i’m not sure when the quality went down, but these are not the same ones i’ve been buying. The end he’s got frayed super easily and made them look old and raggedy. I’ve had some for longer and the edges are better trimmed and looks great considering. Still scrubbed well, just looks bad', 'title: Great product \ntext: This is a great product to exfoliate your body with not to hard not to soft', ""title: Will do the job in a pinch. \ntext: The quality itself is as it should be (nice and rough/exfoliating), and I do like the colors. My main issue is with the fact that this isn't nearly as long as the same type of wash cloths sold at a nearby Japanese dollar store here. I was expecting the same length and these are a good 1/4 of the length shorter. Still possible to reach your back and all, but just a bit less comfortable to use.""]","One user expressed dissatisfaction with the product's quality, noting that the edges frayed easily, making them appear old and raggedy, despite still functioning well for scrubbing purposes [0]. Another user praised the product for its effective exfoliation, describing it as neither too hard nor too soft [1]. A third user found the quality to be satisfactory in terms of texture and color but was disappointed by the shorter length compared to similar products, which affected comfort during use [2].",7.25
Is the quality of the bath wash up to par,The product has been given as the following : Salux Nylon Japanese Beauty Skin Bath Wash Cloth/towel (3)blue Yellow and Pink,237,"['title: quality went down \ntext: i’m not sure when the quality went down, but these are not the same ones i’ve been buying. The end he’s got frayed super easily and made them look old and raggedy. I’ve had some for longer and the edges are better trimmed and looks great considering. Still scrubbed well, just looks bad', 'title: Great product \ntext: This is a great product to exfoliate your body with not to hard not to soft', 'title: Good for price. Not the best quality \ntext: Not the quality I was expecting, but it does do the job.I was searching for the straight line thread design.']","One user expressed disappointment with the product's quality, noting that the edges frayed easily, making them look old and raggedy, despite still functioning well for scrubbing purposes [0]. Another user found the product effective for exfoliation, describing it as neither too hard nor too soft, suggesting satisfaction with its performance [1]. A third user mentioned that while the product was good for the price, it did not meet their quality expectations, as they were looking for a specific thread design [2].",7.25
Is the quality of the bath wash up to par,The product has been given as the following : Salux Nylon Japanese Beauty Skin Bath Wash Cloth/towel (3)blue Yellow and Pink,245,"['title: quality went down \ntext: i’m not sure when the quality went down, but these are not the same ones i’ve been buying. The end he’s got frayed super easily and made them look old and raggedy. I’ve had some for longer and the edges are better trimmed and looks great considering. Still scrubbed well, just looks bad', 'title: very good quality. I purchased what I thought was a ... \ntext: These are just what I wanted and well worth the money, very good quality. I purchased what I thought was a good product at a name brand store and they fell apart.  These will be the ones I buy from now on.', 'title: Not Original Salux \ntext: Not the original Salux. The quality is not as good as the towels I purchased from a different seller 3 yrs ago.']","Several users have expressed concerns about the decline in product quality. One user noted that the product they received recently is not the same as previous purchases, with frayed edges that make them look old and raggedy, although they still function well for scrubbing [0]. Another user praised the product for its very good quality and value for money, especially compared to a name-brand product that fell apart, indicating a positive experience with the current quality [1]. However, another user mentioned that the product is not the original Salux and that its quality does not match the towels they bought from a different seller three years ago [2].",7.25
Is the quality of the bath wash up to par,The product has been given as the following : Salux Nylon Japanese Beauty Skin Bath Wash Cloth/towel (3)blue Yellow and Pink,246,"['title: quality went down \ntext: i’m not sure when the quality went down, but these are not the same ones i’ve been buying. The end he’s got frayed super easily and made them look old and raggedy. I’ve had some for longer and the edges are better trimmed and looks great considering. Still scrubbed well, just looks bad', 'title: very good quality. I purchased what I thought was a ... \ntext: These are just what I wanted and well worth the money, very good quality. I purchased what I thought was a good product at a name brand store and they fell apart.  These will be the ones I buy from now on.', ""title: Will do the job in a pinch. \ntext: The quality itself is as it should be (nice and rough/exfoliating), and I do like the colors. My main issue is with the fact that this isn't nearly as long as the same type of wash cloths sold at a nearby Japanese dollar store here. I was expecting the same length and these are a good 1/4 of the length shorter. Still possible to reach your back and all, but just a bit less comfortable to use.""]","The comments provide mixed reviews on the quality of the product. One user expressed disappointment, noting that the quality has declined over time, with the edges fraying easily and making the product look old and raggedy, although it still functions well for scrubbing [0]. Another user praised the product for its very good quality, stating it was worth the money and superior to a similar product from a name brand store that fell apart, indicating a preference for this product in future purchases [1]. A third user found the quality to be satisfactory, appreciating the rough texture for exfoliation, but noted a discrepancy in length compared to similar products, which affected comfort during use [2].",7.25
Is the quality of the bath wash up to par,The product has been given as the following : Salux Nylon Japanese Beauty Skin Bath Wash Cloth/towel (3)blue Yellow and Pink,247,"['title: quality went down \ntext: i’m not sure when the quality went down, but these are not the same ones i’ve been buying. The end he’s got frayed super easily and made them look old and raggedy. I’ve had some for longer and the edges are better trimmed and looks great considering. Still scrubbed well, just looks bad', 'title: very good quality. I purchased what I thought was a ... \ntext: These are just what I wanted and well worth the money, very good quality. I purchased what I thought was a good product at a name brand store and they fell apart.  These will be the ones I buy from now on.', 'title: Good for price. Not the best quality \ntext: Not the quality I was expecting, but it does do the job.I was searching for the straight line thread design.']","The comments reflect mixed opinions on the quality of the product. One user expressed disappointment, noting that the quality has declined over time, with the edges fraying easily and making the product look old and raggedy, although it still functions well [0]. Another user praised the product for its very good quality and value for money, especially compared to a name-brand product that fell apart, indicating satisfaction with the purchase [1]. A third user found the product to be good for the price but not of the best quality, as it did not meet their expectations for a specific design feature [2].",7.25
Is the quality of the bath wash up to par,The product has been given as the following : Salux Nylon Japanese Beauty Skin Bath Wash Cloth/towel (3)blue Yellow and Pink,256,"['title: quality went down \ntext: i’m not sure when the quality went down, but these are not the same ones i’ve been buying. The end he’s got frayed super easily and made them look old and raggedy. I’ve had some for longer and the edges are better trimmed and looks great considering. Still scrubbed well, just looks bad', 'title: Not Original Salux \ntext: Not the original Salux. The quality is not as good as the towels I purchased from a different seller 3 yrs ago.', ""title: Will do the job in a pinch. \ntext: The quality itself is as it should be (nice and rough/exfoliating), and I do like the colors. My main issue is with the fact that this isn't nearly as long as the same type of wash cloths sold at a nearby Japanese dollar store here. I was expecting the same length and these are a good 1/4 of the length shorter. Still possible to reach your back and all, but just a bit less comfortable to use.""]","Several users have expressed concerns about the decline in product quality. One user noted that the product's edges frayed easily, making them look old and raggedy, despite still functioning well for scrubbing purposes. This user compared the current product unfavorably to previous purchases, which had better-trimmed edges and maintained a good appearance over time [0]. Another user mentioned that the product is not the original Salux and that its quality does not match that of similar towels bought from a different seller three years ago [1]. A third user found the quality to be satisfactory in terms of texture and color but was disappointed by the shorter length compared to similar products available locally, which affected comfort during use [2].",7.25
Is the quality of the bath wash up to par,The product has been given as the following : Salux Nylon Japanese Beauty Skin Bath Wash Cloth/towel (3)blue Yellow and Pink,257,"['title: quality went down \ntext: i’m not sure when the quality went down, but these are not the same ones i’ve been buying. The end he’s got frayed super easily and made them look old and raggedy. I’ve had some for longer and the edges are better trimmed and looks great considering. Still scrubbed well, just looks bad', 'title: Not Original Salux \ntext: Not the original Salux. The quality is not as good as the towels I purchased from a different seller 3 yrs ago.', 'title: Good for price. Not the best quality \ntext: Not the quality I was expecting, but it does do the job.I was searching for the straight line thread design.']","Several users have expressed concerns about the declining quality of the product. One user noted that the product's edges frayed easily, making them appear old and raggedy, despite still functioning well for scrubbing purposes [0]. Another user mentioned that the product is not the original Salux and that its quality does not match that of similar towels purchased from a different seller three years ago [1]. Additionally, a user commented that while the product is good for its price, it did not meet their quality expectations, particularly in terms of design [2].",7.25
Is the quality of the bath wash up to par,The product has been given as the following : Salux Nylon Japanese Beauty Skin Bath Wash Cloth/towel (3)blue Yellow and Pink,267,"['title: quality went down \ntext: i’m not sure when the quality went down, but these are not the same ones i’ve been buying. The end he’s got frayed super easily and made them look old and raggedy. I’ve had some for longer and the edges are better trimmed and looks great considering. Still scrubbed well, just looks bad', ""title: Will do the job in a pinch. \ntext: The quality itself is as it should be (nice and rough/exfoliating), and I do like the colors. My main issue is with the fact that this isn't nearly as long as the same type of wash cloths sold at a nearby Japanese dollar store here. I was expecting the same length and these are a good 1/4 of the length shorter. Still possible to reach your back and all, but just a bit less comfortable to use."", 'title: Good for price. Not the best quality \ntext: Not the quality I was expecting, but it does do the job.I was searching for the straight line thread design.']","Several users have expressed concerns about the quality of the product. One user noted that the product's quality has declined, with the edges fraying easily, making them appear old and raggedy, although they still function well for scrubbing [0]. Another user mentioned that while the quality is satisfactory in terms of texture and color, the product is shorter than expected, which affects its usability [1]. A third user commented that the product is not of the quality they anticipated, although it is functional for its intended purpose [2].",7.25
Is the quality of the bath wash up to par,The product has been given as the following : Salux Nylon Japanese Beauty Skin Bath Wash Cloth/towel (3)blue Yellow and Pink,345,"['title: Great product \ntext: This is a great product to exfoliate your body with not to hard not to soft', 'title: very good quality. I purchased what I thought was a ... \ntext: These are just what I wanted and well worth the money, very good quality. I purchased what I thought was a good product at a name brand store and they fell apart.  These will be the ones I buy from now on.', 'title: Not Original Salux \ntext: Not the original Salux. The quality is not as good as the towels I purchased from a different seller 3 yrs ago.']","The product is praised for its effectiveness in exfoliating the body, being described as neither too hard nor too soft, which suggests a balanced quality that meets user expectations [0]. Another user highlights the product's good quality and value for money, noting that it outperforms a similar product purchased from a name brand store, which fell apart, indicating durability and reliability [1]. However, one user expressed dissatisfaction, stating that the product is not the original Salux and that its quality does not match that of towels purchased from a different seller three years ago, suggesting a decline in quality or inconsistency in manufacturing [2].",7.25
Is the quality of the bath wash up to par,The product has been given as the following : Salux Nylon Japanese Beauty Skin Bath Wash Cloth/towel (3)blue Yellow and Pink,346,"['title: Great product \ntext: This is a great product to exfoliate your body with not to hard not to soft', 'title: very good quality. I purchased what I thought was a ... \ntext: These are just what I wanted and well worth the money, very good quality. I purchased what I thought was a good product at a name brand store and they fell apart.  These will be the ones I buy from now on.', ""title: Will do the job in a pinch. \ntext: The quality itself is as it should be (nice and rough/exfoliating), and I do like the colors. My main issue is with the fact that this isn't nearly as long as the same type of wash cloths sold at a nearby Japanese dollar store here. I was expecting the same length and these are a good 1/4 of the length shorter. Still possible to reach your back and all, but just a bit less comfortable to use.""]","The product is praised for its effectiveness in exfoliating the body, being described as neither too hard nor too soft, which contributes to its overall quality [0]. Another user highlights the product's durability and value for money, noting that it outperforms similar items purchased from a name brand store that fell apart, making it their preferred choice for future purchases [1]. While the quality is affirmed as satisfactory, one user mentions a drawback regarding the product's length, which is shorter than expected compared to similar items from a Japanese dollar store, affecting comfort during use [2].",7.25
Is the quality of the bath wash up to par,The product has been given as the following : Salux Nylon Japanese Beauty Skin Bath Wash Cloth/towel (3)blue Yellow and Pink,347,"['title: Great product \ntext: This is a great product to exfoliate your body with not to hard not to soft', 'title: very good quality. I purchased what I thought was a ... \ntext: These are just what I wanted and well worth the money, very good quality. I purchased what I thought was a good product at a name brand store and they fell apart.  These will be the ones I buy from now on.', 'title: Good for price. Not the best quality \ntext: Not the quality I was expecting, but it does do the job.I was searching for the straight line thread design.']","The product is praised for its effectiveness in exfoliating the body, being described as neither too hard nor too soft, which contributes to its overall quality [0]. Another user highlights the product's good quality, noting that it is well worth the money and superior to a previous purchase from a name brand store that fell apart, indicating a preference for this product moving forward [1]. However, another comment mentions that while the product is good for the price, it does not meet the user's quality expectations, although it still performs its intended function [2].",7.25
Is the quality of the bath wash up to par,The product has been given as the following : Salux Nylon Japanese Beauty Skin Bath Wash Cloth/towel (3)blue Yellow and Pink,356,"['title: Great product \ntext: This is a great product to exfoliate your body with not to hard not to soft', 'title: Not Original Salux \ntext: Not the original Salux. The quality is not as good as the towels I purchased from a different seller 3 yrs ago.', ""title: Will do the job in a pinch. \ntext: The quality itself is as it should be (nice and rough/exfoliating), and I do like the colors. My main issue is with the fact that this isn't nearly as long as the same type of wash cloths sold at a nearby Japanese dollar store here. I was expecting the same length and these are a good 1/4 of the length shorter. Still possible to reach your back and all, but just a bit less comfortable to use.""]","The product is praised for its effective exfoliating properties, being neither too hard nor too soft, which contributes to its overall quality as a body exfoliator [0]. However, there are concerns about the authenticity and quality of the product, as one user noted it is not the original Salux and does not match the quality of similar towels purchased from a different seller three years ago [1]. Another user mentioned that while the quality is as expected in terms of texture, the product is shorter than similar washcloths available at local stores, which affects its usability and comfort [2].",7.25
Is the quality of the bath wash up to par,The product has been given as the following : Salux Nylon Japanese Beauty Skin Bath Wash Cloth/towel (3)blue Yellow and Pink,357,"['title: Great product \ntext: This is a great product to exfoliate your body with not to hard not to soft', 'title: Not Original Salux \ntext: Not the original Salux. The quality is not as good as the towels I purchased from a different seller 3 yrs ago.', 'title: Good for price. Not the best quality \ntext: Not the quality I was expecting, but it does do the job.I was searching for the straight line thread design.']","The product is praised for its effectiveness in exfoliating the body, striking a balance between being too hard and too soft, which contributes to its positive reception [0]. However, some users have expressed dissatisfaction with the quality, noting that it does not match the original Salux towels they purchased previously, indicating a decline in quality [1]. Additionally, while the product is considered good for its price, it falls short of some users' quality expectations, particularly in terms of design features like the straight line thread [2].",7.25
Is the quality of the bath wash up to par,The product has been given as the following : Salux Nylon Japanese Beauty Skin Bath Wash Cloth/towel (3)blue Yellow and Pink,367,"['title: Great product \ntext: This is a great product to exfoliate your body with not to hard not to soft', ""title: Will do the job in a pinch. \ntext: The quality itself is as it should be (nice and rough/exfoliating), and I do like the colors. My main issue is with the fact that this isn't nearly as long as the same type of wash cloths sold at a nearby Japanese dollar store here. I was expecting the same length and these are a good 1/4 of the length shorter. Still possible to reach your back and all, but just a bit less comfortable to use."", 'title: Good for price. Not the best quality \ntext: Not the quality I was expecting, but it does do the job.I was searching for the straight line thread design.']","The product is praised for its exfoliating qualities, being described as neither too hard nor too soft, making it effective for body exfoliation [0]. Another user appreciates the rough texture suitable for exfoliation but notes a drawback in the product's length, which is shorter than expected, affecting comfort during use [1]. Additionally, while the product is considered good for its price, it does not meet the user's quality expectations, particularly in terms of design [2].",7.25
Is the quality of the bath wash up to par,The product has been given as the following : Salux Nylon Japanese Beauty Skin Bath Wash Cloth/towel (3)blue Yellow and Pink,456,"['title: very good quality. I purchased what I thought was a ... \ntext: These are just what I wanted and well worth the money, very good quality. I purchased what I thought was a good product at a name brand store and they fell apart.  These will be the ones I buy from now on.', 'title: Not Original Salux \ntext: Not the original Salux. The quality is not as good as the towels I purchased from a different seller 3 yrs ago.', ""title: Will do the job in a pinch. \ntext: The quality itself is as it should be (nice and rough/exfoliating), and I do like the colors. My main issue is with the fact that this isn't nearly as long as the same type of wash cloths sold at a nearby Japanese dollar store here. I was expecting the same length and these are a good 1/4 of the length shorter. Still possible to reach your back and all, but just a bit less comfortable to use.""]","The comments provide mixed reviews on the quality of the product. One user expressed satisfaction, stating that the product is of very good quality and worth the money, especially compared to a previous purchase from a name brand store that fell apart [0]. Another user, however, noted that the product is not the original Salux and that its quality does not match that of towels purchased from a different seller three years ago [1]. A third user mentioned that while the quality is as expected, the product is shorter than similar items available at a local store, making it slightly less comfortable to use [2].",7.25
Is the quality of the bath wash up to par,The product has been given as the following : Salux Nylon Japanese Beauty Skin Bath Wash Cloth/towel (3)blue Yellow and Pink,457,"['title: very good quality. I purchased what I thought was a ... \ntext: These are just what I wanted and well worth the money, very good quality. I purchased what I thought was a good product at a name brand store and they fell apart.  These will be the ones I buy from now on.', 'title: Not Original Salux \ntext: Not the original Salux. The quality is not as good as the towels I purchased from a different seller 3 yrs ago.', 'title: Good for price. Not the best quality \ntext: Not the quality I was expecting, but it does do the job.I was searching for the straight line thread design.']","The comments provide mixed reviews on the quality of the product. One user expressed satisfaction, stating that the product is of very good quality and worth the money, especially compared to a previous purchase from a name brand store that fell apart [0]. Another user, however, noted that the product is not the original Salux and that its quality does not match the towels they bought from a different seller three years ago [1]. A third user mentioned that while the product is good for the price, it does not meet their quality expectations, although it serves its purpose [2].",7.25
Is the quality of the bath wash up to par,The product has been given as the following : Salux Nylon Japanese Beauty Skin Bath Wash Cloth/towel (3)blue Yellow and Pink,467,"['title: very good quality. I purchased what I thought was a ... \ntext: These are just what I wanted and well worth the money, very good quality. I purchased what I thought was a good product at a name brand store and they fell apart.  These will be the ones I buy from now on.', ""title: Will do the job in a pinch. \ntext: The quality itself is as it should be (nice and rough/exfoliating), and I do like the colors. My main issue is with the fact that this isn't nearly as long as the same type of wash cloths sold at a nearby Japanese dollar store here. I was expecting the same length and these are a good 1/4 of the length shorter. Still possible to reach your back and all, but just a bit less comfortable to use."", 'title: Good for price. Not the best quality \ntext: Not the quality I was expecting, but it does do the job.I was searching for the straight line thread design.']","The product is praised for its quality, with one user noting that it is very good and worth the money, especially compared to a previous purchase from a name brand store that fell apart [0]. Another user mentions that while the quality is as expected, the product is shorter than similar items from a Japanese dollar store, making it slightly less comfortable to use [1]. A third user comments that the product is good for the price but not the best quality, as it did not meet their expectations for a specific design [2].",7.25
Is the quality of the bath wash up to par,The product has been given as the following : Salux Nylon Japanese Beauty Skin Bath Wash Cloth/towel (3)blue Yellow and Pink,567,"['title: Not Original Salux \ntext: Not the original Salux. The quality is not as good as the towels I purchased from a different seller 3 yrs ago.', ""title: Will do the job in a pinch. \ntext: The quality itself is as it should be (nice and rough/exfoliating), and I do like the colors. My main issue is with the fact that this isn't nearly as long as the same type of wash cloths sold at a nearby Japanese dollar store here. I was expecting the same length and these are a good 1/4 of the length shorter. Still possible to reach your back and all, but just a bit less comfortable to use."", 'title: Good for price. Not the best quality \ntext: Not the quality I was expecting, but it does do the job.I was searching for the straight line thread design.']","The quality of the product has received mixed reviews. One user noted that the product is not the original Salux and that its quality does not match the towels they purchased from a different seller three years ago, indicating a decline in quality over time [0]. Another user mentioned that while the quality is as expected—nice and rough for exfoliating—the product is shorter than similar washcloths available at a local Japanese dollar store, making it slightly less comfortable to use [1]. A third user expressed that the product does the job but is not of the quality they were expecting, as they were searching for a specific thread design [2].",7.0
Is the quality of the bath wash up to par,The product has been given as the following : Salux Nylon Japanese Beauty Skin Bath Wash Cloth/towel (3)blue Yellow and Pink,0123,"['title: Quality Issues \ntext: Compared to other similar, they become way too soft as to no longer be able to exfoliate and they also quickly fall apart.', 'title: Super durable and of high quality \ntext: Super durable and of high quality. As a man I like the coarseness but my girlfriend finds it to be to much.', 'title: quality went down \ntext: i’m not sure when the quality went down, but these are not the same ones i’ve been buying. The end he’s got frayed super easily and made them look old and raggedy. I’ve had some for longer and the edges are better trimmed and looks great considering. Still scrubbed well, just looks bad', 'title: Great product \ntext: This is a great product to exfoliate your body with not to hard not to soft']","The comments reflect mixed opinions on the quality of the product. One user notes that the product becomes too soft over time, losing its exfoliating ability and falling apart quickly, which suggests a decline in quality compared to similar products [0]. Another user praises the product for being super durable and of high quality, appreciating its coarseness, although it may be too coarse for some users [1]. A different comment indicates a perceived decline in quality, mentioning that the product's edges fray easily, making them look old and raggedy, despite still performing well in terms of scrubbing [2]. Conversely, another user finds the product to be well-balanced for exfoliation, being neither too hard nor too soft [3].",8.0
Is the quality of the bath wash up to par,The product has been given as the following : Salux Nylon Japanese Beauty Skin Bath Wash Cloth/towel (3)blue Yellow and Pink,0124,"['title: Quality Issues \ntext: Compared to other similar, they become way too soft as to no longer be able to exfoliate and they also quickly fall apart.', 'title: Super durable and of high quality \ntext: Super durable and of high quality. As a man I like the coarseness but my girlfriend finds it to be to much.', 'title: quality went down \ntext: i’m not sure when the quality went down, but these are not the same ones i’ve been buying. The end he’s got frayed super easily and made them look old and raggedy. I’ve had some for longer and the edges are better trimmed and looks great considering. Still scrubbed well, just looks bad', 'title: very good quality. I purchased what I thought was a ... \ntext: These are just what I wanted and well worth the money, very good quality. I purchased what I thought was a good product at a name brand store and they fell apart.  These will be the ones I buy from now on.']","The comments present mixed reviews regarding the quality of the product. One user notes that the product becomes too soft over time, losing its exfoliating ability and falling apart quickly, which suggests a decline in quality compared to similar products [0]. Another user praises the product for being super durable and of high quality, although they mention that the coarseness might not be suitable for everyone [1]. A different comment indicates a perceived decline in quality, with the product's edges fraying easily, making them look old and raggedy, although they still function well [2]. Conversely, another user expresses satisfaction with the product's quality, stating that it is well worth the money and superior to a similar product purchased from a name brand store [3].",8.0
Is the quality of the bath wash up to par,The product has been given as the following : Salux Nylon Japanese Beauty Skin Bath Wash Cloth/towel (3)blue Yellow and Pink,0125,"['title: Quality Issues \ntext: Compared to other similar, they become way too soft as to no longer be able to exfoliate and they also quickly fall apart.', 'title: Super durable and of high quality \ntext: Super durable and of high quality. As a man I like the coarseness but my girlfriend finds it to be to much.', 'title: quality went down \ntext: i’m not sure when the quality went down, but these are not the same ones i’ve been buying. The end he’s got frayed super easily and made them look old and raggedy. I’ve had some for longer and the edges are better trimmed and looks great considering. Still scrubbed well, just looks bad', 'title: Not Original Salux \ntext: Not the original Salux. The quality is not as good as the towels I purchased from a different seller 3 yrs ago.']","The comments reflect mixed opinions on the quality of the product. One user noted that the product becomes too soft to exfoliate effectively and falls apart quickly, indicating a decline in quality compared to similar products [0]. Another user praised the product for being super durable and of high quality, although they mentioned that the coarseness might not be suitable for everyone [1]. A different user expressed disappointment, stating that the quality has deteriorated over time, with the product's edges fraying easily, making them appear old and raggedy, although they still function well [2]. Lastly, a user mentioned that the product is not the original Salux and that its quality is inferior to similar towels purchased from a different seller three years ago [3].",8.0
Is the quality of the bath wash up to par,The product has been given as the following : Salux Nylon Japanese Beauty Skin Bath Wash Cloth/towel (3)blue Yellow and Pink,0126,"['title: Quality Issues \ntext: Compared to other similar, they become way too soft as to no longer be able to exfoliate and they also quickly fall apart.', 'title: Super durable and of high quality \ntext: Super durable and of high quality. As a man I like the coarseness but my girlfriend finds it to be to much.', 'title: quality went down \ntext: i’m not sure when the quality went down, but these are not the same ones i’ve been buying. The end he’s got frayed super easily and made them look old and raggedy. I’ve had some for longer and the edges are better trimmed and looks great considering. Still scrubbed well, just looks bad', ""title: Will do the job in a pinch. \ntext: The quality itself is as it should be (nice and rough/exfoliating), and I do like the colors. My main issue is with the fact that this isn't nearly as long as the same type of wash cloths sold at a nearby Japanese dollar store here. I was expecting the same length and these are a good 1/4 of the length shorter. Still possible to reach your back and all, but just a bit less comfortable to use.""]","The comments present mixed reviews regarding the quality of the product. One user notes that the product becomes too soft over time, losing its exfoliating ability and falling apart quickly, which suggests a decline in quality compared to similar products [0]. Another user praises the product for being super durable and of high quality, although they mention that the coarseness may not be suitable for everyone [1]. A different user expresses disappointment, stating that the quality has deteriorated over time, with the product's edges fraying easily, making them look old and raggedy, although they still function well [2]. Lastly, a user finds the quality to be satisfactory in terms of roughness and exfoliation, but they are disappointed with the shorter length compared to similar products, which affects comfort [3].",8.0
Is the quality of the bath wash up to par,The product has been given as the following : Salux Nylon Japanese Beauty Skin Bath Wash Cloth/towel (3)blue Yellow and Pink,0127,"['title: Quality Issues \ntext: Compared to other similar, they become way too soft as to no longer be able to exfoliate and they also quickly fall apart.', 'title: Super durable and of high quality \ntext: Super durable and of high quality. As a man I like the coarseness but my girlfriend finds it to be to much.', 'title: quality went down \ntext: i’m not sure when the quality went down, but these are not the same ones i’ve been buying. The end he’s got frayed super easily and made them look old and raggedy. I’ve had some for longer and the edges are better trimmed and looks great considering. Still scrubbed well, just looks bad', 'title: Good for price. Not the best quality \ntext: Not the quality I was expecting, but it does do the job.I was searching for the straight line thread design.']","The comments present mixed reviews regarding the quality of the product. One user noted that the product becomes too soft over time, losing its exfoliating ability and falling apart quickly, which suggests a decline in quality compared to similar products [0]. Another user praised the product for being super durable and of high quality, appreciating its coarseness, although it may be too coarse for some users [1]. A different user expressed disappointment, stating that the quality has declined, with the product's edges fraying easily, making them look old and raggedy, despite still functioning well [2]. Lastly, a user mentioned that while the product is good for the price, it did not meet their quality expectations, as they were looking for a specific design [3].",8.0
Is the quality of the bath wash up to par,The product has been given as the following : Salux Nylon Japanese Beauty Skin Bath Wash Cloth/towel (3)blue Yellow and Pink,0134,"['title: Quality Issues \ntext: Compared to other similar, they become way too soft as to no longer be able to exfoliate and they also quickly fall apart.', 'title: Super durable and of high quality \ntext: Super durable and of high quality. As a man I like the coarseness but my girlfriend finds it to be to much.', 'title: Great product \ntext: This is a great product to exfoliate your body with not to hard not to soft', 'title: very good quality. I purchased what I thought was a ... \ntext: These are just what I wanted and well worth the money, very good quality. I purchased what I thought was a good product at a name brand store and they fell apart.  These will be the ones I buy from now on.']","The product's quality receives mixed reviews. Some users report that the product becomes too soft over time, losing its exfoliating ability and falling apart quickly, which raises concerns about its durability [0]. However, others praise the product for being super durable and of high quality, with a coarseness that some users appreciate, although it may be too much for others [1]. Another user finds the product to be well-balanced in terms of texture, being neither too hard nor too soft, making it effective for exfoliation [2]. Additionally, the product is described as very good quality and worth the money, especially when compared to similar products from name-brand stores that tend to fall apart [3].",8.0
Is the quality of the bath wash up to par,The product has been given as the following : Salux Nylon Japanese Beauty Skin Bath Wash Cloth/towel (3)blue Yellow and Pink,0135,"['title: Quality Issues \ntext: Compared to other similar, they become way too soft as to no longer be able to exfoliate and they also quickly fall apart.', 'title: Super durable and of high quality \ntext: Super durable and of high quality. As a man I like the coarseness but my girlfriend finds it to be to much.', 'title: Great product \ntext: This is a great product to exfoliate your body with not to hard not to soft', 'title: Not Original Salux \ntext: Not the original Salux. The quality is not as good as the towels I purchased from a different seller 3 yrs ago.']","The product's quality appears to be inconsistent based on user feedback. Some users report that the product becomes too soft over time, losing its exfoliating ability and falling apart quickly, which raises concerns about its durability [0]. Conversely, another user praises the product for being super durable and of high quality, although they note that the coarseness may not be suitable for everyone [1]. Additionally, one user finds the product to be well-balanced in terms of texture, being neither too hard nor too soft for exfoliation [2]. However, there are complaints about the product not being the original Salux, with a noticeable decline in quality compared to previous purchases from a different seller [3].",8.0
Is the quality of the bath wash up to par,The product has been given as the following : Salux Nylon Japanese Beauty Skin Bath Wash Cloth/towel (3)blue Yellow and Pink,0136,"['title: Quality Issues \ntext: Compared to other similar, they become way too soft as to no longer be able to exfoliate and they also quickly fall apart.', 'title: Super durable and of high quality \ntext: Super durable and of high quality. As a man I like the coarseness but my girlfriend finds it to be to much.', 'title: Great product \ntext: This is a great product to exfoliate your body with not to hard not to soft', ""title: Will do the job in a pinch. \ntext: The quality itself is as it should be (nice and rough/exfoliating), and I do like the colors. My main issue is with the fact that this isn't nearly as long as the same type of wash cloths sold at a nearby Japanese dollar store here. I was expecting the same length and these are a good 1/4 of the length shorter. Still possible to reach your back and all, but just a bit less comfortable to use.""]","The product's quality has received mixed reviews. Some users have reported that the product becomes too soft over time, losing its exfoliating ability and falling apart quickly, which raises concerns about its durability [0]. Conversely, other users have praised the product for being super durable and of high quality, with a coarseness that some find appealing, although it may be too much for others [1]. Additionally, the product is described as being effective for exfoliation, striking a balance between being not too hard and not too soft [2]. However, there are some concerns about the product's length, as it is shorter than similar products, which affects its comfort and usability [3].",8.0
Is the quality of the bath wash up to par,The product has been given as the following : Salux Nylon Japanese Beauty Skin Bath Wash Cloth/towel (3)blue Yellow and Pink,0137,"['title: Quality Issues \ntext: Compared to other similar, they become way too soft as to no longer be able to exfoliate and they also quickly fall apart.', 'title: Super durable and of high quality \ntext: Super durable and of high quality. As a man I like the coarseness but my girlfriend finds it to be to much.', 'title: Great product \ntext: This is a great product to exfoliate your body with not to hard not to soft', 'title: Good for price. Not the best quality \ntext: Not the quality I was expecting, but it does do the job.I was searching for the straight line thread design.']","The quality of the product has received mixed reviews. Some users have noted that the product becomes too soft over time, losing its exfoliating ability and falling apart quickly, which raises concerns about its durability [0]. On the other hand, another user praised the product for being super durable and of high quality, although they mentioned that the coarseness might not be suitable for everyone [1]. Additionally, a user described the product as great for exfoliating, striking a balance between being not too hard and not too soft [2]. However, another comment indicated that the quality did not meet expectations, although it was still functional for its intended purpose [3].",8.0
Is the quality of the bath wash up to par,The product has been given as the following : Salux Nylon Japanese Beauty Skin Bath Wash Cloth/towel (3)blue Yellow and Pink,0145,"['title: Quality Issues \ntext: Compared to other similar, they become way too soft as to no longer be able to exfoliate and they also quickly fall apart.', 'title: Super durable and of high quality \ntext: Super durable and of high quality. As a man I like the coarseness but my girlfriend finds it to be to much.', 'title: very good quality. I purchased what I thought was a ... \ntext: These are just what I wanted and well worth the money, very good quality. I purchased what I thought was a good product at a name brand store and they fell apart.  These will be the ones I buy from now on.', 'title: Not Original Salux \ntext: Not the original Salux. The quality is not as good as the towels I purchased from a different seller 3 yrs ago.']","The comments present mixed opinions on the quality of the product. One user notes that the product becomes too soft and falls apart quickly, making it ineffective for exfoliation compared to similar products [0]. Another user praises the product for being super durable and of high quality, although they mention that the coarseness may not be suitable for everyone [1]. A third user expresses satisfaction with the product's quality, stating that it is well worth the money and superior to a previous purchase from a name brand store that fell apart [2]. However, another user criticizes the product for not being the original Salux and claims that the quality is inferior to similar towels purchased from a different seller three years ago [3].",8.0
Is the quality of the bath wash up to par,The product has been given as the following : Salux Nylon Japanese Beauty Skin Bath Wash Cloth/towel (3)blue Yellow and Pink,0146,"['title: Quality Issues \ntext: Compared to other similar, they become way too soft as to no longer be able to exfoliate and they also quickly fall apart.', 'title: Super durable and of high quality \ntext: Super durable and of high quality. As a man I like the coarseness but my girlfriend finds it to be to much.', 'title: very good quality. I purchased what I thought was a ... \ntext: These are just what I wanted and well worth the money, very good quality. I purchased what I thought was a good product at a name brand store and they fell apart.  These will be the ones I buy from now on.', ""title: Will do the job in a pinch. \ntext: The quality itself is as it should be (nice and rough/exfoliating), and I do like the colors. My main issue is with the fact that this isn't nearly as long as the same type of wash cloths sold at a nearby Japanese dollar store here. I was expecting the same length and these are a good 1/4 of the length shorter. Still possible to reach your back and all, but just a bit less comfortable to use.""]","The product's quality has received mixed reviews. Some users have noted that the product becomes too soft over time, losing its exfoliating ability and falling apart quickly compared to similar products [0]. However, others have praised its durability and high quality, with one user appreciating its coarseness, although it may be too much for some [1]. Another user found the product to be of very good quality, stating it was worth the money and superior to a name-brand product that fell apart [2]. Despite these positive remarks, one user mentioned that while the quality is as expected, the product is shorter than similar items, which affects its comfort and usability [3].",8.0
Is the quality of the bath wash up to par,The product has been given as the following : Salux Nylon Japanese Beauty Skin Bath Wash Cloth/towel (3)blue Yellow and Pink,0147,"['title: Quality Issues \ntext: Compared to other similar, they become way too soft as to no longer be able to exfoliate and they also quickly fall apart.', 'title: Super durable and of high quality \ntext: Super durable and of high quality. As a man I like the coarseness but my girlfriend finds it to be to much.', 'title: very good quality. I purchased what I thought was a ... \ntext: These are just what I wanted and well worth the money, very good quality. I purchased what I thought was a good product at a name brand store and they fell apart.  These will be the ones I buy from now on.', 'title: Good for price. Not the best quality \ntext: Not the quality I was expecting, but it does do the job.I was searching for the straight line thread design.']","The comments present mixed opinions on the quality of the product. One user notes that compared to similar products, these become too soft and fall apart quickly, indicating a lack of durability [0]. Another user praises the product for being super durable and of high quality, although they mention that the coarseness might not be suitable for everyone [1]. A third comment highlights the product as being of very good quality and worth the money, especially in comparison to a previous purchase from a name brand store that fell apart [2]. However, another user expresses that the quality was not as expected, although it still performs its intended function [3].",8.0
Is the quality of the bath wash up to par,The product has been given as the following : Salux Nylon Japanese Beauty Skin Bath Wash Cloth/towel (3)blue Yellow and Pink,0156,"['title: Quality Issues \ntext: Compared to other similar, they become way too soft as to no longer be able to exfoliate and they also quickly fall apart.', 'title: Super durable and of high quality \ntext: Super durable and of high quality. As a man I like the coarseness but my girlfriend finds it to be to much.', 'title: Not Original Salux \ntext: Not the original Salux. The quality is not as good as the towels I purchased from a different seller 3 yrs ago.', ""title: Will do the job in a pinch. \ntext: The quality itself is as it should be (nice and rough/exfoliating), and I do like the colors. My main issue is with the fact that this isn't nearly as long as the same type of wash cloths sold at a nearby Japanese dollar store here. I was expecting the same length and these are a good 1/4 of the length shorter. Still possible to reach your back and all, but just a bit less comfortable to use.""]","The product's quality appears to be inconsistent based on user feedback. Some users report that the product becomes too soft and falls apart quickly, making it ineffective for exfoliation compared to similar products [0]. Another user praises the product for being super durable and of high quality, appreciating its coarseness, although it may be too rough for some [1]. However, there are concerns about the product not being the original brand, with a noticeable decline in quality compared to previous purchases from a different seller [2]. Additionally, while the product maintains the desired roughness for exfoliation, its shorter length compared to similar products affects its usability and comfort [3].",8.0
Is the quality of the bath wash up to par,The product has been given as the following : Salux Nylon Japanese Beauty Skin Bath Wash Cloth/towel (3)blue Yellow and Pink,0157,"['title: Quality Issues \ntext: Compared to other similar, they become way too soft as to no longer be able to exfoliate and they also quickly fall apart.', 'title: Super durable and of high quality \ntext: Super durable and of high quality. As a man I like the coarseness but my girlfriend finds it to be to much.', 'title: Not Original Salux \ntext: Not the original Salux. The quality is not as good as the towels I purchased from a different seller 3 yrs ago.', 'title: Good for price. Not the best quality \ntext: Not the quality I was expecting, but it does do the job.I was searching for the straight line thread design.']","The comments on the product's quality are mixed. One user notes that the product becomes too soft over time, losing its ability to exfoliate effectively and falling apart quickly, indicating a decline in quality compared to similar products [0]. Another user praises the product for being super durable and of high quality, although they mention that the coarseness might not be suitable for everyone [1]. A different user expresses disappointment, stating that the product is not the original Salux and does not match the quality of similar towels purchased from another seller three years ago [2]. Lastly, a user comments that while the product is good for its price, it does not meet their quality expectations, although it still performs its intended function [3].",8.0
Is the quality of the bath wash up to par,The product has been given as the following : Salux Nylon Japanese Beauty Skin Bath Wash Cloth/towel (3)blue Yellow and Pink,0167,"['title: Quality Issues \ntext: Compared to other similar, they become way too soft as to no longer be able to exfoliate and they also quickly fall apart.', 'title: Super durable and of high quality \ntext: Super durable and of high quality. As a man I like the coarseness but my girlfriend finds it to be to much.', ""title: Will do the job in a pinch. \ntext: The quality itself is as it should be (nice and rough/exfoliating), and I do like the colors. My main issue is with the fact that this isn't nearly as long as the same type of wash cloths sold at a nearby Japanese dollar store here. I was expecting the same length and these are a good 1/4 of the length shorter. Still possible to reach your back and all, but just a bit less comfortable to use."", 'title: Good for price. Not the best quality \ntext: Not the quality I was expecting, but it does do the job.I was searching for the straight line thread design.']","The product's quality has received mixed reviews. Some users have noted that the product becomes too soft over time, losing its exfoliating ability and falling apart quickly, which raises concerns about its durability [0]. Conversely, another user praised the product for being super durable and of high quality, appreciating its coarseness, although it may be too rough for some [1]. Another comment highlighted that while the product's quality is satisfactory in terms of texture, it is shorter than expected, which affects its usability [2]. Lastly, one user mentioned that the product does the job but did not meet their quality expectations, as they were looking for a specific design [3].",8.0
Is the quality of the bath wash up to par,The product has been given as the following : Salux Nylon Japanese Beauty Skin Bath Wash Cloth/towel (3)blue Yellow and Pink,0234,"['title: Quality Issues \ntext: Compared to other similar, they become way too soft as to no longer be able to exfoliate and they also quickly fall apart.', 'title: quality went down \ntext: i’m not sure when the quality went down, but these are not the same ones i’ve been buying. The end he’s got frayed super easily and made them look old and raggedy. I’ve had some for longer and the edges are better trimmed and looks great considering. Still scrubbed well, just looks bad', 'title: Great product \ntext: This is a great product to exfoliate your body with not to hard not to soft', 'title: very good quality. I purchased what I thought was a ... \ntext: These are just what I wanted and well worth the money, very good quality. I purchased what I thought was a good product at a name brand store and they fell apart.  These will be the ones I buy from now on.']","Several comments highlight varying opinions on the quality of the product. One user notes that the product becomes too soft over time, losing its exfoliating ability and falling apart quickly, which suggests a decline in quality compared to similar products [0]. Another user mentions that the quality has deteriorated, with the product's edges fraying easily, making them appear old and raggedy, although they still function well for scrubbing [1]. Conversely, a different user praises the product for being an effective exfoliant, striking a balance between hardness and softness [2]. Additionally, another comment commends the product for its good quality and durability, especially when compared to a similar product from a name-brand store that fell apart, indicating a preference for this product due to its superior quality [3].",8.0
Is the quality of the bath wash up to par,The product has been given as the following : Salux Nylon Japanese Beauty Skin Bath Wash Cloth/towel (3)blue Yellow and Pink,0235,"['title: Quality Issues \ntext: Compared to other similar, they become way too soft as to no longer be able to exfoliate and they also quickly fall apart.', 'title: quality went down \ntext: i’m not sure when the quality went down, but these are not the same ones i’ve been buying. The end he’s got frayed super easily and made them look old and raggedy. I’ve had some for longer and the edges are better trimmed and looks great considering. Still scrubbed well, just looks bad', 'title: Great product \ntext: This is a great product to exfoliate your body with not to hard not to soft', 'title: Not Original Salux \ntext: Not the original Salux. The quality is not as good as the towels I purchased from a different seller 3 yrs ago.']","Several users have expressed concerns about the quality of the product, noting that it becomes too soft to effectively exfoliate and falls apart quickly compared to similar products [0]. Another user mentioned a decline in quality, with the product's edges fraying easily, making them look old and raggedy, although they still function well for scrubbing [1]. Conversely, one user praised the product for being a great exfoliator, striking a balance between being too hard and too soft [2]. However, another user pointed out that the product is not the original Salux and does not match the quality of similar towels purchased from a different seller three years ago [3].",8.0
Is the quality of the bath wash up to par,The product has been given as the following : Salux Nylon Japanese Beauty Skin Bath Wash Cloth/towel (3)blue Yellow and Pink,0236,"['title: Quality Issues \ntext: Compared to other similar, they become way too soft as to no longer be able to exfoliate and they also quickly fall apart.', 'title: quality went down \ntext: i’m not sure when the quality went down, but these are not the same ones i’ve been buying. The end he’s got frayed super easily and made them look old and raggedy. I’ve had some for longer and the edges are better trimmed and looks great considering. Still scrubbed well, just looks bad', 'title: Great product \ntext: This is a great product to exfoliate your body with not to hard not to soft', ""title: Will do the job in a pinch. \ntext: The quality itself is as it should be (nice and rough/exfoliating), and I do like the colors. My main issue is with the fact that this isn't nearly as long as the same type of wash cloths sold at a nearby Japanese dollar store here. I was expecting the same length and these are a good 1/4 of the length shorter. Still possible to reach your back and all, but just a bit less comfortable to use.""]","Several comments highlight concerns about the quality of the product. One user notes that the product becomes too soft over time, losing its exfoliating ability and falling apart quickly, which suggests durability issues [0]. Another user mentions a decline in quality, with the product's edges fraying easily, making them appear old and raggedy, although they still function well for scrubbing [1]. Conversely, a positive comment describes the product as effective for exfoliation, being neither too hard nor too soft [2]. Another user appreciates the product's rough texture for exfoliation but notes a discrepancy in length compared to similar products, which affects comfort during use [3].",8.0
Is the quality of the bath wash up to par,The product has been given as the following : Salux Nylon Japanese Beauty Skin Bath Wash Cloth/towel (3)blue Yellow and Pink,0237,"['title: Quality Issues \ntext: Compared to other similar, they become way too soft as to no longer be able to exfoliate and they also quickly fall apart.', 'title: quality went down \ntext: i’m not sure when the quality went down, but these are not the same ones i’ve been buying. The end he’s got frayed super easily and made them look old and raggedy. I’ve had some for longer and the edges are better trimmed and looks great considering. Still scrubbed well, just looks bad', 'title: Great product \ntext: This is a great product to exfoliate your body with not to hard not to soft', 'title: Good for price. Not the best quality \ntext: Not the quality I was expecting, but it does do the job.I was searching for the straight line thread design.']","Several comments highlight concerns about the quality of the product. One user noted that the product becomes too soft to effectively exfoliate and falls apart quickly, indicating a decline in durability compared to similar products [0]. Another user expressed uncertainty about when the quality decreased, mentioning that the product's edges fray easily, making them appear old and raggedy, although they still function well for scrubbing [1]. Conversely, a positive review described the product as great for exfoliating, striking a balance between being too hard and too soft [2]. However, another comment mentioned that while the product is good for the price, it did not meet the user's quality expectations, as they were looking for a specific design [3].",8.0
Is the quality of the bath wash up to par,The product has been given as the following : Salux Nylon Japanese Beauty Skin Bath Wash Cloth/towel (3)blue Yellow and Pink,0245,"['title: Quality Issues \ntext: Compared to other similar, they become way too soft as to no longer be able to exfoliate and they also quickly fall apart.', 'title: quality went down \ntext: i’m not sure when the quality went down, but these are not the same ones i’ve been buying. The end he’s got frayed super easily and made them look old and raggedy. I’ve had some for longer and the edges are better trimmed and looks great considering. Still scrubbed well, just looks bad', 'title: very good quality. I purchased what I thought was a ... \ntext: These are just what I wanted and well worth the money, very good quality. I purchased what I thought was a good product at a name brand store and they fell apart.  These will be the ones I buy from now on.', 'title: Not Original Salux \ntext: Not the original Salux. The quality is not as good as the towels I purchased from a different seller 3 yrs ago.']","Several comments highlight concerns about the quality of the product. One user notes that the product becomes too soft to exfoliate effectively and falls apart quickly, indicating a decline in durability compared to similar items [0]. Another user expresses disappointment over the decline in quality, mentioning that the edges fray easily, making the product look old and raggedy, although it still functions well for scrubbing [1]. Conversely, a different user praises the product for its good quality and value for money, stating that it outperforms a similar product purchased from a name-brand store, which fell apart [2]. However, another comment points out that the product is not the original Salux and does not match the quality of towels bought from a different seller three years ago [3].",8.0
Is the quality of the bath wash up to par,The product has been given as the following : Salux Nylon Japanese Beauty Skin Bath Wash Cloth/towel (3)blue Yellow and Pink,0246,"['title: Quality Issues \ntext: Compared to other similar, they become way too soft as to no longer be able to exfoliate and they also quickly fall apart.', 'title: quality went down \ntext: i’m not sure when the quality went down, but these are not the same ones i’ve been buying. The end he’s got frayed super easily and made them look old and raggedy. I’ve had some for longer and the edges are better trimmed and looks great considering. Still scrubbed well, just looks bad', 'title: very good quality. I purchased what I thought was a ... \ntext: These are just what I wanted and well worth the money, very good quality. I purchased what I thought was a good product at a name brand store and they fell apart.  These will be the ones I buy from now on.', ""title: Will do the job in a pinch. \ntext: The quality itself is as it should be (nice and rough/exfoliating), and I do like the colors. My main issue is with the fact that this isn't nearly as long as the same type of wash cloths sold at a nearby Japanese dollar store here. I was expecting the same length and these are a good 1/4 of the length shorter. Still possible to reach your back and all, but just a bit less comfortable to use.""]","Several comments highlight varying opinions on the quality of the product. One user notes that the product becomes too soft to exfoliate effectively and falls apart quickly, indicating a decline in quality compared to similar items [0]. Another user expresses disappointment, mentioning that the product's edges fray easily, making them look old and raggedy, although they still function well for scrubbing [1]. Conversely, a different user praises the product for its very good quality and durability, stating that it is superior to a similar product purchased from a name brand store, which fell apart [2]. Lastly, a user appreciates the product's exfoliating quality but criticizes its shorter length compared to similar products, which affects comfort during use [3].",8.0
Is the quality of the bath wash up to par,The product has been given as the following : Salux Nylon Japanese Beauty Skin Bath Wash Cloth/towel (3)blue Yellow and Pink,0247,"['title: Quality Issues \ntext: Compared to other similar, they become way too soft as to no longer be able to exfoliate and they also quickly fall apart.', 'title: quality went down \ntext: i’m not sure when the quality went down, but these are not the same ones i’ve been buying. The end he’s got frayed super easily and made them look old and raggedy. I’ve had some for longer and the edges are better trimmed and looks great considering. Still scrubbed well, just looks bad', 'title: very good quality. I purchased what I thought was a ... \ntext: These are just what I wanted and well worth the money, very good quality. I purchased what I thought was a good product at a name brand store and they fell apart.  These will be the ones I buy from now on.', 'title: Good for price. Not the best quality \ntext: Not the quality I was expecting, but it does do the job.I was searching for the straight line thread design.']","Several comments highlight concerns about the quality of the product. One user noted that the product becomes too soft to exfoliate effectively and falls apart quickly, indicating a decline in durability compared to similar items [0]. Another user expressed disappointment with the product's quality, mentioning that the edges frayed easily, making them look old and raggedy, although they still functioned well [1]. Conversely, a different user praised the product for its very good quality and durability, stating that it was worth the money and superior to a name-brand alternative that fell apart [2]. However, another comment mentioned that while the product was good for the price, it did not meet the expected quality standards, although it still performed its intended function [3].",8.0
Is the quality of the bath wash up to par,The product has been given as the following : Salux Nylon Japanese Beauty Skin Bath Wash Cloth/towel (3)blue Yellow and Pink,0256,"['title: Quality Issues \ntext: Compared to other similar, they become way too soft as to no longer be able to exfoliate and they also quickly fall apart.', 'title: quality went down \ntext: i’m not sure when the quality went down, but these are not the same ones i’ve been buying. The end he’s got frayed super easily and made them look old and raggedy. I’ve had some for longer and the edges are better trimmed and looks great considering. Still scrubbed well, just looks bad', 'title: Not Original Salux \ntext: Not the original Salux. The quality is not as good as the towels I purchased from a different seller 3 yrs ago.', ""title: Will do the job in a pinch. \ntext: The quality itself is as it should be (nice and rough/exfoliating), and I do like the colors. My main issue is with the fact that this isn't nearly as long as the same type of wash cloths sold at a nearby Japanese dollar store here. I was expecting the same length and these are a good 1/4 of the length shorter. Still possible to reach your back and all, but just a bit less comfortable to use.""]","Several users have expressed concerns about the quality of the product, noting that it becomes too soft to effectively exfoliate and falls apart quickly compared to similar products [0]. Another user mentioned a decline in quality, with the product's edges fraying easily, making them appear old and raggedy, although they still function well for scrubbing [1]. Additionally, one user pointed out that the product is not the original Salux and does not match the quality of towels purchased from a different seller three years ago [2]. However, another user found the quality to be satisfactory in terms of texture, but noted a discrepancy in length compared to similar products, which affects comfort during use [3].",8.0
Is the quality of the bath wash up to par,The product has been given as the following : Salux Nylon Japanese Beauty Skin Bath Wash Cloth/towel (3)blue Yellow and Pink,0257,"['title: Quality Issues \ntext: Compared to other similar, they become way too soft as to no longer be able to exfoliate and they also quickly fall apart.', 'title: quality went down \ntext: i’m not sure when the quality went down, but these are not the same ones i’ve been buying. The end he’s got frayed super easily and made them look old and raggedy. I’ve had some for longer and the edges are better trimmed and looks great considering. Still scrubbed well, just looks bad', 'title: Not Original Salux \ntext: Not the original Salux. The quality is not as good as the towels I purchased from a different seller 3 yrs ago.', 'title: Good for price. Not the best quality \ntext: Not the quality I was expecting, but it does do the job.I was searching for the straight line thread design.']","Several users have expressed concerns about the declining quality of the product. One user noted that the product becomes too soft to effectively exfoliate and falls apart quickly, indicating a significant drop in durability compared to similar products [0]. Another user mentioned that the quality has deteriorated over time, with the edges fraying easily, making the product look old and raggedy, although it still functions well [1]. A third user pointed out that the product is not the original Salux and does not match the quality of towels purchased from a different seller three years ago [2]. Lastly, a user commented that while the product is good for its price, it does not meet their quality expectations, particularly in terms of design [3].",8.0
Is the quality of the bath wash up to par,The product has been given as the following : Salux Nylon Japanese Beauty Skin Bath Wash Cloth/towel (3)blue Yellow and Pink,0267,"['title: Quality Issues \ntext: Compared to other similar, they become way too soft as to no longer be able to exfoliate and they also quickly fall apart.', 'title: quality went down \ntext: i’m not sure when the quality went down, but these are not the same ones i’ve been buying. The end he’s got frayed super easily and made them look old and raggedy. I’ve had some for longer and the edges are better trimmed and looks great considering. Still scrubbed well, just looks bad', ""title: Will do the job in a pinch. \ntext: The quality itself is as it should be (nice and rough/exfoliating), and I do like the colors. My main issue is with the fact that this isn't nearly as long as the same type of wash cloths sold at a nearby Japanese dollar store here. I was expecting the same length and these are a good 1/4 of the length shorter. Still possible to reach your back and all, but just a bit less comfortable to use."", 'title: Good for price. Not the best quality \ntext: Not the quality I was expecting, but it does do the job.I was searching for the straight line thread design.']","Several users have expressed concerns about the quality of the product. One user noted that the product becomes too soft to exfoliate effectively and falls apart quickly compared to similar items [0]. Another user mentioned a decline in quality, observing that the edges fray easily, making the product look old and raggedy, although it still functions well for scrubbing [1]. A third user found the quality to be satisfactory in terms of texture but was disappointed by the shorter length compared to similar products, which affects comfort during use [2]. Lastly, a user commented that while the product does its job, it did not meet their expectations for quality, particularly in terms of design [3].",8.0
Is the quality of the bath wash up to par,The product has been given as the following : Salux Nylon Japanese Beauty Skin Bath Wash Cloth/towel (3)blue Yellow and Pink,0345,"['title: Quality Issues \ntext: Compared to other similar, they become way too soft as to no longer be able to exfoliate and they also quickly fall apart.', 'title: Great product \ntext: This is a great product to exfoliate your body with not to hard not to soft', 'title: very good quality. I purchased what I thought was a ... \ntext: These are just what I wanted and well worth the money, very good quality. I purchased what I thought was a good product at a name brand store and they fell apart.  These will be the ones I buy from now on.', 'title: Not Original Salux \ntext: Not the original Salux. The quality is not as good as the towels I purchased from a different seller 3 yrs ago.']","The comments present mixed reviews regarding the quality of the product. One user expressed dissatisfaction, noting that the product becomes too soft and falls apart quickly, rendering it ineffective for exfoliation [0]. In contrast, another user praised the product for being ideal for body exfoliation, describing it as neither too hard nor too soft [1]. A third user highlighted the product's good quality and value for money, especially in comparison to a previous purchase from a name-brand store that fell apart [2]. However, another user criticized the product for not being the original Salux, stating that the quality is inferior to similar towels purchased three years ago [3].",8.0
Is the quality of the bath wash up to par,The product has been given as the following : Salux Nylon Japanese Beauty Skin Bath Wash Cloth/towel (3)blue Yellow and Pink,0346,"['title: Quality Issues \ntext: Compared to other similar, they become way too soft as to no longer be able to exfoliate and they also quickly fall apart.', 'title: Great product \ntext: This is a great product to exfoliate your body with not to hard not to soft', 'title: very good quality. I purchased what I thought was a ... \ntext: These are just what I wanted and well worth the money, very good quality. I purchased what I thought was a good product at a name brand store and they fell apart.  These will be the ones I buy from now on.', ""title: Will do the job in a pinch. \ntext: The quality itself is as it should be (nice and rough/exfoliating), and I do like the colors. My main issue is with the fact that this isn't nearly as long as the same type of wash cloths sold at a nearby Japanese dollar store here. I was expecting the same length and these are a good 1/4 of the length shorter. Still possible to reach your back and all, but just a bit less comfortable to use.""]","The comments present mixed reviews regarding the quality of the product. One user expressed dissatisfaction, noting that the product becomes too soft to exfoliate effectively and falls apart quickly, indicating a potential issue with durability [0]. Conversely, another user praised the product for being ideal for body exfoliation, striking a balance between being too hard and too soft [1]. A third user highlighted the product's good quality and value for money, especially when compared to a similar product from a name brand store that fell apart, suggesting that this product is more durable [2]. However, another user mentioned that while the quality is as expected, the product is shorter than similar items, which affects comfort during use [3].",8.0
Is the quality of the bath wash up to par,The product has been given as the following : Salux Nylon Japanese Beauty Skin Bath Wash Cloth/towel (3)blue Yellow and Pink,0347,"['title: Quality Issues \ntext: Compared to other similar, they become way too soft as to no longer be able to exfoliate and they also quickly fall apart.', 'title: Great product \ntext: This is a great product to exfoliate your body with not to hard not to soft', 'title: very good quality. I purchased what I thought was a ... \ntext: These are just what I wanted and well worth the money, very good quality. I purchased what I thought was a good product at a name brand store and they fell apart.  These will be the ones I buy from now on.', 'title: Good for price. Not the best quality \ntext: Not the quality I was expecting, but it does do the job.I was searching for the straight line thread design.']","The comments provide mixed reviews on the quality of the product. One user notes that the product becomes too soft and falls apart quickly, making it ineffective for exfoliation compared to similar products [0]. Another user praises the product for being just the right texture for exfoliation, neither too hard nor too soft [1]. A third user expresses satisfaction with the product's quality, stating it is well worth the money and superior to a name-brand alternative that fell apart [2]. However, another user mentions that while the product is not of the expected quality, it still performs its intended function [3].",8.0
Is the quality of the bath wash up to par,The product has been given as the following : Salux Nylon Japanese Beauty Skin Bath Wash Cloth/towel (3)blue Yellow and Pink,0356,"['title: Quality Issues \ntext: Compared to other similar, they become way too soft as to no longer be able to exfoliate and they also quickly fall apart.', 'title: Great product \ntext: This is a great product to exfoliate your body with not to hard not to soft', 'title: Not Original Salux \ntext: Not the original Salux. The quality is not as good as the towels I purchased from a different seller 3 yrs ago.', ""title: Will do the job in a pinch. \ntext: The quality itself is as it should be (nice and rough/exfoliating), and I do like the colors. My main issue is with the fact that this isn't nearly as long as the same type of wash cloths sold at a nearby Japanese dollar store here. I was expecting the same length and these are a good 1/4 of the length shorter. Still possible to reach your back and all, but just a bit less comfortable to use.""]","The quality of the product has received mixed reviews. Some users have noted that the product becomes too soft over time, rendering it ineffective for exfoliation and prone to falling apart quickly [0]. Another user praised the product for being ideal for body exfoliation, describing it as neither too hard nor too soft [1]. However, there are concerns about the authenticity and quality of the product, with one user stating that it is not the original Salux and does not match the quality of similar products purchased from a different seller three years ago [2]. Additionally, while the product is described as having the right texture for exfoliation, there are complaints about its length being shorter than expected, which affects its usability [3].",8.0
Is the quality of the bath wash up to par,The product has been given as the following : Salux Nylon Japanese Beauty Skin Bath Wash Cloth/towel (3)blue Yellow and Pink,0357,"['title: Quality Issues \ntext: Compared to other similar, they become way too soft as to no longer be able to exfoliate and they also quickly fall apart.', 'title: Great product \ntext: This is a great product to exfoliate your body with not to hard not to soft', 'title: Not Original Salux \ntext: Not the original Salux. The quality is not as good as the towels I purchased from a different seller 3 yrs ago.', 'title: Good for price. Not the best quality \ntext: Not the quality I was expecting, but it does do the job.I was searching for the straight line thread design.']","The quality of the product has received mixed reviews. Some users have reported that the product becomes too soft over time, making it ineffective for exfoliation and prone to falling apart quickly [0]. Another user praised the product for being a great exfoliator, striking a balance between being too hard and too soft [1]. However, there are concerns about the product not being the original Salux, with a user noting that the quality is inferior compared to similar towels purchased from a different seller three years ago [2]. Additionally, while one user found the product to be good for its price, they mentioned that it did not meet their quality expectations, particularly in terms of design [3].",8.0
Is the quality of the bath wash up to par,The product has been given as the following : Salux Nylon Japanese Beauty Skin Bath Wash Cloth/towel (3)blue Yellow and Pink,0367,"['title: Quality Issues \ntext: Compared to other similar, they become way too soft as to no longer be able to exfoliate and they also quickly fall apart.', 'title: Great product \ntext: This is a great product to exfoliate your body with not to hard not to soft', ""title: Will do the job in a pinch. \ntext: The quality itself is as it should be (nice and rough/exfoliating), and I do like the colors. My main issue is with the fact that this isn't nearly as long as the same type of wash cloths sold at a nearby Japanese dollar store here. I was expecting the same length and these are a good 1/4 of the length shorter. Still possible to reach your back and all, but just a bit less comfortable to use."", 'title: Good for price. Not the best quality \ntext: Not the quality I was expecting, but it does do the job.I was searching for the straight line thread design.']","The product's quality receives mixed reviews. Some users find it too soft, which affects its exfoliating ability and durability, as it tends to fall apart quickly [0]. Others praise it for being just the right texture for exfoliation, neither too hard nor too soft [1]. While the product is effective in exfoliating, one user notes that it is shorter than expected compared to similar products, which affects its comfort of use [2]. Another user mentions that while the product is functional, it does not meet their quality expectations, particularly in terms of design [3].",8.0
Is the quality of the bath wash up to par,The product has been given as the following : Salux Nylon Japanese Beauty Skin Bath Wash Cloth/towel (3)blue Yellow and Pink,0456,"['title: Quality Issues \ntext: Compared to other similar, they become way too soft as to no longer be able to exfoliate and they also quickly fall apart.', 'title: very good quality. I purchased what I thought was a ... \ntext: These are just what I wanted and well worth the money, very good quality. I purchased what I thought was a good product at a name brand store and they fell apart.  These will be the ones I buy from now on.', 'title: Not Original Salux \ntext: Not the original Salux. The quality is not as good as the towels I purchased from a different seller 3 yrs ago.', ""title: Will do the job in a pinch. \ntext: The quality itself is as it should be (nice and rough/exfoliating), and I do like the colors. My main issue is with the fact that this isn't nearly as long as the same type of wash cloths sold at a nearby Japanese dollar store here. I was expecting the same length and these are a good 1/4 of the length shorter. Still possible to reach your back and all, but just a bit less comfortable to use.""]","Several comments highlight concerns and praises regarding the quality of the product. One user notes that the product becomes too soft to exfoliate effectively and falls apart quickly, indicating a decline in quality compared to similar items [0]. Another user praises the product for its very good quality and durability, contrasting it with a previous purchase from a name brand store that fell apart, suggesting that this product is a better investment [1]. However, a different user mentions that the product is not as good as the original Salux towels they bought three years ago, indicating a perceived drop in quality over time [2]. Lastly, while one user appreciates the product's rough texture for exfoliation, they express disappointment with its shorter length compared to similar products, which affects its usability [3].",8.0
Is the quality of the bath wash up to par,The product has been given as the following : Salux Nylon Japanese Beauty Skin Bath Wash Cloth/towel (3)blue Yellow and Pink,0457,"['title: Quality Issues \ntext: Compared to other similar, they become way too soft as to no longer be able to exfoliate and they also quickly fall apart.', 'title: very good quality. I purchased what I thought was a ... \ntext: These are just what I wanted and well worth the money, very good quality. I purchased what I thought was a good product at a name brand store and they fell apart.  These will be the ones I buy from now on.', 'title: Not Original Salux \ntext: Not the original Salux. The quality is not as good as the towels I purchased from a different seller 3 yrs ago.', 'title: Good for price. Not the best quality \ntext: Not the quality I was expecting, but it does do the job.I was searching for the straight line thread design.']","The comments on the product's quality are mixed. One user expressed dissatisfaction, noting that the product becomes too soft to exfoliate effectively and falls apart quickly, indicating poor durability compared to similar products [0]. Another user praised the product for its quality and value, stating that it surpassed a previous purchase from a name-brand store that fell apart, and they plan to continue buying it [1]. However, a different user mentioned that the product is not the original Salux and does not match the quality of towels purchased from another seller three years ago [2]. Lastly, a user found the product to be good for its price but not of the quality they expected, although it still performs its intended function [3].",8.0
Is the quality of the bath wash up to par,The product has been given as the following : Salux Nylon Japanese Beauty Skin Bath Wash Cloth/towel (3)blue Yellow and Pink,0467,"['title: Quality Issues \ntext: Compared to other similar, they become way too soft as to no longer be able to exfoliate and they also quickly fall apart.', 'title: very good quality. I purchased what I thought was a ... \ntext: These are just what I wanted and well worth the money, very good quality. I purchased what I thought was a good product at a name brand store and they fell apart.  These will be the ones I buy from now on.', ""title: Will do the job in a pinch. \ntext: The quality itself is as it should be (nice and rough/exfoliating), and I do like the colors. My main issue is with the fact that this isn't nearly as long as the same type of wash cloths sold at a nearby Japanese dollar store here. I was expecting the same length and these are a good 1/4 of the length shorter. Still possible to reach your back and all, but just a bit less comfortable to use."", 'title: Good for price. Not the best quality \ntext: Not the quality I was expecting, but it does do the job.I was searching for the straight line thread design.']","The comments provide mixed reviews on the quality of the product. One user noted that the product becomes too soft to exfoliate effectively and falls apart quickly, indicating a quality issue compared to similar products [0]. Another user praised the product for its very good quality and durability, especially when compared to a previous purchase from a name brand store that fell apart, suggesting a positive experience with the product's quality [1]. A third user mentioned that while the quality is as expected in terms of texture, the product is shorter than similar items, which affects comfort but not functionality [2]. Lastly, a user expressed that the product does the job but did not meet their quality expectations, particularly in terms of design [3].",8.0
Is the quality of the bath wash up to par,The product has been given as the following : Salux Nylon Japanese Beauty Skin Bath Wash Cloth/towel (3)blue Yellow and Pink,0567,"['title: Quality Issues \ntext: Compared to other similar, they become way too soft as to no longer be able to exfoliate and they also quickly fall apart.', 'title: Not Original Salux \ntext: Not the original Salux. The quality is not as good as the towels I purchased from a different seller 3 yrs ago.', ""title: Will do the job in a pinch. \ntext: The quality itself is as it should be (nice and rough/exfoliating), and I do like the colors. My main issue is with the fact that this isn't nearly as long as the same type of wash cloths sold at a nearby Japanese dollar store here. I was expecting the same length and these are a good 1/4 of the length shorter. Still possible to reach your back and all, but just a bit less comfortable to use."", 'title: Good for price. Not the best quality \ntext: Not the quality I was expecting, but it does do the job.I was searching for the straight line thread design.']","Several users have expressed concerns about the quality of the product. One user noted that the product becomes too soft to exfoliate effectively and falls apart quickly, indicating a decline in durability compared to similar products [0]. Another user mentioned that the product is not the original Salux and that its quality does not match that of towels purchased from a different seller three years ago, suggesting a decrease in quality over time [1]. A third user found the quality to be satisfactory in terms of texture, but noted a significant reduction in length compared to similar products, which affects usability [2]. Lastly, a user commented that while the product is good for its price, it did not meet their quality expectations, particularly in terms of design [3].",8.0
Is the quality of the bath wash up to par,The product has been given as the following : Salux Nylon Japanese Beauty Skin Bath Wash Cloth/towel (3)blue Yellow and Pink,1234,"['title: Super durable and of high quality \ntext: Super durable and of high quality. As a man I like the coarseness but my girlfriend finds it to be to much.', 'title: quality went down \ntext: i’m not sure when the quality went down, but these are not the same ones i’ve been buying. The end he’s got frayed super easily and made them look old and raggedy. I’ve had some for longer and the edges are better trimmed and looks great considering. Still scrubbed well, just looks bad', 'title: Great product \ntext: This is a great product to exfoliate your body with not to hard not to soft', 'title: very good quality. I purchased what I thought was a ... \ntext: These are just what I wanted and well worth the money, very good quality. I purchased what I thought was a good product at a name brand store and they fell apart.  These will be the ones I buy from now on.']","The product is described as super durable and of high quality, although opinions on its texture vary, with some finding it too coarse [0]. There are concerns about a decline in quality, as some users have experienced frayed edges that make the product look old and raggedy, despite its continued effectiveness in scrubbing [1]. Overall, the product is praised for being great for exfoliation, striking a balance between hardness and softness [2]. Additionally, it is considered very good quality and worth the money, especially compared to similar products from name brand stores that tend to fall apart [3].",8.0
Is the quality of the bath wash up to par,The product has been given as the following : Salux Nylon Japanese Beauty Skin Bath Wash Cloth/towel (3)blue Yellow and Pink,1235,"['title: Super durable and of high quality \ntext: Super durable and of high quality. As a man I like the coarseness but my girlfriend finds it to be to much.', 'title: quality went down \ntext: i’m not sure when the quality went down, but these are not the same ones i’ve been buying. The end he’s got frayed super easily and made them look old and raggedy. I’ve had some for longer and the edges are better trimmed and looks great considering. Still scrubbed well, just looks bad', 'title: Great product \ntext: This is a great product to exfoliate your body with not to hard not to soft', 'title: Not Original Salux \ntext: Not the original Salux. The quality is not as good as the towels I purchased from a different seller 3 yrs ago.']","The comments provide mixed reviews regarding the quality of the product. One user appreciates the product's durability and quality, although they note that the texture may be too coarse for some users, such as their girlfriend [0]. Another user expresses disappointment, stating that the quality has declined over time, with the product's edges fraying easily, making them appear old and raggedy, despite still functioning well [1]. Conversely, a different user praises the product for being an effective exfoliator, striking a balance between hardness and softness [2]. However, another comment criticizes the product for not being the original Salux, indicating that the quality is inferior compared to similar products purchased from a different seller three years ago [3].",8.0
Is the quality of the bath wash up to par,The product has been given as the following : Salux Nylon Japanese Beauty Skin Bath Wash Cloth/towel (3)blue Yellow and Pink,1236,"['title: Super durable and of high quality \ntext: Super durable and of high quality. As a man I like the coarseness but my girlfriend finds it to be to much.', 'title: quality went down \ntext: i’m not sure when the quality went down, but these are not the same ones i’ve been buying. The end he’s got frayed super easily and made them look old and raggedy. I’ve had some for longer and the edges are better trimmed and looks great considering. Still scrubbed well, just looks bad', 'title: Great product \ntext: This is a great product to exfoliate your body with not to hard not to soft', ""title: Will do the job in a pinch. \ntext: The quality itself is as it should be (nice and rough/exfoliating), and I do like the colors. My main issue is with the fact that this isn't nearly as long as the same type of wash cloths sold at a nearby Japanese dollar store here. I was expecting the same length and these are a good 1/4 of the length shorter. Still possible to reach your back and all, but just a bit less comfortable to use.""]","The product is generally perceived as durable and of high quality, with one user appreciating its coarseness, although it may be too rough for some users like their girlfriend [0]. However, another user noted a decline in quality, mentioning that the edges frayed easily, making the product look old and raggedy, despite its continued effectiveness in scrubbing [1]. Another user praised the product for being great for body exfoliation, striking a balance between hardness and softness [2]. While the quality is described as satisfactory and exfoliating, one user expressed disappointment with the product's length, which was shorter than expected compared to similar products, affecting comfort during use [3].",8.0
Is the quality of the bath wash up to par,The product has been given as the following : Salux Nylon Japanese Beauty Skin Bath Wash Cloth/towel (3)blue Yellow and Pink,1237,"['title: Super durable and of high quality \ntext: Super durable and of high quality. As a man I like the coarseness but my girlfriend finds it to be to much.', 'title: quality went down \ntext: i’m not sure when the quality went down, but these are not the same ones i’ve been buying. The end he’s got frayed super easily and made them look old and raggedy. I’ve had some for longer and the edges are better trimmed and looks great considering. Still scrubbed well, just looks bad', 'title: Great product \ntext: This is a great product to exfoliate your body with not to hard not to soft', 'title: Good for price. Not the best quality \ntext: Not the quality I was expecting, but it does do the job.I was searching for the straight line thread design.']","The product is described as super durable and of high quality, with one user appreciating its coarseness, although it may be too much for some people [0]. However, another user noted a decline in quality, mentioning that the product's edges frayed easily, making them look old and raggedy, despite still performing well [1]. Another review praised the product for being great for exfoliating, striking a balance between hardness and softness [2]. Lastly, a user mentioned that while the product is good for its price, it did not meet their quality expectations, as they were looking for a specific thread design [3].",8.0
Is the quality of the bath wash up to par,The product has been given as the following : Salux Nylon Japanese Beauty Skin Bath Wash Cloth/towel (3)blue Yellow and Pink,1245,"['title: Super durable and of high quality \ntext: Super durable and of high quality. As a man I like the coarseness but my girlfriend finds it to be to much.', 'title: quality went down \ntext: i’m not sure when the quality went down, but these are not the same ones i’ve been buying. The end he’s got frayed super easily and made them look old and raggedy. I’ve had some for longer and the edges are better trimmed and looks great considering. Still scrubbed well, just looks bad', 'title: very good quality. I purchased what I thought was a ... \ntext: These are just what I wanted and well worth the money, very good quality. I purchased what I thought was a good product at a name brand store and they fell apart.  These will be the ones I buy from now on.', 'title: Not Original Salux \ntext: Not the original Salux. The quality is not as good as the towels I purchased from a different seller 3 yrs ago.']","The comments present mixed opinions on the quality of the product. One user describes the product as 'super durable and of high quality,' appreciating its coarseness, although it may be too much for some users [0]. Another user notes a decline in quality, mentioning that the product's edges frayed easily, making them look old and raggedy, despite still performing well [1]. Conversely, a different user praises the product for its very good quality and durability, stating it is worth the money and superior to a previous purchase from a name-brand store [2]. However, another comment criticizes the product for not matching the quality of similar items purchased from a different seller three years ago, suggesting a decline in quality over time [3].",8.0
Is the quality of the bath wash up to par,The product has been given as the following : Salux Nylon Japanese Beauty Skin Bath Wash Cloth/towel (3)blue Yellow and Pink,1246,"['title: Super durable and of high quality \ntext: Super durable and of high quality. As a man I like the coarseness but my girlfriend finds it to be to much.', 'title: quality went down \ntext: i’m not sure when the quality went down, but these are not the same ones i’ve been buying. The end he’s got frayed super easily and made them look old and raggedy. I’ve had some for longer and the edges are better trimmed and looks great considering. Still scrubbed well, just looks bad', 'title: very good quality. I purchased what I thought was a ... \ntext: These are just what I wanted and well worth the money, very good quality. I purchased what I thought was a good product at a name brand store and they fell apart.  These will be the ones I buy from now on.', ""title: Will do the job in a pinch. \ntext: The quality itself is as it should be (nice and rough/exfoliating), and I do like the colors. My main issue is with the fact that this isn't nearly as long as the same type of wash cloths sold at a nearby Japanese dollar store here. I was expecting the same length and these are a good 1/4 of the length shorter. Still possible to reach your back and all, but just a bit less comfortable to use.""]","The comments provide mixed feedback on the quality of the product. One user describes the product as super durable and of high quality, although they note that the coarseness may not be suitable for everyone, as their girlfriend finds it excessive [0]. Another user expresses disappointment, stating that the quality has declined over time, with the edges fraying easily and making the product look old and raggedy, although it still functions well [1]. Conversely, a third user praises the product for its very good quality and durability, especially compared to a similar product from a name brand store that fell apart [2]. Lastly, a user mentions that while the quality is as expected, the product is shorter than similar items from a Japanese dollar store, which affects its comfort and usability [3].",8.0
Is the quality of the bath wash up to par,The product has been given as the following : Salux Nylon Japanese Beauty Skin Bath Wash Cloth/towel (3)blue Yellow and Pink,1247,"['title: Super durable and of high quality \ntext: Super durable and of high quality. As a man I like the coarseness but my girlfriend finds it to be to much.', 'title: quality went down \ntext: i’m not sure when the quality went down, but these are not the same ones i’ve been buying. The end he’s got frayed super easily and made them look old and raggedy. I’ve had some for longer and the edges are better trimmed and looks great considering. Still scrubbed well, just looks bad', 'title: very good quality. I purchased what I thought was a ... \ntext: These are just what I wanted and well worth the money, very good quality. I purchased what I thought was a good product at a name brand store and they fell apart.  These will be the ones I buy from now on.', 'title: Good for price. Not the best quality \ntext: Not the quality I was expecting, but it does do the job.I was searching for the straight line thread design.']","The comments present mixed opinions on the quality of the product. One user describes the product as 'super durable and of high quality,' appreciating its coarseness, although noting that it might be too much for some users [0]. Another user expresses disappointment, stating that the quality has declined, with the product's edges fraying easily, making them look old and raggedy, despite still performing well [1]. Conversely, a third user praises the product as being of very good quality and worth the money, especially compared to a previous purchase from a name brand store that fell apart [2]. Lastly, a user mentions that while the product is good for the price, it does not meet their quality expectations, although it still performs its intended function [3].",8.0
Is the quality of the bath wash up to par,The product has been given as the following : Salux Nylon Japanese Beauty Skin Bath Wash Cloth/towel (3)blue Yellow and Pink,1256,"['title: Super durable and of high quality \ntext: Super durable and of high quality. As a man I like the coarseness but my girlfriend finds it to be to much.', 'title: quality went down \ntext: i’m not sure when the quality went down, but these are not the same ones i’ve been buying. The end he’s got frayed super easily and made them look old and raggedy. I’ve had some for longer and the edges are better trimmed and looks great considering. Still scrubbed well, just looks bad', 'title: Not Original Salux \ntext: Not the original Salux. The quality is not as good as the towels I purchased from a different seller 3 yrs ago.', ""title: Will do the job in a pinch. \ntext: The quality itself is as it should be (nice and rough/exfoliating), and I do like the colors. My main issue is with the fact that this isn't nearly as long as the same type of wash cloths sold at a nearby Japanese dollar store here. I was expecting the same length and these are a good 1/4 of the length shorter. Still possible to reach your back and all, but just a bit less comfortable to use.""]","The comments reflect mixed opinions on the quality of the product. One user appreciates the durability and quality, noting the coarseness as a positive feature, although it may not suit everyone's preference [0]. Another user expresses disappointment, mentioning a decline in quality, with frayed edges making the product appear old and raggedy, despite its continued effectiveness in scrubbing [1]. A third comment highlights that the product is not the original brand, resulting in inferior quality compared to previous purchases [2]. Lastly, a user finds the quality satisfactory in terms of texture but criticizes the shorter length compared to similar products, affecting comfort during use [3].",8.0
Is the quality of the bath wash up to par,The product has been given as the following : Salux Nylon Japanese Beauty Skin Bath Wash Cloth/towel (3)blue Yellow and Pink,1257,"['title: Super durable and of high quality \ntext: Super durable and of high quality. As a man I like the coarseness but my girlfriend finds it to be to much.', 'title: quality went down \ntext: i’m not sure when the quality went down, but these are not the same ones i’ve been buying. The end he’s got frayed super easily and made them look old and raggedy. I’ve had some for longer and the edges are better trimmed and looks great considering. Still scrubbed well, just looks bad', 'title: Not Original Salux \ntext: Not the original Salux. The quality is not as good as the towels I purchased from a different seller 3 yrs ago.', 'title: Good for price. Not the best quality \ntext: Not the quality I was expecting, but it does do the job.I was searching for the straight line thread design.']","The product's quality appears to be inconsistent based on user feedback. One user appreciates its durability and coarseness, although it may be too coarse for some users, indicating a subjective experience of quality [0]. Another user notes a decline in quality, mentioning that the product frays easily and appears old and raggedy, despite still functioning well [1]. A third user claims that the product is not the original brand they expected, and the quality does not match previous purchases from a different seller [2]. Lastly, another user finds the product satisfactory for its price but not of the quality they anticipated, as it lacks the specific design they were looking for [3].",8.0
Is the quality of the bath wash up to par,The product has been given as the following : Salux Nylon Japanese Beauty Skin Bath Wash Cloth/towel (3)blue Yellow and Pink,1267,"['title: Super durable and of high quality \ntext: Super durable and of high quality. As a man I like the coarseness but my girlfriend finds it to be to much.', 'title: quality went down \ntext: i’m not sure when the quality went down, but these are not the same ones i’ve been buying. The end he’s got frayed super easily and made them look old and raggedy. I’ve had some for longer and the edges are better trimmed and looks great considering. Still scrubbed well, just looks bad', ""title: Will do the job in a pinch. \ntext: The quality itself is as it should be (nice and rough/exfoliating), and I do like the colors. My main issue is with the fact that this isn't nearly as long as the same type of wash cloths sold at a nearby Japanese dollar store here. I was expecting the same length and these are a good 1/4 of the length shorter. Still possible to reach your back and all, but just a bit less comfortable to use."", 'title: Good for price. Not the best quality \ntext: Not the quality I was expecting, but it does do the job.I was searching for the straight line thread design.']","The product's quality has received mixed reviews. One user appreciates its durability and coarse texture, although their partner finds it too rough [0]. Another user notes a decline in quality, mentioning that the edges fray easily, making the product look worn out, although it still functions well [1]. A third user finds the quality satisfactory for its exfoliating properties but is disappointed by its shorter length compared to similar products [2]. Lastly, a user mentions that while the product is functional, it does not meet their expectations for quality, particularly in terms of design [3].",8.0
Is the quality of the bath wash up to par,The product has been given as the following : Salux Nylon Japanese Beauty Skin Bath Wash Cloth/towel (3)blue Yellow and Pink,1345,"['title: Super durable and of high quality \ntext: Super durable and of high quality. As a man I like the coarseness but my girlfriend finds it to be to much.', 'title: Great product \ntext: This is a great product to exfoliate your body with not to hard not to soft', 'title: very good quality. I purchased what I thought was a ... \ntext: These are just what I wanted and well worth the money, very good quality. I purchased what I thought was a good product at a name brand store and they fell apart.  These will be the ones I buy from now on.', 'title: Not Original Salux \ntext: Not the original Salux. The quality is not as good as the towels I purchased from a different seller 3 yrs ago.']","The product is described as super durable and of high quality, with one user appreciating its coarseness, although it may be too much for some users [0]. Another user finds it to be a great product for body exfoliation, striking a balance between being not too hard and not too soft [1]. A third user praises the product for being of very good quality and worth the money, especially compared to a previous purchase from a name brand store that fell apart [2]. However, one user notes that the product is not the original Salux and claims that its quality does not match that of similar towels purchased from a different seller three years ago [3].",8.0
Is the quality of the bath wash up to par,The product has been given as the following : Salux Nylon Japanese Beauty Skin Bath Wash Cloth/towel (3)blue Yellow and Pink,1346,"['title: Super durable and of high quality \ntext: Super durable and of high quality. As a man I like the coarseness but my girlfriend finds it to be to much.', 'title: Great product \ntext: This is a great product to exfoliate your body with not to hard not to soft', 'title: very good quality. I purchased what I thought was a ... \ntext: These are just what I wanted and well worth the money, very good quality. I purchased what I thought was a good product at a name brand store and they fell apart.  These will be the ones I buy from now on.', ""title: Will do the job in a pinch. \ntext: The quality itself is as it should be (nice and rough/exfoliating), and I do like the colors. My main issue is with the fact that this isn't nearly as long as the same type of wash cloths sold at a nearby Japanese dollar store here. I was expecting the same length and these are a good 1/4 of the length shorter. Still possible to reach your back and all, but just a bit less comfortable to use.""]","The product is praised for its durability and high quality, with one user noting its coarseness as a positive feature, although it may be too rough for some users [0]. It is described as an effective exfoliating tool, striking a balance between being neither too hard nor too soft [1]. Another user highlights its superior quality compared to a previous purchase from a name brand store, which fell apart, indicating that this product is well worth the money and a preferred choice for future purchases [2]. While the quality is affirmed as expected, one user mentions a drawback regarding its length, which is shorter than similar products, affecting comfort during use [3].",8.0
Is the quality of the bath wash up to par,The product has been given as the following : Salux Nylon Japanese Beauty Skin Bath Wash Cloth/towel (3)blue Yellow and Pink,1347,"['title: Super durable and of high quality \ntext: Super durable and of high quality. As a man I like the coarseness but my girlfriend finds it to be to much.', 'title: Great product \ntext: This is a great product to exfoliate your body with not to hard not to soft', 'title: very good quality. I purchased what I thought was a ... \ntext: These are just what I wanted and well worth the money, very good quality. I purchased what I thought was a good product at a name brand store and they fell apart.  These will be the ones I buy from now on.', 'title: Good for price. Not the best quality \ntext: Not the quality I was expecting, but it does do the job.I was searching for the straight line thread design.']","The product is described as super durable and of high quality, with one user appreciating its coarseness, although it may be too much for some people [0]. Another user finds it to be a great product for exfoliating, striking a balance between being not too hard and not too soft [1]. A third user praises the product for being of very good quality and worth the money, especially compared to a previous purchase from a name brand store that fell apart [2]. However, one user notes that while the product is good for the price, it does not meet their quality expectations, although it still performs its intended function [3].",8.0
Is the quality of the bath wash up to par,The product has been given as the following : Salux Nylon Japanese Beauty Skin Bath Wash Cloth/towel (3)blue Yellow and Pink,1356,"['title: Super durable and of high quality \ntext: Super durable and of high quality. As a man I like the coarseness but my girlfriend finds it to be to much.', 'title: Great product \ntext: This is a great product to exfoliate your body with not to hard not to soft', 'title: Not Original Salux \ntext: Not the original Salux. The quality is not as good as the towels I purchased from a different seller 3 yrs ago.', ""title: Will do the job in a pinch. \ntext: The quality itself is as it should be (nice and rough/exfoliating), and I do like the colors. My main issue is with the fact that this isn't nearly as long as the same type of wash cloths sold at a nearby Japanese dollar store here. I was expecting the same length and these are a good 1/4 of the length shorter. Still possible to reach your back and all, but just a bit less comfortable to use.""]","The product is described as super durable and of high quality, with a texture that some users appreciate for its coarseness, although it may be too rough for others [0]. It is considered effective for body exfoliation, striking a balance between being not too hard and not too soft [1]. However, there are concerns about the product not being the original Salux, with some users noting a decline in quality compared to previous purchases from different sellers [2]. Additionally, while the quality is generally satisfactory, there are complaints about the product's length being shorter than expected, which affects its comfort and usability [3].",8.0
Is the quality of the bath wash up to par,The product has been given as the following : Salux Nylon Japanese Beauty Skin Bath Wash Cloth/towel (3)blue Yellow and Pink,1357,"['title: Super durable and of high quality \ntext: Super durable and of high quality. As a man I like the coarseness but my girlfriend finds it to be to much.', 'title: Great product \ntext: This is a great product to exfoliate your body with not to hard not to soft', 'title: Not Original Salux \ntext: Not the original Salux. The quality is not as good as the towels I purchased from a different seller 3 yrs ago.', 'title: Good for price. Not the best quality \ntext: Not the quality I was expecting, but it does do the job.I was searching for the straight line thread design.']","The product receives mixed reviews regarding its quality. One user appreciates its durability and coarseness, although it may be too coarse for some users, such as their girlfriend [0]. Another user finds it to be a great exfoliating product, striking a balance between hardness and softness [1]. However, there are concerns about the product not being the original Salux, with a user noting that its quality does not match that of similar products purchased from a different seller three years ago [2]. Additionally, while the product is considered good for its price, it does not meet the quality expectations of another user who was looking for a specific design [3].",8.0
Is the quality of the bath wash up to par,The product has been given as the following : Salux Nylon Japanese Beauty Skin Bath Wash Cloth/towel (3)blue Yellow and Pink,1367,"['title: Super durable and of high quality \ntext: Super durable and of high quality. As a man I like the coarseness but my girlfriend finds it to be to much.', 'title: Great product \ntext: This is a great product to exfoliate your body with not to hard not to soft', ""title: Will do the job in a pinch. \ntext: The quality itself is as it should be (nice and rough/exfoliating), and I do like the colors. My main issue is with the fact that this isn't nearly as long as the same type of wash cloths sold at a nearby Japanese dollar store here. I was expecting the same length and these are a good 1/4 of the length shorter. Still possible to reach your back and all, but just a bit less comfortable to use."", 'title: Good for price. Not the best quality \ntext: Not the quality I was expecting, but it does do the job.I was searching for the straight line thread design.']","The product is generally regarded as durable and of high quality, with a texture that some users find appealing for exfoliation, though it may be too coarse for others [0][1]. While the product is effective for exfoliating, there are some concerns about its length compared to similar products, which affects comfort during use [2]. Additionally, while it is considered good for the price, some users feel that the quality does not meet their expectations, particularly in terms of design [3].",8.0
Is the quality of the bath wash up to par,The product has been given as the following : Salux Nylon Japanese Beauty Skin Bath Wash Cloth/towel (3)blue Yellow and Pink,1456,"['title: Super durable and of high quality \ntext: Super durable and of high quality. As a man I like the coarseness but my girlfriend finds it to be to much.', 'title: very good quality. I purchased what I thought was a ... \ntext: These are just what I wanted and well worth the money, very good quality. I purchased what I thought was a good product at a name brand store and they fell apart.  These will be the ones I buy from now on.', 'title: Not Original Salux \ntext: Not the original Salux. The quality is not as good as the towels I purchased from a different seller 3 yrs ago.', ""title: Will do the job in a pinch. \ntext: The quality itself is as it should be (nice and rough/exfoliating), and I do like the colors. My main issue is with the fact that this isn't nearly as long as the same type of wash cloths sold at a nearby Japanese dollar store here. I was expecting the same length and these are a good 1/4 of the length shorter. Still possible to reach your back and all, but just a bit less comfortable to use.""]","The product is described as super durable and of high quality, with a texture that may be too coarse for some users, as noted by one reviewer who appreciated the durability but mentioned their girlfriend found it too much [0]. Another user praised the product for its very good quality and durability, especially compared to a previous purchase from a name brand store that fell apart, indicating a preference for this product moving forward [1]. However, one reviewer expressed disappointment, stating that the product is not the original Salux and does not match the quality of similar towels purchased from a different seller three years ago [2]. Another comment highlighted that while the quality is as expected, the product is shorter than similar items available at a local store, which affects its usability [3].",8.0
Is the quality of the bath wash up to par,The product has been given as the following : Salux Nylon Japanese Beauty Skin Bath Wash Cloth/towel (3)blue Yellow and Pink,1457,"['title: Super durable and of high quality \ntext: Super durable and of high quality. As a man I like the coarseness but my girlfriend finds it to be to much.', 'title: very good quality. I purchased what I thought was a ... \ntext: These are just what I wanted and well worth the money, very good quality. I purchased what I thought was a good product at a name brand store and they fell apart.  These will be the ones I buy from now on.', 'title: Not Original Salux \ntext: Not the original Salux. The quality is not as good as the towels I purchased from a different seller 3 yrs ago.', 'title: Good for price. Not the best quality \ntext: Not the quality I was expecting, but it does do the job.I was searching for the straight line thread design.']","The comments provide mixed reviews on the quality of the product. One user describes the product as super durable and of high quality, although they note that the coarseness may not be suitable for everyone, as their girlfriend finds it excessive [0]. Another user praises the product for its very good quality, stating that it is well worth the money and superior to a previous purchase from a name brand store that fell apart [1]. However, a different user criticizes the product for not being the original Salux and notes that the quality is inferior to similar towels purchased from another seller three years ago [2]. Lastly, a user mentions that while the product is good for the price, it does not meet their quality expectations, although it performs its intended function [3].",8.0
Is the quality of the bath wash up to par,The product has been given as the following : Salux Nylon Japanese Beauty Skin Bath Wash Cloth/towel (3)blue Yellow and Pink,1467,"['title: Super durable and of high quality \ntext: Super durable and of high quality. As a man I like the coarseness but my girlfriend finds it to be to much.', 'title: very good quality. I purchased what I thought was a ... \ntext: These are just what I wanted and well worth the money, very good quality. I purchased what I thought was a good product at a name brand store and they fell apart.  These will be the ones I buy from now on.', ""title: Will do the job in a pinch. \ntext: The quality itself is as it should be (nice and rough/exfoliating), and I do like the colors. My main issue is with the fact that this isn't nearly as long as the same type of wash cloths sold at a nearby Japanese dollar store here. I was expecting the same length and these are a good 1/4 of the length shorter. Still possible to reach your back and all, but just a bit less comfortable to use."", 'title: Good for price. Not the best quality \ntext: Not the quality I was expecting, but it does do the job.I was searching for the straight line thread design.']","The product is generally perceived as durable and of high quality, with one user appreciating its coarseness, although it may be too rough for some users, such as their girlfriend [0]. Another user found the product to be of very good quality, especially compared to a previous purchase from a name brand store that fell apart, indicating a preference for this product in future purchases [1]. While the quality is described as nice and rough, suitable for exfoliating, one user noted a discrepancy in length compared to similar products, which affects comfort [2]. However, another user mentioned that while the product does the job, it did not meet their expectations for quality, particularly in terms of design [3].",8.0
Is the quality of the bath wash up to par,The product has been given as the following : Salux Nylon Japanese Beauty Skin Bath Wash Cloth/towel (3)blue Yellow and Pink,1567,"['title: Super durable and of high quality \ntext: Super durable and of high quality. As a man I like the coarseness but my girlfriend finds it to be to much.', 'title: Not Original Salux \ntext: Not the original Salux. The quality is not as good as the towels I purchased from a different seller 3 yrs ago.', ""title: Will do the job in a pinch. \ntext: The quality itself is as it should be (nice and rough/exfoliating), and I do like the colors. My main issue is with the fact that this isn't nearly as long as the same type of wash cloths sold at a nearby Japanese dollar store here. I was expecting the same length and these are a good 1/4 of the length shorter. Still possible to reach your back and all, but just a bit less comfortable to use."", 'title: Good for price. Not the best quality \ntext: Not the quality I was expecting, but it does do the job.I was searching for the straight line thread design.']","The product has received mixed reviews regarding its quality. One user appreciates its durability and coarseness, although their partner finds it too coarse [0]. Another user notes that the product is not the original Salux and claims that its quality is inferior to similar towels purchased from a different seller three years ago [1]. A third user mentions that while the quality is as expected in terms of roughness and exfoliation, the product is shorter than similar washcloths available at a local store, making it slightly less comfortable to use [2]. Lastly, a user comments that the product is good for its price but does not meet their quality expectations, as they were looking for a specific thread design [3].",8.0
Is the quality of the bath wash up to par,The product has been given as the following : Salux Nylon Japanese Beauty Skin Bath Wash Cloth/towel (3)blue Yellow and Pink,2345,"['title: quality went down \ntext: i’m not sure when the quality went down, but these are not the same ones i’ve been buying. The end he’s got frayed super easily and made them look old and raggedy. I’ve had some for longer and the edges are better trimmed and looks great considering. Still scrubbed well, just looks bad', 'title: Great product \ntext: This is a great product to exfoliate your body with not to hard not to soft', 'title: very good quality. I purchased what I thought was a ... \ntext: These are just what I wanted and well worth the money, very good quality. I purchased what I thought was a good product at a name brand store and they fell apart.  These will be the ones I buy from now on.', 'title: Not Original Salux \ntext: Not the original Salux. The quality is not as good as the towels I purchased from a different seller 3 yrs ago.']","Several comments highlight concerns about the declining quality of the product. One user noted that the product's edges frayed easily, making them look old and raggedy, despite still functioning well for scrubbing purposes [0]. Another user praised the product for its exfoliating capabilities, describing it as neither too hard nor too soft, indicating satisfaction with its quality [1]. A different user expressed satisfaction with the product's quality, stating it was well worth the money and superior to a name-brand alternative that fell apart [2]. However, another comment mentioned that the product was not the original Salux and that its quality was inferior compared to similar towels purchased three years ago from a different seller [3].",8.0
Is the quality of the bath wash up to par,The product has been given as the following : Salux Nylon Japanese Beauty Skin Bath Wash Cloth/towel (3)blue Yellow and Pink,2346,"['title: quality went down \ntext: i’m not sure when the quality went down, but these are not the same ones i’ve been buying. The end he’s got frayed super easily and made them look old and raggedy. I’ve had some for longer and the edges are better trimmed and looks great considering. Still scrubbed well, just looks bad', 'title: Great product \ntext: This is a great product to exfoliate your body with not to hard not to soft', 'title: very good quality. I purchased what I thought was a ... \ntext: These are just what I wanted and well worth the money, very good quality. I purchased what I thought was a good product at a name brand store and they fell apart.  These will be the ones I buy from now on.', ""title: Will do the job in a pinch. \ntext: The quality itself is as it should be (nice and rough/exfoliating), and I do like the colors. My main issue is with the fact that this isn't nearly as long as the same type of wash cloths sold at a nearby Japanese dollar store here. I was expecting the same length and these are a good 1/4 of the length shorter. Still possible to reach your back and all, but just a bit less comfortable to use.""]","Several comments provide insights into the quality of the product. One user expressed disappointment, noting that the quality has declined over time, with the edges fraying easily and making the product look old and raggedy, although it still functions well for scrubbing [0]. Another user praised the product for its excellent quality, stating it was well worth the money and superior to a similar product from a name brand store that fell apart [2]. A third user mentioned that while the product is effective for exfoliating, it is shorter than expected, which affects comfort during use [3]. Overall, opinions on the product's quality vary, with some users experiencing issues with durability and others finding it to be of high quality and good value.",8.0
Is the quality of the bath wash up to par,The product has been given as the following : Salux Nylon Japanese Beauty Skin Bath Wash Cloth/towel (3)blue Yellow and Pink,2347,"['title: quality went down \ntext: i’m not sure when the quality went down, but these are not the same ones i’ve been buying. The end he’s got frayed super easily and made them look old and raggedy. I’ve had some for longer and the edges are better trimmed and looks great considering. Still scrubbed well, just looks bad', 'title: Great product \ntext: This is a great product to exfoliate your body with not to hard not to soft', 'title: very good quality. I purchased what I thought was a ... \ntext: These are just what I wanted and well worth the money, very good quality. I purchased what I thought was a good product at a name brand store and they fell apart.  These will be the ones I buy from now on.', 'title: Good for price. Not the best quality \ntext: Not the quality I was expecting, but it does do the job.I was searching for the straight line thread design.']","One user expressed disappointment with the product's quality, noting that the edges frayed easily, making them look old and raggedy, despite still functioning well for scrubbing purposes [0]. Another user praised the product for its exfoliating capabilities, describing it as neither too hard nor too soft, indicating satisfaction with its quality [1]. A third user highlighted the product's good quality and value for money, contrasting it with a previous purchase from a name brand store that fell apart, and stated their intention to continue buying this product [2]. However, another user mentioned that while the product was good for the price, it did not meet their quality expectations, although it performed its intended function [3].",8.0
Is the quality of the bath wash up to par,The product has been given as the following : Salux Nylon Japanese Beauty Skin Bath Wash Cloth/towel (3)blue Yellow and Pink,2356,"['title: quality went down \ntext: i’m not sure when the quality went down, but these are not the same ones i’ve been buying. The end he’s got frayed super easily and made them look old and raggedy. I’ve had some for longer and the edges are better trimmed and looks great considering. Still scrubbed well, just looks bad', 'title: Great product \ntext: This is a great product to exfoliate your body with not to hard not to soft', 'title: Not Original Salux \ntext: Not the original Salux. The quality is not as good as the towels I purchased from a different seller 3 yrs ago.', ""title: Will do the job in a pinch. \ntext: The quality itself is as it should be (nice and rough/exfoliating), and I do like the colors. My main issue is with the fact that this isn't nearly as long as the same type of wash cloths sold at a nearby Japanese dollar store here. I was expecting the same length and these are a good 1/4 of the length shorter. Still possible to reach your back and all, but just a bit less comfortable to use.""]","Several users have expressed concerns about the decline in product quality. One user noted that the edges of the product frayed easily, making them appear old and raggedy, despite still functioning well for scrubbing purposes [0]. Another user mentioned that the product is not the original Salux and that its quality does not match the towels they purchased from a different seller three years ago [2]. Additionally, while one user found the product's quality to be as expected in terms of texture, they were disappointed with the shorter length compared to similar products available locally, which affected comfort during use [3]. However, one user praised the product for being effective in exfoliating, describing it as neither too hard nor too soft [1].",8.0
Is the quality of the bath wash up to par,The product has been given as the following : Salux Nylon Japanese Beauty Skin Bath Wash Cloth/towel (3)blue Yellow and Pink,2357,"['title: quality went down \ntext: i’m not sure when the quality went down, but these are not the same ones i’ve been buying. The end he’s got frayed super easily and made them look old and raggedy. I’ve had some for longer and the edges are better trimmed and looks great considering. Still scrubbed well, just looks bad', 'title: Great product \ntext: This is a great product to exfoliate your body with not to hard not to soft', 'title: Not Original Salux \ntext: Not the original Salux. The quality is not as good as the towels I purchased from a different seller 3 yrs ago.', 'title: Good for price. Not the best quality \ntext: Not the quality I was expecting, but it does do the job.I was searching for the straight line thread design.']","Several users have expressed concerns about the decline in product quality. One user noted that the product's edges frayed easily, making them appear old and raggedy, despite still functioning well for scrubbing purposes [0]. Another user mentioned that the product is not the original Salux and that its quality does not match that of similar products purchased from a different seller three years ago [2]. Additionally, a user commented that while the product is good for its price, it did not meet their quality expectations, particularly in terms of design [3]. However, one user praised the product for being effective in exfoliating, describing it as neither too hard nor too soft [1].",8.0
Is the quality of the bath wash up to par,The product has been given as the following : Salux Nylon Japanese Beauty Skin Bath Wash Cloth/towel (3)blue Yellow and Pink,2367,"['title: quality went down \ntext: i’m not sure when the quality went down, but these are not the same ones i’ve been buying. The end he’s got frayed super easily and made them look old and raggedy. I’ve had some for longer and the edges are better trimmed and looks great considering. Still scrubbed well, just looks bad', 'title: Great product \ntext: This is a great product to exfoliate your body with not to hard not to soft', ""title: Will do the job in a pinch. \ntext: The quality itself is as it should be (nice and rough/exfoliating), and I do like the colors. My main issue is with the fact that this isn't nearly as long as the same type of wash cloths sold at a nearby Japanese dollar store here. I was expecting the same length and these are a good 1/4 of the length shorter. Still possible to reach your back and all, but just a bit less comfortable to use."", 'title: Good for price. Not the best quality \ntext: Not the quality I was expecting, but it does do the job.I was searching for the straight line thread design.']","Several users have expressed concerns about the quality of the product. One user noted that the product's quality has declined, with frayed edges making them look old and raggedy, although they still function well for scrubbing [0]. Another user mentioned that while the product is effective for exfoliation, it is shorter than expected compared to similar products, which affects comfort [2]. Additionally, a user commented that the product is not of the quality they anticipated, although it performs its intended function [3]. Despite these concerns, one user praised the product for being a great exfoliator, highlighting its balanced texture [1].",8.0
Is the quality of the bath wash up to par,The product has been given as the following : Salux Nylon Japanese Beauty Skin Bath Wash Cloth/towel (3)blue Yellow and Pink,2456,"['title: quality went down \ntext: i’m not sure when the quality went down, but these are not the same ones i’ve been buying. The end he’s got frayed super easily and made them look old and raggedy. I’ve had some for longer and the edges are better trimmed and looks great considering. Still scrubbed well, just looks bad', 'title: very good quality. I purchased what I thought was a ... \ntext: These are just what I wanted and well worth the money, very good quality. I purchased what I thought was a good product at a name brand store and they fell apart.  These will be the ones I buy from now on.', 'title: Not Original Salux \ntext: Not the original Salux. The quality is not as good as the towels I purchased from a different seller 3 yrs ago.', ""title: Will do the job in a pinch. \ntext: The quality itself is as it should be (nice and rough/exfoliating), and I do like the colors. My main issue is with the fact that this isn't nearly as long as the same type of wash cloths sold at a nearby Japanese dollar store here. I was expecting the same length and these are a good 1/4 of the length shorter. Still possible to reach your back and all, but just a bit less comfortable to use.""]","Several comments highlight concerns about the declining quality of the product. One user noted that the product's edges frayed easily, making them look old and raggedy, although they still functioned well for scrubbing [0]. Another user expressed disappointment that the product was not the original Salux and did not match the quality of similar towels purchased from a different seller three years ago [2]. Conversely, a different user praised the product for its very good quality, stating that it was well worth the money and superior to a previous purchase from a name-brand store that fell apart [1]. Additionally, one comment mentioned that while the quality was as expected, the product was shorter than similar items, making it slightly less comfortable to use [3].",8.0
Is the quality of the bath wash up to par,The product has been given as the following : Salux Nylon Japanese Beauty Skin Bath Wash Cloth/towel (3)blue Yellow and Pink,2457,"['title: quality went down \ntext: i’m not sure when the quality went down, but these are not the same ones i’ve been buying. The end he’s got frayed super easily and made them look old and raggedy. I’ve had some for longer and the edges are better trimmed and looks great considering. Still scrubbed well, just looks bad', 'title: very good quality. I purchased what I thought was a ... \ntext: These are just what I wanted and well worth the money, very good quality. I purchased what I thought was a good product at a name brand store and they fell apart.  These will be the ones I buy from now on.', 'title: Not Original Salux \ntext: Not the original Salux. The quality is not as good as the towels I purchased from a different seller 3 yrs ago.', 'title: Good for price. Not the best quality \ntext: Not the quality I was expecting, but it does do the job.I was searching for the straight line thread design.']","Several comments reflect mixed opinions on the quality of the product. One user noted a decline in quality, mentioning that the product's edges frayed easily, making them look old and raggedy, although they still functioned well for scrubbing [0]. Another user praised the product for its very good quality and value for money, especially compared to a name-brand product that fell apart [1]. However, a different user expressed disappointment, stating that the product was not the original Salux and did not match the quality of similar towels purchased three years ago [2]. Lastly, a user found the product to be good for the price but not of the best quality, as it did not meet their expectations for a specific design [3].",8.0
Is the quality of the bath wash up to par,The product has been given as the following : Salux Nylon Japanese Beauty Skin Bath Wash Cloth/towel (3)blue Yellow and Pink,2467,"['title: quality went down \ntext: i’m not sure when the quality went down, but these are not the same ones i’ve been buying. The end he’s got frayed super easily and made them look old and raggedy. I’ve had some for longer and the edges are better trimmed and looks great considering. Still scrubbed well, just looks bad', 'title: very good quality. I purchased what I thought was a ... \ntext: These are just what I wanted and well worth the money, very good quality. I purchased what I thought was a good product at a name brand store and they fell apart.  These will be the ones I buy from now on.', ""title: Will do the job in a pinch. \ntext: The quality itself is as it should be (nice and rough/exfoliating), and I do like the colors. My main issue is with the fact that this isn't nearly as long as the same type of wash cloths sold at a nearby Japanese dollar store here. I was expecting the same length and these are a good 1/4 of the length shorter. Still possible to reach your back and all, but just a bit less comfortable to use."", 'title: Good for price. Not the best quality \ntext: Not the quality I was expecting, but it does do the job.I was searching for the straight line thread design.']","The comments reflect mixed opinions on the quality of the product. One user expressed disappointment, noting that the quality has declined over time, with the edges fraying easily and making the product look old and raggedy, although it still functions well for scrubbing [0]. Another user praised the product for its very good quality, stating it was well worth the money and superior to a previous purchase from a name brand store that fell apart [1]. A third user found the quality satisfactory, appreciating the rough texture for exfoliation, but was disappointed by the shorter length compared to similar products [2]. Lastly, a user mentioned that while the product does the job, it did not meet their expectations for quality, particularly in terms of design [3].",8.0
Is the quality of the bath wash up to par,The product has been given as the following : Salux Nylon Japanese Beauty Skin Bath Wash Cloth/towel (3)blue Yellow and Pink,2567,"['title: quality went down \ntext: i’m not sure when the quality went down, but these are not the same ones i’ve been buying. The end he’s got frayed super easily and made them look old and raggedy. I’ve had some for longer and the edges are better trimmed and looks great considering. Still scrubbed well, just looks bad', 'title: Not Original Salux \ntext: Not the original Salux. The quality is not as good as the towels I purchased from a different seller 3 yrs ago.', ""title: Will do the job in a pinch. \ntext: The quality itself is as it should be (nice and rough/exfoliating), and I do like the colors. My main issue is with the fact that this isn't nearly as long as the same type of wash cloths sold at a nearby Japanese dollar store here. I was expecting the same length and these are a good 1/4 of the length shorter. Still possible to reach your back and all, but just a bit less comfortable to use."", 'title: Good for price. Not the best quality \ntext: Not the quality I was expecting, but it does do the job.I was searching for the straight line thread design.']","Several users have expressed dissatisfaction with the quality of the product, noting a decline compared to previous purchases. One user mentioned that the edges of the product frayed easily, making them look old and raggedy, although they still function well for scrubbing [0]. Another user pointed out that the product is not the original Salux and lacks the quality of similar towels bought from a different seller three years ago [1]. A third user found the quality to be as expected in terms of texture but was disappointed by the shorter length compared to similar products from a Japanese dollar store, which affects comfort during use [2]. Lastly, a user mentioned that while the product does the job, it did not meet their expectations for quality, particularly in terms of design [3].",8.0
Is the quality of the bath wash up to par,The product has been given as the following : Salux Nylon Japanese Beauty Skin Bath Wash Cloth/towel (3)blue Yellow and Pink,3456,"['title: Great product \ntext: This is a great product to exfoliate your body with not to hard not to soft', 'title: very good quality. I purchased what I thought was a ... \ntext: These are just what I wanted and well worth the money, very good quality. I purchased what I thought was a good product at a name brand store and they fell apart.  These will be the ones I buy from now on.', 'title: Not Original Salux \ntext: Not the original Salux. The quality is not as good as the towels I purchased from a different seller 3 yrs ago.', ""title: Will do the job in a pinch. \ntext: The quality itself is as it should be (nice and rough/exfoliating), and I do like the colors. My main issue is with the fact that this isn't nearly as long as the same type of wash cloths sold at a nearby Japanese dollar store here. I was expecting the same length and these are a good 1/4 of the length shorter. Still possible to reach your back and all, but just a bit less comfortable to use.""]","The product is praised for its balanced exfoliating properties, being neither too hard nor too soft, making it effective for body exfoliation [0]. Customers have noted the product's high quality, stating it is well worth the money and superior to similar products purchased from name brand stores, which fell apart [1]. However, some users have expressed disappointment, noting that the product is not the original Salux and does not match the quality of similar towels purchased from other sellers in the past [2]. Additionally, while the product is described as having the desired roughness for exfoliation, there are concerns about its length, as it is shorter than expected compared to similar products from other stores, affecting its comfort and usability [3].",8.0
Is the quality of the bath wash up to par,The product has been given as the following : Salux Nylon Japanese Beauty Skin Bath Wash Cloth/towel (3)blue Yellow and Pink,3457,"['title: Great product \ntext: This is a great product to exfoliate your body with not to hard not to soft', 'title: very good quality. I purchased what I thought was a ... \ntext: These are just what I wanted and well worth the money, very good quality. I purchased what I thought was a good product at a name brand store and they fell apart.  These will be the ones I buy from now on.', 'title: Not Original Salux \ntext: Not the original Salux. The quality is not as good as the towels I purchased from a different seller 3 yrs ago.', 'title: Good for price. Not the best quality \ntext: Not the quality I was expecting, but it does do the job.I was searching for the straight line thread design.']","The product is praised for being an effective exfoliator, striking a balance between being too hard and too soft, which contributes to its overall quality [0]. Another user highlights the product's good quality, noting that it is well worth the money and superior to a previous purchase from a name brand store that fell apart, indicating a reliable and durable product [1]. However, there are mixed reviews regarding the quality, with one user mentioning that the product is not the original Salux and does not match the quality of similar towels purchased three years ago [2]. Additionally, another user finds the product satisfactory for its price but not meeting their quality expectations, as they were looking for a specific design feature [3].",8.0
Is the quality of the bath wash up to par,The product has been given as the following : Salux Nylon Japanese Beauty Skin Bath Wash Cloth/towel (3)blue Yellow and Pink,3467,"['title: Great product \ntext: This is a great product to exfoliate your body with not to hard not to soft', 'title: very good quality. I purchased what I thought was a ... \ntext: These are just what I wanted and well worth the money, very good quality. I purchased what I thought was a good product at a name brand store and they fell apart.  These will be the ones I buy from now on.', ""title: Will do the job in a pinch. \ntext: The quality itself is as it should be (nice and rough/exfoliating), and I do like the colors. My main issue is with the fact that this isn't nearly as long as the same type of wash cloths sold at a nearby Japanese dollar store here. I was expecting the same length and these are a good 1/4 of the length shorter. Still possible to reach your back and all, but just a bit less comfortable to use."", 'title: Good for price. Not the best quality \ntext: Not the quality I was expecting, but it does do the job.I was searching for the straight line thread design.']","The product is praised for its effective exfoliating properties, being neither too hard nor too soft, making it a great choice for body exfoliation [0]. Customers have noted its very good quality, especially when compared to similar products from name-brand stores that fell apart, indicating that this product is durable and worth the money [1]. While the quality is described as nice and rough, suitable for exfoliating, there is a minor issue with the length of the washcloths, which are shorter than expected, affecting comfort slightly [2]. However, some users feel that the quality is not the best, as it does not meet their expectations for a specific design, although it still performs its intended function [3].",8.0
Is the quality of the bath wash up to par,The product has been given as the following : Salux Nylon Japanese Beauty Skin Bath Wash Cloth/towel (3)blue Yellow and Pink,3567,"['title: Great product \ntext: This is a great product to exfoliate your body with not to hard not to soft', 'title: Not Original Salux \ntext: Not the original Salux. The quality is not as good as the towels I purchased from a different seller 3 yrs ago.', ""title: Will do the job in a pinch. \ntext: The quality itself is as it should be (nice and rough/exfoliating), and I do like the colors. My main issue is with the fact that this isn't nearly as long as the same type of wash cloths sold at a nearby Japanese dollar store here. I was expecting the same length and these are a good 1/4 of the length shorter. Still possible to reach your back and all, but just a bit less comfortable to use."", 'title: Good for price. Not the best quality \ntext: Not the quality I was expecting, but it does do the job.I was searching for the straight line thread design.']","The product is generally appreciated for its exfoliating properties, being described as neither too hard nor too soft, which makes it effective for body exfoliation [0]. However, there are concerns about the quality not matching the original Salux towels, as one user noted a decline in quality compared to similar products purchased three years ago [1]. Another user mentioned that while the quality is as expected in terms of texture, the product is shorter than similar washcloths, which affects its usability [2]. Additionally, the product is considered good for its price, but not of the highest quality, as it did not meet the user's expectations for a specific design feature [3].",8.0
Is the quality of the bath wash up to par,The product has been given as the following : Salux Nylon Japanese Beauty Skin Bath Wash Cloth/towel (3)blue Yellow and Pink,4567,"['title: very good quality. I purchased what I thought was a ... \ntext: These are just what I wanted and well worth the money, very good quality. I purchased what I thought was a good product at a name brand store and they fell apart.  These will be the ones I buy from now on.', 'title: Not Original Salux \ntext: Not the original Salux. The quality is not as good as the towels I purchased from a different seller 3 yrs ago.', ""title: Will do the job in a pinch. \ntext: The quality itself is as it should be (nice and rough/exfoliating), and I do like the colors. My main issue is with the fact that this isn't nearly as long as the same type of wash cloths sold at a nearby Japanese dollar store here. I was expecting the same length and these are a good 1/4 of the length shorter. Still possible to reach your back and all, but just a bit less comfortable to use."", 'title: Good for price. Not the best quality \ntext: Not the quality I was expecting, but it does do the job.I was searching for the straight line thread design.']","The product quality receives mixed reviews from users. One user praises the product for being exactly what they wanted and considers it to be of very good quality, especially compared to a previous purchase from a name brand store that fell apart [0]. Another user, however, notes that the product is not the original Salux and finds the quality inferior to towels purchased from a different seller three years ago [1]. A third user mentions that while the quality is as expected in terms of texture, the product is shorter than similar washcloths available at a local store, making it slightly less comfortable to use [2]. Lastly, a user expresses that the quality did not meet their expectations but acknowledges that the product still serves its purpose [3].",8.0
Is the quality of the bath wash up to par,The product has been given as the following : Salux Nylon Japanese Beauty Skin Bath Wash Cloth/towel (3)blue Yellow and Pink,01234,"['title: Quality Issues \ntext: Compared to other similar, they become way too soft as to no longer be able to exfoliate and they also quickly fall apart.', 'title: Super durable and of high quality \ntext: Super durable and of high quality. As a man I like the coarseness but my girlfriend finds it to be to much.', 'title: quality went down \ntext: i’m not sure when the quality went down, but these are not the same ones i’ve been buying. The end he’s got frayed super easily and made them look old and raggedy. I’ve had some for longer and the edges are better trimmed and looks great considering. Still scrubbed well, just looks bad', 'title: Great product \ntext: This is a great product to exfoliate your body with not to hard not to soft', 'title: very good quality. I purchased what I thought was a ... \ntext: These are just what I wanted and well worth the money, very good quality. I purchased what I thought was a good product at a name brand store and they fell apart.  These will be the ones I buy from now on.']","The comments present mixed opinions on the quality of the product. One user noted that the product becomes too soft over time, losing its exfoliating ability and falling apart quickly, which suggests a decline in quality compared to similar products [0]. Another user praised the product for being super durable and of high quality, although they mentioned that the coarseness might not be suitable for everyone [1]. A different user expressed disappointment, stating that the quality has deteriorated over time, with the product's edges fraying easily, although it still performs well in terms of scrubbing [2]. Conversely, another user found the product to be well-balanced in terms of texture, neither too hard nor too soft, making it effective for exfoliation [3]. Lastly, a user highlighted the product's good quality and durability, noting that it outperformed a similar product from a name-brand store that fell apart [4].",8.75
Is the quality of the bath wash up to par,The product has been given as the following : Salux Nylon Japanese Beauty Skin Bath Wash Cloth/towel (3)blue Yellow and Pink,01235,"['title: Quality Issues \ntext: Compared to other similar, they become way too soft as to no longer be able to exfoliate and they also quickly fall apart.', 'title: Super durable and of high quality \ntext: Super durable and of high quality. As a man I like the coarseness but my girlfriend finds it to be to much.', 'title: quality went down \ntext: i’m not sure when the quality went down, but these are not the same ones i’ve been buying. The end he’s got frayed super easily and made them look old and raggedy. I’ve had some for longer and the edges are better trimmed and looks great considering. Still scrubbed well, just looks bad', 'title: Great product \ntext: This is a great product to exfoliate your body with not to hard not to soft', 'title: Not Original Salux \ntext: Not the original Salux. The quality is not as good as the towels I purchased from a different seller 3 yrs ago.']","The comments reflect mixed opinions on the quality of the product. One user noted that the product becomes too soft over time, losing its exfoliating ability and falling apart quickly, which suggests a decline in quality compared to similar products [0]. Another user praised the product for being super durable and of high quality, although they mentioned that the coarseness might not be suitable for everyone [1]. A different user expressed disappointment, stating that the quality has deteriorated, with the product's edges fraying easily, making them appear old and raggedy, although they still function well for scrubbing [2]. Conversely, another user found the product to be well-balanced for exfoliation, neither too hard nor too soft [3]. However, one user criticized the product for not being the original Salux, noting a decline in quality compared to previous purchases from a different seller [4].",8.75
Is the quality of the bath wash up to par,The product has been given as the following : Salux Nylon Japanese Beauty Skin Bath Wash Cloth/towel (3)blue Yellow and Pink,01236,"['title: Quality Issues \ntext: Compared to other similar, they become way too soft as to no longer be able to exfoliate and they also quickly fall apart.', 'title: Super durable and of high quality \ntext: Super durable and of high quality. As a man I like the coarseness but my girlfriend finds it to be to much.', 'title: quality went down \ntext: i’m not sure when the quality went down, but these are not the same ones i’ve been buying. The end he’s got frayed super easily and made them look old and raggedy. I’ve had some for longer and the edges are better trimmed and looks great considering. Still scrubbed well, just looks bad', 'title: Great product \ntext: This is a great product to exfoliate your body with not to hard not to soft', ""title: Will do the job in a pinch. \ntext: The quality itself is as it should be (nice and rough/exfoliating), and I do like the colors. My main issue is with the fact that this isn't nearly as long as the same type of wash cloths sold at a nearby Japanese dollar store here. I was expecting the same length and these are a good 1/4 of the length shorter. Still possible to reach your back and all, but just a bit less comfortable to use.""]","The comments on the product's quality are mixed. One user noted that the product becomes too soft over time, losing its exfoliating ability and falling apart quickly, which suggests a decline in quality compared to similar products [0]. Another user praised the product for being super durable and of high quality, appreciating its coarseness, although it may be too much for some users [1]. A different user expressed disappointment, stating that the quality has deteriorated, with the product's edges fraying easily, making them look old and raggedy, although they still function well for scrubbing [2]. Conversely, one user found the product to be well-balanced in terms of hardness, making it effective for exfoliation [3]. Lastly, another user mentioned that while the quality is as expected in terms of roughness for exfoliation, the product is shorter than similar items, which affects comfort during use [4].",8.75
Is the quality of the bath wash up to par,The product has been given as the following : Salux Nylon Japanese Beauty Skin Bath Wash Cloth/towel (3)blue Yellow and Pink,01237,"['title: Quality Issues \ntext: Compared to other similar, they become way too soft as to no longer be able to exfoliate and they also quickly fall apart.', 'title: Super durable and of high quality \ntext: Super durable and of high quality. As a man I like the coarseness but my girlfriend finds it to be to much.', 'title: quality went down \ntext: i’m not sure when the quality went down, but these are not the same ones i’ve been buying. The end he’s got frayed super easily and made them look old and raggedy. I’ve had some for longer and the edges are better trimmed and looks great considering. Still scrubbed well, just looks bad', 'title: Great product \ntext: This is a great product to exfoliate your body with not to hard not to soft', 'title: Good for price. Not the best quality \ntext: Not the quality I was expecting, but it does do the job.I was searching for the straight line thread design.']","The comments on the product's quality are mixed. One user noted that the product becomes too soft over time, losing its exfoliating ability and falling apart quickly, which suggests a decline in quality compared to similar products [0]. Another user praised the product for being super durable and of high quality, although they mentioned that the coarseness might not be suitable for everyone [1]. A different user expressed disappointment, stating that the quality has declined, with the edges fraying easily and making the product look old and raggedy, although it still functions well [2]. Conversely, another user found the product to be great for exfoliating, striking a balance between being too hard and too soft [3]. Lastly, a user mentioned that while the product does the job, it did not meet their quality expectations, particularly in terms of design [4].",8.75
Is the quality of the bath wash up to par,The product has been given as the following : Salux Nylon Japanese Beauty Skin Bath Wash Cloth/towel (3)blue Yellow and Pink,01245,"['title: Quality Issues \ntext: Compared to other similar, they become way too soft as to no longer be able to exfoliate and they also quickly fall apart.', 'title: Super durable and of high quality \ntext: Super durable and of high quality. As a man I like the coarseness but my girlfriend finds it to be to much.', 'title: quality went down \ntext: i’m not sure when the quality went down, but these are not the same ones i’ve been buying. The end he’s got frayed super easily and made them look old and raggedy. I’ve had some for longer and the edges are better trimmed and looks great considering. Still scrubbed well, just looks bad', 'title: very good quality. I purchased what I thought was a ... \ntext: These are just what I wanted and well worth the money, very good quality. I purchased what I thought was a good product at a name brand store and they fell apart.  These will be the ones I buy from now on.', 'title: Not Original Salux \ntext: Not the original Salux. The quality is not as good as the towels I purchased from a different seller 3 yrs ago.']","The comments present mixed opinions on the quality of the product. Some users report that the product becomes too soft and falls apart quickly, making it ineffective for exfoliation [0]. Another user praises the product for being super durable and of high quality, although they note that the coarseness may not be suitable for everyone [1]. There are concerns about a decline in quality, with one user mentioning that the edges fray easily, making the product look old and raggedy, although it still functions well [2]. Conversely, another user finds the product to be of very good quality and worth the money, especially compared to a similar product from a name brand store that fell apart [3]. However, one user notes that the product is not the original Salux and does not match the quality of similar towels purchased from a different seller three years ago [4].",8.75
Is the quality of the bath wash up to par,The product has been given as the following : Salux Nylon Japanese Beauty Skin Bath Wash Cloth/towel (3)blue Yellow and Pink,01246,"['title: Quality Issues \ntext: Compared to other similar, they become way too soft as to no longer be able to exfoliate and they also quickly fall apart.', 'title: Super durable and of high quality \ntext: Super durable and of high quality. As a man I like the coarseness but my girlfriend finds it to be to much.', 'title: quality went down \ntext: i’m not sure when the quality went down, but these are not the same ones i’ve been buying. The end he’s got frayed super easily and made them look old and raggedy. I’ve had some for longer and the edges are better trimmed and looks great considering. Still scrubbed well, just looks bad', 'title: very good quality. I purchased what I thought was a ... \ntext: These are just what I wanted and well worth the money, very good quality. I purchased what I thought was a good product at a name brand store and they fell apart.  These will be the ones I buy from now on.', ""title: Will do the job in a pinch. \ntext: The quality itself is as it should be (nice and rough/exfoliating), and I do like the colors. My main issue is with the fact that this isn't nearly as long as the same type of wash cloths sold at a nearby Japanese dollar store here. I was expecting the same length and these are a good 1/4 of the length shorter. Still possible to reach your back and all, but just a bit less comfortable to use.""]","The comments present mixed opinions on the quality of the product. One user notes that the product becomes too soft over time, losing its exfoliating ability and falling apart quickly, which suggests a decline in quality compared to similar products [0]. Another user praises the product for being super durable and of high quality, although they mention that the coarseness might not be suitable for everyone [1]. A different user expresses disappointment, stating that the quality has deteriorated over time, with the edges fraying easily, although the product still functions well [2]. Conversely, another user is satisfied with the quality, finding it superior to a name-brand product that fell apart, and plans to continue purchasing it [3]. Lastly, a user finds the quality satisfactory in terms of texture but notes a discrepancy in length compared to similar products, which affects comfort [4].",8.75
Is the quality of the bath wash up to par,The product has been given as the following : Salux Nylon Japanese Beauty Skin Bath Wash Cloth/towel (3)blue Yellow and Pink,01247,"['title: Quality Issues \ntext: Compared to other similar, they become way too soft as to no longer be able to exfoliate and they also quickly fall apart.', 'title: Super durable and of high quality \ntext: Super durable and of high quality. As a man I like the coarseness but my girlfriend finds it to be to much.', 'title: quality went down \ntext: i’m not sure when the quality went down, but these are not the same ones i’ve been buying. The end he’s got frayed super easily and made them look old and raggedy. I’ve had some for longer and the edges are better trimmed and looks great considering. Still scrubbed well, just looks bad', 'title: very good quality. I purchased what I thought was a ... \ntext: These are just what I wanted and well worth the money, very good quality. I purchased what I thought was a good product at a name brand store and they fell apart.  These will be the ones I buy from now on.', 'title: Good for price. Not the best quality \ntext: Not the quality I was expecting, but it does do the job.I was searching for the straight line thread design.']","The comments on the product's quality are mixed. One user noted that the product becomes too soft over time, losing its exfoliating ability and falling apart quickly, which suggests a decline in quality compared to similar products [0]. Another user praised the product for being super durable and of high quality, although they mentioned that the coarseness might not be suitable for everyone [1]. A different user expressed disappointment, stating that the quality has deteriorated, with the edges fraying easily, making the product look old and raggedy, although it still functions well [2]. Conversely, another user found the product to be of very good quality and worth the money, especially compared to a similar product from a name brand store that fell apart [3]. Lastly, a user mentioned that while the product does the job, it did not meet their quality expectations, particularly in terms of design [4].",8.75
Is the quality of the bath wash up to par,The product has been given as the following : Salux Nylon Japanese Beauty Skin Bath Wash Cloth/towel (3)blue Yellow and Pink,01256,"['title: Quality Issues \ntext: Compared to other similar, they become way too soft as to no longer be able to exfoliate and they also quickly fall apart.', 'title: Super durable and of high quality \ntext: Super durable and of high quality. As a man I like the coarseness but my girlfriend finds it to be to much.', 'title: quality went down \ntext: i’m not sure when the quality went down, but these are not the same ones i’ve been buying. The end he’s got frayed super easily and made them look old and raggedy. I’ve had some for longer and the edges are better trimmed and looks great considering. Still scrubbed well, just looks bad', 'title: Not Original Salux \ntext: Not the original Salux. The quality is not as good as the towels I purchased from a different seller 3 yrs ago.', ""title: Will do the job in a pinch. \ntext: The quality itself is as it should be (nice and rough/exfoliating), and I do like the colors. My main issue is with the fact that this isn't nearly as long as the same type of wash cloths sold at a nearby Japanese dollar store here. I was expecting the same length and these are a good 1/4 of the length shorter. Still possible to reach your back and all, but just a bit less comfortable to use.""]","The comments reflect mixed opinions on the quality of the product. Some users have noted a decline in quality, mentioning that the product becomes too soft to exfoliate effectively and falls apart quickly, which is a departure from previous experiences where the product was more durable and well-trimmed [0][2]. Another user expressed dissatisfaction with the current quality compared to similar products purchased from a different seller three years ago, indicating a perceived drop in quality [3]. Conversely, one user praised the product for being super durable and of high quality, appreciating its coarseness, although it was noted that this might not be suitable for everyone [1]. Another comment mentioned that while the quality is as expected in terms of texture, the product's length was shorter than anticipated, affecting comfort during use [4].",8.75
Is the quality of the bath wash up to par,The product has been given as the following : Salux Nylon Japanese Beauty Skin Bath Wash Cloth/towel (3)blue Yellow and Pink,01257,"['title: Quality Issues \ntext: Compared to other similar, they become way too soft as to no longer be able to exfoliate and they also quickly fall apart.', 'title: Super durable and of high quality \ntext: Super durable and of high quality. As a man I like the coarseness but my girlfriend finds it to be to much.', 'title: quality went down \ntext: i’m not sure when the quality went down, but these are not the same ones i’ve been buying. The end he’s got frayed super easily and made them look old and raggedy. I’ve had some for longer and the edges are better trimmed and looks great considering. Still scrubbed well, just looks bad', 'title: Not Original Salux \ntext: Not the original Salux. The quality is not as good as the towels I purchased from a different seller 3 yrs ago.', 'title: Good for price. Not the best quality \ntext: Not the quality I was expecting, but it does do the job.I was searching for the straight line thread design.']","Several comments highlight concerns about the quality of the product. One user notes that the product becomes too soft to exfoliate effectively and falls apart quickly compared to similar items [0]. Another user praises the product for being super durable and of high quality, although they mention that the coarseness might not be suitable for everyone [1]. A different user expresses disappointment, stating that the quality has declined over time, with the edges fraying easily, making the product look old and raggedy, although it still functions well [2]. Additionally, a comment points out that the product is not the original Salux and does not match the quality of similar towels purchased from another seller three years ago [3]. Lastly, a user mentions that while the product is good for the price, it does not meet their quality expectations, as they were looking for a specific thread design [4].",8.75
Is the quality of the bath wash up to par,The product has been given as the following : Salux Nylon Japanese Beauty Skin Bath Wash Cloth/towel (3)blue Yellow and Pink,01267,"['title: Quality Issues \ntext: Compared to other similar, they become way too soft as to no longer be able to exfoliate and they also quickly fall apart.', 'title: Super durable and of high quality \ntext: Super durable and of high quality. As a man I like the coarseness but my girlfriend finds it to be to much.', 'title: quality went down \ntext: i’m not sure when the quality went down, but these are not the same ones i’ve been buying. The end he’s got frayed super easily and made them look old and raggedy. I’ve had some for longer and the edges are better trimmed and looks great considering. Still scrubbed well, just looks bad', ""title: Will do the job in a pinch. \ntext: The quality itself is as it should be (nice and rough/exfoliating), and I do like the colors. My main issue is with the fact that this isn't nearly as long as the same type of wash cloths sold at a nearby Japanese dollar store here. I was expecting the same length and these are a good 1/4 of the length shorter. Still possible to reach your back and all, but just a bit less comfortable to use."", 'title: Good for price. Not the best quality \ntext: Not the quality I was expecting, but it does do the job.I was searching for the straight line thread design.']","The product's quality has received mixed reviews. Some users have noted that the product becomes too soft over time, losing its exfoliating ability and falling apart quickly, which raises concerns about its durability [0]. Others have praised the product for being super durable and of high quality, although the coarseness may not be suitable for everyone [1]. There are also reports that the quality has declined, with newer versions having frayed edges that make them look old and raggedy, despite still performing well in terms of scrubbing [2]. While the product is described as having the expected roughness for exfoliation, some users are disappointed with its shorter length compared to similar products, affecting comfort during use [3]. Additionally, while the product is considered good for its price, it does not meet some users' expectations for quality, particularly in terms of design [4].",8.75
Is the quality of the bath wash up to par,The product has been given as the following : Salux Nylon Japanese Beauty Skin Bath Wash Cloth/towel (3)blue Yellow and Pink,01345,"['title: Quality Issues \ntext: Compared to other similar, they become way too soft as to no longer be able to exfoliate and they also quickly fall apart.', 'title: Super durable and of high quality \ntext: Super durable and of high quality. As a man I like the coarseness but my girlfriend finds it to be to much.', 'title: Great product \ntext: This is a great product to exfoliate your body with not to hard not to soft', 'title: very good quality. I purchased what I thought was a ... \ntext: These are just what I wanted and well worth the money, very good quality. I purchased what I thought was a good product at a name brand store and they fell apart.  These will be the ones I buy from now on.', 'title: Not Original Salux \ntext: Not the original Salux. The quality is not as good as the towels I purchased from a different seller 3 yrs ago.']","The comments on the product's quality are mixed. One user notes that the product becomes too soft and falls apart quickly, making it ineffective for exfoliation compared to similar products [0]. Another user praises the product for being super durable and of high quality, although they mention that the coarseness may not be suitable for everyone [1]. A third user finds the product to be well-balanced in terms of texture, describing it as neither too hard nor too soft, making it ideal for body exfoliation [2]. Another comment highlights the product's good quality and durability, especially compared to a previous purchase from a name brand store that fell apart [3]. However, one user expresses disappointment, stating that the product is not the original Salux and does not match the quality of similar towels purchased from a different seller three years ago [4].",8.75
Is the quality of the bath wash up to par,The product has been given as the following : Salux Nylon Japanese Beauty Skin Bath Wash Cloth/towel (3)blue Yellow and Pink,01346,"['title: Quality Issues \ntext: Compared to other similar, they become way too soft as to no longer be able to exfoliate and they also quickly fall apart.', 'title: Super durable and of high quality \ntext: Super durable and of high quality. As a man I like the coarseness but my girlfriend finds it to be to much.', 'title: Great product \ntext: This is a great product to exfoliate your body with not to hard not to soft', 'title: very good quality. I purchased what I thought was a ... \ntext: These are just what I wanted and well worth the money, very good quality. I purchased what I thought was a good product at a name brand store and they fell apart.  These will be the ones I buy from now on.', ""title: Will do the job in a pinch. \ntext: The quality itself is as it should be (nice and rough/exfoliating), and I do like the colors. My main issue is with the fact that this isn't nearly as long as the same type of wash cloths sold at a nearby Japanese dollar store here. I was expecting the same length and these are a good 1/4 of the length shorter. Still possible to reach your back and all, but just a bit less comfortable to use.""]","The comments on the product's quality are mixed. Some users find the product becomes too soft and falls apart quickly, making it ineffective for exfoliation compared to similar products [0]. Others praise its durability and high quality, although the coarseness may not be suitable for everyone [1]. Another user describes it as a great product for body exfoliation, striking a balance between being too hard and too soft [2]. One user highlights the product's good quality and value for money, noting that it outperforms a similar product from a name brand store that fell apart [3]. However, another user mentions that while the quality is as expected, the product is shorter than similar washcloths, which affects its comfort and usability [4].",8.75
Is the quality of the bath wash up to par,The product has been given as the following : Salux Nylon Japanese Beauty Skin Bath Wash Cloth/towel (3)blue Yellow and Pink,01347,"['title: Quality Issues \ntext: Compared to other similar, they become way too soft as to no longer be able to exfoliate and they also quickly fall apart.', 'title: Super durable and of high quality \ntext: Super durable and of high quality. As a man I like the coarseness but my girlfriend finds it to be to much.', 'title: Great product \ntext: This is a great product to exfoliate your body with not to hard not to soft', 'title: very good quality. I purchased what I thought was a ... \ntext: These are just what I wanted and well worth the money, very good quality. I purchased what I thought was a good product at a name brand store and they fell apart.  These will be the ones I buy from now on.', 'title: Good for price. Not the best quality \ntext: Not the quality I was expecting, but it does do the job.I was searching for the straight line thread design.']","The product's quality receives mixed reviews. Some users report that the product becomes too soft and falls apart quickly, making it ineffective for exfoliation compared to similar products [0]. Others praise its durability and high quality, although the coarseness may not be suitable for everyone [1]. Another user finds the product to be well-balanced in terms of texture, neither too hard nor too soft, making it effective for body exfoliation [2]. Additionally, one user highlights the product's good quality and value for money, noting that it outperforms a similar product from a name-brand store that fell apart [3]. However, another user mentions that while the product is good for its price, it does not meet their quality expectations [4].",8.75
Is the quality of the bath wash up to par,The product has been given as the following : Salux Nylon Japanese Beauty Skin Bath Wash Cloth/towel (3)blue Yellow and Pink,01356,"['title: Quality Issues \ntext: Compared to other similar, they become way too soft as to no longer be able to exfoliate and they also quickly fall apart.', 'title: Super durable and of high quality \ntext: Super durable and of high quality. As a man I like the coarseness but my girlfriend finds it to be to much.', 'title: Great product \ntext: This is a great product to exfoliate your body with not to hard not to soft', 'title: Not Original Salux \ntext: Not the original Salux. The quality is not as good as the towels I purchased from a different seller 3 yrs ago.', ""title: Will do the job in a pinch. \ntext: The quality itself is as it should be (nice and rough/exfoliating), and I do like the colors. My main issue is with the fact that this isn't nearly as long as the same type of wash cloths sold at a nearby Japanese dollar store here. I was expecting the same length and these are a good 1/4 of the length shorter. Still possible to reach your back and all, but just a bit less comfortable to use.""]","The comments on the product's quality are mixed. One user notes that the product becomes too soft over time, losing its exfoliating ability and falling apart quickly, which suggests a decline in quality compared to similar products [0]. Another user praises the product for being super durable and of high quality, appreciating its coarseness, although it may be too rough for some users [1]. A third user finds the product to be well-balanced in terms of texture, being neither too hard nor too soft, which makes it effective for exfoliation [2]. However, another comment points out that the product is not the original Salux and does not match the quality of similar towels purchased from a different seller three years ago [3]. Lastly, while the product is described as having the right texture for exfoliation, there is a complaint about its shorter length compared to similar products, which affects its usability [4].",8.75
Is the quality of the bath wash up to par,The product has been given as the following : Salux Nylon Japanese Beauty Skin Bath Wash Cloth/towel (3)blue Yellow and Pink,01357,"['title: Quality Issues \ntext: Compared to other similar, they become way too soft as to no longer be able to exfoliate and they also quickly fall apart.', 'title: Super durable and of high quality \ntext: Super durable and of high quality. As a man I like the coarseness but my girlfriend finds it to be to much.', 'title: Great product \ntext: This is a great product to exfoliate your body with not to hard not to soft', 'title: Not Original Salux \ntext: Not the original Salux. The quality is not as good as the towels I purchased from a different seller 3 yrs ago.', 'title: Good for price. Not the best quality \ntext: Not the quality I was expecting, but it does do the job.I was searching for the straight line thread design.']","The comments on the product's quality are mixed. Some users find the product becomes too soft and falls apart quickly, making it ineffective for exfoliation [0]. Others praise its durability and high quality, although there are differing opinions on its coarseness, with one user appreciating it while another finds it excessive [1]. Another user describes the product as great for exfoliating, striking a balance between hardness and softness [2]. However, there are concerns about the product not being the original Salux, with a noticeable decline in quality compared to previous purchases [3]. Additionally, while one user acknowledges that the product is good for its price, they were disappointed with the quality, as it did not meet their expectations [4].",8.75
Is the quality of the bath wash up to par,The product has been given as the following : Salux Nylon Japanese Beauty Skin Bath Wash Cloth/towel (3)blue Yellow and Pink,01367,"['title: Quality Issues \ntext: Compared to other similar, they become way too soft as to no longer be able to exfoliate and they also quickly fall apart.', 'title: Super durable and of high quality \ntext: Super durable and of high quality. As a man I like the coarseness but my girlfriend finds it to be to much.', 'title: Great product \ntext: This is a great product to exfoliate your body with not to hard not to soft', ""title: Will do the job in a pinch. \ntext: The quality itself is as it should be (nice and rough/exfoliating), and I do like the colors. My main issue is with the fact that this isn't nearly as long as the same type of wash cloths sold at a nearby Japanese dollar store here. I was expecting the same length and these are a good 1/4 of the length shorter. Still possible to reach your back and all, but just a bit less comfortable to use."", 'title: Good for price. Not the best quality \ntext: Not the quality I was expecting, but it does do the job.I was searching for the straight line thread design.']","The product's quality receives mixed reviews. Some users find it becomes too soft and falls apart quickly, making it ineffective for exfoliation compared to similar products [0]. Others praise its durability and high quality, appreciating its coarseness, although it may be too rough for some users [1]. Another user describes it as a great product for exfoliating, striking a balance between hardness and softness [2]. While the quality is deemed satisfactory for exfoliation, there are concerns about its length compared to similar products, which affects comfort [3]. Lastly, one user notes that while the product is good for its price, it does not meet their quality expectations, particularly in terms of design [4].",8.75
Is the quality of the bath wash up to par,The product has been given as the following : Salux Nylon Japanese Beauty Skin Bath Wash Cloth/towel (3)blue Yellow and Pink,01456,"['title: Quality Issues \ntext: Compared to other similar, they become way too soft as to no longer be able to exfoliate and they also quickly fall apart.', 'title: Super durable and of high quality \ntext: Super durable and of high quality. As a man I like the coarseness but my girlfriend finds it to be to much.', 'title: very good quality. I purchased what I thought was a ... \ntext: These are just what I wanted and well worth the money, very good quality. I purchased what I thought was a good product at a name brand store and they fell apart.  These will be the ones I buy from now on.', 'title: Not Original Salux \ntext: Not the original Salux. The quality is not as good as the towels I purchased from a different seller 3 yrs ago.', ""title: Will do the job in a pinch. \ntext: The quality itself is as it should be (nice and rough/exfoliating), and I do like the colors. My main issue is with the fact that this isn't nearly as long as the same type of wash cloths sold at a nearby Japanese dollar store here. I was expecting the same length and these are a good 1/4 of the length shorter. Still possible to reach your back and all, but just a bit less comfortable to use.""]","The comments present mixed opinions on the quality of the product. One user notes that the product becomes too soft and falls apart quickly, making it ineffective for exfoliation compared to similar products [0]. Another user praises the product for being super durable and of high quality, although they mention that the coarseness might not be suitable for everyone [1]. A third user finds the product to be of very good quality and a better option than a previous purchase from a name brand store that fell apart, indicating satisfaction with its durability and value for money [2]. However, one user criticizes the product for not being as good as the original Salux towels they bought from a different seller three years ago, suggesting a decline in quality [3]. Lastly, another user mentions that while the quality is as expected in terms of roughness and exfoliation, the product is shorter than similar items available locally, which affects its comfort of use [4].",8.75
Is the quality of the bath wash up to par,The product has been given as the following : Salux Nylon Japanese Beauty Skin Bath Wash Cloth/towel (3)blue Yellow and Pink,01457,"['title: Quality Issues \ntext: Compared to other similar, they become way too soft as to no longer be able to exfoliate and they also quickly fall apart.', 'title: Super durable and of high quality \ntext: Super durable and of high quality. As a man I like the coarseness but my girlfriend finds it to be to much.', 'title: very good quality. I purchased what I thought was a ... \ntext: These are just what I wanted and well worth the money, very good quality. I purchased what I thought was a good product at a name brand store and they fell apart.  These will be the ones I buy from now on.', 'title: Not Original Salux \ntext: Not the original Salux. The quality is not as good as the towels I purchased from a different seller 3 yrs ago.', 'title: Good for price. Not the best quality \ntext: Not the quality I was expecting, but it does do the job.I was searching for the straight line thread design.']","The comments on the product's quality are mixed. One user notes that the product becomes too soft and falls apart quickly, making it ineffective for exfoliation compared to similar products [0]. Another user praises the product for being super durable and of high quality, although they mention that the coarseness might not be suitable for everyone [1]. A third user expresses satisfaction with the product's quality, stating it is well worth the money and superior to a previous purchase from a name brand store that fell apart [2]. However, another user criticizes the product for not being the original Salux and notes a decline in quality compared to a purchase made three years ago [3]. Lastly, a user mentions that while the product is good for its price, it does not meet their quality expectations [4].",8.75
Is the quality of the bath wash up to par,The product has been given as the following : Salux Nylon Japanese Beauty Skin Bath Wash Cloth/towel (3)blue Yellow and Pink,01467,"['title: Quality Issues \ntext: Compared to other similar, they become way too soft as to no longer be able to exfoliate and they also quickly fall apart.', 'title: Super durable and of high quality \ntext: Super durable and of high quality. As a man I like the coarseness but my girlfriend finds it to be to much.', 'title: very good quality. I purchased what I thought was a ... \ntext: These are just what I wanted and well worth the money, very good quality. I purchased what I thought was a good product at a name brand store and they fell apart.  These will be the ones I buy from now on.', ""title: Will do the job in a pinch. \ntext: The quality itself is as it should be (nice and rough/exfoliating), and I do like the colors. My main issue is with the fact that this isn't nearly as long as the same type of wash cloths sold at a nearby Japanese dollar store here. I was expecting the same length and these are a good 1/4 of the length shorter. Still possible to reach your back and all, but just a bit less comfortable to use."", 'title: Good for price. Not the best quality \ntext: Not the quality I was expecting, but it does do the job.I was searching for the straight line thread design.']","The product's quality receives mixed reviews. Some users report that the product becomes too soft and falls apart quickly, making it ineffective for exfoliation compared to similar products [0]. However, others praise its durability and high quality, noting that it is coarse enough for effective use, although this coarseness may not be suitable for everyone [1]. Another user highlights the product's good quality and value for money, stating that it outperforms a similar product from a name brand store that fell apart [2]. While the product is described as having the desired roughness for exfoliation, there are concerns about its length compared to similar products, which affects comfort during use [3]. Lastly, one user mentions that the product does the job but does not meet their quality expectations, as they were looking for a specific design [4].",8.75
Is the quality of the bath wash up to par,The product has been given as the following : Salux Nylon Japanese Beauty Skin Bath Wash Cloth/towel (3)blue Yellow and Pink,01567,"['title: Quality Issues \ntext: Compared to other similar, they become way too soft as to no longer be able to exfoliate and they also quickly fall apart.', 'title: Super durable and of high quality \ntext: Super durable and of high quality. As a man I like the coarseness but my girlfriend finds it to be to much.', 'title: Not Original Salux \ntext: Not the original Salux. The quality is not as good as the towels I purchased from a different seller 3 yrs ago.', ""title: Will do the job in a pinch. \ntext: The quality itself is as it should be (nice and rough/exfoliating), and I do like the colors. My main issue is with the fact that this isn't nearly as long as the same type of wash cloths sold at a nearby Japanese dollar store here. I was expecting the same length and these are a good 1/4 of the length shorter. Still possible to reach your back and all, but just a bit less comfortable to use."", 'title: Good for price. Not the best quality \ntext: Not the quality I was expecting, but it does do the job.I was searching for the straight line thread design.']","The product's quality appears to be inconsistent based on user feedback. Some users report that the product becomes too soft and falls apart quickly, making it ineffective for exfoliation [0]. Others praise its durability and high quality, although opinions on its coarseness vary, with some finding it too harsh [1]. There are concerns about the product not being the original brand, with a noticeable decline in quality compared to previous purchases [2]. While the product is described as having the expected roughness for exfoliation, its shorter length compared to similar products is noted as a drawback [3]. Additionally, the quality is considered adequate for the price, but not exceptional, with some users seeking a specific design that was not met [4].",8.75
Is the quality of the bath wash up to par,The product has been given as the following : Salux Nylon Japanese Beauty Skin Bath Wash Cloth/towel (3)blue Yellow and Pink,02345,"['title: Quality Issues \ntext: Compared to other similar, they become way too soft as to no longer be able to exfoliate and they also quickly fall apart.', 'title: quality went down \ntext: i’m not sure when the quality went down, but these are not the same ones i’ve been buying. The end he’s got frayed super easily and made them look old and raggedy. I’ve had some for longer and the edges are better trimmed and looks great considering. Still scrubbed well, just looks bad', 'title: Great product \ntext: This is a great product to exfoliate your body with not to hard not to soft', 'title: very good quality. I purchased what I thought was a ... \ntext: These are just what I wanted and well worth the money, very good quality. I purchased what I thought was a good product at a name brand store and they fell apart.  These will be the ones I buy from now on.', 'title: Not Original Salux \ntext: Not the original Salux. The quality is not as good as the towels I purchased from a different seller 3 yrs ago.']","Several users have expressed concerns about the quality of the product, noting that it becomes too soft to effectively exfoliate and falls apart quickly compared to similar products [0]. Another user mentioned a decline in quality, with the product's edges fraying easily, making them look old and raggedy, although they still function well for scrubbing [1]. Conversely, some users have praised the product, describing it as great for exfoliating, with a balance of softness and hardness [2]. One user highlighted the product's good quality and durability, stating it was better than a similar product purchased from a name brand store that fell apart [3]. However, another user noted that the product is not the original Salux and does not match the quality of towels purchased from a different seller three years ago [4].",8.75
Is the quality of the bath wash up to par,The product has been given as the following : Salux Nylon Japanese Beauty Skin Bath Wash Cloth/towel (3)blue Yellow and Pink,02346,"['title: Quality Issues \ntext: Compared to other similar, they become way too soft as to no longer be able to exfoliate and they also quickly fall apart.', 'title: quality went down \ntext: i’m not sure when the quality went down, but these are not the same ones i’ve been buying. The end he’s got frayed super easily and made them look old and raggedy. I’ve had some for longer and the edges are better trimmed and looks great considering. Still scrubbed well, just looks bad', 'title: Great product \ntext: This is a great product to exfoliate your body with not to hard not to soft', 'title: very good quality. I purchased what I thought was a ... \ntext: These are just what I wanted and well worth the money, very good quality. I purchased what I thought was a good product at a name brand store and they fell apart.  These will be the ones I buy from now on.', ""title: Will do the job in a pinch. \ntext: The quality itself is as it should be (nice and rough/exfoliating), and I do like the colors. My main issue is with the fact that this isn't nearly as long as the same type of wash cloths sold at a nearby Japanese dollar store here. I was expecting the same length and these are a good 1/4 of the length shorter. Still possible to reach your back and all, but just a bit less comfortable to use.""]","Several comments highlight varying opinions on the quality of the product. One user notes that the product becomes too soft over time, losing its exfoliating ability and falling apart quickly, which suggests a decline in quality compared to similar products [0]. Another user expresses uncertainty about when the quality decreased, mentioning that the product's edges fray easily, making them look old and raggedy, although they still function well for scrubbing [1]. Conversely, a different user praises the product for being ideal for exfoliation, describing it as neither too hard nor too soft [2]. Another comment emphasizes the product's good quality, stating that it is well worth the money and superior to a similar product purchased at a name-brand store, which fell apart [3]. Lastly, a user mentions that while the product's quality is as expected in terms of roughness for exfoliation, the length is shorter than anticipated, affecting comfort [4].",8.75
Is the quality of the bath wash up to par,The product has been given as the following : Salux Nylon Japanese Beauty Skin Bath Wash Cloth/towel (3)blue Yellow and Pink,02347,"['title: Quality Issues \ntext: Compared to other similar, they become way too soft as to no longer be able to exfoliate and they also quickly fall apart.', 'title: quality went down \ntext: i’m not sure when the quality went down, but these are not the same ones i’ve been buying. The end he’s got frayed super easily and made them look old and raggedy. I’ve had some for longer and the edges are better trimmed and looks great considering. Still scrubbed well, just looks bad', 'title: Great product \ntext: This is a great product to exfoliate your body with not to hard not to soft', 'title: very good quality. I purchased what I thought was a ... \ntext: These are just what I wanted and well worth the money, very good quality. I purchased what I thought was a good product at a name brand store and they fell apart.  These will be the ones I buy from now on.', 'title: Good for price. Not the best quality \ntext: Not the quality I was expecting, but it does do the job.I was searching for the straight line thread design.']","Several comments highlight varying opinions on the quality of the product. One user notes that compared to similar products, these become too soft to exfoliate effectively and fall apart quickly, indicating a decline in quality [0]. Another user expresses uncertainty about when the quality decreased, mentioning that the product's edges fray easily, making them look old and raggedy, although they still function well for scrubbing [1]. Conversely, a different user praises the product for being great for exfoliation, describing it as neither too hard nor too soft [2]. Another comment appreciates the product's quality, stating it is well worth the money and superior to a name-brand alternative that fell apart [3]. However, another user mentions that while the product does the job, it does not meet their quality expectations, as they were searching for a specific design [4].",8.75
Is the quality of the bath wash up to par,The product has been given as the following : Salux Nylon Japanese Beauty Skin Bath Wash Cloth/towel (3)blue Yellow and Pink,02356,"['title: Quality Issues \ntext: Compared to other similar, they become way too soft as to no longer be able to exfoliate and they also quickly fall apart.', 'title: quality went down \ntext: i’m not sure when the quality went down, but these are not the same ones i’ve been buying. The end he’s got frayed super easily and made them look old and raggedy. I’ve had some for longer and the edges are better trimmed and looks great considering. Still scrubbed well, just looks bad', 'title: Great product \ntext: This is a great product to exfoliate your body with not to hard not to soft', 'title: Not Original Salux \ntext: Not the original Salux. The quality is not as good as the towels I purchased from a different seller 3 yrs ago.', ""title: Will do the job in a pinch. \ntext: The quality itself is as it should be (nice and rough/exfoliating), and I do like the colors. My main issue is with the fact that this isn't nearly as long as the same type of wash cloths sold at a nearby Japanese dollar store here. I was expecting the same length and these are a good 1/4 of the length shorter. Still possible to reach your back and all, but just a bit less comfortable to use.""]","Several comments highlight concerns about the quality of the product. One user noted that the product becomes too soft to effectively exfoliate and falls apart quickly, indicating a decline in durability and functionality compared to similar products [0]. Another user expressed disappointment over a perceived decline in quality, mentioning that the edges frayed easily, making the product look old and raggedy, although it still performed well in terms of scrubbing [1]. Conversely, a positive review described the product as great for exfoliating, striking a balance between being not too hard and not too soft [2]. However, another user criticized the product for not matching the quality of original Salux towels purchased from a different seller three years ago, suggesting a decrease in quality over time [3]. Lastly, a user mentioned that while the quality was satisfactory in terms of texture, the product was shorter than expected, affecting its ease of use [4].",8.75
Is the quality of the bath wash up to par,The product has been given as the following : Salux Nylon Japanese Beauty Skin Bath Wash Cloth/towel (3)blue Yellow and Pink,02357,"['title: Quality Issues \ntext: Compared to other similar, they become way too soft as to no longer be able to exfoliate and they also quickly fall apart.', 'title: quality went down \ntext: i’m not sure when the quality went down, but these are not the same ones i’ve been buying. The end he’s got frayed super easily and made them look old and raggedy. I’ve had some for longer and the edges are better trimmed and looks great considering. Still scrubbed well, just looks bad', 'title: Great product \ntext: This is a great product to exfoliate your body with not to hard not to soft', 'title: Not Original Salux \ntext: Not the original Salux. The quality is not as good as the towels I purchased from a different seller 3 yrs ago.', 'title: Good for price. Not the best quality \ntext: Not the quality I was expecting, but it does do the job.I was searching for the straight line thread design.']","Several users have expressed concerns about the quality of the product, noting that it becomes too soft to effectively exfoliate and falls apart quickly compared to similar products [0]. Another user mentioned a decline in quality, with the product's edges fraying easily, making them appear old and raggedy, although they still function well for scrubbing [1]. Conversely, one user praised the product for being effective in exfoliating, describing it as neither too hard nor too soft [2]. However, another user pointed out that the product is not the original Salux and lacks the quality of similar towels purchased from a different seller three years ago [3]. Lastly, a user commented that while the product is good for its price, it does not meet their quality expectations, as they were looking for a specific thread design [4].",8.75
Is the quality of the bath wash up to par,The product has been given as the following : Salux Nylon Japanese Beauty Skin Bath Wash Cloth/towel (3)blue Yellow and Pink,02367,"['title: Quality Issues \ntext: Compared to other similar, they become way too soft as to no longer be able to exfoliate and they also quickly fall apart.', 'title: quality went down \ntext: i’m not sure when the quality went down, but these are not the same ones i’ve been buying. The end he’s got frayed super easily and made them look old and raggedy. I’ve had some for longer and the edges are better trimmed and looks great considering. Still scrubbed well, just looks bad', 'title: Great product \ntext: This is a great product to exfoliate your body with not to hard not to soft', ""title: Will do the job in a pinch. \ntext: The quality itself is as it should be (nice and rough/exfoliating), and I do like the colors. My main issue is with the fact that this isn't nearly as long as the same type of wash cloths sold at a nearby Japanese dollar store here. I was expecting the same length and these are a good 1/4 of the length shorter. Still possible to reach your back and all, but just a bit less comfortable to use."", 'title: Good for price. Not the best quality \ntext: Not the quality I was expecting, but it does do the job.I was searching for the straight line thread design.']","Several comments highlight concerns about the quality of the product. One user noted that the product becomes too soft to effectively exfoliate and falls apart quickly, indicating a decline in durability compared to similar products [0]. Another user expressed disappointment with the product's quality, mentioning that the edges frayed easily, making them appear old and raggedy, although they still functioned well for scrubbing [1]. Conversely, a positive review described the product as great for exfoliating, striking a balance between being too hard and too soft [2]. Another user found the quality satisfactory for exfoliating but noted a discrepancy in length compared to similar products, which affected comfort [3]. Lastly, a user mentioned that while the product was good for the price, it did not meet their quality expectations, particularly in terms of design [4].",8.75
Is the quality of the bath wash up to par,The product has been given as the following : Salux Nylon Japanese Beauty Skin Bath Wash Cloth/towel (3)blue Yellow and Pink,02456,"['title: Quality Issues \ntext: Compared to other similar, they become way too soft as to no longer be able to exfoliate and they also quickly fall apart.', 'title: quality went down \ntext: i’m not sure when the quality went down, but these are not the same ones i’ve been buying. The end he’s got frayed super easily and made them look old and raggedy. I’ve had some for longer and the edges are better trimmed and looks great considering. Still scrubbed well, just looks bad', 'title: very good quality. I purchased what I thought was a ... \ntext: These are just what I wanted and well worth the money, very good quality. I purchased what I thought was a good product at a name brand store and they fell apart.  These will be the ones I buy from now on.', 'title: Not Original Salux \ntext: Not the original Salux. The quality is not as good as the towels I purchased from a different seller 3 yrs ago.', ""title: Will do the job in a pinch. \ntext: The quality itself is as it should be (nice and rough/exfoliating), and I do like the colors. My main issue is with the fact that this isn't nearly as long as the same type of wash cloths sold at a nearby Japanese dollar store here. I was expecting the same length and these are a good 1/4 of the length shorter. Still possible to reach your back and all, but just a bit less comfortable to use.""]","Several comments highlight concerns about the quality of the product. One user noted that the product becomes too soft to exfoliate effectively and falls apart quickly, indicating a decline in durability compared to similar items [0]. Another user expressed disappointment with the frayed edges and ragged appearance of the product, suggesting a decline in quality from previous purchases, although it still functions well for scrubbing [1]. Conversely, a different user praised the product for its good quality and durability, stating it was superior to a similar product purchased from a name brand store that fell apart [2]. However, another comment mentioned that the product is not as good as the original Salux towels bought from a different seller three years ago, implying a decrease in quality over time [3]. Lastly, one user found the quality to be satisfactory in terms of texture but noted a discrepancy in length compared to similar products, which affected comfort [4].",8.75
Is the quality of the bath wash up to par,The product has been given as the following : Salux Nylon Japanese Beauty Skin Bath Wash Cloth/towel (3)blue Yellow and Pink,02457,"['title: Quality Issues \ntext: Compared to other similar, they become way too soft as to no longer be able to exfoliate and they also quickly fall apart.', 'title: quality went down \ntext: i’m not sure when the quality went down, but these are not the same ones i’ve been buying. The end he’s got frayed super easily and made them look old and raggedy. I’ve had some for longer and the edges are better trimmed and looks great considering. Still scrubbed well, just looks bad', 'title: very good quality. I purchased what I thought was a ... \ntext: These are just what I wanted and well worth the money, very good quality. I purchased what I thought was a good product at a name brand store and they fell apart.  These will be the ones I buy from now on.', 'title: Not Original Salux \ntext: Not the original Salux. The quality is not as good as the towels I purchased from a different seller 3 yrs ago.', 'title: Good for price. Not the best quality \ntext: Not the quality I was expecting, but it does do the job.I was searching for the straight line thread design.']","Several comments highlight concerns about the quality of the product. One user noted that the product becomes too soft to exfoliate effectively and falls apart quickly, indicating a decline in durability compared to similar products [0]. Another user expressed disappointment with the frayed edges and overall appearance, suggesting a decline in quality over time, although the product still functions well [1]. Conversely, a different user praised the product for its good quality and value for money, stating that it outperformed a similar product from a name-brand store that fell apart [2]. However, another comment mentioned that the product is not as good as the original Salux towels purchased from a different seller three years ago, implying a decrease in quality [3]. Lastly, a user found the product to be adequate for the price but not of the expected quality, as they were searching for a specific design feature [4].",8.75
Is the quality of the bath wash up to par,The product has been given as the following : Salux Nylon Japanese Beauty Skin Bath Wash Cloth/towel (3)blue Yellow and Pink,02467,"['title: Quality Issues \ntext: Compared to other similar, they become way too soft as to no longer be able to exfoliate and they also quickly fall apart.', 'title: quality went down \ntext: i’m not sure when the quality went down, but these are not the same ones i’ve been buying. The end he’s got frayed super easily and made them look old and raggedy. I’ve had some for longer and the edges are better trimmed and looks great considering. Still scrubbed well, just looks bad', 'title: very good quality. I purchased what I thought was a ... \ntext: These are just what I wanted and well worth the money, very good quality. I purchased what I thought was a good product at a name brand store and they fell apart.  These will be the ones I buy from now on.', ""title: Will do the job in a pinch. \ntext: The quality itself is as it should be (nice and rough/exfoliating), and I do like the colors. My main issue is with the fact that this isn't nearly as long as the same type of wash cloths sold at a nearby Japanese dollar store here. I was expecting the same length and these are a good 1/4 of the length shorter. Still possible to reach your back and all, but just a bit less comfortable to use."", 'title: Good for price. Not the best quality \ntext: Not the quality I was expecting, but it does do the job.I was searching for the straight line thread design.']","Several comments highlight varying opinions on the quality of the product. One user noted that the product becomes too soft and falls apart quickly, making it ineffective for exfoliation [0]. Another user expressed disappointment in the decline of quality, mentioning that the edges fray easily, although the product still functions well [1]. Conversely, a different user praised the product for its good quality and durability, stating it was worth the money and superior to a name-brand alternative that fell apart [2]. Another comment mentioned that while the product's quality is satisfactory for exfoliation, its shorter length compared to similar products is a drawback [3]. Lastly, a user found the product to be adequate for the price, though not meeting their quality expectations [4].",8.75
Is the quality of the bath wash up to par,The product has been given as the following : Salux Nylon Japanese Beauty Skin Bath Wash Cloth/towel (3)blue Yellow and Pink,02567,"['title: Quality Issues \ntext: Compared to other similar, they become way too soft as to no longer be able to exfoliate and they also quickly fall apart.', 'title: quality went down \ntext: i’m not sure when the quality went down, but these are not the same ones i’ve been buying. The end he’s got frayed super easily and made them look old and raggedy. I’ve had some for longer and the edges are better trimmed and looks great considering. Still scrubbed well, just looks bad', 'title: Not Original Salux \ntext: Not the original Salux. The quality is not as good as the towels I purchased from a different seller 3 yrs ago.', ""title: Will do the job in a pinch. \ntext: The quality itself is as it should be (nice and rough/exfoliating), and I do like the colors. My main issue is with the fact that this isn't nearly as long as the same type of wash cloths sold at a nearby Japanese dollar store here. I was expecting the same length and these are a good 1/4 of the length shorter. Still possible to reach your back and all, but just a bit less comfortable to use."", 'title: Good for price. Not the best quality \ntext: Not the quality I was expecting, but it does do the job.I was searching for the straight line thread design.']","Several users have expressed concerns about the quality of the product, noting that it becomes too soft to exfoliate effectively and falls apart quickly compared to similar products [0]. Another user mentioned a decline in quality, with the product's edges fraying easily, making them look old and raggedy, although they still function well for scrubbing [1]. A different user pointed out that the product is not the original Salux and does not match the quality of towels purchased from another seller three years ago [2]. While one user found the quality to be as expected in terms of texture, they were disappointed by the shorter length compared to similar products from a local store, which affected comfort during use [3]. Lastly, another user noted that while the product is good for the price, it did not meet their quality expectations, particularly in terms of design [4].",8.75
Is the quality of the bath wash up to par,The product has been given as the following : Salux Nylon Japanese Beauty Skin Bath Wash Cloth/towel (3)blue Yellow and Pink,03456,"['title: Quality Issues \ntext: Compared to other similar, they become way too soft as to no longer be able to exfoliate and they also quickly fall apart.', 'title: Great product \ntext: This is a great product to exfoliate your body with not to hard not to soft', 'title: very good quality. I purchased what I thought was a ... \ntext: These are just what I wanted and well worth the money, very good quality. I purchased what I thought was a good product at a name brand store and they fell apart.  These will be the ones I buy from now on.', 'title: Not Original Salux \ntext: Not the original Salux. The quality is not as good as the towels I purchased from a different seller 3 yrs ago.', ""title: Will do the job in a pinch. \ntext: The quality itself is as it should be (nice and rough/exfoliating), and I do like the colors. My main issue is with the fact that this isn't nearly as long as the same type of wash cloths sold at a nearby Japanese dollar store here. I was expecting the same length and these are a good 1/4 of the length shorter. Still possible to reach your back and all, but just a bit less comfortable to use.""]","The comments present mixed reviews regarding the quality of the product. One user expressed dissatisfaction, noting that the product becomes too soft to exfoliate effectively and falls apart quickly, indicating a quality issue compared to similar products [0]. Conversely, another user praised the product for being ideal for exfoliation, describing it as neither too hard nor too soft, suggesting a satisfactory quality [1]. A third user highlighted the product's good quality and value for money, contrasting it with a previous purchase from a name brand store that fell apart, indicating a preference for this product due to its durability [2]. However, another user mentioned that the product is not as good as the original Salux towels they bought from a different seller three years ago, suggesting a decline in quality [3]. Lastly, a user found the quality to be as expected, with a nice rough texture for exfoliation, but noted a discrepancy in length compared to similar products, which affected comfort [4].",8.75
Is the quality of the bath wash up to par,The product has been given as the following : Salux Nylon Japanese Beauty Skin Bath Wash Cloth/towel (3)blue Yellow and Pink,03457,"['title: Quality Issues \ntext: Compared to other similar, they become way too soft as to no longer be able to exfoliate and they also quickly fall apart.', 'title: Great product \ntext: This is a great product to exfoliate your body with not to hard not to soft', 'title: very good quality. I purchased what I thought was a ... \ntext: These are just what I wanted and well worth the money, very good quality. I purchased what I thought was a good product at a name brand store and they fell apart.  These will be the ones I buy from now on.', 'title: Not Original Salux \ntext: Not the original Salux. The quality is not as good as the towels I purchased from a different seller 3 yrs ago.', 'title: Good for price. Not the best quality \ntext: Not the quality I was expecting, but it does do the job.I was searching for the straight line thread design.']","The comments on the product's quality are mixed. One user expressed dissatisfaction, noting that the product becomes too soft to exfoliate effectively and falls apart quickly, indicating poor durability [0]. Conversely, another user praised the product for being ideal for body exfoliation, describing it as neither too hard nor too soft, suggesting a balanced texture [1]. A third user highlighted the product's good quality and value for money, contrasting it with a previous purchase from a name brand store that fell apart, indicating a preference for this product [2]. However, another user mentioned that the product is not the original Salux and that its quality does not match that of similar products purchased three years ago, suggesting a decline in quality [3]. Lastly, a user noted that while the product is good for its price, it did not meet their quality expectations, although it still performs its intended function [4].",8.75
Is the quality of the bath wash up to par,The product has been given as the following : Salux Nylon Japanese Beauty Skin Bath Wash Cloth/towel (3)blue Yellow and Pink,03467,"['title: Quality Issues \ntext: Compared to other similar, they become way too soft as to no longer be able to exfoliate and they also quickly fall apart.', 'title: Great product \ntext: This is a great product to exfoliate your body with not to hard not to soft', 'title: very good quality. I purchased what I thought was a ... \ntext: These are just what I wanted and well worth the money, very good quality. I purchased what I thought was a good product at a name brand store and they fell apart.  These will be the ones I buy from now on.', ""title: Will do the job in a pinch. \ntext: The quality itself is as it should be (nice and rough/exfoliating), and I do like the colors. My main issue is with the fact that this isn't nearly as long as the same type of wash cloths sold at a nearby Japanese dollar store here. I was expecting the same length and these are a good 1/4 of the length shorter. Still possible to reach your back and all, but just a bit less comfortable to use."", 'title: Good for price. Not the best quality \ntext: Not the quality I was expecting, but it does do the job.I was searching for the straight line thread design.']","The product's quality receives mixed reviews. Some users find it too soft and prone to falling apart, which affects its ability to exfoliate effectively [0]. Others praise it for being the perfect balance of hardness and softness for exfoliation [1]. One user highlights its very good quality, noting that it outperforms a similar product from a name brand store that fell apart [2]. Another comment mentions that while the product is nice and rough for exfoliating, its shorter length compared to similar products is a drawback [3]. Lastly, a user mentions that although the product does the job, it does not meet their quality expectations, particularly in terms of design [4].",8.75
Is the quality of the bath wash up to par,The product has been given as the following : Salux Nylon Japanese Beauty Skin Bath Wash Cloth/towel (3)blue Yellow and Pink,03567,"['title: Quality Issues \ntext: Compared to other similar, they become way too soft as to no longer be able to exfoliate and they also quickly fall apart.', 'title: Great product \ntext: This is a great product to exfoliate your body with not to hard not to soft', 'title: Not Original Salux \ntext: Not the original Salux. The quality is not as good as the towels I purchased from a different seller 3 yrs ago.', ""title: Will do the job in a pinch. \ntext: The quality itself is as it should be (nice and rough/exfoliating), and I do like the colors. My main issue is with the fact that this isn't nearly as long as the same type of wash cloths sold at a nearby Japanese dollar store here. I was expecting the same length and these are a good 1/4 of the length shorter. Still possible to reach your back and all, but just a bit less comfortable to use."", 'title: Good for price. Not the best quality \ntext: Not the quality I was expecting, but it does do the job.I was searching for the straight line thread design.']","The product has received mixed reviews regarding its quality. Some users have noted that the product becomes too soft over time, losing its exfoliating ability and falling apart quickly, which suggests a decline in quality compared to similar products [0]. Another user praised the product for being effective in exfoliating without being too hard or too soft, indicating satisfaction with its quality [1]. However, there are concerns about the product not being the original Salux, with a user mentioning that the quality is inferior to similar towels purchased from a different seller three years ago [2]. Additionally, while one user found the quality to be as expected in terms of texture, they were disappointed with the shorter length compared to similar products available locally, which affected the comfort of use [3]. Lastly, another user mentioned that while the product is good for its price, it did not meet their quality expectations, particularly in terms of design [4].",8.75
Is the quality of the bath wash up to par,The product has been given as the following : Salux Nylon Japanese Beauty Skin Bath Wash Cloth/towel (3)blue Yellow and Pink,04567,"['title: Quality Issues \ntext: Compared to other similar, they become way too soft as to no longer be able to exfoliate and they also quickly fall apart.', 'title: very good quality. I purchased what I thought was a ... \ntext: These are just what I wanted and well worth the money, very good quality. I purchased what I thought was a good product at a name brand store and they fell apart.  These will be the ones I buy from now on.', 'title: Not Original Salux \ntext: Not the original Salux. The quality is not as good as the towels I purchased from a different seller 3 yrs ago.', ""title: Will do the job in a pinch. \ntext: The quality itself is as it should be (nice and rough/exfoliating), and I do like the colors. My main issue is with the fact that this isn't nearly as long as the same type of wash cloths sold at a nearby Japanese dollar store here. I was expecting the same length and these are a good 1/4 of the length shorter. Still possible to reach your back and all, but just a bit less comfortable to use."", 'title: Good for price. Not the best quality \ntext: Not the quality I was expecting, but it does do the job.I was searching for the straight line thread design.']","Several comments highlight concerns and praises regarding the quality of the product. One user noted that the product becomes too soft and falls apart quickly, making it ineffective for exfoliation compared to similar products [0]. Another user praised the product for its good quality and value, stating that it outperformed a name-brand product that fell apart [1]. However, a different user mentioned that the product is not as good as the original Salux towels they purchased three years ago, indicating a decline in quality [2]. While one user appreciated the product's rough texture for exfoliation, they were disappointed by its shorter length compared to similar products from a local store [3]. Lastly, a user mentioned that the product was not of the quality they expected, although it was functional for their needs [4].",8.75
Is the quality of the bath wash up to par,The product has been given as the following : Salux Nylon Japanese Beauty Skin Bath Wash Cloth/towel (3)blue Yellow and Pink,12345,"['title: Super durable and of high quality \ntext: Super durable and of high quality. As a man I like the coarseness but my girlfriend finds it to be to much.', 'title: quality went down \ntext: i’m not sure when the quality went down, but these are not the same ones i’ve been buying. The end he’s got frayed super easily and made them look old and raggedy. I’ve had some for longer and the edges are better trimmed and looks great considering. Still scrubbed well, just looks bad', 'title: Great product \ntext: This is a great product to exfoliate your body with not to hard not to soft', 'title: very good quality. I purchased what I thought was a ... \ntext: These are just what I wanted and well worth the money, very good quality. I purchased what I thought was a good product at a name brand store and they fell apart.  These will be the ones I buy from now on.', 'title: Not Original Salux \ntext: Not the original Salux. The quality is not as good as the towels I purchased from a different seller 3 yrs ago.']","The product has received mixed reviews regarding its quality. Some users find it to be super durable and of high quality, although there are differing opinions on its texture, with one user noting it is too coarse for their girlfriend's preference [0]. Another user expressed disappointment, stating that the quality has declined over time, with the product's edges fraying easily, making them appear old and raggedy, despite still performing well in terms of scrubbing [1]. Conversely, another user praised the product for being great for exfoliating, describing it as neither too hard nor too soft [2]. Additionally, a user highlighted the product's good quality and value for money, noting that it outperformed a similar product from a name-brand store that fell apart [3]. However, there was a complaint about the product not being the original Salux, with the quality not matching that of a previous purchase from a different seller three years ago [4].",8.75
Is the quality of the bath wash up to par,The product has been given as the following : Salux Nylon Japanese Beauty Skin Bath Wash Cloth/towel (3)blue Yellow and Pink,12346,"['title: Super durable and of high quality \ntext: Super durable and of high quality. As a man I like the coarseness but my girlfriend finds it to be to much.', 'title: quality went down \ntext: i’m not sure when the quality went down, but these are not the same ones i’ve been buying. The end he’s got frayed super easily and made them look old and raggedy. I’ve had some for longer and the edges are better trimmed and looks great considering. Still scrubbed well, just looks bad', 'title: Great product \ntext: This is a great product to exfoliate your body with not to hard not to soft', 'title: very good quality. I purchased what I thought was a ... \ntext: These are just what I wanted and well worth the money, very good quality. I purchased what I thought was a good product at a name brand store and they fell apart.  These will be the ones I buy from now on.', ""title: Will do the job in a pinch. \ntext: The quality itself is as it should be (nice and rough/exfoliating), and I do like the colors. My main issue is with the fact that this isn't nearly as long as the same type of wash cloths sold at a nearby Japanese dollar store here. I was expecting the same length and these are a good 1/4 of the length shorter. Still possible to reach your back and all, but just a bit less comfortable to use.""]","The product is generally perceived as durable and of high quality, with one user appreciating its coarseness, although it may be too rough for some users like their girlfriend [0]. However, another user noted a decline in quality, mentioning that the edges frayed easily, making the product look old and raggedy, despite its continued effectiveness in scrubbing [1]. On the positive side, the product is praised for being a great exfoliator, striking a balance between hardness and softness [2]. It is also considered to be of very good quality and worth the money, especially when compared to similar products from name-brand stores that fell apart [3]. While the quality is as expected, one user pointed out a size discrepancy compared to similar products, which affects comfort during use [4].",8.75
Is the quality of the bath wash up to par,The product has been given as the following : Salux Nylon Japanese Beauty Skin Bath Wash Cloth/towel (3)blue Yellow and Pink,12347,"['title: Super durable and of high quality \ntext: Super durable and of high quality. As a man I like the coarseness but my girlfriend finds it to be to much.', 'title: quality went down \ntext: i’m not sure when the quality went down, but these are not the same ones i’ve been buying. The end he’s got frayed super easily and made them look old and raggedy. I’ve had some for longer and the edges are better trimmed and looks great considering. Still scrubbed well, just looks bad', 'title: Great product \ntext: This is a great product to exfoliate your body with not to hard not to soft', 'title: very good quality. I purchased what I thought was a ... \ntext: These are just what I wanted and well worth the money, very good quality. I purchased what I thought was a good product at a name brand store and they fell apart.  These will be the ones I buy from now on.', 'title: Good for price. Not the best quality \ntext: Not the quality I was expecting, but it does do the job.I was searching for the straight line thread design.']","The product is described as super durable and of high quality, with one user appreciating its coarseness, although it may be too much for some people [0]. However, another user noted a decline in quality, mentioning that the ends frayed easily, making the product look old and raggedy, despite still performing well [1]. On the positive side, the product is praised for being great for exfoliating, striking a balance between hardness and softness [2]. Another user found the product to be of very good quality and a better choice compared to a name-brand alternative that fell apart [3]. Conversely, one user felt the quality was not as expected, although it was still functional and good for the price [4].",8.75
Is the quality of the bath wash up to par,The product has been given as the following : Salux Nylon Japanese Beauty Skin Bath Wash Cloth/towel (3)blue Yellow and Pink,12356,"['title: Super durable and of high quality \ntext: Super durable and of high quality. As a man I like the coarseness but my girlfriend finds it to be to much.', 'title: quality went down \ntext: i’m not sure when the quality went down, but these are not the same ones i’ve been buying. The end he’s got frayed super easily and made them look old and raggedy. I’ve had some for longer and the edges are better trimmed and looks great considering. Still scrubbed well, just looks bad', 'title: Great product \ntext: This is a great product to exfoliate your body with not to hard not to soft', 'title: Not Original Salux \ntext: Not the original Salux. The quality is not as good as the towels I purchased from a different seller 3 yrs ago.', ""title: Will do the job in a pinch. \ntext: The quality itself is as it should be (nice and rough/exfoliating), and I do like the colors. My main issue is with the fact that this isn't nearly as long as the same type of wash cloths sold at a nearby Japanese dollar store here. I was expecting the same length and these are a good 1/4 of the length shorter. Still possible to reach your back and all, but just a bit less comfortable to use.""]","The product is described as super durable and of high quality, with a coarse texture that some users appreciate, although it may be too rough for others [0]. However, there are concerns about a decline in quality, with some users noting that the edges fray easily, making the product look old and raggedy, despite still performing well in terms of scrubbing [1]. Another user praises the product for being great for exfoliation, striking a balance between hardness and softness [2]. There are complaints about the product not being the original Salux, with a noticeable drop in quality compared to previous purchases [3]. Additionally, while the quality is deemed satisfactory in terms of texture, there are issues with the product's length, which is shorter than expected, affecting comfort during use [4].",8.75
Is the quality of the bath wash up to par,The product has been given as the following : Salux Nylon Japanese Beauty Skin Bath Wash Cloth/towel (3)blue Yellow and Pink,12357,"['title: Super durable and of high quality \ntext: Super durable and of high quality. As a man I like the coarseness but my girlfriend finds it to be to much.', 'title: quality went down \ntext: i’m not sure when the quality went down, but these are not the same ones i’ve been buying. The end he’s got frayed super easily and made them look old and raggedy. I’ve had some for longer and the edges are better trimmed and looks great considering. Still scrubbed well, just looks bad', 'title: Great product \ntext: This is a great product to exfoliate your body with not to hard not to soft', 'title: Not Original Salux \ntext: Not the original Salux. The quality is not as good as the towels I purchased from a different seller 3 yrs ago.', 'title: Good for price. Not the best quality \ntext: Not the quality I was expecting, but it does do the job.I was searching for the straight line thread design.']","The product receives mixed reviews regarding its quality. One user describes it as 'super durable and of high quality,' appreciating its coarseness, although it may be too rough for some users [0]. Another user notes a decline in quality, mentioning that the product frays easily and appears old and raggedy, although it still functions well [1]. A different user finds the product effective for exfoliation, striking a balance between hardness and softness [2]. However, there are concerns about authenticity and quality, with one user stating that the product is not the original Salux and does not match the quality of previous purchases [3]. Another user comments that while the product is good for its price, it does not meet their quality expectations, particularly in terms of design [4].",8.75
Is the quality of the bath wash up to par,The product has been given as the following : Salux Nylon Japanese Beauty Skin Bath Wash Cloth/towel (3)blue Yellow and Pink,12367,"['title: Super durable and of high quality \ntext: Super durable and of high quality. As a man I like the coarseness but my girlfriend finds it to be to much.', 'title: quality went down \ntext: i’m not sure when the quality went down, but these are not the same ones i’ve been buying. The end he’s got frayed super easily and made them look old and raggedy. I’ve had some for longer and the edges are better trimmed and looks great considering. Still scrubbed well, just looks bad', 'title: Great product \ntext: This is a great product to exfoliate your body with not to hard not to soft', ""title: Will do the job in a pinch. \ntext: The quality itself is as it should be (nice and rough/exfoliating), and I do like the colors. My main issue is with the fact that this isn't nearly as long as the same type of wash cloths sold at a nearby Japanese dollar store here. I was expecting the same length and these are a good 1/4 of the length shorter. Still possible to reach your back and all, but just a bit less comfortable to use."", 'title: Good for price. Not the best quality \ntext: Not the quality I was expecting, but it does do the job.I was searching for the straight line thread design.']","The product is described as super durable and of high quality, with a coarse texture that some users appreciate while others find excessive [0]. However, there are concerns about a decline in quality, with some users noting that the edges fray easily, making the product look old and raggedy, although it still performs well in terms of scrubbing [1]. Another user praises the product for being great for exfoliation, striking a balance between hardness and softness [2]. While the quality is generally as expected, there are complaints about the product's length being shorter than similar items, affecting comfort during use [3]. Additionally, while the product is considered good for its price, it does not meet some users' expectations for quality, particularly in terms of design [4].",8.75
Is the quality of the bath wash up to par,The product has been given as the following : Salux Nylon Japanese Beauty Skin Bath Wash Cloth/towel (3)blue Yellow and Pink,12456,"['title: Super durable and of high quality \ntext: Super durable and of high quality. As a man I like the coarseness but my girlfriend finds it to be to much.', 'title: quality went down \ntext: i’m not sure when the quality went down, but these are not the same ones i’ve been buying. The end he’s got frayed super easily and made them look old and raggedy. I’ve had some for longer and the edges are better trimmed and looks great considering. Still scrubbed well, just looks bad', 'title: very good quality. I purchased what I thought was a ... \ntext: These are just what I wanted and well worth the money, very good quality. I purchased what I thought was a good product at a name brand store and they fell apart.  These will be the ones I buy from now on.', 'title: Not Original Salux \ntext: Not the original Salux. The quality is not as good as the towels I purchased from a different seller 3 yrs ago.', ""title: Will do the job in a pinch. \ntext: The quality itself is as it should be (nice and rough/exfoliating), and I do like the colors. My main issue is with the fact that this isn't nearly as long as the same type of wash cloths sold at a nearby Japanese dollar store here. I was expecting the same length and these are a good 1/4 of the length shorter. Still possible to reach your back and all, but just a bit less comfortable to use.""]","The comments present a mixed view on the quality of the product. One user describes the product as 'super durable and of high quality,' appreciating its coarseness, although noting that it might be too coarse for some users, such as their girlfriend [0]. Another user expresses disappointment, stating that the quality has declined over time, with the product's edges fraying easily, making them look old and raggedy, although they still function well [1]. Conversely, another user praises the product for its very good quality and durability, especially compared to a previous purchase from a name brand store that fell apart [2]. However, a different user mentions that the product is not as good as the original Salux towels they bought from another seller three years ago, indicating a perceived drop in quality [3]. Lastly, a user finds the quality to be as expected, with a nice rough texture for exfoliating, but notes a discrepancy in length compared to similar products, which affects comfort [4].",8.75
Is the quality of the bath wash up to par,The product has been given as the following : Salux Nylon Japanese Beauty Skin Bath Wash Cloth/towel (3)blue Yellow and Pink,12457,"['title: Super durable and of high quality \ntext: Super durable and of high quality. As a man I like the coarseness but my girlfriend finds it to be to much.', 'title: quality went down \ntext: i’m not sure when the quality went down, but these are not the same ones i’ve been buying. The end he’s got frayed super easily and made them look old and raggedy. I’ve had some for longer and the edges are better trimmed and looks great considering. Still scrubbed well, just looks bad', 'title: very good quality. I purchased what I thought was a ... \ntext: These are just what I wanted and well worth the money, very good quality. I purchased what I thought was a good product at a name brand store and they fell apart.  These will be the ones I buy from now on.', 'title: Not Original Salux \ntext: Not the original Salux. The quality is not as good as the towels I purchased from a different seller 3 yrs ago.', 'title: Good for price. Not the best quality \ntext: Not the quality I was expecting, but it does do the job.I was searching for the straight line thread design.']","The comments reflect mixed opinions on the quality of the product. One user appreciates the product's durability and high quality, although they note that the texture may be too coarse for some users, such as their girlfriend [0]. Another user expresses disappointment, stating that the quality has declined over time, with the product's edges fraying easily, although it still performs its function well [1]. A different user praises the product for its very good quality and value for money, especially compared to a previous purchase from a name brand store that fell apart [2]. However, another comment mentions that the product is not as good as the original Salux towels they bought from a different seller three years ago [3]. Lastly, a user finds the product satisfactory for its price but not of the best quality, as it did not meet their expectations for design [4].",8.75
Is the quality of the bath wash up to par,The product has been given as the following : Salux Nylon Japanese Beauty Skin Bath Wash Cloth/towel (3)blue Yellow and Pink,12467,"['title: Super durable and of high quality \ntext: Super durable and of high quality. As a man I like the coarseness but my girlfriend finds it to be to much.', 'title: quality went down \ntext: i’m not sure when the quality went down, but these are not the same ones i’ve been buying. The end he’s got frayed super easily and made them look old and raggedy. I’ve had some for longer and the edges are better trimmed and looks great considering. Still scrubbed well, just looks bad', 'title: very good quality. I purchased what I thought was a ... \ntext: These are just what I wanted and well worth the money, very good quality. I purchased what I thought was a good product at a name brand store and they fell apart.  These will be the ones I buy from now on.', ""title: Will do the job in a pinch. \ntext: The quality itself is as it should be (nice and rough/exfoliating), and I do like the colors. My main issue is with the fact that this isn't nearly as long as the same type of wash cloths sold at a nearby Japanese dollar store here. I was expecting the same length and these are a good 1/4 of the length shorter. Still possible to reach your back and all, but just a bit less comfortable to use."", 'title: Good for price. Not the best quality \ntext: Not the quality I was expecting, but it does do the job.I was searching for the straight line thread design.']","The comments on the product's quality are mixed. One user describes the product as super durable and of high quality, appreciating its coarseness, although it may be too coarse for some users, such as their girlfriend [0]. Another user notes a decline in quality, mentioning that the edges frayed easily, making the product look old and raggedy, despite its continued effectiveness in scrubbing [1]. Conversely, a different user praises the product for its very good quality and durability, stating it is worth the money and superior to a previous purchase from a name brand store that fell apart [2]. Another comment highlights that the product's quality is as expected, being nice and rough for exfoliation, but notes a discrepancy in length compared to similar products, which affects comfort [3]. Lastly, a user mentions that while the product is good for the price, it does not meet their quality expectations, particularly in terms of design [4].",8.75
Is the quality of the bath wash up to par,The product has been given as the following : Salux Nylon Japanese Beauty Skin Bath Wash Cloth/towel (3)blue Yellow and Pink,12567,"['title: Super durable and of high quality \ntext: Super durable and of high quality. As a man I like the coarseness but my girlfriend finds it to be to much.', 'title: quality went down \ntext: i’m not sure when the quality went down, but these are not the same ones i’ve been buying. The end he’s got frayed super easily and made them look old and raggedy. I’ve had some for longer and the edges are better trimmed and looks great considering. Still scrubbed well, just looks bad', 'title: Not Original Salux \ntext: Not the original Salux. The quality is not as good as the towels I purchased from a different seller 3 yrs ago.', ""title: Will do the job in a pinch. \ntext: The quality itself is as it should be (nice and rough/exfoliating), and I do like the colors. My main issue is with the fact that this isn't nearly as long as the same type of wash cloths sold at a nearby Japanese dollar store here. I was expecting the same length and these are a good 1/4 of the length shorter. Still possible to reach your back and all, but just a bit less comfortable to use."", 'title: Good for price. Not the best quality \ntext: Not the quality I was expecting, but it does do the job.I was searching for the straight line thread design.']","The comments on the product's quality are mixed. One user appreciates the product's durability and quality, although they note that the texture may be too coarse for some users, such as their girlfriend [0]. Another user expresses disappointment, stating that the quality has declined over time, with the product's edges fraying easily, making them appear old and raggedy, although they still function well [1]. A third user mentions that the product is not the original Salux and that its quality does not match that of similar products purchased from a different seller three years ago [2]. Another comment highlights that while the quality is satisfactory in terms of texture, the product is shorter than expected, making it less comfortable to use [3]. Lastly, a user notes that while the product is good for its price, it does not meet their quality expectations, particularly in terms of design [4].",8.75
Is the quality of the bath wash up to par,The product has been given as the following : Salux Nylon Japanese Beauty Skin Bath Wash Cloth/towel (3)blue Yellow and Pink,13456,"['title: Super durable and of high quality \ntext: Super durable and of high quality. As a man I like the coarseness but my girlfriend finds it to be to much.', 'title: Great product \ntext: This is a great product to exfoliate your body with not to hard not to soft', 'title: very good quality. I purchased what I thought was a ... \ntext: These are just what I wanted and well worth the money, very good quality. I purchased what I thought was a good product at a name brand store and they fell apart.  These will be the ones I buy from now on.', 'title: Not Original Salux \ntext: Not the original Salux. The quality is not as good as the towels I purchased from a different seller 3 yrs ago.', ""title: Will do the job in a pinch. \ntext: The quality itself is as it should be (nice and rough/exfoliating), and I do like the colors. My main issue is with the fact that this isn't nearly as long as the same type of wash cloths sold at a nearby Japanese dollar store here. I was expecting the same length and these are a good 1/4 of the length shorter. Still possible to reach your back and all, but just a bit less comfortable to use.""]","The product is generally praised for its durability and quality, with one user noting its coarseness as a positive feature, although it may be too rough for some users [0]. It is described as an effective exfoliating tool, striking a balance between being neither too hard nor too soft [1]. Another user highlights its good quality and value for money, especially compared to a previous purchase from a name brand store that fell apart [2]. However, there are some concerns about the product not being the original Salux, with a user noting a decline in quality compared to similar products purchased from a different seller three years ago [3]. Additionally, while the product is appreciated for its rough texture and color, there is a complaint about its shorter length compared to similar washcloths available at a local store, which affects its comfort of use [4].",8.75
Is the quality of the bath wash up to par,The product has been given as the following : Salux Nylon Japanese Beauty Skin Bath Wash Cloth/towel (3)blue Yellow and Pink,13457,"['title: Super durable and of high quality \ntext: Super durable and of high quality. As a man I like the coarseness but my girlfriend finds it to be to much.', 'title: Great product \ntext: This is a great product to exfoliate your body with not to hard not to soft', 'title: very good quality. I purchased what I thought was a ... \ntext: These are just what I wanted and well worth the money, very good quality. I purchased what I thought was a good product at a name brand store and they fell apart.  These will be the ones I buy from now on.', 'title: Not Original Salux \ntext: Not the original Salux. The quality is not as good as the towels I purchased from a different seller 3 yrs ago.', 'title: Good for price. Not the best quality \ntext: Not the quality I was expecting, but it does do the job.I was searching for the straight line thread design.']","The product is generally praised for its durability and quality, with one user noting its coarseness as a positive feature, although it may be too coarse for some users [0]. Another user describes it as a great exfoliating product, striking a balance between being not too hard and not too soft [1]. A third user highlights the product's good quality and value for money, especially compared to a previous purchase from a name brand store that fell apart [2]. However, there are some concerns about the product not being the original Salux and not matching the quality of similar products purchased in the past [3]. Additionally, while the product is considered good for its price, it may not meet the highest quality expectations [4].",8.75
Is the quality of the bath wash up to par,The product has been given as the following : Salux Nylon Japanese Beauty Skin Bath Wash Cloth/towel (3)blue Yellow and Pink,13467,"['title: Super durable and of high quality \ntext: Super durable and of high quality. As a man I like the coarseness but my girlfriend finds it to be to much.', 'title: Great product \ntext: This is a great product to exfoliate your body with not to hard not to soft', 'title: very good quality. I purchased what I thought was a ... \ntext: These are just what I wanted and well worth the money, very good quality. I purchased what I thought was a good product at a name brand store and they fell apart.  These will be the ones I buy from now on.', ""title: Will do the job in a pinch. \ntext: The quality itself is as it should be (nice and rough/exfoliating), and I do like the colors. My main issue is with the fact that this isn't nearly as long as the same type of wash cloths sold at a nearby Japanese dollar store here. I was expecting the same length and these are a good 1/4 of the length shorter. Still possible to reach your back and all, but just a bit less comfortable to use."", 'title: Good for price. Not the best quality \ntext: Not the quality I was expecting, but it does do the job.I was searching for the straight line thread design.']","The product is generally praised for its durability and quality, with one user noting its coarseness as a positive feature, although it may be too rough for some users [0]. It is described as an effective exfoliating tool, striking a balance between being neither too hard nor too soft [1]. Another user highlights its good quality and value for money, especially compared to a previous purchase from a name brand store that did not last [2]. However, there are some criticisms regarding its length, as it is shorter than similar products, which affects comfort during use [3]. Additionally, while it is considered good for the price, one user felt it did not meet their quality expectations [4].",8.75
Is the quality of the bath wash up to par,The product has been given as the following : Salux Nylon Japanese Beauty Skin Bath Wash Cloth/towel (3)blue Yellow and Pink,13567,"['title: Super durable and of high quality \ntext: Super durable and of high quality. As a man I like the coarseness but my girlfriend finds it to be to much.', 'title: Great product \ntext: This is a great product to exfoliate your body with not to hard not to soft', 'title: Not Original Salux \ntext: Not the original Salux. The quality is not as good as the towels I purchased from a different seller 3 yrs ago.', ""title: Will do the job in a pinch. \ntext: The quality itself is as it should be (nice and rough/exfoliating), and I do like the colors. My main issue is with the fact that this isn't nearly as long as the same type of wash cloths sold at a nearby Japanese dollar store here. I was expecting the same length and these are a good 1/4 of the length shorter. Still possible to reach your back and all, but just a bit less comfortable to use."", 'title: Good for price. Not the best quality \ntext: Not the quality I was expecting, but it does do the job.I was searching for the straight line thread design.']","The comments provide mixed reviews on the quality of the product. One user describes the product as super durable and of high quality, appreciating its coarseness, although it may be too coarse for some users like their girlfriend [0]. Another user finds the product great for exfoliating, striking a balance between being not too hard and not too soft [1]. However, a different user criticizes the product for not being the original Salux, noting that its quality does not match that of similar towels purchased from another seller three years ago [2]. Another comment mentions that while the quality is as expected in terms of roughness and exfoliation, the product is shorter than similar washcloths available locally, which affects comfort [3]. Lastly, a user mentions that the product is good for its price but not of the best quality, as it did not meet their expectations for a specific design feature [4].",8.75
Is the quality of the bath wash up to par,The product has been given as the following : Salux Nylon Japanese Beauty Skin Bath Wash Cloth/towel (3)blue Yellow and Pink,14567,"['title: Super durable and of high quality \ntext: Super durable and of high quality. As a man I like the coarseness but my girlfriend finds it to be to much.', 'title: very good quality. I purchased what I thought was a ... \ntext: These are just what I wanted and well worth the money, very good quality. I purchased what I thought was a good product at a name brand store and they fell apart.  These will be the ones I buy from now on.', 'title: Not Original Salux \ntext: Not the original Salux. The quality is not as good as the towels I purchased from a different seller 3 yrs ago.', ""title: Will do the job in a pinch. \ntext: The quality itself is as it should be (nice and rough/exfoliating), and I do like the colors. My main issue is with the fact that this isn't nearly as long as the same type of wash cloths sold at a nearby Japanese dollar store here. I was expecting the same length and these are a good 1/4 of the length shorter. Still possible to reach your back and all, but just a bit less comfortable to use."", 'title: Good for price. Not the best quality \ntext: Not the quality I was expecting, but it does do the job.I was searching for the straight line thread design.']","The product receives mixed reviews regarding its quality. Some users find it to be super durable and of high quality, appreciating its coarseness, although this texture may not be suitable for everyone [0]. Another user praises the product for being very good quality and worth the money, especially compared to a previous purchase from a name brand store that fell apart [1]. However, there are criticisms as well, with one user noting that the product is not the original Salux and does not match the quality of similar towels purchased from a different seller three years ago [2]. Another user mentions that while the quality is as expected, the product is shorter than similar items available elsewhere, making it slightly less comfortable to use [3]. Lastly, one user finds the product to be good for the price but not of the best quality, as it did not meet their expectations for a specific design feature [4].",8.75
Is the quality of the bath wash up to par,The product has been given as the following : Salux Nylon Japanese Beauty Skin Bath Wash Cloth/towel (3)blue Yellow and Pink,23456,"['title: quality went down \ntext: i’m not sure when the quality went down, but these are not the same ones i’ve been buying. The end he’s got frayed super easily and made them look old and raggedy. I’ve had some for longer and the edges are better trimmed and looks great considering. Still scrubbed well, just looks bad', 'title: Great product \ntext: This is a great product to exfoliate your body with not to hard not to soft', 'title: very good quality. I purchased what I thought was a ... \ntext: These are just what I wanted and well worth the money, very good quality. I purchased what I thought was a good product at a name brand store and they fell apart.  These will be the ones I buy from now on.', 'title: Not Original Salux \ntext: Not the original Salux. The quality is not as good as the towels I purchased from a different seller 3 yrs ago.', ""title: Will do the job in a pinch. \ntext: The quality itself is as it should be (nice and rough/exfoliating), and I do like the colors. My main issue is with the fact that this isn't nearly as long as the same type of wash cloths sold at a nearby Japanese dollar store here. I was expecting the same length and these are a good 1/4 of the length shorter. Still possible to reach your back and all, but just a bit less comfortable to use.""]","Several comments highlight concerns about the quality of the product. One user noted a decline in quality, mentioning that the edges of the product frayed easily, making them look old and raggedy, although they still functioned well for scrubbing [0]. Another user praised the product for its exfoliating properties, describing it as neither too hard nor too soft [1]. A different user expressed satisfaction with the quality, stating that the product was well worth the money and superior to a previous purchase from a name brand store that fell apart [2]. However, another comment criticized the product for not being the original Salux, noting that the quality was inferior compared to towels purchased from a different seller three years ago [3]. Lastly, a user mentioned that while the quality was as expected in terms of texture, the product was shorter than similar items available at a local store, affecting its comfort of use [4].",8.75
Is the quality of the bath wash up to par,The product has been given as the following : Salux Nylon Japanese Beauty Skin Bath Wash Cloth/towel (3)blue Yellow and Pink,23457,"['title: quality went down \ntext: i’m not sure when the quality went down, but these are not the same ones i’ve been buying. The end he’s got frayed super easily and made them look old and raggedy. I’ve had some for longer and the edges are better trimmed and looks great considering. Still scrubbed well, just looks bad', 'title: Great product \ntext: This is a great product to exfoliate your body with not to hard not to soft', 'title: very good quality. I purchased what I thought was a ... \ntext: These are just what I wanted and well worth the money, very good quality. I purchased what I thought was a good product at a name brand store and they fell apart.  These will be the ones I buy from now on.', 'title: Not Original Salux \ntext: Not the original Salux. The quality is not as good as the towels I purchased from a different seller 3 yrs ago.', 'title: Good for price. Not the best quality \ntext: Not the quality I was expecting, but it does do the job.I was searching for the straight line thread design.']","Several users have expressed concerns about the declining quality of the product. One user noted that the edges of the product frayed easily, making them look old and raggedy, despite still functioning well for scrubbing purposes [0]. Another user praised the product for its exfoliating capabilities, describing it as neither too hard nor too soft, indicating satisfaction with its performance [1]. A different user highlighted the product's good quality and value for money, especially when compared to a name-brand product that fell apart, suggesting a preference for this product over others [2]. However, another user mentioned that the product is not the original Salux and that its quality does not match that of similar products purchased from a different seller three years ago [3]. Lastly, a user commented that while the product is good for its price, it did not meet their quality expectations, as they were looking for a specific thread design [4].",8.75
Is the quality of the bath wash up to par,The product has been given as the following : Salux Nylon Japanese Beauty Skin Bath Wash Cloth/towel (3)blue Yellow and Pink,23467,"['title: quality went down \ntext: i’m not sure when the quality went down, but these are not the same ones i’ve been buying. The end he’s got frayed super easily and made them look old and raggedy. I’ve had some for longer and the edges are better trimmed and looks great considering. Still scrubbed well, just looks bad', 'title: Great product \ntext: This is a great product to exfoliate your body with not to hard not to soft', 'title: very good quality. I purchased what I thought was a ... \ntext: These are just what I wanted and well worth the money, very good quality. I purchased what I thought was a good product at a name brand store and they fell apart.  These will be the ones I buy from now on.', ""title: Will do the job in a pinch. \ntext: The quality itself is as it should be (nice and rough/exfoliating), and I do like the colors. My main issue is with the fact that this isn't nearly as long as the same type of wash cloths sold at a nearby Japanese dollar store here. I was expecting the same length and these are a good 1/4 of the length shorter. Still possible to reach your back and all, but just a bit less comfortable to use."", 'title: Good for price. Not the best quality \ntext: Not the quality I was expecting, but it does do the job.I was searching for the straight line thread design.']","Several comments highlight varying opinions on the quality of the product. One user expressed disappointment, noting that the quality has declined over time, with the edges fraying easily, making the product look old and raggedy, although it still functions well for scrubbing [0]. Another user praised the product for its excellent quality and value, stating that it outperformed a similar product from a name-brand store that fell apart, and they plan to continue purchasing it [2]. A different comment mentioned that while the product is of good quality, it is shorter than expected, which affects comfort during use [3]. Lastly, one user found the product to be good for the price but not of the best quality, as it did not meet their expectations for design [4].",8.75
Is the quality of the bath wash up to par,The product has been given as the following : Salux Nylon Japanese Beauty Skin Bath Wash Cloth/towel (3)blue Yellow and Pink,23567,"['title: quality went down \ntext: i’m not sure when the quality went down, but these are not the same ones i’ve been buying. The end he’s got frayed super easily and made them look old and raggedy. I’ve had some for longer and the edges are better trimmed and looks great considering. Still scrubbed well, just looks bad', 'title: Great product \ntext: This is a great product to exfoliate your body with not to hard not to soft', 'title: Not Original Salux \ntext: Not the original Salux. The quality is not as good as the towels I purchased from a different seller 3 yrs ago.', ""title: Will do the job in a pinch. \ntext: The quality itself is as it should be (nice and rough/exfoliating), and I do like the colors. My main issue is with the fact that this isn't nearly as long as the same type of wash cloths sold at a nearby Japanese dollar store here. I was expecting the same length and these are a good 1/4 of the length shorter. Still possible to reach your back and all, but just a bit less comfortable to use."", 'title: Good for price. Not the best quality \ntext: Not the quality I was expecting, but it does do the job.I was searching for the straight line thread design.']","Several users have expressed concerns about the decline in product quality. One user noted that the edges of the product frayed easily, making them appear old and raggedy, although they still functioned well for scrubbing [0]. Another user mentioned that the product was not the original Salux and that the quality was inferior compared to similar towels purchased three years ago [2]. A different user found the quality acceptable for exfoliating but noted a significant reduction in length compared to similar products, which affected comfort [3]. Lastly, a user mentioned that while the product was good for the price, it did not meet their quality expectations, particularly in terms of design [4]. [1] is not related to the query.",8.75
Is the quality of the bath wash up to par,The product has been given as the following : Salux Nylon Japanese Beauty Skin Bath Wash Cloth/towel (3)blue Yellow and Pink,24567,"['title: quality went down \ntext: i’m not sure when the quality went down, but these are not the same ones i’ve been buying. The end he’s got frayed super easily and made them look old and raggedy. I’ve had some for longer and the edges are better trimmed and looks great considering. Still scrubbed well, just looks bad', 'title: very good quality. I purchased what I thought was a ... \ntext: These are just what I wanted and well worth the money, very good quality. I purchased what I thought was a good product at a name brand store and they fell apart.  These will be the ones I buy from now on.', 'title: Not Original Salux \ntext: Not the original Salux. The quality is not as good as the towels I purchased from a different seller 3 yrs ago.', ""title: Will do the job in a pinch. \ntext: The quality itself is as it should be (nice and rough/exfoliating), and I do like the colors. My main issue is with the fact that this isn't nearly as long as the same type of wash cloths sold at a nearby Japanese dollar store here. I was expecting the same length and these are a good 1/4 of the length shorter. Still possible to reach your back and all, but just a bit less comfortable to use."", 'title: Good for price. Not the best quality \ntext: Not the quality I was expecting, but it does do the job.I was searching for the straight line thread design.']","Several comments highlight concerns about the quality of the product. One user noted a decline in quality, mentioning that the edges of the product frayed easily, making them look old and raggedy, although they still functioned well for scrubbing [0]. Another user praised the product for its good quality and value, especially compared to a previous purchase from a name brand store that fell apart [1]. However, a different user expressed disappointment, stating that the product was not the original Salux and did not match the quality of similar towels purchased three years ago [2]. While one user found the quality to be as expected in terms of texture, they were dissatisfied with the shorter length compared to similar products [3]. Lastly, another user mentioned that the quality was not as expected but acknowledged that the product still served its purpose [4].",8.75
Is the quality of the bath wash up to par,The product has been given as the following : Salux Nylon Japanese Beauty Skin Bath Wash Cloth/towel (3)blue Yellow and Pink,34567,"['title: Great product \ntext: This is a great product to exfoliate your body with not to hard not to soft', 'title: very good quality. I purchased what I thought was a ... \ntext: These are just what I wanted and well worth the money, very good quality. I purchased what I thought was a good product at a name brand store and they fell apart.  These will be the ones I buy from now on.', 'title: Not Original Salux \ntext: Not the original Salux. The quality is not as good as the towels I purchased from a different seller 3 yrs ago.', ""title: Will do the job in a pinch. \ntext: The quality itself is as it should be (nice and rough/exfoliating), and I do like the colors. My main issue is with the fact that this isn't nearly as long as the same type of wash cloths sold at a nearby Japanese dollar store here. I was expecting the same length and these are a good 1/4 of the length shorter. Still possible to reach your back and all, but just a bit less comfortable to use."", 'title: Good for price. Not the best quality \ntext: Not the quality I was expecting, but it does do the job.I was searching for the straight line thread design.']","The product is praised for its exfoliating properties, being neither too hard nor too soft, making it effective for body exfoliation [0]. Customers have noted that the product is of very good quality and worth the money, especially when compared to similar products from name brand stores that fell apart [1]. However, some users have expressed dissatisfaction, stating that the quality is not as good as previous purchases from different sellers, indicating a decline in quality over time [2]. While the product is described as having the desired roughness for exfoliation, there are complaints about its length, which is shorter than expected, affecting comfort during use [3]. Additionally, some users feel that the quality does not meet their expectations, although it is functional for its intended purpose [4].",8.75
Is the quality of the bath wash up to par,The product has been given as the following : Salux Nylon Japanese Beauty Skin Bath Wash Cloth/towel (3)blue Yellow and Pink,012345,"['title: Quality Issues \ntext: Compared to other similar, they become way too soft as to no longer be able to exfoliate and they also quickly fall apart.', 'title: Super durable and of high quality \ntext: Super durable and of high quality. As a man I like the coarseness but my girlfriend finds it to be to much.', 'title: quality went down \ntext: i’m not sure when the quality went down, but these are not the same ones i’ve been buying. The end he’s got frayed super easily and made them look old and raggedy. I’ve had some for longer and the edges are better trimmed and looks great considering. Still scrubbed well, just looks bad', 'title: Great product \ntext: This is a great product to exfoliate your body with not to hard not to soft', 'title: very good quality. I purchased what I thought was a ... \ntext: These are just what I wanted and well worth the money, very good quality. I purchased what I thought was a good product at a name brand store and they fell apart.  These will be the ones I buy from now on.', 'title: Not Original Salux \ntext: Not the original Salux. The quality is not as good as the towels I purchased from a different seller 3 yrs ago.']","The comments present mixed opinions about the quality of the product. Some users have noted a decline in quality, mentioning that the product becomes too soft to exfoliate effectively and falls apart quickly, which is a deviation from previous purchases that were more durable and well-trimmed [0][2]. Another user expressed satisfaction with the product's durability and quality, appreciating its coarseness, although it may be too harsh for some [1]. One comment highlighted that the product is great for exfoliation, striking a balance between being too hard and too soft [3]. Additionally, a user praised the product for its good quality and durability, especially compared to a similar product from a name brand store that fell apart [4]. However, there is a concern about the product not being the original Salux, with a noted decrease in quality compared to purchases from three years ago [5].",9.0
Is the quality of the bath wash up to par,The product has been given as the following : Salux Nylon Japanese Beauty Skin Bath Wash Cloth/towel (3)blue Yellow and Pink,012346,"['title: Quality Issues \ntext: Compared to other similar, they become way too soft as to no longer be able to exfoliate and they also quickly fall apart.', 'title: Super durable and of high quality \ntext: Super durable and of high quality. As a man I like the coarseness but my girlfriend finds it to be to much.', 'title: quality went down \ntext: i’m not sure when the quality went down, but these are not the same ones i’ve been buying. The end he’s got frayed super easily and made them look old and raggedy. I’ve had some for longer and the edges are better trimmed and looks great considering. Still scrubbed well, just looks bad', 'title: Great product \ntext: This is a great product to exfoliate your body with not to hard not to soft', 'title: very good quality. I purchased what I thought was a ... \ntext: These are just what I wanted and well worth the money, very good quality. I purchased what I thought was a good product at a name brand store and they fell apart.  These will be the ones I buy from now on.', ""title: Will do the job in a pinch. \ntext: The quality itself is as it should be (nice and rough/exfoliating), and I do like the colors. My main issue is with the fact that this isn't nearly as long as the same type of wash cloths sold at a nearby Japanese dollar store here. I was expecting the same length and these are a good 1/4 of the length shorter. Still possible to reach your back and all, but just a bit less comfortable to use.""]","The comments present mixed reviews regarding the quality of the product. Some users have noted a decline in quality, mentioning that the product becomes too soft to exfoliate effectively and falls apart quickly, which is a departure from previous experiences where the product was more durable and well-trimmed [0][2]. On the other hand, some users praise the product for its durability and high quality, appreciating its coarseness for exfoliation, although opinions differ on whether the texture is too harsh [1][3][4]. One user mentioned that the product is of good quality and worth the money, especially compared to similar products from name-brand stores that fell apart [4]. Another user found the product's quality satisfactory but noted a discrepancy in length compared to similar products, which affected comfort [5].",9.0
Is the quality of the bath wash up to par,The product has been given as the following : Salux Nylon Japanese Beauty Skin Bath Wash Cloth/towel (3)blue Yellow and Pink,012347,"['title: Quality Issues \ntext: Compared to other similar, they become way too soft as to no longer be able to exfoliate and they also quickly fall apart.', 'title: Super durable and of high quality \ntext: Super durable and of high quality. As a man I like the coarseness but my girlfriend finds it to be to much.', 'title: quality went down \ntext: i’m not sure when the quality went down, but these are not the same ones i’ve been buying. The end he’s got frayed super easily and made them look old and raggedy. I’ve had some for longer and the edges are better trimmed and looks great considering. Still scrubbed well, just looks bad', 'title: Great product \ntext: This is a great product to exfoliate your body with not to hard not to soft', 'title: very good quality. I purchased what I thought was a ... \ntext: These are just what I wanted and well worth the money, very good quality. I purchased what I thought was a good product at a name brand store and they fell apart.  These will be the ones I buy from now on.', 'title: Good for price. Not the best quality \ntext: Not the quality I was expecting, but it does do the job.I was searching for the straight line thread design.']","The comments on the product's quality are mixed. Some users report that the product becomes too soft and falls apart quickly, making it ineffective for exfoliation [0]. Others praise the product for being super durable and of high quality, although there is a note that the coarseness might not be suitable for everyone [1]. Another user mentions a decline in quality, with the product's edges fraying easily, although it still performs well in terms of scrubbing [2]. Conversely, one user finds the product to be great for exfoliation, striking a balance between hardness and softness [3]. Another user appreciates the product's quality, noting that it is better than a similar product purchased from a name-brand store, which fell apart [4]. However, there is also feedback that the product is not of the expected quality, although it is functional and good for the price [5].",9.0
Is the quality of the bath wash up to par,The product has been given as the following : Salux Nylon Japanese Beauty Skin Bath Wash Cloth/towel (3)blue Yellow and Pink,012356,"['title: Quality Issues \ntext: Compared to other similar, they become way too soft as to no longer be able to exfoliate and they also quickly fall apart.', 'title: Super durable and of high quality \ntext: Super durable and of high quality. As a man I like the coarseness but my girlfriend finds it to be to much.', 'title: quality went down \ntext: i’m not sure when the quality went down, but these are not the same ones i’ve been buying. The end he’s got frayed super easily and made them look old and raggedy. I’ve had some for longer and the edges are better trimmed and looks great considering. Still scrubbed well, just looks bad', 'title: Great product \ntext: This is a great product to exfoliate your body with not to hard not to soft', 'title: Not Original Salux \ntext: Not the original Salux. The quality is not as good as the towels I purchased from a different seller 3 yrs ago.', ""title: Will do the job in a pinch. \ntext: The quality itself is as it should be (nice and rough/exfoliating), and I do like the colors. My main issue is with the fact that this isn't nearly as long as the same type of wash cloths sold at a nearby Japanese dollar store here. I was expecting the same length and these are a good 1/4 of the length shorter. Still possible to reach your back and all, but just a bit less comfortable to use.""]","The comments present mixed reviews regarding the quality of the product. One user notes that the product becomes too soft over time, losing its exfoliating ability and falling apart quickly, which suggests a decline in quality compared to similar products [0]. Another user praises the product for being super durable and of high quality, although they mention that the coarseness may not be suitable for everyone [1]. A different user expresses disappointment, stating that the quality has deteriorated over time, with the edges fraying easily, although the product still functions well for scrubbing [2]. Conversely, another user finds the product to be well-balanced in terms of texture, being neither too hard nor too soft for exfoliation [3]. However, one user criticizes the product for not being the original Salux, noting a decline in quality compared to previous purchases from a different seller [4]. Lastly, a user mentions that while the quality is as expected in terms of roughness, the product is shorter than similar items available elsewhere, affecting its usability [5].",9.0
Is the quality of the bath wash up to par,The product has been given as the following : Salux Nylon Japanese Beauty Skin Bath Wash Cloth/towel (3)blue Yellow and Pink,012357,"['title: Quality Issues \ntext: Compared to other similar, they become way too soft as to no longer be able to exfoliate and they also quickly fall apart.', 'title: Super durable and of high quality \ntext: Super durable and of high quality. As a man I like the coarseness but my girlfriend finds it to be to much.', 'title: quality went down \ntext: i’m not sure when the quality went down, but these are not the same ones i’ve been buying. The end he’s got frayed super easily and made them look old and raggedy. I’ve had some for longer and the edges are better trimmed and looks great considering. Still scrubbed well, just looks bad', 'title: Great product \ntext: This is a great product to exfoliate your body with not to hard not to soft', 'title: Not Original Salux \ntext: Not the original Salux. The quality is not as good as the towels I purchased from a different seller 3 yrs ago.', 'title: Good for price. Not the best quality \ntext: Not the quality I was expecting, but it does do the job.I was searching for the straight line thread design.']","Several comments highlight concerns about the quality of the product. One user notes that the product becomes too soft and falls apart quickly, making it ineffective for exfoliation [0]. Another user mentions that the quality has declined over time, with the edges fraying easily, although the product still functions well for scrubbing [2]. A different comment points out that the product is not as good as the original Salux towels purchased from another seller, indicating a drop in quality [4]. Additionally, one user finds the product to be of good quality and durable, though opinions on its coarseness vary [1]. Another user describes the product as great for exfoliation, striking a balance between hardness and softness [3]. Lastly, a comment suggests that while the product is good for its price, it does not meet the expected quality standards [5].",9.0
Is the quality of the bath wash up to par,The product has been given as the following : Salux Nylon Japanese Beauty Skin Bath Wash Cloth/towel (3)blue Yellow and Pink,012367,"['title: Quality Issues \ntext: Compared to other similar, they become way too soft as to no longer be able to exfoliate and they also quickly fall apart.', 'title: Super durable and of high quality \ntext: Super durable and of high quality. As a man I like the coarseness but my girlfriend finds it to be to much.', 'title: quality went down \ntext: i’m not sure when the quality went down, but these are not the same ones i’ve been buying. The end he’s got frayed super easily and made them look old and raggedy. I’ve had some for longer and the edges are better trimmed and looks great considering. Still scrubbed well, just looks bad', 'title: Great product \ntext: This is a great product to exfoliate your body with not to hard not to soft', ""title: Will do the job in a pinch. \ntext: The quality itself is as it should be (nice and rough/exfoliating), and I do like the colors. My main issue is with the fact that this isn't nearly as long as the same type of wash cloths sold at a nearby Japanese dollar store here. I was expecting the same length and these are a good 1/4 of the length shorter. Still possible to reach your back and all, but just a bit less comfortable to use."", 'title: Good for price. Not the best quality \ntext: Not the quality I was expecting, but it does do the job.I was searching for the straight line thread design.']","The comments present a mixed view on the quality of the product. Some users have noted that the product becomes too soft over time, losing its exfoliating ability and falling apart quickly, which suggests a decline in quality compared to similar products [0]. Another user praised the product for being super durable and of high quality, although they noted a difference in preference for coarseness between themselves and their partner [1]. There is also feedback indicating a decline in quality over time, with newer products having frayed edges and appearing old and raggedy, although they still function well for scrubbing [2]. Conversely, another user described the product as great for exfoliating, being neither too hard nor too soft [3]. While the quality is described as adequate for exfoliating, one user expressed disappointment with the product's length compared to similar items, affecting comfort during use [4]. Lastly, another comment mentioned that the product is good for the price but not of the expected quality, as they were looking for a specific thread design [5].",9.0
Is the quality of the bath wash up to par,The product has been given as the following : Salux Nylon Japanese Beauty Skin Bath Wash Cloth/towel (3)blue Yellow and Pink,012456,"['title: Quality Issues \ntext: Compared to other similar, they become way too soft as to no longer be able to exfoliate and they also quickly fall apart.', 'title: Super durable and of high quality \ntext: Super durable and of high quality. As a man I like the coarseness but my girlfriend finds it to be to much.', 'title: quality went down \ntext: i’m not sure when the quality went down, but these are not the same ones i’ve been buying. The end he’s got frayed super easily and made them look old and raggedy. I’ve had some for longer and the edges are better trimmed and looks great considering. Still scrubbed well, just looks bad', 'title: very good quality. I purchased what I thought was a ... \ntext: These are just what I wanted and well worth the money, very good quality. I purchased what I thought was a good product at a name brand store and they fell apart.  These will be the ones I buy from now on.', 'title: Not Original Salux \ntext: Not the original Salux. The quality is not as good as the towels I purchased from a different seller 3 yrs ago.', ""title: Will do the job in a pinch. \ntext: The quality itself is as it should be (nice and rough/exfoliating), and I do like the colors. My main issue is with the fact that this isn't nearly as long as the same type of wash cloths sold at a nearby Japanese dollar store here. I was expecting the same length and these are a good 1/4 of the length shorter. Still possible to reach your back and all, but just a bit less comfortable to use.""]","The comments reflect mixed opinions on the quality of the product. Some users have noted a decline in quality, mentioning that the product becomes too soft to exfoliate effectively and falls apart quickly, which contrasts with previous purchases that were more durable and well-trimmed [0][2]. Another user expressed satisfaction with the durability and quality, appreciating the coarseness, although it was too much for their partner [1]. One comment highlighted that the product was not the original brand and did not match the quality of previous purchases from a different seller [4]. Despite some negative feedback, another user found the product to be of very good quality and a better option compared to a name-brand purchase that fell apart [3]. Lastly, while the quality was deemed satisfactory in terms of texture, there was disappointment regarding the product's length compared to similar items [5].",9.0
Is the quality of the bath wash up to par,The product has been given as the following : Salux Nylon Japanese Beauty Skin Bath Wash Cloth/towel (3)blue Yellow and Pink,012457,"['title: Quality Issues \ntext: Compared to other similar, they become way too soft as to no longer be able to exfoliate and they also quickly fall apart.', 'title: Super durable and of high quality \ntext: Super durable and of high quality. As a man I like the coarseness but my girlfriend finds it to be to much.', 'title: quality went down \ntext: i’m not sure when the quality went down, but these are not the same ones i’ve been buying. The end he’s got frayed super easily and made them look old and raggedy. I’ve had some for longer and the edges are better trimmed and looks great considering. Still scrubbed well, just looks bad', 'title: very good quality. I purchased what I thought was a ... \ntext: These are just what I wanted and well worth the money, very good quality. I purchased what I thought was a good product at a name brand store and they fell apart.  These will be the ones I buy from now on.', 'title: Not Original Salux \ntext: Not the original Salux. The quality is not as good as the towels I purchased from a different seller 3 yrs ago.', 'title: Good for price. Not the best quality \ntext: Not the quality I was expecting, but it does do the job.I was searching for the straight line thread design.']","The comments reflect mixed opinions on the quality of the product. Some users have noted that the product becomes too soft and falls apart quickly, making it ineffective for exfoliation [0]. Others have praised the product for being super durable and of high quality, although there is a difference in preference for its coarseness [1]. There are concerns about a decline in quality, with some users observing frayed edges and a less appealing appearance, despite the product still performing its scrubbing function [2]. Another user found the product to be of very good quality and a better option compared to a name-brand purchase that fell apart [3]. However, there are complaints about the product not being the original Salux and not matching the quality of previous purchases from different sellers [4]. Lastly, while the product is considered good for its price, it does not meet some users' quality expectations [5].",9.0
Is the quality of the bath wash up to par,The product has been given as the following : Salux Nylon Japanese Beauty Skin Bath Wash Cloth/towel (3)blue Yellow and Pink,012467,"['title: Quality Issues \ntext: Compared to other similar, they become way too soft as to no longer be able to exfoliate and they also quickly fall apart.', 'title: Super durable and of high quality \ntext: Super durable and of high quality. As a man I like the coarseness but my girlfriend finds it to be to much.', 'title: quality went down \ntext: i’m not sure when the quality went down, but these are not the same ones i’ve been buying. The end he’s got frayed super easily and made them look old and raggedy. I’ve had some for longer and the edges are better trimmed and looks great considering. Still scrubbed well, just looks bad', 'title: very good quality. I purchased what I thought was a ... \ntext: These are just what I wanted and well worth the money, very good quality. I purchased what I thought was a good product at a name brand store and they fell apart.  These will be the ones I buy from now on.', ""title: Will do the job in a pinch. \ntext: The quality itself is as it should be (nice and rough/exfoliating), and I do like the colors. My main issue is with the fact that this isn't nearly as long as the same type of wash cloths sold at a nearby Japanese dollar store here. I was expecting the same length and these are a good 1/4 of the length shorter. Still possible to reach your back and all, but just a bit less comfortable to use."", 'title: Good for price. Not the best quality \ntext: Not the quality I was expecting, but it does do the job.I was searching for the straight line thread design.']","The comments present mixed opinions on the quality of the product. Some users report that the product becomes too soft and falls apart quickly, making it ineffective for exfoliation [0]. Others praise the product for being super durable and of high quality, although the coarseness may not be suitable for everyone [1]. There are concerns about a decline in quality, with some users noting that the edges fray easily, giving the product an old and raggedy appearance, despite still functioning well [2]. Conversely, another user finds the product to be of very good quality and worth the money, especially compared to a similar product from a name brand store that fell apart [3]. While the product is described as having the right texture for exfoliation, there are complaints about its shorter length compared to similar products, which affects comfort [4]. Finally, one user mentions that the product is good for the price but not of the best quality, as it did not meet their expectations for design [5].",9.0
Is the quality of the bath wash up to par,The product has been given as the following : Salux Nylon Japanese Beauty Skin Bath Wash Cloth/towel (3)blue Yellow and Pink,012567,"['title: Quality Issues \ntext: Compared to other similar, they become way too soft as to no longer be able to exfoliate and they also quickly fall apart.', 'title: Super durable and of high quality \ntext: Super durable and of high quality. As a man I like the coarseness but my girlfriend finds it to be to much.', 'title: quality went down \ntext: i’m not sure when the quality went down, but these are not the same ones i’ve been buying. The end he’s got frayed super easily and made them look old and raggedy. I’ve had some for longer and the edges are better trimmed and looks great considering. Still scrubbed well, just looks bad', 'title: Not Original Salux \ntext: Not the original Salux. The quality is not as good as the towels I purchased from a different seller 3 yrs ago.', ""title: Will do the job in a pinch. \ntext: The quality itself is as it should be (nice and rough/exfoliating), and I do like the colors. My main issue is with the fact that this isn't nearly as long as the same type of wash cloths sold at a nearby Japanese dollar store here. I was expecting the same length and these are a good 1/4 of the length shorter. Still possible to reach your back and all, but just a bit less comfortable to use."", 'title: Good for price. Not the best quality \ntext: Not the quality I was expecting, but it does do the job.I was searching for the straight line thread design.']","The comments reflect mixed opinions on the quality of the product. Some users have noted that the product becomes too soft and falls apart quickly, making it ineffective for exfoliation [0]. Others have praised the product for being super durable and of high quality, although there is a mention of the coarseness being too much for some users [1]. There are concerns about a decline in quality, with some users observing frayed edges and a less polished appearance compared to previous purchases, although the product still functions well [2]. Another user mentioned that the product is not as good as the original Salux towels they bought from a different seller three years ago [3]. While the product is described as having the expected roughness for exfoliation, there is dissatisfaction with its shorter length compared to similar products [4]. Lastly, one user found the quality to be below expectations but acknowledged that it still performs its intended function [5].",9.0
Is the quality of the bath wash up to par,The product has been given as the following : Salux Nylon Japanese Beauty Skin Bath Wash Cloth/towel (3)blue Yellow and Pink,013456,"['title: Quality Issues \ntext: Compared to other similar, they become way too soft as to no longer be able to exfoliate and they also quickly fall apart.', 'title: Super durable and of high quality \ntext: Super durable and of high quality. As a man I like the coarseness but my girlfriend finds it to be to much.', 'title: Great product \ntext: This is a great product to exfoliate your body with not to hard not to soft', 'title: very good quality. I purchased what I thought was a ... \ntext: These are just what I wanted and well worth the money, very good quality. I purchased what I thought was a good product at a name brand store and they fell apart.  These will be the ones I buy from now on.', 'title: Not Original Salux \ntext: Not the original Salux. The quality is not as good as the towels I purchased from a different seller 3 yrs ago.', ""title: Will do the job in a pinch. \ntext: The quality itself is as it should be (nice and rough/exfoliating), and I do like the colors. My main issue is with the fact that this isn't nearly as long as the same type of wash cloths sold at a nearby Japanese dollar store here. I was expecting the same length and these are a good 1/4 of the length shorter. Still possible to reach your back and all, but just a bit less comfortable to use.""]","The comments present mixed opinions on the quality of the product. One user notes that the product becomes too soft over time, losing its exfoliating ability and falling apart quickly, which suggests a decline in quality compared to similar products [0]. Another user praises the product for being super durable and of high quality, appreciating its coarseness, although it may be too much for some users [1]. A different user finds the product to be well-balanced in terms of texture, being neither too hard nor too soft, which makes it effective for exfoliation [2]. Additionally, a user highlights the product's good quality and value for money, especially in comparison to a previous purchase from a name brand store that fell apart [3]. However, one user expresses disappointment, stating that the product is not as good as the original Salux towels they bought from a different seller three years ago [4]. Lastly, another user mentions that while the quality is as expected, the product is shorter than similar items available at a local store, which affects its usability [5].",9.0
Is the quality of the bath wash up to par,The product has been given as the following : Salux Nylon Japanese Beauty Skin Bath Wash Cloth/towel (3)blue Yellow and Pink,013457,"['title: Quality Issues \ntext: Compared to other similar, they become way too soft as to no longer be able to exfoliate and they also quickly fall apart.', 'title: Super durable and of high quality \ntext: Super durable and of high quality. As a man I like the coarseness but my girlfriend finds it to be to much.', 'title: Great product \ntext: This is a great product to exfoliate your body with not to hard not to soft', 'title: very good quality. I purchased what I thought was a ... \ntext: These are just what I wanted and well worth the money, very good quality. I purchased what I thought was a good product at a name brand store and they fell apart.  These will be the ones I buy from now on.', 'title: Not Original Salux \ntext: Not the original Salux. The quality is not as good as the towels I purchased from a different seller 3 yrs ago.', 'title: Good for price. Not the best quality \ntext: Not the quality I was expecting, but it does do the job.I was searching for the straight line thread design.']","The comments present mixed opinions on the quality of the product. One user notes that the product becomes too soft and falls apart quickly, making it ineffective for exfoliation compared to similar products [0]. Another user praises the product for being super durable and of high quality, although they mention that the coarseness might not be suitable for everyone [1]. A third user finds the product to be well-balanced in terms of texture, being neither too hard nor too soft for exfoliation [2]. Another comment highlights the product's good quality and value for money, especially compared to a previous purchase from a name brand store that fell apart [3]. However, one user criticizes the product for not being the original Salux and notes a decline in quality compared to a purchase made three years ago [4]. Lastly, a user mentions that while the product is good for its price, it does not meet their quality expectations [5].",9.0
Is the quality of the bath wash up to par,The product has been given as the following : Salux Nylon Japanese Beauty Skin Bath Wash Cloth/towel (3)blue Yellow and Pink,013467,"['title: Quality Issues \ntext: Compared to other similar, they become way too soft as to no longer be able to exfoliate and they also quickly fall apart.', 'title: Super durable and of high quality \ntext: Super durable and of high quality. As a man I like the coarseness but my girlfriend finds it to be to much.', 'title: Great product \ntext: This is a great product to exfoliate your body with not to hard not to soft', 'title: very good quality. I purchased what I thought was a ... \ntext: These are just what I wanted and well worth the money, very good quality. I purchased what I thought was a good product at a name brand store and they fell apart.  These will be the ones I buy from now on.', ""title: Will do the job in a pinch. \ntext: The quality itself is as it should be (nice and rough/exfoliating), and I do like the colors. My main issue is with the fact that this isn't nearly as long as the same type of wash cloths sold at a nearby Japanese dollar store here. I was expecting the same length and these are a good 1/4 of the length shorter. Still possible to reach your back and all, but just a bit less comfortable to use."", 'title: Good for price. Not the best quality \ntext: Not the quality I was expecting, but it does do the job.I was searching for the straight line thread design.']","The comments present a mixed review of the product's quality. Some users find the product to be of high quality and durable, with one user noting that it is perfect for exfoliating without being too hard or too soft, making it a great choice for body care [0][2]. Another user appreciates the product's durability and quality, stating that it is superior to a similar product purchased from a name brand store, which fell apart quickly [3]. However, there are also criticisms regarding the product's quality. One user mentions that the product becomes too soft over time, losing its exfoliating ability and falling apart quickly [0]. Another user finds the quality to be adequate but not exceptional, noting that it is not as long as similar products from other stores, which affects its comfort and usability [4]. Lastly, a user comments that while the product is good for its price, it does not meet their quality expectations [5].",9.0
Is the quality of the bath wash up to par,The product has been given as the following : Salux Nylon Japanese Beauty Skin Bath Wash Cloth/towel (3)blue Yellow and Pink,013567,"['title: Quality Issues \ntext: Compared to other similar, they become way too soft as to no longer be able to exfoliate and they also quickly fall apart.', 'title: Super durable and of high quality \ntext: Super durable and of high quality. As a man I like the coarseness but my girlfriend finds it to be to much.', 'title: Great product \ntext: This is a great product to exfoliate your body with not to hard not to soft', 'title: Not Original Salux \ntext: Not the original Salux. The quality is not as good as the towels I purchased from a different seller 3 yrs ago.', ""title: Will do the job in a pinch. \ntext: The quality itself is as it should be (nice and rough/exfoliating), and I do like the colors. My main issue is with the fact that this isn't nearly as long as the same type of wash cloths sold at a nearby Japanese dollar store here. I was expecting the same length and these are a good 1/4 of the length shorter. Still possible to reach your back and all, but just a bit less comfortable to use."", 'title: Good for price. Not the best quality \ntext: Not the quality I was expecting, but it does do the job.I was searching for the straight line thread design.']","The comments on the product's quality are mixed. Some users find the product becomes too soft and falls apart quickly, making it ineffective for exfoliation [0]. Others praise its durability and high quality, although the coarseness may not be suitable for everyone [1]. Another user describes it as a great product for exfoliation, striking a balance between hardness and softness [2]. However, one comment notes that the product is not the original Salux and lacks the quality of previous purchases from a different seller [3]. While the product is described as having the expected roughness for exfoliation, its shorter length compared to similar products is a drawback [4]. Lastly, the product is considered good for its price, but not of the best quality, as it does not meet the user's expectations for design [5].",9.0
Is the quality of the bath wash up to par,The product has been given as the following : Salux Nylon Japanese Beauty Skin Bath Wash Cloth/towel (3)blue Yellow and Pink,014567,"['title: Quality Issues \ntext: Compared to other similar, they become way too soft as to no longer be able to exfoliate and they also quickly fall apart.', 'title: Super durable and of high quality \ntext: Super durable and of high quality. As a man I like the coarseness but my girlfriend finds it to be to much.', 'title: very good quality. I purchased what I thought was a ... \ntext: These are just what I wanted and well worth the money, very good quality. I purchased what I thought was a good product at a name brand store and they fell apart.  These will be the ones I buy from now on.', 'title: Not Original Salux \ntext: Not the original Salux. The quality is not as good as the towels I purchased from a different seller 3 yrs ago.', ""title: Will do the job in a pinch. \ntext: The quality itself is as it should be (nice and rough/exfoliating), and I do like the colors. My main issue is with the fact that this isn't nearly as long as the same type of wash cloths sold at a nearby Japanese dollar store here. I was expecting the same length and these are a good 1/4 of the length shorter. Still possible to reach your back and all, but just a bit less comfortable to use."", 'title: Good for price. Not the best quality \ntext: Not the quality I was expecting, but it does do the job.I was searching for the straight line thread design.']","The comments present a mixed view on the quality of the product. One user noted that the product becomes too soft and falls apart quickly, making it ineffective for exfoliation compared to similar products [0]. Another user praised the product for being super durable and of high quality, although they mentioned that the coarseness might not be suitable for everyone [1]. A third user found the product to be of very good quality and worth the money, especially compared to a previous purchase from a name brand store that fell apart [2]. However, another comment indicated that the product is not as good as the original Salux towels purchased from a different seller three years ago [3]. One user mentioned that while the quality is as expected, the product is shorter than similar items, which affects comfort [4]. Lastly, a user expressed that the quality was not as expected but acknowledged that the product still serves its purpose [5].",9.0
Is the quality of the bath wash up to par,The product has been given as the following : Salux Nylon Japanese Beauty Skin Bath Wash Cloth/towel (3)blue Yellow and Pink,023456,"['title: Quality Issues \ntext: Compared to other similar, they become way too soft as to no longer be able to exfoliate and they also quickly fall apart.', 'title: quality went down \ntext: i’m not sure when the quality went down, but these are not the same ones i’ve been buying. The end he’s got frayed super easily and made them look old and raggedy. I’ve had some for longer and the edges are better trimmed and looks great considering. Still scrubbed well, just looks bad', 'title: Great product \ntext: This is a great product to exfoliate your body with not to hard not to soft', 'title: very good quality. I purchased what I thought was a ... \ntext: These are just what I wanted and well worth the money, very good quality. I purchased what I thought was a good product at a name brand store and they fell apart.  These will be the ones I buy from now on.', 'title: Not Original Salux \ntext: Not the original Salux. The quality is not as good as the towels I purchased from a different seller 3 yrs ago.', ""title: Will do the job in a pinch. \ntext: The quality itself is as it should be (nice and rough/exfoliating), and I do like the colors. My main issue is with the fact that this isn't nearly as long as the same type of wash cloths sold at a nearby Japanese dollar store here. I was expecting the same length and these are a good 1/4 of the length shorter. Still possible to reach your back and all, but just a bit less comfortable to use.""]","Several comments highlight concerns about the quality of the product. One user noted that the product becomes too soft to exfoliate effectively and falls apart quickly, indicating a decline in durability and functionality compared to similar products [0]. Another user expressed uncertainty about when the quality declined, mentioning that the edges frayed easily, making the product look old and raggedy, although it still performed well in terms of scrubbing [1]. Conversely, some users praised the product for its exfoliating capabilities, describing it as neither too hard nor too soft [2]. Another user found the product to be of very good quality, especially compared to a previous purchase from a name-brand store that fell apart, and expressed satisfaction with the value for money [3]. However, one user mentioned that the product is not as good as the original Salux towels they purchased from a different seller three years ago, suggesting a decrease in quality over time [4]. Lastly, a user noted that while the quality was as expected in terms of texture, the product was shorter than similar washcloths, affecting its usability [5].",9.0
Is the quality of the bath wash up to par,The product has been given as the following : Salux Nylon Japanese Beauty Skin Bath Wash Cloth/towel (3)blue Yellow and Pink,023457,"['title: Quality Issues \ntext: Compared to other similar, they become way too soft as to no longer be able to exfoliate and they also quickly fall apart.', 'title: quality went down \ntext: i’m not sure when the quality went down, but these are not the same ones i’ve been buying. The end he’s got frayed super easily and made them look old and raggedy. I’ve had some for longer and the edges are better trimmed and looks great considering. Still scrubbed well, just looks bad', 'title: Great product \ntext: This is a great product to exfoliate your body with not to hard not to soft', 'title: very good quality. I purchased what I thought was a ... \ntext: These are just what I wanted and well worth the money, very good quality. I purchased what I thought was a good product at a name brand store and they fell apart.  These will be the ones I buy from now on.', 'title: Not Original Salux \ntext: Not the original Salux. The quality is not as good as the towels I purchased from a different seller 3 yrs ago.', 'title: Good for price. Not the best quality \ntext: Not the quality I was expecting, but it does do the job.I was searching for the straight line thread design.']","Several users have expressed concerns about the quality of the product, noting that it becomes too soft to effectively exfoliate and falls apart quickly compared to similar products [0]. Another user mentioned a decline in quality, with the product's edges fraying easily, making them look old and raggedy, although they still function well for scrubbing [1]. Conversely, some users have praised the product for being a great exfoliator, striking a balance between being not too hard and not too soft [2]. One user highlighted the product's good quality and value for money, stating that it outperformed a similar product from a name-brand store that fell apart [3]. However, another user noted that the product is not the original Salux and does not match the quality of towels purchased from a different seller three years ago [4]. Lastly, a user found the product to be good for the price but not of the best quality, as it did not meet their expectations for a specific design [5].",9.0
Is the quality of the bath wash up to par,The product has been given as the following : Salux Nylon Japanese Beauty Skin Bath Wash Cloth/towel (3)blue Yellow and Pink,023467,"['title: Quality Issues \ntext: Compared to other similar, they become way too soft as to no longer be able to exfoliate and they also quickly fall apart.', 'title: quality went down \ntext: i’m not sure when the quality went down, but these are not the same ones i’ve been buying. The end he’s got frayed super easily and made them look old and raggedy. I’ve had some for longer and the edges are better trimmed and looks great considering. Still scrubbed well, just looks bad', 'title: Great product \ntext: This is a great product to exfoliate your body with not to hard not to soft', 'title: very good quality. I purchased what I thought was a ... \ntext: These are just what I wanted and well worth the money, very good quality. I purchased what I thought was a good product at a name brand store and they fell apart.  These will be the ones I buy from now on.', ""title: Will do the job in a pinch. \ntext: The quality itself is as it should be (nice and rough/exfoliating), and I do like the colors. My main issue is with the fact that this isn't nearly as long as the same type of wash cloths sold at a nearby Japanese dollar store here. I was expecting the same length and these are a good 1/4 of the length shorter. Still possible to reach your back and all, but just a bit less comfortable to use."", 'title: Good for price. Not the best quality \ntext: Not the quality I was expecting, but it does do the job.I was searching for the straight line thread design.']","Several comments highlight varying opinions on the quality of the product. One user notes that the product becomes too soft over time, losing its exfoliating ability and falling apart quickly, which suggests a decline in quality compared to similar products [0]. Another user mentions a noticeable decline in quality, with the edges fraying easily, making the product look old and raggedy, although it still functions well for scrubbing [1]. Conversely, another user praises the product for being great for exfoliation, striking a balance between being too hard and too soft [2]. A different user expresses satisfaction with the product's quality, stating it is well worth the money and superior to a similar product that fell apart [3]. However, another comment points out that while the product's quality is as expected in terms of roughness for exfoliation, it is shorter than similar products, which affects comfort [4]. Lastly, a user finds the product adequate for the price but not of the best quality, as it did not meet their expectations for design [5].",9.0
Is the quality of the bath wash up to par,The product has been given as the following : Salux Nylon Japanese Beauty Skin Bath Wash Cloth/towel (3)blue Yellow and Pink,023567,"['title: Quality Issues \ntext: Compared to other similar, they become way too soft as to no longer be able to exfoliate and they also quickly fall apart.', 'title: quality went down \ntext: i’m not sure when the quality went down, but these are not the same ones i’ve been buying. The end he’s got frayed super easily and made them look old and raggedy. I’ve had some for longer and the edges are better trimmed and looks great considering. Still scrubbed well, just looks bad', 'title: Great product \ntext: This is a great product to exfoliate your body with not to hard not to soft', 'title: Not Original Salux \ntext: Not the original Salux. The quality is not as good as the towels I purchased from a different seller 3 yrs ago.', ""title: Will do the job in a pinch. \ntext: The quality itself is as it should be (nice and rough/exfoliating), and I do like the colors. My main issue is with the fact that this isn't nearly as long as the same type of wash cloths sold at a nearby Japanese dollar store here. I was expecting the same length and these are a good 1/4 of the length shorter. Still possible to reach your back and all, but just a bit less comfortable to use."", 'title: Good for price. Not the best quality \ntext: Not the quality I was expecting, but it does do the job.I was searching for the straight line thread design.']","Several comments highlight concerns about the quality of the product. One user noted that the product becomes too soft to exfoliate effectively and falls apart quickly, indicating a decline in durability compared to similar products [0]. Another user expressed disappointment with the frayed edges, which made the product look old and raggedy, although it still performed well in terms of scrubbing [1]. A positive review described the product as great for exfoliating, being neither too hard nor too soft [2]. However, another user mentioned that the product is not as good as the original Salux towels they purchased from a different seller three years ago, suggesting a decline in quality [3]. While one user appreciated the product's roughness and color, they were dissatisfied with its shorter length compared to similar products from a Japanese dollar store, which affected comfort [4]. Lastly, a user found the product to be good for the price but not of the expected quality, as they were looking for a specific thread design [5].",9.0
Is the quality of the bath wash up to par,The product has been given as the following : Salux Nylon Japanese Beauty Skin Bath Wash Cloth/towel (3)blue Yellow and Pink,024567,"['title: Quality Issues \ntext: Compared to other similar, they become way too soft as to no longer be able to exfoliate and they also quickly fall apart.', 'title: quality went down \ntext: i’m not sure when the quality went down, but these are not the same ones i’ve been buying. The end he’s got frayed super easily and made them look old and raggedy. I’ve had some for longer and the edges are better trimmed and looks great considering. Still scrubbed well, just looks bad', 'title: very good quality. I purchased what I thought was a ... \ntext: These are just what I wanted and well worth the money, very good quality. I purchased what I thought was a good product at a name brand store and they fell apart.  These will be the ones I buy from now on.', 'title: Not Original Salux \ntext: Not the original Salux. The quality is not as good as the towels I purchased from a different seller 3 yrs ago.', ""title: Will do the job in a pinch. \ntext: The quality itself is as it should be (nice and rough/exfoliating), and I do like the colors. My main issue is with the fact that this isn't nearly as long as the same type of wash cloths sold at a nearby Japanese dollar store here. I was expecting the same length and these are a good 1/4 of the length shorter. Still possible to reach your back and all, but just a bit less comfortable to use."", 'title: Good for price. Not the best quality \ntext: Not the quality I was expecting, but it does do the job.I was searching for the straight line thread design.']","Several comments highlight concerns about the quality of the product. One user noted that the product becomes too soft to exfoliate effectively and falls apart quickly, indicating a decline in durability compared to similar products [0]. Another user expressed disappointment with the frayed edges, which made the product look old and raggedy, although it still functioned well for scrubbing [1]. Conversely, a different user praised the product for its good quality and value, stating that it outperformed a similar product purchased from a name brand store [2]. However, another comment mentioned that the quality was not as good as the original Salux towels purchased from a different seller three years ago [3]. One user found the quality satisfactory for exfoliating but was disappointed with the shorter length compared to similar products from a Japanese dollar store [4]. Lastly, a user mentioned that while the product was not of the expected quality, it was adequate for the price and performed its intended function [5].",9.0
Is the quality of the bath wash up to par,The product has been given as the following : Salux Nylon Japanese Beauty Skin Bath Wash Cloth/towel (3)blue Yellow and Pink,034567,"['title: Quality Issues \ntext: Compared to other similar, they become way too soft as to no longer be able to exfoliate and they also quickly fall apart.', 'title: Great product \ntext: This is a great product to exfoliate your body with not to hard not to soft', 'title: very good quality. I purchased what I thought was a ... \ntext: These are just what I wanted and well worth the money, very good quality. I purchased what I thought was a good product at a name brand store and they fell apart.  These will be the ones I buy from now on.', 'title: Not Original Salux \ntext: Not the original Salux. The quality is not as good as the towels I purchased from a different seller 3 yrs ago.', ""title: Will do the job in a pinch. \ntext: The quality itself is as it should be (nice and rough/exfoliating), and I do like the colors. My main issue is with the fact that this isn't nearly as long as the same type of wash cloths sold at a nearby Japanese dollar store here. I was expecting the same length and these are a good 1/4 of the length shorter. Still possible to reach your back and all, but just a bit less comfortable to use."", 'title: Good for price. Not the best quality \ntext: Not the quality I was expecting, but it does do the job.I was searching for the straight line thread design.']","The comments on the product's quality are mixed. One user expressed dissatisfaction, noting that the product becomes too soft to exfoliate effectively and falls apart quickly, indicating poor durability [0]. In contrast, another user praised the product for being just the right texture for exfoliation, neither too hard nor too soft [1]. Another comment highlighted the product's good quality and value for money, especially compared to a previous purchase from a name brand store that fell apart [2]. However, one user mentioned that the product is not as good as the original Salux towels they bought from a different seller three years ago, suggesting a decline in quality [3]. Another user found the quality to be satisfactory for exfoliation but was disappointed by the shorter length compared to similar products, which affected comfort [4]. Lastly, a user noted that while the product does the job, it did not meet their quality expectations, particularly in terms of design [5].",9.0
Is the quality of the bath wash up to par,The product has been given as the following : Salux Nylon Japanese Beauty Skin Bath Wash Cloth/towel (3)blue Yellow and Pink,123456,"['title: Super durable and of high quality \ntext: Super durable and of high quality. As a man I like the coarseness but my girlfriend finds it to be to much.', 'title: quality went down \ntext: i’m not sure when the quality went down, but these are not the same ones i’ve been buying. The end he’s got frayed super easily and made them look old and raggedy. I’ve had some for longer and the edges are better trimmed and looks great considering. Still scrubbed well, just looks bad', 'title: Great product \ntext: This is a great product to exfoliate your body with not to hard not to soft', 'title: very good quality. I purchased what I thought was a ... \ntext: These are just what I wanted and well worth the money, very good quality. I purchased what I thought was a good product at a name brand store and they fell apart.  These will be the ones I buy from now on.', 'title: Not Original Salux \ntext: Not the original Salux. The quality is not as good as the towels I purchased from a different seller 3 yrs ago.', ""title: Will do the job in a pinch. \ntext: The quality itself is as it should be (nice and rough/exfoliating), and I do like the colors. My main issue is with the fact that this isn't nearly as long as the same type of wash cloths sold at a nearby Japanese dollar store here. I was expecting the same length and these are a good 1/4 of the length shorter. Still possible to reach your back and all, but just a bit less comfortable to use.""]","The comments provide mixed reviews regarding the quality of the product. One user describes the product as super durable and of high quality, appreciating its coarseness, although it may be too coarse for some users [0]. Another user notes a decline in quality, mentioning that the edges fray easily, making the product look old and raggedy, despite its continued effectiveness in scrubbing [1]. A different user praises the product for being great for exfoliation, striking a balance between hardness and softness [2]. Another comment highlights the product's very good quality, noting that it is well worth the money and superior to a previous purchase from a name brand store that fell apart [3]. However, one user criticizes the product for not being the original Salux, stating that the quality is inferior compared to towels purchased from a different seller three years ago [4]. Lastly, a user finds the quality to be as expected in terms of roughness and exfoliation but is disappointed by the shorter length compared to similar products available locally [5].",9.0
Is the quality of the bath wash up to par,The product has been given as the following : Salux Nylon Japanese Beauty Skin Bath Wash Cloth/towel (3)blue Yellow and Pink,123457,"['title: Super durable and of high quality \ntext: Super durable and of high quality. As a man I like the coarseness but my girlfriend finds it to be to much.', 'title: quality went down \ntext: i’m not sure when the quality went down, but these are not the same ones i’ve been buying. The end he’s got frayed super easily and made them look old and raggedy. I’ve had some for longer and the edges are better trimmed and looks great considering. Still scrubbed well, just looks bad', 'title: Great product \ntext: This is a great product to exfoliate your body with not to hard not to soft', 'title: very good quality. I purchased what I thought was a ... \ntext: These are just what I wanted and well worth the money, very good quality. I purchased what I thought was a good product at a name brand store and they fell apart.  These will be the ones I buy from now on.', 'title: Not Original Salux \ntext: Not the original Salux. The quality is not as good as the towels I purchased from a different seller 3 yrs ago.', 'title: Good for price. Not the best quality \ntext: Not the quality I was expecting, but it does do the job.I was searching for the straight line thread design.']","The product is described as super durable and of high quality, with a texture that some users appreciate while others find too coarse [0]. However, there are mixed reviews regarding the consistency of quality. Some users have noticed a decline, with newer products fraying easily and appearing old and raggedy, although they still function well [1]. Others praise the product for being great for exfoliation, striking a balance between hardness and softness [2]. Many find the quality to be very good and worth the money, especially compared to other products that fall apart easily [3]. On the other hand, some users have noted that the product is not as good as previous versions or those from other sellers, indicating a potential drop in quality over time [4]. While the product is considered good for its price, it may not meet the expectations of those seeking a specific design or higher quality [5].",9.0
Is the quality of the bath wash up to par,The product has been given as the following : Salux Nylon Japanese Beauty Skin Bath Wash Cloth/towel (3)blue Yellow and Pink,123467,"['title: Super durable and of high quality \ntext: Super durable and of high quality. As a man I like the coarseness but my girlfriend finds it to be to much.', 'title: quality went down \ntext: i’m not sure when the quality went down, but these are not the same ones i’ve been buying. The end he’s got frayed super easily and made them look old and raggedy. I’ve had some for longer and the edges are better trimmed and looks great considering. Still scrubbed well, just looks bad', 'title: Great product \ntext: This is a great product to exfoliate your body with not to hard not to soft', 'title: very good quality. I purchased what I thought was a ... \ntext: These are just what I wanted and well worth the money, very good quality. I purchased what I thought was a good product at a name brand store and they fell apart.  These will be the ones I buy from now on.', ""title: Will do the job in a pinch. \ntext: The quality itself is as it should be (nice and rough/exfoliating), and I do like the colors. My main issue is with the fact that this isn't nearly as long as the same type of wash cloths sold at a nearby Japanese dollar store here. I was expecting the same length and these are a good 1/4 of the length shorter. Still possible to reach your back and all, but just a bit less comfortable to use."", 'title: Good for price. Not the best quality \ntext: Not the quality I was expecting, but it does do the job.I was searching for the straight line thread design.']","The product receives mixed reviews regarding its quality. Some users praise its durability and effectiveness, noting that it is super durable and of high quality, although the texture may be too coarse for some users [0]. Others have observed a decline in quality, mentioning that the edges fray easily, making the product look old and raggedy, despite its continued effectiveness in scrubbing [1]. Another user finds the product to be great for exfoliating, striking a balance between hardness and softness [2]. The product is also described as very good quality and worth the money, especially compared to similar products from name-brand stores that fell apart [3]. However, one user notes that while the quality is as expected, the product is shorter than similar items from other stores, affecting comfort during use [4]. Lastly, another comment suggests that the product is good for its price but not of the best quality, as it did not meet expectations for a specific design feature [5].",9.0
Is the quality of the bath wash up to par,The product has been given as the following : Salux Nylon Japanese Beauty Skin Bath Wash Cloth/towel (3)blue Yellow and Pink,123567,"['title: Super durable and of high quality \ntext: Super durable and of high quality. As a man I like the coarseness but my girlfriend finds it to be to much.', 'title: quality went down \ntext: i’m not sure when the quality went down, but these are not the same ones i’ve been buying. The end he’s got frayed super easily and made them look old and raggedy. I’ve had some for longer and the edges are better trimmed and looks great considering. Still scrubbed well, just looks bad', 'title: Great product \ntext: This is a great product to exfoliate your body with not to hard not to soft', 'title: Not Original Salux \ntext: Not the original Salux. The quality is not as good as the towels I purchased from a different seller 3 yrs ago.', ""title: Will do the job in a pinch. \ntext: The quality itself is as it should be (nice and rough/exfoliating), and I do like the colors. My main issue is with the fact that this isn't nearly as long as the same type of wash cloths sold at a nearby Japanese dollar store here. I was expecting the same length and these are a good 1/4 of the length shorter. Still possible to reach your back and all, but just a bit less comfortable to use."", 'title: Good for price. Not the best quality \ntext: Not the quality I was expecting, but it does do the job.I was searching for the straight line thread design.']","The comments reflect mixed opinions on the quality of the product. One user describes the product as super durable and of high quality, although they note that the coarseness may not be suitable for everyone, as their girlfriend finds it too much [0]. Another user expresses disappointment, stating that the quality has declined, with the product's edges fraying easily, making them look old and raggedy, although they still function well for scrubbing [1]. A different user praises the product as great for exfoliating, finding it neither too hard nor too soft [2]. However, another comment criticizes the product for not being the original Salux and notes a decline in quality compared to previous purchases [3]. One user mentions that while the quality is as expected, the product is shorter than similar items, making it less comfortable to use [4]. Lastly, a user finds the product good for the price but not of the best quality, as it does not meet their expectations for design [5].",9.0
Is the quality of the bath wash up to par,The product has been given as the following : Salux Nylon Japanese Beauty Skin Bath Wash Cloth/towel (3)blue Yellow and Pink,124567,"['title: Super durable and of high quality \ntext: Super durable and of high quality. As a man I like the coarseness but my girlfriend finds it to be to much.', 'title: quality went down \ntext: i’m not sure when the quality went down, but these are not the same ones i’ve been buying. The end he’s got frayed super easily and made them look old and raggedy. I’ve had some for longer and the edges are better trimmed and looks great considering. Still scrubbed well, just looks bad', 'title: very good quality. I purchased what I thought was a ... \ntext: These are just what I wanted and well worth the money, very good quality. I purchased what I thought was a good product at a name brand store and they fell apart.  These will be the ones I buy from now on.', 'title: Not Original Salux \ntext: Not the original Salux. The quality is not as good as the towels I purchased from a different seller 3 yrs ago.', ""title: Will do the job in a pinch. \ntext: The quality itself is as it should be (nice and rough/exfoliating), and I do like the colors. My main issue is with the fact that this isn't nearly as long as the same type of wash cloths sold at a nearby Japanese dollar store here. I was expecting the same length and these are a good 1/4 of the length shorter. Still possible to reach your back and all, but just a bit less comfortable to use."", 'title: Good for price. Not the best quality \ntext: Not the quality I was expecting, but it does do the job.I was searching for the straight line thread design.']","The comments present a mixed view on the quality of the product. One user appreciates the product's durability and quality, noting its coarseness as a positive feature, although it may be too coarse for some users [0]. Another user expresses disappointment, stating that the quality has declined over time, with the product's edges fraying easily, although it still performs its function well [1]. A different user praises the product for its good quality and value, especially compared to a previous purchase from a name-brand store that fell apart [2]. However, another comment mentions that the product is not as good as the original version purchased from a different seller three years ago [3]. One user finds the quality satisfactory but notes a discrepancy in length compared to similar products, which affects comfort [4]. Lastly, a user mentions that while the product is good for the price, it does not meet their quality expectations [5].",9.0
Is the quality of the bath wash up to par,The product has been given as the following : Salux Nylon Japanese Beauty Skin Bath Wash Cloth/towel (3)blue Yellow and Pink,134567,"['title: Super durable and of high quality \ntext: Super durable and of high quality. As a man I like the coarseness but my girlfriend finds it to be to much.', 'title: Great product \ntext: This is a great product to exfoliate your body with not to hard not to soft', 'title: very good quality. I purchased what I thought was a ... \ntext: These are just what I wanted and well worth the money, very good quality. I purchased what I thought was a good product at a name brand store and they fell apart.  These will be the ones I buy from now on.', 'title: Not Original Salux \ntext: Not the original Salux. The quality is not as good as the towels I purchased from a different seller 3 yrs ago.', ""title: Will do the job in a pinch. \ntext: The quality itself is as it should be (nice and rough/exfoliating), and I do like the colors. My main issue is with the fact that this isn't nearly as long as the same type of wash cloths sold at a nearby Japanese dollar store here. I was expecting the same length and these are a good 1/4 of the length shorter. Still possible to reach your back and all, but just a bit less comfortable to use."", 'title: Good for price. Not the best quality \ntext: Not the quality I was expecting, but it does do the job.I was searching for the straight line thread design.']","The product is generally perceived as durable and of high quality, with one user appreciating its coarseness, although it may be too rough for some users [0]. It is described as a great exfoliating product that strikes a balance between being too hard and too soft [1]. Another user highlights its good quality and value for money, noting that it outperforms a previous purchase from a name brand store [2]. However, there are mixed reviews regarding its quality, with one user stating that it is not as good as a previous purchase from a different seller [3]. Another user finds the quality satisfactory but notes a discrepancy in length compared to similar products, which affects comfort [4]. Lastly, while the product is considered good for its price, it does not meet the user's quality expectations [5].",9.0
Is the quality of the bath wash up to par,The product has been given as the following : Salux Nylon Japanese Beauty Skin Bath Wash Cloth/towel (3)blue Yellow and Pink,234567,"['title: quality went down \ntext: i’m not sure when the quality went down, but these are not the same ones i’ve been buying. The end he’s got frayed super easily and made them look old and raggedy. I’ve had some for longer and the edges are better trimmed and looks great considering. Still scrubbed well, just looks bad', 'title: Great product \ntext: This is a great product to exfoliate your body with not to hard not to soft', 'title: very good quality. I purchased what I thought was a ... \ntext: These are just what I wanted and well worth the money, very good quality. I purchased what I thought was a good product at a name brand store and they fell apart.  These will be the ones I buy from now on.', 'title: Not Original Salux \ntext: Not the original Salux. The quality is not as good as the towels I purchased from a different seller 3 yrs ago.', ""title: Will do the job in a pinch. \ntext: The quality itself is as it should be (nice and rough/exfoliating), and I do like the colors. My main issue is with the fact that this isn't nearly as long as the same type of wash cloths sold at a nearby Japanese dollar store here. I was expecting the same length and these are a good 1/4 of the length shorter. Still possible to reach your back and all, but just a bit less comfortable to use."", 'title: Good for price. Not the best quality \ntext: Not the quality I was expecting, but it does do the job.I was searching for the straight line thread design.']","Several comments highlight concerns about the quality of the product. One user noted a decline in quality, mentioning that the edges of the product frayed easily, making them look old and raggedy, although they still functioned well for scrubbing [0]. Another user praised the product for its exfoliating properties, describing it as neither too hard nor too soft [1]. A different user expressed satisfaction with the quality, stating that the product was well worth the money and superior to a previous purchase from a name brand store that fell apart [2]. However, another comment pointed out that the product was not the original Salux and did not match the quality of similar towels purchased three years ago [3]. One user mentioned that while the quality was as expected in terms of texture, the product was shorter than similar items available at a local store, affecting comfort [4]. Lastly, a user found the product to be good for the price but not of the best quality, as it did not meet their expectations for design [5].",9.0
Is the quality of the bath wash up to par,The product has been given as the following : Salux Nylon Japanese Beauty Skin Bath Wash Cloth/towel (3)blue Yellow and Pink,0123456,"['title: Quality Issues \ntext: Compared to other similar, they become way too soft as to no longer be able to exfoliate and they also quickly fall apart.', 'title: Super durable and of high quality \ntext: Super durable and of high quality. As a man I like the coarseness but my girlfriend finds it to be to much.', 'title: quality went down \ntext: i’m not sure when the quality went down, but these are not the same ones i’ve been buying. The end he’s got frayed super easily and made them look old and raggedy. I’ve had some for longer and the edges are better trimmed and looks great considering. Still scrubbed well, just looks bad', 'title: Great product \ntext: This is a great product to exfoliate your body with not to hard not to soft', 'title: very good quality. I purchased what I thought was a ... \ntext: These are just what I wanted and well worth the money, very good quality. I purchased what I thought was a good product at a name brand store and they fell apart.  These will be the ones I buy from now on.', 'title: Not Original Salux \ntext: Not the original Salux. The quality is not as good as the towels I purchased from a different seller 3 yrs ago.', ""title: Will do the job in a pinch. \ntext: The quality itself is as it should be (nice and rough/exfoliating), and I do like the colors. My main issue is with the fact that this isn't nearly as long as the same type of wash cloths sold at a nearby Japanese dollar store here. I was expecting the same length and these are a good 1/4 of the length shorter. Still possible to reach your back and all, but just a bit less comfortable to use.""]","The comments reveal mixed opinions about the quality of the product. Some users have noted a decline in quality, mentioning that the product becomes too soft to exfoliate effectively and falls apart quickly, which is a departure from previous experiences where the product was more durable and well-trimmed [0][2]. On the other hand, some users praise the product for being super durable and of high quality, although the coarseness may not be suitable for everyone [1]. Another user appreciates the product for its balanced texture, neither too hard nor too soft, making it effective for exfoliation [3]. Additionally, a user found the product to be of very good quality and a better option compared to a previous purchase from a name brand store, which fell apart [4]. However, there are concerns about the product not being the original Salux and not matching the quality of similar products purchased from different sellers in the past [5]. Lastly, while the quality is described as nice and rough for exfoliating, there is a complaint about the product's length being shorter than expected, affecting comfort during use [6].",9.0
Is the quality of the bath wash up to par,The product has been given as the following : Salux Nylon Japanese Beauty Skin Bath Wash Cloth/towel (3)blue Yellow and Pink,0123457,"['title: Quality Issues \ntext: Compared to other similar, they become way too soft as to no longer be able to exfoliate and they also quickly fall apart.', 'title: Super durable and of high quality \ntext: Super durable and of high quality. As a man I like the coarseness but my girlfriend finds it to be to much.', 'title: quality went down \ntext: i’m not sure when the quality went down, but these are not the same ones i’ve been buying. The end he’s got frayed super easily and made them look old and raggedy. I’ve had some for longer and the edges are better trimmed and looks great considering. Still scrubbed well, just looks bad', 'title: Great product \ntext: This is a great product to exfoliate your body with not to hard not to soft', 'title: very good quality. I purchased what I thought was a ... \ntext: These are just what I wanted and well worth the money, very good quality. I purchased what I thought was a good product at a name brand store and they fell apart.  These will be the ones I buy from now on.', 'title: Not Original Salux \ntext: Not the original Salux. The quality is not as good as the towels I purchased from a different seller 3 yrs ago.', 'title: Good for price. Not the best quality \ntext: Not the quality I was expecting, but it does do the job.I was searching for the straight line thread design.']","The comments present mixed reviews regarding the quality of the product. Some users have noted a decline in quality, mentioning that the product becomes too soft to exfoliate effectively and falls apart quickly [0]. Another user expressed disappointment, stating that the product's edges frayed easily, making them look old and raggedy, although they still function well for scrubbing [2]. Conversely, some users praised the product for its durability and high quality, with one user noting that it is well worth the money and superior to a similar product purchased from a name brand store [1][4]. However, there are concerns about the product not being the original Salux, with a user stating that the quality is not as good as previous purchases from a different seller [5]. Additionally, while one user found the product to be good for the price, they noted it was not the quality they were expecting [6]. Overall, the feedback indicates variability in the product's quality, with some users satisfied and others disappointed.",9.0
Is the quality of the bath wash up to par,The product has been given as the following : Salux Nylon Japanese Beauty Skin Bath Wash Cloth/towel (3)blue Yellow and Pink,0123467,"['title: Quality Issues \ntext: Compared to other similar, they become way too soft as to no longer be able to exfoliate and they also quickly fall apart.', 'title: Super durable and of high quality \ntext: Super durable and of high quality. As a man I like the coarseness but my girlfriend finds it to be to much.', 'title: quality went down \ntext: i’m not sure when the quality went down, but these are not the same ones i’ve been buying. The end he’s got frayed super easily and made them look old and raggedy. I’ve had some for longer and the edges are better trimmed and looks great considering. Still scrubbed well, just looks bad', 'title: Great product \ntext: This is a great product to exfoliate your body with not to hard not to soft', 'title: very good quality. I purchased what I thought was a ... \ntext: These are just what I wanted and well worth the money, very good quality. I purchased what I thought was a good product at a name brand store and they fell apart.  These will be the ones I buy from now on.', ""title: Will do the job in a pinch. \ntext: The quality itself is as it should be (nice and rough/exfoliating), and I do like the colors. My main issue is with the fact that this isn't nearly as long as the same type of wash cloths sold at a nearby Japanese dollar store here. I was expecting the same length and these are a good 1/4 of the length shorter. Still possible to reach your back and all, but just a bit less comfortable to use."", 'title: Good for price. Not the best quality \ntext: Not the quality I was expecting, but it does do the job.I was searching for the straight line thread design.']","The comments on the product's quality present a mixed picture. Some users report that the product becomes too soft over time, losing its exfoliating ability and falling apart quickly, which suggests a decline in quality compared to similar products [0]. Another user notes that while the product is durable and of high quality, the coarseness may not be suitable for everyone [1]. There are concerns about the product's quality deteriorating, with frayed edges making it look old and raggedy, although it still functions well [2]. Conversely, some users find the product to be of very good quality, noting its effectiveness for exfoliation and durability compared to other products that fell apart [3][4]. However, there are also comments about the product not meeting expectations in terms of quality, with issues such as shorter length than expected and not having the desired thread design [5][6].",9.0
Is the quality of the bath wash up to par,The product has been given as the following : Salux Nylon Japanese Beauty Skin Bath Wash Cloth/towel (3)blue Yellow and Pink,0123567,"['title: Quality Issues \ntext: Compared to other similar, they become way too soft as to no longer be able to exfoliate and they also quickly fall apart.', 'title: Super durable and of high quality \ntext: Super durable and of high quality. As a man I like the coarseness but my girlfriend finds it to be to much.', 'title: quality went down \ntext: i’m not sure when the quality went down, but these are not the same ones i’ve been buying. The end he’s got frayed super easily and made them look old and raggedy. I’ve had some for longer and the edges are better trimmed and looks great considering. Still scrubbed well, just looks bad', 'title: Great product \ntext: This is a great product to exfoliate your body with not to hard not to soft', 'title: Not Original Salux \ntext: Not the original Salux. The quality is not as good as the towels I purchased from a different seller 3 yrs ago.', ""title: Will do the job in a pinch. \ntext: The quality itself is as it should be (nice and rough/exfoliating), and I do like the colors. My main issue is with the fact that this isn't nearly as long as the same type of wash cloths sold at a nearby Japanese dollar store here. I was expecting the same length and these are a good 1/4 of the length shorter. Still possible to reach your back and all, but just a bit less comfortable to use."", 'title: Good for price. Not the best quality \ntext: Not the quality I was expecting, but it does do the job.I was searching for the straight line thread design.']","The comments on the product's quality are mixed. Some users report that the product becomes too soft and falls apart quickly, making it ineffective for exfoliation [0]. Others praise its durability and high quality, although the coarseness may not be suitable for everyone [1]. There are concerns about a decline in quality, with some products appearing frayed and raggedy, despite still functioning well [2]. Conversely, some users find the product to be well-balanced in terms of hardness and softness for exfoliation [3]. However, there are complaints about the product not being the original brand and not matching the quality of previous purchases [4]. Additionally, while the product is described as having the right texture for exfoliation, its shorter length compared to similar products is noted as a drawback [5]. Lastly, while the product is considered good for its price, it does not meet some users' quality expectations [6].",9.0
Is the quality of the bath wash up to par,The product has been given as the following : Salux Nylon Japanese Beauty Skin Bath Wash Cloth/towel (3)blue Yellow and Pink,0124567,"['title: Quality Issues \ntext: Compared to other similar, they become way too soft as to no longer be able to exfoliate and they also quickly fall apart.', 'title: Super durable and of high quality \ntext: Super durable and of high quality. As a man I like the coarseness but my girlfriend finds it to be to much.', 'title: quality went down \ntext: i’m not sure when the quality went down, but these are not the same ones i’ve been buying. The end he’s got frayed super easily and made them look old and raggedy. I’ve had some for longer and the edges are better trimmed and looks great considering. Still scrubbed well, just looks bad', 'title: very good quality. I purchased what I thought was a ... \ntext: These are just what I wanted and well worth the money, very good quality. I purchased what I thought was a good product at a name brand store and they fell apart.  These will be the ones I buy from now on.', 'title: Not Original Salux \ntext: Not the original Salux. The quality is not as good as the towels I purchased from a different seller 3 yrs ago.', ""title: Will do the job in a pinch. \ntext: The quality itself is as it should be (nice and rough/exfoliating), and I do like the colors. My main issue is with the fact that this isn't nearly as long as the same type of wash cloths sold at a nearby Japanese dollar store here. I was expecting the same length and these are a good 1/4 of the length shorter. Still possible to reach your back and all, but just a bit less comfortable to use."", 'title: Good for price. Not the best quality \ntext: Not the quality I was expecting, but it does do the job.I was searching for the straight line thread design.']","The comments reflect mixed opinions on the quality of the product. Some users report that the product becomes too soft and falls apart quickly, making it ineffective for exfoliation [0]. Others praise the product for being super durable and of high quality, although there is a difference in preference for its coarseness between users [1]. There are concerns about a decline in quality, with some noticing frayed edges and a less appealing appearance, although the product still functions well [2]. Another user finds the product to be of very good quality and a better option compared to a previous purchase from a name brand store [3]. However, there are complaints about the product not being the original Salux and not matching the quality of similar products purchased years ago [4]. While the quality is described as adequate for exfoliation, there are issues with the product's length compared to similar items, affecting comfort [5]. Lastly, the product is considered good for its price, but not of the best quality, as it did not meet specific design expectations [6].",9.0
Is the quality of the bath wash up to par,The product has been given as the following : Salux Nylon Japanese Beauty Skin Bath Wash Cloth/towel (3)blue Yellow and Pink,0134567,"['title: Quality Issues \ntext: Compared to other similar, they become way too soft as to no longer be able to exfoliate and they also quickly fall apart.', 'title: Super durable and of high quality \ntext: Super durable and of high quality. As a man I like the coarseness but my girlfriend finds it to be to much.', 'title: Great product \ntext: This is a great product to exfoliate your body with not to hard not to soft', 'title: very good quality. I purchased what I thought was a ... \ntext: These are just what I wanted and well worth the money, very good quality. I purchased what I thought was a good product at a name brand store and they fell apart.  These will be the ones I buy from now on.', 'title: Not Original Salux \ntext: Not the original Salux. The quality is not as good as the towels I purchased from a different seller 3 yrs ago.', ""title: Will do the job in a pinch. \ntext: The quality itself is as it should be (nice and rough/exfoliating), and I do like the colors. My main issue is with the fact that this isn't nearly as long as the same type of wash cloths sold at a nearby Japanese dollar store here. I was expecting the same length and these are a good 1/4 of the length shorter. Still possible to reach your back and all, but just a bit less comfortable to use."", 'title: Good for price. Not the best quality \ntext: Not the quality I was expecting, but it does do the job.I was searching for the straight line thread design.']","The comments present a mixed view on the quality of the product. Some users find the product to be of high quality and durable, with one user noting that it is perfect for exfoliating without being too hard or too soft [0][2]. Another user appreciates the durability and quality, stating that it is better than a similar product purchased from a name brand store, which fell apart [3]. However, there are criticisms as well, with one user mentioning that the product becomes too soft and falls apart quickly, making it ineffective for exfoliation [0]. Another user notes that the quality is not as good as similar products purchased from a different seller in the past [4]. Additionally, one user finds the product's length to be shorter than expected, which affects its usability [5]. Lastly, a user mentions that while the product is good for the price, it does not meet their quality expectations [6].",9.0
Is the quality of the bath wash up to par,The product has been given as the following : Salux Nylon Japanese Beauty Skin Bath Wash Cloth/towel (3)blue Yellow and Pink,0234567,"['title: Quality Issues \ntext: Compared to other similar, they become way too soft as to no longer be able to exfoliate and they also quickly fall apart.', 'title: quality went down \ntext: i’m not sure when the quality went down, but these are not the same ones i’ve been buying. The end he’s got frayed super easily and made them look old and raggedy. I’ve had some for longer and the edges are better trimmed and looks great considering. Still scrubbed well, just looks bad', 'title: Great product \ntext: This is a great product to exfoliate your body with not to hard not to soft', 'title: very good quality. I purchased what I thought was a ... \ntext: These are just what I wanted and well worth the money, very good quality. I purchased what I thought was a good product at a name brand store and they fell apart.  These will be the ones I buy from now on.', 'title: Not Original Salux \ntext: Not the original Salux. The quality is not as good as the towels I purchased from a different seller 3 yrs ago.', ""title: Will do the job in a pinch. \ntext: The quality itself is as it should be (nice and rough/exfoliating), and I do like the colors. My main issue is with the fact that this isn't nearly as long as the same type of wash cloths sold at a nearby Japanese dollar store here. I was expecting the same length and these are a good 1/4 of the length shorter. Still possible to reach your back and all, but just a bit less comfortable to use."", 'title: Good for price. Not the best quality \ntext: Not the quality I was expecting, but it does do the job.I was searching for the straight line thread design.']","Several comments highlight concerns about the quality of the product. One user noted that the product becomes too soft to exfoliate effectively and falls apart quickly, indicating a decline in quality compared to similar products [0]. Another user mentioned that the quality has deteriorated over time, with the edges fraying easily, although the product still functions well for scrubbing [1]. Conversely, some users praised the product for its exfoliating capabilities, describing it as neither too hard nor too soft [2], and commending its good quality and value for money compared to other products that fell apart [3]. However, there are complaints about the product not being as good as previous versions or those from other sellers, with one user specifically noting that it is not the original Salux and lacks the same quality [4]. Another user mentioned that while the quality is satisfactory for exfoliating, the product is shorter than expected, making it less comfortable to use [5]. Lastly, a user expressed that the product does the job but is not of the quality they anticipated, as they were looking for a specific design [6].",9.0
Is the quality of the bath wash up to par,The product has been given as the following : Salux Nylon Japanese Beauty Skin Bath Wash Cloth/towel (3)blue Yellow and Pink,1234567,"['title: Super durable and of high quality \ntext: Super durable and of high quality. As a man I like the coarseness but my girlfriend finds it to be to much.', 'title: quality went down \ntext: i’m not sure when the quality went down, but these are not the same ones i’ve been buying. The end he’s got frayed super easily and made them look old and raggedy. I’ve had some for longer and the edges are better trimmed and looks great considering. Still scrubbed well, just looks bad', 'title: Great product \ntext: This is a great product to exfoliate your body with not to hard not to soft', 'title: very good quality. I purchased what I thought was a ... \ntext: These are just what I wanted and well worth the money, very good quality. I purchased what I thought was a good product at a name brand store and they fell apart.  These will be the ones I buy from now on.', 'title: Not Original Salux \ntext: Not the original Salux. The quality is not as good as the towels I purchased from a different seller 3 yrs ago.', ""title: Will do the job in a pinch. \ntext: The quality itself is as it should be (nice and rough/exfoliating), and I do like the colors. My main issue is with the fact that this isn't nearly as long as the same type of wash cloths sold at a nearby Japanese dollar store here. I was expecting the same length and these are a good 1/4 of the length shorter. Still possible to reach your back and all, but just a bit less comfortable to use."", 'title: Good for price. Not the best quality \ntext: Not the quality I was expecting, but it does do the job.I was searching for the straight line thread design.']","The comments provide mixed reviews on the quality of the product. One user describes the product as super durable and of high quality, although they note that the coarseness may not be suitable for everyone [0]. Another user expresses disappointment, stating that the quality has declined, with the product's edges fraying easily, although it still performs well functionally [1]. A different user praises the product for being great for exfoliation, striking a balance between hardness and softness [2]. Another comment highlights the product as very good quality and worth the money, especially compared to a previous purchase from a name brand store that fell apart [3]. However, one user notes that the product is not the original Salux and does not match the quality of similar towels purchased from a different seller three years ago [4]. Another review mentions that while the quality is as expected in terms of roughness and exfoliation, the product is shorter than similar items available locally, affecting comfort [5]. Lastly, a user mentions that the product is good for the price but not of the best quality, as it did not meet their expectations for design [6].",9.0
Is the quality of the bath wash up to par,The product has been given as the following : Salux Nylon Japanese Beauty Skin Bath Wash Cloth/towel (3)blue Yellow and Pink,01234567,"['title: Quality Issues \ntext: Compared to other similar, they become way too soft as to no longer be able to exfoliate and they also quickly fall apart.', 'title: Super durable and of high quality \ntext: Super durable and of high quality. As a man I like the coarseness but my girlfriend finds it to be to much.', 'title: quality went down \ntext: i’m not sure when the quality went down, but these are not the same ones i’ve been buying. The end he’s got frayed super easily and made them look old and raggedy. I’ve had some for longer and the edges are better trimmed and looks great considering. Still scrubbed well, just looks bad', 'title: Great product \ntext: This is a great product to exfoliate your body with not to hard not to soft', 'title: very good quality. I purchased what I thought was a ... \ntext: These are just what I wanted and well worth the money, very good quality. I purchased what I thought was a good product at a name brand store and they fell apart.  These will be the ones I buy from now on.', 'title: Not Original Salux \ntext: Not the original Salux. The quality is not as good as the towels I purchased from a different seller 3 yrs ago.', ""title: Will do the job in a pinch. \ntext: The quality itself is as it should be (nice and rough/exfoliating), and I do like the colors. My main issue is with the fact that this isn't nearly as long as the same type of wash cloths sold at a nearby Japanese dollar store here. I was expecting the same length and these are a good 1/4 of the length shorter. Still possible to reach your back and all, but just a bit less comfortable to use."", 'title: Good for price. Not the best quality \ntext: Not the quality I was expecting, but it does do the job.I was searching for the straight line thread design.']","The comments reflect mixed opinions on the quality of the product. Some users have noted a decline in quality, mentioning that the product becomes too soft to exfoliate effectively and falls apart quickly [0]. Another user expressed disappointment, stating that the product is not the same as previous purchases, with frayed edges making it look old and raggedy, although it still functions well [2]. Conversely, some users praised the product for its durability and high quality, with one user noting that it is well worth the money compared to other products that fell apart [1][4]. However, there are concerns about the product not being the original brand, leading to a perceived drop in quality compared to previous purchases [5]. Additionally, while the product is described as having the right texture for exfoliation, there are complaints about its shorter length compared to similar products [6]. Lastly, one user mentioned that the quality was not as expected, although it still performs its intended function [7].",9.0
Is the quality of the bath wash up to par,The product has been given as the following : Salux Nylon Japanese Beauty Skin Bath Wash Cloth/towel (3)blue Yellow and Pink,Comment 0,"title: Quality Issues 
text: Compared to other similar, they become way too soft as to no longer be able to exfoliate and they also quickly fall apart.",,0.9895833333333285
Is the quality of the bath wash up to par,The product has been given as the following : Salux Nylon Japanese Beauty Skin Bath Wash Cloth/towel (3)blue Yellow and Pink,Comment 1,"title: Super durable and of high quality 
text: Super durable and of high quality. As a man I like the coarseness but my girlfriend finds it to be to much.",,1.061011904761903
Is the quality of the bath wash up to par,The product has been given as the following : Salux Nylon Japanese Beauty Skin Bath Wash Cloth/towel (3)blue Yellow and Pink,Comment 2,"title: quality went down 
text: i’m not sure when the quality went down, but these are not the same ones i’ve been buying. The end he’s got frayed super easily and made them look old and raggedy. I’ve had some for longer and the edges are better trimmed and looks great considering. Still scrubbed well, just looks bad",,1.2610119047619082
Is the quality of the bath wash up to par,The product has been given as the following : Salux Nylon Japanese Beauty Skin Bath Wash Cloth/towel (3)blue Yellow and Pink,Comment 3,"title: Great product 
text: This is a great product to exfoliate your body with not to hard not to soft",,1.2610119047619082
Is the quality of the bath wash up to par,The product has been given as the following : Salux Nylon Japanese Beauty Skin Bath Wash Cloth/towel (3)blue Yellow and Pink,Comment 4,"title: very good quality. I purchased what I thought was a ... 
text: These are just what I wanted and well worth the money, very good quality. I purchased what I thought was a good product at a name brand store and they fell apart.  These will be the ones I buy from now on.",,1.2610119047619082
Is the quality of the bath wash up to par,The product has been given as the following : Salux Nylon Japanese Beauty Skin Bath Wash Cloth/towel (3)blue Yellow and Pink,Comment 5,"title: Not Original Salux 
text: Not the original Salux. The quality is not as good as the towels I purchased from a different seller 3 yrs ago.",,0.8872023809523762
Is the quality of the bath wash up to par,The product has been given as the following : Salux Nylon Japanese Beauty Skin Bath Wash Cloth/towel (3)blue Yellow and Pink,Comment 6,"title: Will do the job in a pinch. 
text: The quality itself is as it should be (nice and rough/exfoliating), and I do like the colors. My main issue is with the fact that this isn't nearly as long as the same type of wash cloths sold at a nearby Japanese dollar store here. I was expecting the same length and these are a good 1/4 of the length shorter. Still possible to reach your back and all, but just a bit less comfortable to use.",,1.249107142857147
Is the quality of the bath wash up to par,The product has been given as the following : Salux Nylon Japanese Beauty Skin Bath Wash Cloth/towel (3)blue Yellow and Pink,Comment 7,"title: Good for price. Not the best quality 
text: Not the quality I was expecting, but it does do the job.I was searching for the straight line thread design.",,1.030059523809521
