original_query,product_description,subset,comments,summary,avg_score
How’s the quality of this product,"['▶ Improve Blood Circulation, Massager Scalp - Chialstar scalp massager provides gentle stimulation to increase the blood circulation for daily health care with comfortable and relaxing feeling. Massage your scalp, neck or body, relieving fatigue, pressure and muscles sore. Strengthen the roots of your hair and nourish the hair shafts.', '▶ Powerful Cleaning Ability - Using this shampoo brush to clean hair, or shower, your scalp will feel so much cleaner in the shower, good to remove dandruff and remove hardened sebum & dirt. What’s more it prevents hair loss by scalp stimulation and help to hair growth.', ""▶ Soft Silicone - The scalp brush is made of silicon, soft enough to use for kids, very gentle, doesn't irritate your scalp at all, sturdy, will not deformated. No need to worry about your long nails or sensitive scalp."", '▶ Works for Any Hair Texture - Scalp hair brush works appropriate for all types of hair, including dense, thick, coarse or curly hair. Manual with no battery required and Waterproof.', '▶ Refund And Warranty - Get two scalp massager for hair growth and start your scalp salon，1 years money back guarantee. If you have any question, send email to us, we will reply in 24 hours.']",0,"[""title: Good \ntext: Good product, doesn't tangle my hair and makes my scalp feel cleaner""]","The product is praised for its quality, as it effectively prevents hair tangling and leaves the scalp feeling cleaner [0].",5.0
How’s the quality of this product,"['▶ Improve Blood Circulation, Massager Scalp - Chialstar scalp massager provides gentle stimulation to increase the blood circulation for daily health care with comfortable and relaxing feeling. Massage your scalp, neck or body, relieving fatigue, pressure and muscles sore. Strengthen the roots of your hair and nourish the hair shafts.', '▶ Powerful Cleaning Ability - Using this shampoo brush to clean hair, or shower, your scalp will feel so much cleaner in the shower, good to remove dandruff and remove hardened sebum & dirt. What’s more it prevents hair loss by scalp stimulation and help to hair growth.', ""▶ Soft Silicone - The scalp brush is made of silicon, soft enough to use for kids, very gentle, doesn't irritate your scalp at all, sturdy, will not deformated. No need to worry about your long nails or sensitive scalp."", '▶ Works for Any Hair Texture - Scalp hair brush works appropriate for all types of hair, including dense, thick, coarse or curly hair. Manual with no battery required and Waterproof.', '▶ Refund And Warranty - Get two scalp massager for hair growth and start your scalp salon，1 years money back guarantee. If you have any question, send email to us, we will reply in 24 hours.']",1,['title: It works \ntext: It works well and seems like a good product for the price'],The product is described as working well and being a good value for the price [0].,4.0
How’s the quality of this product,"['▶ Improve Blood Circulation, Massager Scalp - Chialstar scalp massager provides gentle stimulation to increase the blood circulation for daily health care with comfortable and relaxing feeling. Massage your scalp, neck or body, relieving fatigue, pressure and muscles sore. Strengthen the roots of your hair and nourish the hair shafts.', '▶ Powerful Cleaning Ability - Using this shampoo brush to clean hair, or shower, your scalp will feel so much cleaner in the shower, good to remove dandruff and remove hardened sebum & dirt. What’s more it prevents hair loss by scalp stimulation and help to hair growth.', ""▶ Soft Silicone - The scalp brush is made of silicon, soft enough to use for kids, very gentle, doesn't irritate your scalp at all, sturdy, will not deformated. No need to worry about your long nails or sensitive scalp."", '▶ Works for Any Hair Texture - Scalp hair brush works appropriate for all types of hair, including dense, thick, coarse or curly hair. Manual with no battery required and Waterproof.', '▶ Refund And Warranty - Get two scalp massager for hair growth and start your scalp salon，1 years money back guarantee. If you have any question, send email to us, we will reply in 24 hours.']",2,"['title: Great quality for the price \ntext: I was worried about quality for the price, but I am really impressed! I love mine.']","The user expressed initial concerns about the quality of the product given its price, but ultimately found it to be impressive and satisfactory, indicating a positive perception of the product's quality [0].",5.0
How’s the quality of this product,"['▶ Improve Blood Circulation, Massager Scalp - Chialstar scalp massager provides gentle stimulation to increase the blood circulation for daily health care with comfortable and relaxing feeling. Massage your scalp, neck or body, relieving fatigue, pressure and muscles sore. Strengthen the roots of your hair and nourish the hair shafts.', '▶ Powerful Cleaning Ability - Using this shampoo brush to clean hair, or shower, your scalp will feel so much cleaner in the shower, good to remove dandruff and remove hardened sebum & dirt. What’s more it prevents hair loss by scalp stimulation and help to hair growth.', ""▶ Soft Silicone - The scalp brush is made of silicon, soft enough to use for kids, very gentle, doesn't irritate your scalp at all, sturdy, will not deformated. No need to worry about your long nails or sensitive scalp."", '▶ Works for Any Hair Texture - Scalp hair brush works appropriate for all types of hair, including dense, thick, coarse or curly hair. Manual with no battery required and Waterproof.', '▶ Refund And Warranty - Get two scalp massager for hair growth and start your scalp salon，1 years money back guarantee. If you have any question, send email to us, we will reply in 24 hours.']",3,"['title: great \ntext: very good product kind of hard to hold, i recommend putting your fingers through the handle instead of holding it by the handle']","The product is described as very good, although it is somewhat difficult to hold. It is recommended to put fingers through the handle rather than holding it by the handle for better grip [0].",4.75
How’s the quality of this product,"['▶ Improve Blood Circulation, Massager Scalp - Chialstar scalp massager provides gentle stimulation to increase the blood circulation for daily health care with comfortable and relaxing feeling. Massage your scalp, neck or body, relieving fatigue, pressure and muscles sore. Strengthen the roots of your hair and nourish the hair shafts.', '▶ Powerful Cleaning Ability - Using this shampoo brush to clean hair, or shower, your scalp will feel so much cleaner in the shower, good to remove dandruff and remove hardened sebum & dirt. What’s more it prevents hair loss by scalp stimulation and help to hair growth.', ""▶ Soft Silicone - The scalp brush is made of silicon, soft enough to use for kids, very gentle, doesn't irritate your scalp at all, sturdy, will not deformated. No need to worry about your long nails or sensitive scalp."", '▶ Works for Any Hair Texture - Scalp hair brush works appropriate for all types of hair, including dense, thick, coarse or curly hair. Manual with no battery required and Waterproof.', '▶ Refund And Warranty - Get two scalp massager for hair growth and start your scalp salon，1 years money back guarantee. If you have any question, send email to us, we will reply in 24 hours.']",4,['title: Helps with dry winter scalp! \ntext: The product is great quality and seems pretty sturdy. The scrubby feels soft but is firm enough to get a good scrub going on :) I noticed help with dry skin and dandruff after just one use.'],"The product is described as being of great quality and sturdy construction. It features a scrubby that is both soft and firm, providing an effective scrub. Users have noticed improvements in dry skin and dandruff after just one use, indicating its effectiveness in addressing scalp issues during winter [0].",7.75
How’s the quality of this product,"['▶ Improve Blood Circulation, Massager Scalp - Chialstar scalp massager provides gentle stimulation to increase the blood circulation for daily health care with comfortable and relaxing feeling. Massage your scalp, neck or body, relieving fatigue, pressure and muscles sore. Strengthen the roots of your hair and nourish the hair shafts.', '▶ Powerful Cleaning Ability - Using this shampoo brush to clean hair, or shower, your scalp will feel so much cleaner in the shower, good to remove dandruff and remove hardened sebum & dirt. What’s more it prevents hair loss by scalp stimulation and help to hair growth.', ""▶ Soft Silicone - The scalp brush is made of silicon, soft enough to use for kids, very gentle, doesn't irritate your scalp at all, sturdy, will not deformated. No need to worry about your long nails or sensitive scalp."", '▶ Works for Any Hair Texture - Scalp hair brush works appropriate for all types of hair, including dense, thick, coarse or curly hair. Manual with no battery required and Waterproof.', '▶ Refund And Warranty - Get two scalp massager for hair growth and start your scalp salon，1 years money back guarantee. If you have any question, send email to us, we will reply in 24 hours.']",5,['title: Feels great \ntext: I have only used this once but so far I really liked it! It felt nice and worked well.  I am hopeful that it is good quality and lasts a long time.'],"The user has only used the product once but reports a positive initial experience, noting that it felt nice and worked well. They express hope that the product is of good quality and will last a long time. [0]",4.0
How’s the quality of this product,"['▶ Improve Blood Circulation, Massager Scalp - Chialstar scalp massager provides gentle stimulation to increase the blood circulation for daily health care with comfortable and relaxing feeling. Massage your scalp, neck or body, relieving fatigue, pressure and muscles sore. Strengthen the roots of your hair and nourish the hair shafts.', '▶ Powerful Cleaning Ability - Using this shampoo brush to clean hair, or shower, your scalp will feel so much cleaner in the shower, good to remove dandruff and remove hardened sebum & dirt. What’s more it prevents hair loss by scalp stimulation and help to hair growth.', ""▶ Soft Silicone - The scalp brush is made of silicon, soft enough to use for kids, very gentle, doesn't irritate your scalp at all, sturdy, will not deformated. No need to worry about your long nails or sensitive scalp."", '▶ Works for Any Hair Texture - Scalp hair brush works appropriate for all types of hair, including dense, thick, coarse or curly hair. Manual with no battery required and Waterproof.', '▶ Refund And Warranty - Get two scalp massager for hair growth and start your scalp salon，1 years money back guarantee. If you have any question, send email to us, we will reply in 24 hours.']",6,['title: Great Product \ntext: Really like this product. Does an amazing job when washing and conditioning my hair. Great scalp/head massager without being rough. Would definitely recommend.'],"The product is praised for its effectiveness in washing and conditioning hair, as well as its gentle yet effective scalp massaging capabilities, making it highly recommendable [0].",6.75
How’s the quality of this product,"['▶ Improve Blood Circulation, Massager Scalp - Chialstar scalp massager provides gentle stimulation to increase the blood circulation for daily health care with comfortable and relaxing feeling. Massage your scalp, neck or body, relieving fatigue, pressure and muscles sore. Strengthen the roots of your hair and nourish the hair shafts.', '▶ Powerful Cleaning Ability - Using this shampoo brush to clean hair, or shower, your scalp will feel so much cleaner in the shower, good to remove dandruff and remove hardened sebum & dirt. What’s more it prevents hair loss by scalp stimulation and help to hair growth.', ""▶ Soft Silicone - The scalp brush is made of silicon, soft enough to use for kids, very gentle, doesn't irritate your scalp at all, sturdy, will not deformated. No need to worry about your long nails or sensitive scalp."", '▶ Works for Any Hair Texture - Scalp hair brush works appropriate for all types of hair, including dense, thick, coarse or curly hair. Manual with no battery required and Waterproof.', '▶ Refund And Warranty - Get two scalp massager for hair growth and start your scalp salon，1 years money back guarantee. If you have any question, send email to us, we will reply in 24 hours.']",7,['title: Great value great product \ntext: This is such a great deal for a pack of two. I had originally bought a different brand that was more expensive but in comparison these are just as great. The bristles are stiff enough to actually make it feel like youre giving yourself a scalp massage during shower. Colors are vibrant and cute!'],"The product offers great value as a pack of two, providing a cost-effective alternative to more expensive brands while maintaining quality. The bristles are described as stiff enough to provide a scalp massage sensation during use, and the colors are noted to be vibrant and appealing [0].",6.75
How’s the quality of this product,"['▶ Improve Blood Circulation, Massager Scalp - Chialstar scalp massager provides gentle stimulation to increase the blood circulation for daily health care with comfortable and relaxing feeling. Massage your scalp, neck or body, relieving fatigue, pressure and muscles sore. Strengthen the roots of your hair and nourish the hair shafts.', '▶ Powerful Cleaning Ability - Using this shampoo brush to clean hair, or shower, your scalp will feel so much cleaner in the shower, good to remove dandruff and remove hardened sebum & dirt. What’s more it prevents hair loss by scalp stimulation and help to hair growth.', ""▶ Soft Silicone - The scalp brush is made of silicon, soft enough to use for kids, very gentle, doesn't irritate your scalp at all, sturdy, will not deformated. No need to worry about your long nails or sensitive scalp."", '▶ Works for Any Hair Texture - Scalp hair brush works appropriate for all types of hair, including dense, thick, coarse or curly hair. Manual with no battery required and Waterproof.', '▶ Refund And Warranty - Get two scalp massager for hair growth and start your scalp salon，1 years money back guarantee. If you have any question, send email to us, we will reply in 24 hours.']",01,"[""title: Good \ntext: Good product, doesn't tangle my hair and makes my scalp feel cleaner"", 'title: It works \ntext: It works well and seems like a good product for the price']","The product is praised for its ability to prevent hair tangling and for making the scalp feel cleaner, indicating a positive impact on hair quality and hygiene [0]. Additionally, it is considered effective and a good value for the price, suggesting satisfaction with its performance and cost-effectiveness [1].",6.0
How’s the quality of this product,"['▶ Improve Blood Circulation, Massager Scalp - Chialstar scalp massager provides gentle stimulation to increase the blood circulation for daily health care with comfortable and relaxing feeling. Massage your scalp, neck or body, relieving fatigue, pressure and muscles sore. Strengthen the roots of your hair and nourish the hair shafts.', '▶ Powerful Cleaning Ability - Using this shampoo brush to clean hair, or shower, your scalp will feel so much cleaner in the shower, good to remove dandruff and remove hardened sebum & dirt. What’s more it prevents hair loss by scalp stimulation and help to hair growth.', ""▶ Soft Silicone - The scalp brush is made of silicon, soft enough to use for kids, very gentle, doesn't irritate your scalp at all, sturdy, will not deformated. No need to worry about your long nails or sensitive scalp."", '▶ Works for Any Hair Texture - Scalp hair brush works appropriate for all types of hair, including dense, thick, coarse or curly hair. Manual with no battery required and Waterproof.', '▶ Refund And Warranty - Get two scalp massager for hair growth and start your scalp salon，1 years money back guarantee. If you have any question, send email to us, we will reply in 24 hours.']",02,"[""title: Good \ntext: Good product, doesn't tangle my hair and makes my scalp feel cleaner"", 'title: Great quality for the price \ntext: I was worried about quality for the price, but I am really impressed! I love mine.']","The product is praised for its quality, as it effectively prevents hair tangling and leaves the scalp feeling cleaner, which indicates a positive user experience regarding its performance [0]. Additionally, the product is noted for offering great quality relative to its price, surpassing initial expectations and leaving the user impressed [1].",6.0
How’s the quality of this product,"['▶ Improve Blood Circulation, Massager Scalp - Chialstar scalp massager provides gentle stimulation to increase the blood circulation for daily health care with comfortable and relaxing feeling. Massage your scalp, neck or body, relieving fatigue, pressure and muscles sore. Strengthen the roots of your hair and nourish the hair shafts.', '▶ Powerful Cleaning Ability - Using this shampoo brush to clean hair, or shower, your scalp will feel so much cleaner in the shower, good to remove dandruff and remove hardened sebum & dirt. What’s more it prevents hair loss by scalp stimulation and help to hair growth.', ""▶ Soft Silicone - The scalp brush is made of silicon, soft enough to use for kids, very gentle, doesn't irritate your scalp at all, sturdy, will not deformated. No need to worry about your long nails or sensitive scalp."", '▶ Works for Any Hair Texture - Scalp hair brush works appropriate for all types of hair, including dense, thick, coarse or curly hair. Manual with no battery required and Waterproof.', '▶ Refund And Warranty - Get two scalp massager for hair growth and start your scalp salon，1 years money back guarantee. If you have any question, send email to us, we will reply in 24 hours.']",03,"[""title: Good \ntext: Good product, doesn't tangle my hair and makes my scalp feel cleaner"", 'title: great \ntext: very good product kind of hard to hold, i recommend putting your fingers through the handle instead of holding it by the handle']","The product is praised for its quality, as it effectively prevents hair tangling and leaves the scalp feeling cleaner. However, there is a minor issue with its design, as it can be difficult to hold, suggesting that users should put their fingers through the handle for a better grip [0][1].",6.0
How’s the quality of this product,"['▶ Improve Blood Circulation, Massager Scalp - Chialstar scalp massager provides gentle stimulation to increase the blood circulation for daily health care with comfortable and relaxing feeling. Massage your scalp, neck or body, relieving fatigue, pressure and muscles sore. Strengthen the roots of your hair and nourish the hair shafts.', '▶ Powerful Cleaning Ability - Using this shampoo brush to clean hair, or shower, your scalp will feel so much cleaner in the shower, good to remove dandruff and remove hardened sebum & dirt. What’s more it prevents hair loss by scalp stimulation and help to hair growth.', ""▶ Soft Silicone - The scalp brush is made of silicon, soft enough to use for kids, very gentle, doesn't irritate your scalp at all, sturdy, will not deformated. No need to worry about your long nails or sensitive scalp."", '▶ Works for Any Hair Texture - Scalp hair brush works appropriate for all types of hair, including dense, thick, coarse or curly hair. Manual with no battery required and Waterproof.', '▶ Refund And Warranty - Get two scalp massager for hair growth and start your scalp salon，1 years money back guarantee. If you have any question, send email to us, we will reply in 24 hours.']",04,"[""title: Good \ntext: Good product, doesn't tangle my hair and makes my scalp feel cleaner"", 'title: Helps with dry winter scalp! \ntext: The product is great quality and seems pretty sturdy. The scrubby feels soft but is firm enough to get a good scrub going on :) I noticed help with dry skin and dandruff after just one use.']","The product is praised for its quality, as it effectively prevents hair tangling and leaves the scalp feeling cleaner[0]. Additionally, it is noted for its sturdiness and ability to alleviate dry skin and dandruff, with a scrubby that is both soft and firm enough for a thorough scrub[1].",7.75
How’s the quality of this product,"['▶ Improve Blood Circulation, Massager Scalp - Chialstar scalp massager provides gentle stimulation to increase the blood circulation for daily health care with comfortable and relaxing feeling. Massage your scalp, neck or body, relieving fatigue, pressure and muscles sore. Strengthen the roots of your hair and nourish the hair shafts.', '▶ Powerful Cleaning Ability - Using this shampoo brush to clean hair, or shower, your scalp will feel so much cleaner in the shower, good to remove dandruff and remove hardened sebum & dirt. What’s more it prevents hair loss by scalp stimulation and help to hair growth.', ""▶ Soft Silicone - The scalp brush is made of silicon, soft enough to use for kids, very gentle, doesn't irritate your scalp at all, sturdy, will not deformated. No need to worry about your long nails or sensitive scalp."", '▶ Works for Any Hair Texture - Scalp hair brush works appropriate for all types of hair, including dense, thick, coarse or curly hair. Manual with no battery required and Waterproof.', '▶ Refund And Warranty - Get two scalp massager for hair growth and start your scalp salon，1 years money back guarantee. If you have any question, send email to us, we will reply in 24 hours.']",05,"[""title: Good \ntext: Good product, doesn't tangle my hair and makes my scalp feel cleaner"", 'title: Feels great \ntext: I have only used this once but so far I really liked it! It felt nice and worked well.  I am hopeful that it is good quality and lasts a long time.']","The product is praised for its quality, as it effectively prevents hair tangling and leaves the scalp feeling cleaner, indicating a positive impact on hair care routines [0]. Additionally, a user who has used the product once expressed satisfaction with its performance, noting that it felt nice and worked well, and they are optimistic about its long-term quality and durability [1].",6.0
How’s the quality of this product,"['▶ Improve Blood Circulation, Massager Scalp - Chialstar scalp massager provides gentle stimulation to increase the blood circulation for daily health care with comfortable and relaxing feeling. Massage your scalp, neck or body, relieving fatigue, pressure and muscles sore. Strengthen the roots of your hair and nourish the hair shafts.', '▶ Powerful Cleaning Ability - Using this shampoo brush to clean hair, or shower, your scalp will feel so much cleaner in the shower, good to remove dandruff and remove hardened sebum & dirt. What’s more it prevents hair loss by scalp stimulation and help to hair growth.', ""▶ Soft Silicone - The scalp brush is made of silicon, soft enough to use for kids, very gentle, doesn't irritate your scalp at all, sturdy, will not deformated. No need to worry about your long nails or sensitive scalp."", '▶ Works for Any Hair Texture - Scalp hair brush works appropriate for all types of hair, including dense, thick, coarse or curly hair. Manual with no battery required and Waterproof.', '▶ Refund And Warranty - Get two scalp massager for hair growth and start your scalp salon，1 years money back guarantee. If you have any question, send email to us, we will reply in 24 hours.']",06,"[""title: Good \ntext: Good product, doesn't tangle my hair and makes my scalp feel cleaner"", 'title: Great Product \ntext: Really like this product. Does an amazing job when washing and conditioning my hair. Great scalp/head massager without being rough. Would definitely recommend.']","The product is praised for its ability to prevent hair tangling and for leaving the scalp feeling cleaner, indicating a high quality in terms of hair care and scalp health benefits [0]. Additionally, it is noted for its effectiveness in washing and conditioning hair, as well as providing a gentle yet effective scalp massage, further supporting its quality and user satisfaction [1].",7.0
How’s the quality of this product,"['▶ Improve Blood Circulation, Massager Scalp - Chialstar scalp massager provides gentle stimulation to increase the blood circulation for daily health care with comfortable and relaxing feeling. Massage your scalp, neck or body, relieving fatigue, pressure and muscles sore. Strengthen the roots of your hair and nourish the hair shafts.', '▶ Powerful Cleaning Ability - Using this shampoo brush to clean hair, or shower, your scalp will feel so much cleaner in the shower, good to remove dandruff and remove hardened sebum & dirt. What’s more it prevents hair loss by scalp stimulation and help to hair growth.', ""▶ Soft Silicone - The scalp brush is made of silicon, soft enough to use for kids, very gentle, doesn't irritate your scalp at all, sturdy, will not deformated. No need to worry about your long nails or sensitive scalp."", '▶ Works for Any Hair Texture - Scalp hair brush works appropriate for all types of hair, including dense, thick, coarse or curly hair. Manual with no battery required and Waterproof.', '▶ Refund And Warranty - Get two scalp massager for hair growth and start your scalp salon，1 years money back guarantee. If you have any question, send email to us, we will reply in 24 hours.']",07,"[""title: Good \ntext: Good product, doesn't tangle my hair and makes my scalp feel cleaner"", 'title: Great value great product \ntext: This is such a great deal for a pack of two. I had originally bought a different brand that was more expensive but in comparison these are just as great. The bristles are stiff enough to actually make it feel like youre giving yourself a scalp massage during shower. Colors are vibrant and cute!']","The product is praised for its quality, as it effectively prevents hair tangling and leaves the scalp feeling cleaner, indicating a positive impact on hair care routines [0]. Additionally, it offers great value for money, with a pack of two being comparable in quality to more expensive brands. The bristles are noted for their stiffness, providing a scalp massage effect during use, and the vibrant colors add to the product's appeal [1].",7.75
How’s the quality of this product,"['▶ Improve Blood Circulation, Massager Scalp - Chialstar scalp massager provides gentle stimulation to increase the blood circulation for daily health care with comfortable and relaxing feeling. Massage your scalp, neck or body, relieving fatigue, pressure and muscles sore. Strengthen the roots of your hair and nourish the hair shafts.', '▶ Powerful Cleaning Ability - Using this shampoo brush to clean hair, or shower, your scalp will feel so much cleaner in the shower, good to remove dandruff and remove hardened sebum & dirt. What’s more it prevents hair loss by scalp stimulation and help to hair growth.', ""▶ Soft Silicone - The scalp brush is made of silicon, soft enough to use for kids, very gentle, doesn't irritate your scalp at all, sturdy, will not deformated. No need to worry about your long nails or sensitive scalp."", '▶ Works for Any Hair Texture - Scalp hair brush works appropriate for all types of hair, including dense, thick, coarse or curly hair. Manual with no battery required and Waterproof.', '▶ Refund And Warranty - Get two scalp massager for hair growth and start your scalp salon，1 years money back guarantee. If you have any question, send email to us, we will reply in 24 hours.']",12,"['title: It works \ntext: It works well and seems like a good product for the price', 'title: Great quality for the price \ntext: I was worried about quality for the price, but I am really impressed! I love mine.']","The product is praised for its functionality and is considered a good value for the price, with users expressing satisfaction with its performance and quality. One user noted that it works well and seems like a good product for the price [0]. Another user, initially concerned about the quality due to the low price, found themselves impressed and expressed love for the product [1].",5.0
How’s the quality of this product,"['▶ Improve Blood Circulation, Massager Scalp - Chialstar scalp massager provides gentle stimulation to increase the blood circulation for daily health care with comfortable and relaxing feeling. Massage your scalp, neck or body, relieving fatigue, pressure and muscles sore. Strengthen the roots of your hair and nourish the hair shafts.', '▶ Powerful Cleaning Ability - Using this shampoo brush to clean hair, or shower, your scalp will feel so much cleaner in the shower, good to remove dandruff and remove hardened sebum & dirt. What’s more it prevents hair loss by scalp stimulation and help to hair growth.', ""▶ Soft Silicone - The scalp brush is made of silicon, soft enough to use for kids, very gentle, doesn't irritate your scalp at all, sturdy, will not deformated. No need to worry about your long nails or sensitive scalp."", '▶ Works for Any Hair Texture - Scalp hair brush works appropriate for all types of hair, including dense, thick, coarse or curly hair. Manual with no battery required and Waterproof.', '▶ Refund And Warranty - Get two scalp massager for hair growth and start your scalp salon，1 years money back guarantee. If you have any question, send email to us, we will reply in 24 hours.']",13,"['title: It works \ntext: It works well and seems like a good product for the price', 'title: great \ntext: very good product kind of hard to hold, i recommend putting your fingers through the handle instead of holding it by the handle']","The product is described as working well and being a good value for the price, indicating a positive assessment of its quality [0]. Additionally, while the product is considered very good, there is a note about its handling difficulty, suggesting that users should put their fingers through the handle for better grip, which may imply a minor design flaw affecting its usability [1].",5.75
How’s the quality of this product,"['▶ Improve Blood Circulation, Massager Scalp - Chialstar scalp massager provides gentle stimulation to increase the blood circulation for daily health care with comfortable and relaxing feeling. Massage your scalp, neck or body, relieving fatigue, pressure and muscles sore. Strengthen the roots of your hair and nourish the hair shafts.', '▶ Powerful Cleaning Ability - Using this shampoo brush to clean hair, or shower, your scalp will feel so much cleaner in the shower, good to remove dandruff and remove hardened sebum & dirt. What’s more it prevents hair loss by scalp stimulation and help to hair growth.', ""▶ Soft Silicone - The scalp brush is made of silicon, soft enough to use for kids, very gentle, doesn't irritate your scalp at all, sturdy, will not deformated. No need to worry about your long nails or sensitive scalp."", '▶ Works for Any Hair Texture - Scalp hair brush works appropriate for all types of hair, including dense, thick, coarse or curly hair. Manual with no battery required and Waterproof.', '▶ Refund And Warranty - Get two scalp massager for hair growth and start your scalp salon，1 years money back guarantee. If you have any question, send email to us, we will reply in 24 hours.']",14,"['title: It works \ntext: It works well and seems like a good product for the price', 'title: Helps with dry winter scalp! \ntext: The product is great quality and seems pretty sturdy. The scrubby feels soft but is firm enough to get a good scrub going on :) I noticed help with dry skin and dandruff after just one use.']","The product is praised for its quality and affordability, with users noting that it works well for the price[0]. Additionally, it is described as being of great quality and sturdy, with a soft yet firm texture that effectively addresses dry skin and dandruff issues after just one use[1].",7.75
How’s the quality of this product,"['▶ Improve Blood Circulation, Massager Scalp - Chialstar scalp massager provides gentle stimulation to increase the blood circulation for daily health care with comfortable and relaxing feeling. Massage your scalp, neck or body, relieving fatigue, pressure and muscles sore. Strengthen the roots of your hair and nourish the hair shafts.', '▶ Powerful Cleaning Ability - Using this shampoo brush to clean hair, or shower, your scalp will feel so much cleaner in the shower, good to remove dandruff and remove hardened sebum & dirt. What’s more it prevents hair loss by scalp stimulation and help to hair growth.', ""▶ Soft Silicone - The scalp brush is made of silicon, soft enough to use for kids, very gentle, doesn't irritate your scalp at all, sturdy, will not deformated. No need to worry about your long nails or sensitive scalp."", '▶ Works for Any Hair Texture - Scalp hair brush works appropriate for all types of hair, including dense, thick, coarse or curly hair. Manual with no battery required and Waterproof.', '▶ Refund And Warranty - Get two scalp massager for hair growth and start your scalp salon，1 years money back guarantee. If you have any question, send email to us, we will reply in 24 hours.']",15,"['title: It works \ntext: It works well and seems like a good product for the price', 'title: Feels great \ntext: I have only used this once but so far I really liked it! It felt nice and worked well.  I am hopeful that it is good quality and lasts a long time.']","The product is perceived as a good value for the price, working well according to user feedback [0]. Another user, who has only used the product once, expressed satisfaction with its performance and feel, and is optimistic about its quality and durability [1].",5.0
How’s the quality of this product,"['▶ Improve Blood Circulation, Massager Scalp - Chialstar scalp massager provides gentle stimulation to increase the blood circulation for daily health care with comfortable and relaxing feeling. Massage your scalp, neck or body, relieving fatigue, pressure and muscles sore. Strengthen the roots of your hair and nourish the hair shafts.', '▶ Powerful Cleaning Ability - Using this shampoo brush to clean hair, or shower, your scalp will feel so much cleaner in the shower, good to remove dandruff and remove hardened sebum & dirt. What’s more it prevents hair loss by scalp stimulation and help to hair growth.', ""▶ Soft Silicone - The scalp brush is made of silicon, soft enough to use for kids, very gentle, doesn't irritate your scalp at all, sturdy, will not deformated. No need to worry about your long nails or sensitive scalp."", '▶ Works for Any Hair Texture - Scalp hair brush works appropriate for all types of hair, including dense, thick, coarse or curly hair. Manual with no battery required and Waterproof.', '▶ Refund And Warranty - Get two scalp massager for hair growth and start your scalp salon，1 years money back guarantee. If you have any question, send email to us, we will reply in 24 hours.']",16,"['title: It works \ntext: It works well and seems like a good product for the price', 'title: Great Product \ntext: Really like this product. Does an amazing job when washing and conditioning my hair. Great scalp/head massager without being rough. Would definitely recommend.']","The product is praised for its effectiveness and value for money, with one user noting that it works well and is a good product for the price [0]. Another user highlights its excellent performance in washing and conditioning hair, as well as its gentle yet effective scalp massaging capabilities, recommending it highly [1].",6.75
How’s the quality of this product,"['▶ Improve Blood Circulation, Massager Scalp - Chialstar scalp massager provides gentle stimulation to increase the blood circulation for daily health care with comfortable and relaxing feeling. Massage your scalp, neck or body, relieving fatigue, pressure and muscles sore. Strengthen the roots of your hair and nourish the hair shafts.', '▶ Powerful Cleaning Ability - Using this shampoo brush to clean hair, or shower, your scalp will feel so much cleaner in the shower, good to remove dandruff and remove hardened sebum & dirt. What’s more it prevents hair loss by scalp stimulation and help to hair growth.', ""▶ Soft Silicone - The scalp brush is made of silicon, soft enough to use for kids, very gentle, doesn't irritate your scalp at all, sturdy, will not deformated. No need to worry about your long nails or sensitive scalp."", '▶ Works for Any Hair Texture - Scalp hair brush works appropriate for all types of hair, including dense, thick, coarse or curly hair. Manual with no battery required and Waterproof.', '▶ Refund And Warranty - Get two scalp massager for hair growth and start your scalp salon，1 years money back guarantee. If you have any question, send email to us, we will reply in 24 hours.']",17,"['title: It works \ntext: It works well and seems like a good product for the price', 'title: Great value great product \ntext: This is such a great deal for a pack of two. I had originally bought a different brand that was more expensive but in comparison these are just as great. The bristles are stiff enough to actually make it feel like youre giving yourself a scalp massage during shower. Colors are vibrant and cute!']","The product is praised for its effectiveness and affordability, with users noting that it works well and is a good value for the price [0]. Additionally, it is highlighted as a great deal, especially when compared to more expensive brands, offering similar quality. Users appreciate the stiff bristles that provide a scalp massage experience and the vibrant, cute colors [1].",7.75
How’s the quality of this product,"['▶ Improve Blood Circulation, Massager Scalp - Chialstar scalp massager provides gentle stimulation to increase the blood circulation for daily health care with comfortable and relaxing feeling. Massage your scalp, neck or body, relieving fatigue, pressure and muscles sore. Strengthen the roots of your hair and nourish the hair shafts.', '▶ Powerful Cleaning Ability - Using this shampoo brush to clean hair, or shower, your scalp will feel so much cleaner in the shower, good to remove dandruff and remove hardened sebum & dirt. What’s more it prevents hair loss by scalp stimulation and help to hair growth.', ""▶ Soft Silicone - The scalp brush is made of silicon, soft enough to use for kids, very gentle, doesn't irritate your scalp at all, sturdy, will not deformated. No need to worry about your long nails or sensitive scalp."", '▶ Works for Any Hair Texture - Scalp hair brush works appropriate for all types of hair, including dense, thick, coarse or curly hair. Manual with no battery required and Waterproof.', '▶ Refund And Warranty - Get two scalp massager for hair growth and start your scalp salon，1 years money back guarantee. If you have any question, send email to us, we will reply in 24 hours.']",23,"['title: Great quality for the price \ntext: I was worried about quality for the price, but I am really impressed! I love mine.', 'title: great \ntext: very good product kind of hard to hold, i recommend putting your fingers through the handle instead of holding it by the handle']","The product is praised for its impressive quality, especially considering its price point, which exceeded the user's initial expectations [0]. Another user describes the product as very good, although they note that it can be somewhat difficult to hold, suggesting an alternative grip method for better handling [1].",5.75
How’s the quality of this product,"['▶ Improve Blood Circulation, Massager Scalp - Chialstar scalp massager provides gentle stimulation to increase the blood circulation for daily health care with comfortable and relaxing feeling. Massage your scalp, neck or body, relieving fatigue, pressure and muscles sore. Strengthen the roots of your hair and nourish the hair shafts.', '▶ Powerful Cleaning Ability - Using this shampoo brush to clean hair, or shower, your scalp will feel so much cleaner in the shower, good to remove dandruff and remove hardened sebum & dirt. What’s more it prevents hair loss by scalp stimulation and help to hair growth.', ""▶ Soft Silicone - The scalp brush is made of silicon, soft enough to use for kids, very gentle, doesn't irritate your scalp at all, sturdy, will not deformated. No need to worry about your long nails or sensitive scalp."", '▶ Works for Any Hair Texture - Scalp hair brush works appropriate for all types of hair, including dense, thick, coarse or curly hair. Manual with no battery required and Waterproof.', '▶ Refund And Warranty - Get two scalp massager for hair growth and start your scalp salon，1 years money back guarantee. If you have any question, send email to us, we will reply in 24 hours.']",24,"['title: Great quality for the price \ntext: I was worried about quality for the price, but I am really impressed! I love mine.', 'title: Helps with dry winter scalp! \ntext: The product is great quality and seems pretty sturdy. The scrubby feels soft but is firm enough to get a good scrub going on :) I noticed help with dry skin and dandruff after just one use.']","The product is praised for its impressive quality, especially considering its price point, which exceeded initial expectations [0]. Additionally, it is noted for its sturdy construction and effective performance, particularly in addressing dry skin and dandruff issues, with noticeable results after just one use [1].",7.75
How’s the quality of this product,"['▶ Improve Blood Circulation, Massager Scalp - Chialstar scalp massager provides gentle stimulation to increase the blood circulation for daily health care with comfortable and relaxing feeling. Massage your scalp, neck or body, relieving fatigue, pressure and muscles sore. Strengthen the roots of your hair and nourish the hair shafts.', '▶ Powerful Cleaning Ability - Using this shampoo brush to clean hair, or shower, your scalp will feel so much cleaner in the shower, good to remove dandruff and remove hardened sebum & dirt. What’s more it prevents hair loss by scalp stimulation and help to hair growth.', ""▶ Soft Silicone - The scalp brush is made of silicon, soft enough to use for kids, very gentle, doesn't irritate your scalp at all, sturdy, will not deformated. No need to worry about your long nails or sensitive scalp."", '▶ Works for Any Hair Texture - Scalp hair brush works appropriate for all types of hair, including dense, thick, coarse or curly hair. Manual with no battery required and Waterproof.', '▶ Refund And Warranty - Get two scalp massager for hair growth and start your scalp salon，1 years money back guarantee. If you have any question, send email to us, we will reply in 24 hours.']",25,"['title: Great quality for the price \ntext: I was worried about quality for the price, but I am really impressed! I love mine.', 'title: Feels great \ntext: I have only used this once but so far I really liked it! It felt nice and worked well.  I am hopeful that it is good quality and lasts a long time.']","The product has received positive feedback regarding its quality, especially considering its price. One user expressed initial concerns about the quality due to the low price but was ultimately impressed with the product's performance and satisfaction with their purchase [0]. Another user, after a single use, reported that the product felt nice and worked well, expressing hope that it would prove to be of good quality and durable over time [1].",5.75
How’s the quality of this product,"['▶ Improve Blood Circulation, Massager Scalp - Chialstar scalp massager provides gentle stimulation to increase the blood circulation for daily health care with comfortable and relaxing feeling. Massage your scalp, neck or body, relieving fatigue, pressure and muscles sore. Strengthen the roots of your hair and nourish the hair shafts.', '▶ Powerful Cleaning Ability - Using this shampoo brush to clean hair, or shower, your scalp will feel so much cleaner in the shower, good to remove dandruff and remove hardened sebum & dirt. What’s more it prevents hair loss by scalp stimulation and help to hair growth.', ""▶ Soft Silicone - The scalp brush is made of silicon, soft enough to use for kids, very gentle, doesn't irritate your scalp at all, sturdy, will not deformated. No need to worry about your long nails or sensitive scalp."", '▶ Works for Any Hair Texture - Scalp hair brush works appropriate for all types of hair, including dense, thick, coarse or curly hair. Manual with no battery required and Waterproof.', '▶ Refund And Warranty - Get two scalp massager for hair growth and start your scalp salon，1 years money back guarantee. If you have any question, send email to us, we will reply in 24 hours.']",26,"['title: Great quality for the price \ntext: I was worried about quality for the price, but I am really impressed! I love mine.', 'title: Great Product \ntext: Really like this product. Does an amazing job when washing and conditioning my hair. Great scalp/head massager without being rough. Would definitely recommend.']","The product is praised for its impressive quality, especially considering its price point, which exceeded the user's initial expectations [0]. Additionally, it is highly effective in washing and conditioning hair, serving as a great scalp and head massager without being too rough, leading to a strong recommendation from the user [1].",6.75
How’s the quality of this product,"['▶ Improve Blood Circulation, Massager Scalp - Chialstar scalp massager provides gentle stimulation to increase the blood circulation for daily health care with comfortable and relaxing feeling. Massage your scalp, neck or body, relieving fatigue, pressure and muscles sore. Strengthen the roots of your hair and nourish the hair shafts.', '▶ Powerful Cleaning Ability - Using this shampoo brush to clean hair, or shower, your scalp will feel so much cleaner in the shower, good to remove dandruff and remove hardened sebum & dirt. What’s more it prevents hair loss by scalp stimulation and help to hair growth.', ""▶ Soft Silicone - The scalp brush is made of silicon, soft enough to use for kids, very gentle, doesn't irritate your scalp at all, sturdy, will not deformated. No need to worry about your long nails or sensitive scalp."", '▶ Works for Any Hair Texture - Scalp hair brush works appropriate for all types of hair, including dense, thick, coarse or curly hair. Manual with no battery required and Waterproof.', '▶ Refund And Warranty - Get two scalp massager for hair growth and start your scalp salon，1 years money back guarantee. If you have any question, send email to us, we will reply in 24 hours.']",27,"['title: Great quality for the price \ntext: I was worried about quality for the price, but I am really impressed! I love mine.', 'title: Great value great product \ntext: This is such a great deal for a pack of two. I had originally bought a different brand that was more expensive but in comparison these are just as great. The bristles are stiff enough to actually make it feel like youre giving yourself a scalp massage during shower. Colors are vibrant and cute!']","The product is praised for its impressive quality, especially considering its price point, with one user expressing initial concerns that were alleviated upon use [0]. Another user highlights the product as a great value, noting that it compares favorably to a more expensive brand. They appreciate the stiffness of the bristles, which enhances the experience, and also commend the vibrant and cute colors [1].",7.75
How’s the quality of this product,"['▶ Improve Blood Circulation, Massager Scalp - Chialstar scalp massager provides gentle stimulation to increase the blood circulation for daily health care with comfortable and relaxing feeling. Massage your scalp, neck or body, relieving fatigue, pressure and muscles sore. Strengthen the roots of your hair and nourish the hair shafts.', '▶ Powerful Cleaning Ability - Using this shampoo brush to clean hair, or shower, your scalp will feel so much cleaner in the shower, good to remove dandruff and remove hardened sebum & dirt. What’s more it prevents hair loss by scalp stimulation and help to hair growth.', ""▶ Soft Silicone - The scalp brush is made of silicon, soft enough to use for kids, very gentle, doesn't irritate your scalp at all, sturdy, will not deformated. No need to worry about your long nails or sensitive scalp."", '▶ Works for Any Hair Texture - Scalp hair brush works appropriate for all types of hair, including dense, thick, coarse or curly hair. Manual with no battery required and Waterproof.', '▶ Refund And Warranty - Get two scalp massager for hair growth and start your scalp salon，1 years money back guarantee. If you have any question, send email to us, we will reply in 24 hours.']",34,"['title: great \ntext: very good product kind of hard to hold, i recommend putting your fingers through the handle instead of holding it by the handle', 'title: Helps with dry winter scalp! \ntext: The product is great quality and seems pretty sturdy. The scrubby feels soft but is firm enough to get a good scrub going on :) I noticed help with dry skin and dandruff after just one use.']","The product is described as being of great quality and sturdy, with a scrubby that is both soft and firm enough to effectively address dry skin and dandruff issues after just one use [1]. However, it is noted that the product can be somewhat difficult to hold, and it is recommended to use the handle differently for a better grip [0].",7.75
How’s the quality of this product,"['▶ Improve Blood Circulation, Massager Scalp - Chialstar scalp massager provides gentle stimulation to increase the blood circulation for daily health care with comfortable and relaxing feeling. Massage your scalp, neck or body, relieving fatigue, pressure and muscles sore. Strengthen the roots of your hair and nourish the hair shafts.', '▶ Powerful Cleaning Ability - Using this shampoo brush to clean hair, or shower, your scalp will feel so much cleaner in the shower, good to remove dandruff and remove hardened sebum & dirt. What’s more it prevents hair loss by scalp stimulation and help to hair growth.', ""▶ Soft Silicone - The scalp brush is made of silicon, soft enough to use for kids, very gentle, doesn't irritate your scalp at all, sturdy, will not deformated. No need to worry about your long nails or sensitive scalp."", '▶ Works for Any Hair Texture - Scalp hair brush works appropriate for all types of hair, including dense, thick, coarse or curly hair. Manual with no battery required and Waterproof.', '▶ Refund And Warranty - Get two scalp massager for hair growth and start your scalp salon，1 years money back guarantee. If you have any question, send email to us, we will reply in 24 hours.']",35,"['title: great \ntext: very good product kind of hard to hold, i recommend putting your fingers through the handle instead of holding it by the handle', 'title: Feels great \ntext: I have only used this once but so far I really liked it! It felt nice and worked well.  I am hopeful that it is good quality and lasts a long time.']","The product is generally well-received, with one user noting that it is very good but somewhat difficult to hold, suggesting an alternative grip method for better handling [0]. Another user, who has only used the product once, expressed satisfaction with its performance and is optimistic about its quality and durability [1].",5.75
How’s the quality of this product,"['▶ Improve Blood Circulation, Massager Scalp - Chialstar scalp massager provides gentle stimulation to increase the blood circulation for daily health care with comfortable and relaxing feeling. Massage your scalp, neck or body, relieving fatigue, pressure and muscles sore. Strengthen the roots of your hair and nourish the hair shafts.', '▶ Powerful Cleaning Ability - Using this shampoo brush to clean hair, or shower, your scalp will feel so much cleaner in the shower, good to remove dandruff and remove hardened sebum & dirt. What’s more it prevents hair loss by scalp stimulation and help to hair growth.', ""▶ Soft Silicone - The scalp brush is made of silicon, soft enough to use for kids, very gentle, doesn't irritate your scalp at all, sturdy, will not deformated. No need to worry about your long nails or sensitive scalp."", '▶ Works for Any Hair Texture - Scalp hair brush works appropriate for all types of hair, including dense, thick, coarse or curly hair. Manual with no battery required and Waterproof.', '▶ Refund And Warranty - Get two scalp massager for hair growth and start your scalp salon，1 years money back guarantee. If you have any question, send email to us, we will reply in 24 hours.']",36,"['title: great \ntext: very good product kind of hard to hold, i recommend putting your fingers through the handle instead of holding it by the handle', 'title: Great Product \ntext: Really like this product. Does an amazing job when washing and conditioning my hair. Great scalp/head massager without being rough. Would definitely recommend.']","The product is praised for its effectiveness in washing and conditioning hair, as well as its ability to massage the scalp gently without being rough. However, it is noted that the product can be somewhat difficult to hold, and it is recommended to use the handle differently for a better grip [0][1].",6.75
How’s the quality of this product,"['▶ Improve Blood Circulation, Massager Scalp - Chialstar scalp massager provides gentle stimulation to increase the blood circulation for daily health care with comfortable and relaxing feeling. Massage your scalp, neck or body, relieving fatigue, pressure and muscles sore. Strengthen the roots of your hair and nourish the hair shafts.', '▶ Powerful Cleaning Ability - Using this shampoo brush to clean hair, or shower, your scalp will feel so much cleaner in the shower, good to remove dandruff and remove hardened sebum & dirt. What’s more it prevents hair loss by scalp stimulation and help to hair growth.', ""▶ Soft Silicone - The scalp brush is made of silicon, soft enough to use for kids, very gentle, doesn't irritate your scalp at all, sturdy, will not deformated. No need to worry about your long nails or sensitive scalp."", '▶ Works for Any Hair Texture - Scalp hair brush works appropriate for all types of hair, including dense, thick, coarse or curly hair. Manual with no battery required and Waterproof.', '▶ Refund And Warranty - Get two scalp massager for hair growth and start your scalp salon，1 years money back guarantee. If you have any question, send email to us, we will reply in 24 hours.']",37,"['title: great \ntext: very good product kind of hard to hold, i recommend putting your fingers through the handle instead of holding it by the handle', 'title: Great value great product \ntext: This is such a great deal for a pack of two. I had originally bought a different brand that was more expensive but in comparison these are just as great. The bristles are stiff enough to actually make it feel like youre giving yourself a scalp massage during shower. Colors are vibrant and cute!']","The product is generally well-received, with users noting its effectiveness and value. One user mentions that the product is very good, although it can be somewhat difficult to hold, suggesting an alternative grip method for better handling [0]. Another user highlights the product's great value, comparing it favorably to a more expensive brand, and appreciates the stiff bristles that provide a scalp massage effect during use. Additionally, the vibrant and cute colors of the product are praised [1].",7.5
How’s the quality of this product,"['▶ Improve Blood Circulation, Massager Scalp - Chialstar scalp massager provides gentle stimulation to increase the blood circulation for daily health care with comfortable and relaxing feeling. Massage your scalp, neck or body, relieving fatigue, pressure and muscles sore. Strengthen the roots of your hair and nourish the hair shafts.', '▶ Powerful Cleaning Ability - Using this shampoo brush to clean hair, or shower, your scalp will feel so much cleaner in the shower, good to remove dandruff and remove hardened sebum & dirt. What’s more it prevents hair loss by scalp stimulation and help to hair growth.', ""▶ Soft Silicone - The scalp brush is made of silicon, soft enough to use for kids, very gentle, doesn't irritate your scalp at all, sturdy, will not deformated. No need to worry about your long nails or sensitive scalp."", '▶ Works for Any Hair Texture - Scalp hair brush works appropriate for all types of hair, including dense, thick, coarse or curly hair. Manual with no battery required and Waterproof.', '▶ Refund And Warranty - Get two scalp massager for hair growth and start your scalp salon，1 years money back guarantee. If you have any question, send email to us, we will reply in 24 hours.']",45,"['title: Helps with dry winter scalp! \ntext: The product is great quality and seems pretty sturdy. The scrubby feels soft but is firm enough to get a good scrub going on :) I noticed help with dry skin and dandruff after just one use.', 'title: Feels great \ntext: I have only used this once but so far I really liked it! It felt nice and worked well.  I am hopeful that it is good quality and lasts a long time.']","The product is described as being of great quality and sturdy, with a scrubby that is both soft and firm enough to effectively address dry skin and dandruff issues after just one use [0]. Another user expressed satisfaction with the product's initial performance, noting that it felt nice and worked well, and they are optimistic about its quality and longevity [1].",7.75
How’s the quality of this product,"['▶ Improve Blood Circulation, Massager Scalp - Chialstar scalp massager provides gentle stimulation to increase the blood circulation for daily health care with comfortable and relaxing feeling. Massage your scalp, neck or body, relieving fatigue, pressure and muscles sore. Strengthen the roots of your hair and nourish the hair shafts.', '▶ Powerful Cleaning Ability - Using this shampoo brush to clean hair, or shower, your scalp will feel so much cleaner in the shower, good to remove dandruff and remove hardened sebum & dirt. What’s more it prevents hair loss by scalp stimulation and help to hair growth.', ""▶ Soft Silicone - The scalp brush is made of silicon, soft enough to use for kids, very gentle, doesn't irritate your scalp at all, sturdy, will not deformated. No need to worry about your long nails or sensitive scalp."", '▶ Works for Any Hair Texture - Scalp hair brush works appropriate for all types of hair, including dense, thick, coarse or curly hair. Manual with no battery required and Waterproof.', '▶ Refund And Warranty - Get two scalp massager for hair growth and start your scalp salon，1 years money back guarantee. If you have any question, send email to us, we will reply in 24 hours.']",46,"['title: Helps with dry winter scalp! \ntext: The product is great quality and seems pretty sturdy. The scrubby feels soft but is firm enough to get a good scrub going on :) I noticed help with dry skin and dandruff after just one use.', 'title: Great Product \ntext: Really like this product. Does an amazing job when washing and conditioning my hair. Great scalp/head massager without being rough. Would definitely recommend.']","The product is praised for its great quality and sturdiness, with a scrubby that is both soft and firm enough to effectively address dry skin and dandruff after just one use [0]. Additionally, it is noted for its excellent performance in washing and conditioning hair, serving as a gentle yet effective scalp massager [1].",7.75
How’s the quality of this product,"['▶ Improve Blood Circulation, Massager Scalp - Chialstar scalp massager provides gentle stimulation to increase the blood circulation for daily health care with comfortable and relaxing feeling. Massage your scalp, neck or body, relieving fatigue, pressure and muscles sore. Strengthen the roots of your hair and nourish the hair shafts.', '▶ Powerful Cleaning Ability - Using this shampoo brush to clean hair, or shower, your scalp will feel so much cleaner in the shower, good to remove dandruff and remove hardened sebum & dirt. What’s more it prevents hair loss by scalp stimulation and help to hair growth.', ""▶ Soft Silicone - The scalp brush is made of silicon, soft enough to use for kids, very gentle, doesn't irritate your scalp at all, sturdy, will not deformated. No need to worry about your long nails or sensitive scalp."", '▶ Works for Any Hair Texture - Scalp hair brush works appropriate for all types of hair, including dense, thick, coarse or curly hair. Manual with no battery required and Waterproof.', '▶ Refund And Warranty - Get two scalp massager for hair growth and start your scalp salon，1 years money back guarantee. If you have any question, send email to us, we will reply in 24 hours.']",47,"['title: Helps with dry winter scalp! \ntext: The product is great quality and seems pretty sturdy. The scrubby feels soft but is firm enough to get a good scrub going on :) I noticed help with dry skin and dandruff after just one use.', 'title: Great value great product \ntext: This is such a great deal for a pack of two. I had originally bought a different brand that was more expensive but in comparison these are just as great. The bristles are stiff enough to actually make it feel like youre giving yourself a scalp massage during shower. Colors are vibrant and cute!']","The product is praised for its great quality and sturdiness, with a scrubby that is both soft and firm enough to effectively address dry skin and dandruff issues after just one use [0]. Additionally, it is considered a great value, comparable to more expensive brands, with stiff bristles that provide a satisfying scalp massage, and comes in vibrant and cute colors [1].",7.75
How’s the quality of this product,"['▶ Improve Blood Circulation, Massager Scalp - Chialstar scalp massager provides gentle stimulation to increase the blood circulation for daily health care with comfortable and relaxing feeling. Massage your scalp, neck or body, relieving fatigue, pressure and muscles sore. Strengthen the roots of your hair and nourish the hair shafts.', '▶ Powerful Cleaning Ability - Using this shampoo brush to clean hair, or shower, your scalp will feel so much cleaner in the shower, good to remove dandruff and remove hardened sebum & dirt. What’s more it prevents hair loss by scalp stimulation and help to hair growth.', ""▶ Soft Silicone - The scalp brush is made of silicon, soft enough to use for kids, very gentle, doesn't irritate your scalp at all, sturdy, will not deformated. No need to worry about your long nails or sensitive scalp."", '▶ Works for Any Hair Texture - Scalp hair brush works appropriate for all types of hair, including dense, thick, coarse or curly hair. Manual with no battery required and Waterproof.', '▶ Refund And Warranty - Get two scalp massager for hair growth and start your scalp salon，1 years money back guarantee. If you have any question, send email to us, we will reply in 24 hours.']",56,"['title: Feels great \ntext: I have only used this once but so far I really liked it! It felt nice and worked well.  I am hopeful that it is good quality and lasts a long time.', 'title: Great Product \ntext: Really like this product. Does an amazing job when washing and conditioning my hair. Great scalp/head massager without being rough. Would definitely recommend.']","The product has received positive feedback regarding its quality. One user mentioned that after a single use, the product felt nice and worked well, expressing hope that it is of good quality and will last a long time [0]. Another user praised the product for its effectiveness in washing and conditioning hair, highlighting its gentle yet effective scalp massaging capabilities, and expressed a strong recommendation [1].",6.75
How’s the quality of this product,"['▶ Improve Blood Circulation, Massager Scalp - Chialstar scalp massager provides gentle stimulation to increase the blood circulation for daily health care with comfortable and relaxing feeling. Massage your scalp, neck or body, relieving fatigue, pressure and muscles sore. Strengthen the roots of your hair and nourish the hair shafts.', '▶ Powerful Cleaning Ability - Using this shampoo brush to clean hair, or shower, your scalp will feel so much cleaner in the shower, good to remove dandruff and remove hardened sebum & dirt. What’s more it prevents hair loss by scalp stimulation and help to hair growth.', ""▶ Soft Silicone - The scalp brush is made of silicon, soft enough to use for kids, very gentle, doesn't irritate your scalp at all, sturdy, will not deformated. No need to worry about your long nails or sensitive scalp."", '▶ Works for Any Hair Texture - Scalp hair brush works appropriate for all types of hair, including dense, thick, coarse or curly hair. Manual with no battery required and Waterproof.', '▶ Refund And Warranty - Get two scalp massager for hair growth and start your scalp salon，1 years money back guarantee. If you have any question, send email to us, we will reply in 24 hours.']",57,"['title: Feels great \ntext: I have only used this once but so far I really liked it! It felt nice and worked well.  I am hopeful that it is good quality and lasts a long time.', 'title: Great value great product \ntext: This is such a great deal for a pack of two. I had originally bought a different brand that was more expensive but in comparison these are just as great. The bristles are stiff enough to actually make it feel like youre giving yourself a scalp massage during shower. Colors are vibrant and cute!']","The product has received positive feedback regarding its quality. One user mentioned that after a single use, the product felt nice and worked well, expressing hope that it is of good quality and will last a long time [0]. Another user highlighted the product's great value, noting that it compares favorably to a more expensive brand. They appreciated the stiffness of the bristles, which provided a scalp massage-like experience, and also praised the vibrant and cute colors [1].",7.75
How’s the quality of this product,"['▶ Improve Blood Circulation, Massager Scalp - Chialstar scalp massager provides gentle stimulation to increase the blood circulation for daily health care with comfortable and relaxing feeling. Massage your scalp, neck or body, relieving fatigue, pressure and muscles sore. Strengthen the roots of your hair and nourish the hair shafts.', '▶ Powerful Cleaning Ability - Using this shampoo brush to clean hair, or shower, your scalp will feel so much cleaner in the shower, good to remove dandruff and remove hardened sebum & dirt. What’s more it prevents hair loss by scalp stimulation and help to hair growth.', ""▶ Soft Silicone - The scalp brush is made of silicon, soft enough to use for kids, very gentle, doesn't irritate your scalp at all, sturdy, will not deformated. No need to worry about your long nails or sensitive scalp."", '▶ Works for Any Hair Texture - Scalp hair brush works appropriate for all types of hair, including dense, thick, coarse or curly hair. Manual with no battery required and Waterproof.', '▶ Refund And Warranty - Get two scalp massager for hair growth and start your scalp salon，1 years money back guarantee. If you have any question, send email to us, we will reply in 24 hours.']",67,"['title: Great Product \ntext: Really like this product. Does an amazing job when washing and conditioning my hair. Great scalp/head massager without being rough. Would definitely recommend.', 'title: Great value great product \ntext: This is such a great deal for a pack of two. I had originally bought a different brand that was more expensive but in comparison these are just as great. The bristles are stiff enough to actually make it feel like youre giving yourself a scalp massage during shower. Colors are vibrant and cute!']","The product is highly praised for its effectiveness in washing and conditioning hair, as well as its ability to massage the scalp gently without being rough, making it a recommended choice for users [0]. Additionally, it is considered a great value for money, offering a comparable quality to more expensive brands, with stiff bristles that enhance the scalp massage experience during showers [1].",7.75
How’s the quality of this product,"['▶ Improve Blood Circulation, Massager Scalp - Chialstar scalp massager provides gentle stimulation to increase the blood circulation for daily health care with comfortable and relaxing feeling. Massage your scalp, neck or body, relieving fatigue, pressure and muscles sore. Strengthen the roots of your hair and nourish the hair shafts.', '▶ Powerful Cleaning Ability - Using this shampoo brush to clean hair, or shower, your scalp will feel so much cleaner in the shower, good to remove dandruff and remove hardened sebum & dirt. What’s more it prevents hair loss by scalp stimulation and help to hair growth.', ""▶ Soft Silicone - The scalp brush is made of silicon, soft enough to use for kids, very gentle, doesn't irritate your scalp at all, sturdy, will not deformated. No need to worry about your long nails or sensitive scalp."", '▶ Works for Any Hair Texture - Scalp hair brush works appropriate for all types of hair, including dense, thick, coarse or curly hair. Manual with no battery required and Waterproof.', '▶ Refund And Warranty - Get two scalp massager for hair growth and start your scalp salon，1 years money back guarantee. If you have any question, send email to us, we will reply in 24 hours.']",012,"[""title: Good \ntext: Good product, doesn't tangle my hair and makes my scalp feel cleaner"", 'title: It works \ntext: It works well and seems like a good product for the price', 'title: Great quality for the price \ntext: I was worried about quality for the price, but I am really impressed! I love mine.']","The product is praised for its quality, with users noting that it effectively prevents hair tangling and leaves the scalp feeling cleaner [0]. Additionally, it is considered a good value for the price, with users expressing satisfaction with its performance and quality [1][2].",6.0
How’s the quality of this product,"['▶ Improve Blood Circulation, Massager Scalp - Chialstar scalp massager provides gentle stimulation to increase the blood circulation for daily health care with comfortable and relaxing feeling. Massage your scalp, neck or body, relieving fatigue, pressure and muscles sore. Strengthen the roots of your hair and nourish the hair shafts.', '▶ Powerful Cleaning Ability - Using this shampoo brush to clean hair, or shower, your scalp will feel so much cleaner in the shower, good to remove dandruff and remove hardened sebum & dirt. What’s more it prevents hair loss by scalp stimulation and help to hair growth.', ""▶ Soft Silicone - The scalp brush is made of silicon, soft enough to use for kids, very gentle, doesn't irritate your scalp at all, sturdy, will not deformated. No need to worry about your long nails or sensitive scalp."", '▶ Works for Any Hair Texture - Scalp hair brush works appropriate for all types of hair, including dense, thick, coarse or curly hair. Manual with no battery required and Waterproof.', '▶ Refund And Warranty - Get two scalp massager for hair growth and start your scalp salon，1 years money back guarantee. If you have any question, send email to us, we will reply in 24 hours.']",013,"[""title: Good \ntext: Good product, doesn't tangle my hair and makes my scalp feel cleaner"", 'title: It works \ntext: It works well and seems like a good product for the price', 'title: great \ntext: very good product kind of hard to hold, i recommend putting your fingers through the handle instead of holding it by the handle']","The product is generally well-received, with users noting that it effectively prevents hair tangling and leaves the scalp feeling cleaner, which indicates a positive impact on hair and scalp health [0]. Additionally, it is considered a good value for the price, suggesting that its quality is satisfactory relative to its cost [1]. However, there is a minor issue with the design, as some users find it difficult to hold, recommending an alternative grip method for better handling [2].",6.75
How’s the quality of this product,"['▶ Improve Blood Circulation, Massager Scalp - Chialstar scalp massager provides gentle stimulation to increase the blood circulation for daily health care with comfortable and relaxing feeling. Massage your scalp, neck or body, relieving fatigue, pressure and muscles sore. Strengthen the roots of your hair and nourish the hair shafts.', '▶ Powerful Cleaning Ability - Using this shampoo brush to clean hair, or shower, your scalp will feel so much cleaner in the shower, good to remove dandruff and remove hardened sebum & dirt. What’s more it prevents hair loss by scalp stimulation and help to hair growth.', ""▶ Soft Silicone - The scalp brush is made of silicon, soft enough to use for kids, very gentle, doesn't irritate your scalp at all, sturdy, will not deformated. No need to worry about your long nails or sensitive scalp."", '▶ Works for Any Hair Texture - Scalp hair brush works appropriate for all types of hair, including dense, thick, coarse or curly hair. Manual with no battery required and Waterproof.', '▶ Refund And Warranty - Get two scalp massager for hair growth and start your scalp salon，1 years money back guarantee. If you have any question, send email to us, we will reply in 24 hours.']",014,"[""title: Good \ntext: Good product, doesn't tangle my hair and makes my scalp feel cleaner"", 'title: It works \ntext: It works well and seems like a good product for the price', 'title: Helps with dry winter scalp! \ntext: The product is great quality and seems pretty sturdy. The scrubby feels soft but is firm enough to get a good scrub going on :) I noticed help with dry skin and dandruff after just one use.']","The product is praised for its quality, as it effectively prevents hair tangling and leaves the scalp feeling cleaner, which is a significant benefit for users [0]. Additionally, it is considered a good value for the price, indicating that its performance meets or exceeds expectations relative to its cost [1]. Users also appreciate its sturdy construction and the balance of softness and firmness in the scrubby, which enhances its effectiveness in addressing dry skin and dandruff issues [2].",7.75
How’s the quality of this product,"['▶ Improve Blood Circulation, Massager Scalp - Chialstar scalp massager provides gentle stimulation to increase the blood circulation for daily health care with comfortable and relaxing feeling. Massage your scalp, neck or body, relieving fatigue, pressure and muscles sore. Strengthen the roots of your hair and nourish the hair shafts.', '▶ Powerful Cleaning Ability - Using this shampoo brush to clean hair, or shower, your scalp will feel so much cleaner in the shower, good to remove dandruff and remove hardened sebum & dirt. What’s more it prevents hair loss by scalp stimulation and help to hair growth.', ""▶ Soft Silicone - The scalp brush is made of silicon, soft enough to use for kids, very gentle, doesn't irritate your scalp at all, sturdy, will not deformated. No need to worry about your long nails or sensitive scalp."", '▶ Works for Any Hair Texture - Scalp hair brush works appropriate for all types of hair, including dense, thick, coarse or curly hair. Manual with no battery required and Waterproof.', '▶ Refund And Warranty - Get two scalp massager for hair growth and start your scalp salon，1 years money back guarantee. If you have any question, send email to us, we will reply in 24 hours.']",015,"[""title: Good \ntext: Good product, doesn't tangle my hair and makes my scalp feel cleaner"", 'title: It works \ntext: It works well and seems like a good product for the price', 'title: Feels great \ntext: I have only used this once but so far I really liked it! It felt nice and worked well.  I am hopeful that it is good quality and lasts a long time.']","The product is praised for its quality, as it effectively prevents hair tangling and leaves the scalp feeling cleaner, indicating a positive impact on hair care[0]. Users find it to be a good value for the price, suggesting that it performs well relative to its cost[1]. Additionally, initial impressions from users are favorable, with expectations of durability and continued satisfaction with its performance[2].",6.75
How’s the quality of this product,"['▶ Improve Blood Circulation, Massager Scalp - Chialstar scalp massager provides gentle stimulation to increase the blood circulation for daily health care with comfortable and relaxing feeling. Massage your scalp, neck or body, relieving fatigue, pressure and muscles sore. Strengthen the roots of your hair and nourish the hair shafts.', '▶ Powerful Cleaning Ability - Using this shampoo brush to clean hair, or shower, your scalp will feel so much cleaner in the shower, good to remove dandruff and remove hardened sebum & dirt. What’s more it prevents hair loss by scalp stimulation and help to hair growth.', ""▶ Soft Silicone - The scalp brush is made of silicon, soft enough to use for kids, very gentle, doesn't irritate your scalp at all, sturdy, will not deformated. No need to worry about your long nails or sensitive scalp."", '▶ Works for Any Hair Texture - Scalp hair brush works appropriate for all types of hair, including dense, thick, coarse or curly hair. Manual with no battery required and Waterproof.', '▶ Refund And Warranty - Get two scalp massager for hair growth and start your scalp salon，1 years money back guarantee. If you have any question, send email to us, we will reply in 24 hours.']",016,"[""title: Good \ntext: Good product, doesn't tangle my hair and makes my scalp feel cleaner"", 'title: It works \ntext: It works well and seems like a good product for the price', 'title: Great Product \ntext: Really like this product. Does an amazing job when washing and conditioning my hair. Great scalp/head massager without being rough. Would definitely recommend.']","The product is well-received for its quality, as it effectively prevents hair tangling and leaves the scalp feeling cleaner, which users appreciate [0]. It is also considered a good value for the price, performing well in its intended functions [1]. Additionally, the product is praised for its ability to wash and condition hair effectively, serving as a gentle yet effective scalp massager, making it highly recommendable [2].",7.75
How’s the quality of this product,"['▶ Improve Blood Circulation, Massager Scalp - Chialstar scalp massager provides gentle stimulation to increase the blood circulation for daily health care with comfortable and relaxing feeling. Massage your scalp, neck or body, relieving fatigue, pressure and muscles sore. Strengthen the roots of your hair and nourish the hair shafts.', '▶ Powerful Cleaning Ability - Using this shampoo brush to clean hair, or shower, your scalp will feel so much cleaner in the shower, good to remove dandruff and remove hardened sebum & dirt. What’s more it prevents hair loss by scalp stimulation and help to hair growth.', ""▶ Soft Silicone - The scalp brush is made of silicon, soft enough to use for kids, very gentle, doesn't irritate your scalp at all, sturdy, will not deformated. No need to worry about your long nails or sensitive scalp."", '▶ Works for Any Hair Texture - Scalp hair brush works appropriate for all types of hair, including dense, thick, coarse or curly hair. Manual with no battery required and Waterproof.', '▶ Refund And Warranty - Get two scalp massager for hair growth and start your scalp salon，1 years money back guarantee. If you have any question, send email to us, we will reply in 24 hours.']",017,"[""title: Good \ntext: Good product, doesn't tangle my hair and makes my scalp feel cleaner"", 'title: It works \ntext: It works well and seems like a good product for the price', 'title: Great value great product \ntext: This is such a great deal for a pack of two. I had originally bought a different brand that was more expensive but in comparison these are just as great. The bristles are stiff enough to actually make it feel like youre giving yourself a scalp massage during shower. Colors are vibrant and cute!']","The product is praised for its quality, as it effectively prevents hair tangling and leaves the scalp feeling cleaner, indicating a positive impact on hair care routines [0]. Users find it to be a good product for its price, suggesting it offers satisfactory performance without being overly expensive [1]. Additionally, the product is considered a great value, especially when purchased as a pack of two, and is comparable to more expensive brands. The stiff bristles enhance the user experience by providing a scalp massage effect, and the vibrant colors add to its appeal [2].",7.75
How’s the quality of this product,"['▶ Improve Blood Circulation, Massager Scalp - Chialstar scalp massager provides gentle stimulation to increase the blood circulation for daily health care with comfortable and relaxing feeling. Massage your scalp, neck or body, relieving fatigue, pressure and muscles sore. Strengthen the roots of your hair and nourish the hair shafts.', '▶ Powerful Cleaning Ability - Using this shampoo brush to clean hair, or shower, your scalp will feel so much cleaner in the shower, good to remove dandruff and remove hardened sebum & dirt. What’s more it prevents hair loss by scalp stimulation and help to hair growth.', ""▶ Soft Silicone - The scalp brush is made of silicon, soft enough to use for kids, very gentle, doesn't irritate your scalp at all, sturdy, will not deformated. No need to worry about your long nails or sensitive scalp."", '▶ Works for Any Hair Texture - Scalp hair brush works appropriate for all types of hair, including dense, thick, coarse or curly hair. Manual with no battery required and Waterproof.', '▶ Refund And Warranty - Get two scalp massager for hair growth and start your scalp salon，1 years money back guarantee. If you have any question, send email to us, we will reply in 24 hours.']",023,"[""title: Good \ntext: Good product, doesn't tangle my hair and makes my scalp feel cleaner"", 'title: Great quality for the price \ntext: I was worried about quality for the price, but I am really impressed! I love mine.', 'title: great \ntext: very good product kind of hard to hold, i recommend putting your fingers through the handle instead of holding it by the handle']","The product is praised for its quality, as it effectively prevents hair tangling and leaves the scalp feeling cleaner, which suggests a high level of performance in its intended use [0]. Additionally, users express satisfaction with the product's quality relative to its price, indicating that it offers good value for money [1]. However, there is a minor issue with the design, as some find it difficult to hold, but a workaround is suggested by using the handle differently [2].",6.75
How’s the quality of this product,"['▶ Improve Blood Circulation, Massager Scalp - Chialstar scalp massager provides gentle stimulation to increase the blood circulation for daily health care with comfortable and relaxing feeling. Massage your scalp, neck or body, relieving fatigue, pressure and muscles sore. Strengthen the roots of your hair and nourish the hair shafts.', '▶ Powerful Cleaning Ability - Using this shampoo brush to clean hair, or shower, your scalp will feel so much cleaner in the shower, good to remove dandruff and remove hardened sebum & dirt. What’s more it prevents hair loss by scalp stimulation and help to hair growth.', ""▶ Soft Silicone - The scalp brush is made of silicon, soft enough to use for kids, very gentle, doesn't irritate your scalp at all, sturdy, will not deformated. No need to worry about your long nails or sensitive scalp."", '▶ Works for Any Hair Texture - Scalp hair brush works appropriate for all types of hair, including dense, thick, coarse or curly hair. Manual with no battery required and Waterproof.', '▶ Refund And Warranty - Get two scalp massager for hair growth and start your scalp salon，1 years money back guarantee. If you have any question, send email to us, we will reply in 24 hours.']",024,"[""title: Good \ntext: Good product, doesn't tangle my hair and makes my scalp feel cleaner"", 'title: Great quality for the price \ntext: I was worried about quality for the price, but I am really impressed! I love mine.', 'title: Helps with dry winter scalp! \ntext: The product is great quality and seems pretty sturdy. The scrubby feels soft but is firm enough to get a good scrub going on :) I noticed help with dry skin and dandruff after just one use.']","The product is praised for its quality, as it effectively prevents hair tangling and leaves the scalp feeling cleaner, which indicates a positive user experience regarding its performance [0]. Users express satisfaction with the product's quality, especially considering its price, highlighting that it exceeds expectations and provides good value [1]. Additionally, the product is noted for its sturdiness and effectiveness in addressing dry scalp and dandruff issues, with users appreciating its soft yet firm texture that facilitates a thorough scrub [2].",7.75
How’s the quality of this product,"['▶ Improve Blood Circulation, Massager Scalp - Chialstar scalp massager provides gentle stimulation to increase the blood circulation for daily health care with comfortable and relaxing feeling. Massage your scalp, neck or body, relieving fatigue, pressure and muscles sore. Strengthen the roots of your hair and nourish the hair shafts.', '▶ Powerful Cleaning Ability - Using this shampoo brush to clean hair, or shower, your scalp will feel so much cleaner in the shower, good to remove dandruff and remove hardened sebum & dirt. What’s more it prevents hair loss by scalp stimulation and help to hair growth.', ""▶ Soft Silicone - The scalp brush is made of silicon, soft enough to use for kids, very gentle, doesn't irritate your scalp at all, sturdy, will not deformated. No need to worry about your long nails or sensitive scalp."", '▶ Works for Any Hair Texture - Scalp hair brush works appropriate for all types of hair, including dense, thick, coarse or curly hair. Manual with no battery required and Waterproof.', '▶ Refund And Warranty - Get two scalp massager for hair growth and start your scalp salon，1 years money back guarantee. If you have any question, send email to us, we will reply in 24 hours.']",025,"[""title: Good \ntext: Good product, doesn't tangle my hair and makes my scalp feel cleaner"", 'title: Great quality for the price \ntext: I was worried about quality for the price, but I am really impressed! I love mine.', 'title: Feels great \ntext: I have only used this once but so far I really liked it! It felt nice and worked well.  I am hopeful that it is good quality and lasts a long time.']","The product is praised for its quality, with users noting that it effectively prevents hair tangling and leaves the scalp feeling cleaner [0]. Despite initial concerns about the price, customers are impressed with the quality, indicating that it offers great value [1]. Additionally, even after a single use, the product is perceived positively, with hopes for its durability and long-lasting quality [2].",6.75
How’s the quality of this product,"['▶ Improve Blood Circulation, Massager Scalp - Chialstar scalp massager provides gentle stimulation to increase the blood circulation for daily health care with comfortable and relaxing feeling. Massage your scalp, neck or body, relieving fatigue, pressure and muscles sore. Strengthen the roots of your hair and nourish the hair shafts.', '▶ Powerful Cleaning Ability - Using this shampoo brush to clean hair, or shower, your scalp will feel so much cleaner in the shower, good to remove dandruff and remove hardened sebum & dirt. What’s more it prevents hair loss by scalp stimulation and help to hair growth.', ""▶ Soft Silicone - The scalp brush is made of silicon, soft enough to use for kids, very gentle, doesn't irritate your scalp at all, sturdy, will not deformated. No need to worry about your long nails or sensitive scalp."", '▶ Works for Any Hair Texture - Scalp hair brush works appropriate for all types of hair, including dense, thick, coarse or curly hair. Manual with no battery required and Waterproof.', '▶ Refund And Warranty - Get two scalp massager for hair growth and start your scalp salon，1 years money back guarantee. If you have any question, send email to us, we will reply in 24 hours.']",026,"[""title: Good \ntext: Good product, doesn't tangle my hair and makes my scalp feel cleaner"", 'title: Great quality for the price \ntext: I was worried about quality for the price, but I am really impressed! I love mine.', 'title: Great Product \ntext: Really like this product. Does an amazing job when washing and conditioning my hair. Great scalp/head massager without being rough. Would definitely recommend.']","The product is praised for its quality, with users noting that it effectively cleans the scalp and prevents hair tangling, providing a pleasant experience during use [0]. Despite initial concerns about the price, users are impressed with the product's quality, indicating it offers great value [1]. Additionally, the product is highlighted for its excellent performance in washing and conditioning hair, as well as its gentle yet effective scalp massaging capabilities, making it highly recommendable [2].",7.75
How’s the quality of this product,"['▶ Improve Blood Circulation, Massager Scalp - Chialstar scalp massager provides gentle stimulation to increase the blood circulation for daily health care with comfortable and relaxing feeling. Massage your scalp, neck or body, relieving fatigue, pressure and muscles sore. Strengthen the roots of your hair and nourish the hair shafts.', '▶ Powerful Cleaning Ability - Using this shampoo brush to clean hair, or shower, your scalp will feel so much cleaner in the shower, good to remove dandruff and remove hardened sebum & dirt. What’s more it prevents hair loss by scalp stimulation and help to hair growth.', ""▶ Soft Silicone - The scalp brush is made of silicon, soft enough to use for kids, very gentle, doesn't irritate your scalp at all, sturdy, will not deformated. No need to worry about your long nails or sensitive scalp."", '▶ Works for Any Hair Texture - Scalp hair brush works appropriate for all types of hair, including dense, thick, coarse or curly hair. Manual with no battery required and Waterproof.', '▶ Refund And Warranty - Get two scalp massager for hair growth and start your scalp salon，1 years money back guarantee. If you have any question, send email to us, we will reply in 24 hours.']",027,"[""title: Good \ntext: Good product, doesn't tangle my hair and makes my scalp feel cleaner"", 'title: Great quality for the price \ntext: I was worried about quality for the price, but I am really impressed! I love mine.', 'title: Great value great product \ntext: This is such a great deal for a pack of two. I had originally bought a different brand that was more expensive but in comparison these are just as great. The bristles are stiff enough to actually make it feel like youre giving yourself a scalp massage during shower. Colors are vibrant and cute!']","The product is praised for its quality, with users noting that it effectively detangles hair and leaves the scalp feeling cleaner[0]. Despite initial concerns about the price, customers are impressed with the quality, indicating that it offers great value for money[1]. Additionally, the product is compared favorably to more expensive brands, with features such as stiff bristles that provide a scalp massage and vibrant colors being highlighted as positive attributes[2].",7.75
How’s the quality of this product,"['▶ Improve Blood Circulation, Massager Scalp - Chialstar scalp massager provides gentle stimulation to increase the blood circulation for daily health care with comfortable and relaxing feeling. Massage your scalp, neck or body, relieving fatigue, pressure and muscles sore. Strengthen the roots of your hair and nourish the hair shafts.', '▶ Powerful Cleaning Ability - Using this shampoo brush to clean hair, or shower, your scalp will feel so much cleaner in the shower, good to remove dandruff and remove hardened sebum & dirt. What’s more it prevents hair loss by scalp stimulation and help to hair growth.', ""▶ Soft Silicone - The scalp brush is made of silicon, soft enough to use for kids, very gentle, doesn't irritate your scalp at all, sturdy, will not deformated. No need to worry about your long nails or sensitive scalp."", '▶ Works for Any Hair Texture - Scalp hair brush works appropriate for all types of hair, including dense, thick, coarse or curly hair. Manual with no battery required and Waterproof.', '▶ Refund And Warranty - Get two scalp massager for hair growth and start your scalp salon，1 years money back guarantee. If you have any question, send email to us, we will reply in 24 hours.']",034,"[""title: Good \ntext: Good product, doesn't tangle my hair and makes my scalp feel cleaner"", 'title: great \ntext: very good product kind of hard to hold, i recommend putting your fingers through the handle instead of holding it by the handle', 'title: Helps with dry winter scalp! \ntext: The product is great quality and seems pretty sturdy. The scrubby feels soft but is firm enough to get a good scrub going on :) I noticed help with dry skin and dandruff after just one use.']","The product is praised for its quality, as it effectively prevents hair tangling and leaves the scalp feeling cleaner, which indicates a positive impact on hair and scalp health [0]. Despite being somewhat difficult to hold, the product is recommended for its functionality, suggesting that its design could be improved for better usability [1]. Additionally, the product is noted for its sturdy build and effective performance in alleviating dry skin and dandruff, highlighting its beneficial effects on scalp conditions [2].",7.75
How’s the quality of this product,"['▶ Improve Blood Circulation, Massager Scalp - Chialstar scalp massager provides gentle stimulation to increase the blood circulation for daily health care with comfortable and relaxing feeling. Massage your scalp, neck or body, relieving fatigue, pressure and muscles sore. Strengthen the roots of your hair and nourish the hair shafts.', '▶ Powerful Cleaning Ability - Using this shampoo brush to clean hair, or shower, your scalp will feel so much cleaner in the shower, good to remove dandruff and remove hardened sebum & dirt. What’s more it prevents hair loss by scalp stimulation and help to hair growth.', ""▶ Soft Silicone - The scalp brush is made of silicon, soft enough to use for kids, very gentle, doesn't irritate your scalp at all, sturdy, will not deformated. No need to worry about your long nails or sensitive scalp."", '▶ Works for Any Hair Texture - Scalp hair brush works appropriate for all types of hair, including dense, thick, coarse or curly hair. Manual with no battery required and Waterproof.', '▶ Refund And Warranty - Get two scalp massager for hair growth and start your scalp salon，1 years money back guarantee. If you have any question, send email to us, we will reply in 24 hours.']",035,"[""title: Good \ntext: Good product, doesn't tangle my hair and makes my scalp feel cleaner"", 'title: great \ntext: very good product kind of hard to hold, i recommend putting your fingers through the handle instead of holding it by the handle', 'title: Feels great \ntext: I have only used this once but so far I really liked it! It felt nice and worked well.  I am hopeful that it is good quality and lasts a long time.']","The product is praised for its ability to prevent hair tangling and for making the scalp feel cleaner, indicating a positive impact on hair and scalp health [0]. Users find the product effective and enjoyable to use, although some mention that it can be difficult to hold, suggesting an ergonomic issue with the handle design [1]. Despite limited use, there is optimism about the product's quality and durability, with users expressing hope that it will last a long time [2].",6.75
How’s the quality of this product,"['▶ Improve Blood Circulation, Massager Scalp - Chialstar scalp massager provides gentle stimulation to increase the blood circulation for daily health care with comfortable and relaxing feeling. Massage your scalp, neck or body, relieving fatigue, pressure and muscles sore. Strengthen the roots of your hair and nourish the hair shafts.', '▶ Powerful Cleaning Ability - Using this shampoo brush to clean hair, or shower, your scalp will feel so much cleaner in the shower, good to remove dandruff and remove hardened sebum & dirt. What’s more it prevents hair loss by scalp stimulation and help to hair growth.', ""▶ Soft Silicone - The scalp brush is made of silicon, soft enough to use for kids, very gentle, doesn't irritate your scalp at all, sturdy, will not deformated. No need to worry about your long nails or sensitive scalp."", '▶ Works for Any Hair Texture - Scalp hair brush works appropriate for all types of hair, including dense, thick, coarse or curly hair. Manual with no battery required and Waterproof.', '▶ Refund And Warranty - Get two scalp massager for hair growth and start your scalp salon，1 years money back guarantee. If you have any question, send email to us, we will reply in 24 hours.']",036,"[""title: Good \ntext: Good product, doesn't tangle my hair and makes my scalp feel cleaner"", 'title: great \ntext: very good product kind of hard to hold, i recommend putting your fingers through the handle instead of holding it by the handle', 'title: Great Product \ntext: Really like this product. Does an amazing job when washing and conditioning my hair. Great scalp/head massager without being rough. Would definitely recommend.']","The product is praised for its quality, as it effectively prevents hair tangling and leaves the scalp feeling cleaner[0]. Users appreciate its performance in washing and conditioning hair, noting that it serves as an excellent scalp massager without being too harsh[2]. However, some users find it somewhat difficult to hold, suggesting an alternative grip method for better handling[1]. Overall, the product is highly recommended for its functionality and effectiveness[0][1][2].",7.75
How’s the quality of this product,"['▶ Improve Blood Circulation, Massager Scalp - Chialstar scalp massager provides gentle stimulation to increase the blood circulation for daily health care with comfortable and relaxing feeling. Massage your scalp, neck or body, relieving fatigue, pressure and muscles sore. Strengthen the roots of your hair and nourish the hair shafts.', '▶ Powerful Cleaning Ability - Using this shampoo brush to clean hair, or shower, your scalp will feel so much cleaner in the shower, good to remove dandruff and remove hardened sebum & dirt. What’s more it prevents hair loss by scalp stimulation and help to hair growth.', ""▶ Soft Silicone - The scalp brush is made of silicon, soft enough to use for kids, very gentle, doesn't irritate your scalp at all, sturdy, will not deformated. No need to worry about your long nails or sensitive scalp."", '▶ Works for Any Hair Texture - Scalp hair brush works appropriate for all types of hair, including dense, thick, coarse or curly hair. Manual with no battery required and Waterproof.', '▶ Refund And Warranty - Get two scalp massager for hair growth and start your scalp salon，1 years money back guarantee. If you have any question, send email to us, we will reply in 24 hours.']",037,"[""title: Good \ntext: Good product, doesn't tangle my hair and makes my scalp feel cleaner"", 'title: great \ntext: very good product kind of hard to hold, i recommend putting your fingers through the handle instead of holding it by the handle', 'title: Great value great product \ntext: This is such a great deal for a pack of two. I had originally bought a different brand that was more expensive but in comparison these are just as great. The bristles are stiff enough to actually make it feel like youre giving yourself a scalp massage during shower. Colors are vibrant and cute!']","The product is praised for its quality, as it effectively prevents hair tangling and leaves the scalp feeling cleaner, indicating its functional benefits [0]. Despite being somewhat difficult to hold, users find it manageable by adjusting their grip, suggesting that the design could be improved for ease of use [1]. Additionally, the product is considered a great value, offering comparable quality to more expensive brands, with stiff bristles that enhance the user experience by providing a scalp massage effect. The vibrant and cute colors add to its appeal [2].",7.75
How’s the quality of this product,"['▶ Improve Blood Circulation, Massager Scalp - Chialstar scalp massager provides gentle stimulation to increase the blood circulation for daily health care with comfortable and relaxing feeling. Massage your scalp, neck or body, relieving fatigue, pressure and muscles sore. Strengthen the roots of your hair and nourish the hair shafts.', '▶ Powerful Cleaning Ability - Using this shampoo brush to clean hair, or shower, your scalp will feel so much cleaner in the shower, good to remove dandruff and remove hardened sebum & dirt. What’s more it prevents hair loss by scalp stimulation and help to hair growth.', ""▶ Soft Silicone - The scalp brush is made of silicon, soft enough to use for kids, very gentle, doesn't irritate your scalp at all, sturdy, will not deformated. No need to worry about your long nails or sensitive scalp."", '▶ Works for Any Hair Texture - Scalp hair brush works appropriate for all types of hair, including dense, thick, coarse or curly hair. Manual with no battery required and Waterproof.', '▶ Refund And Warranty - Get two scalp massager for hair growth and start your scalp salon，1 years money back guarantee. If you have any question, send email to us, we will reply in 24 hours.']",045,"[""title: Good \ntext: Good product, doesn't tangle my hair and makes my scalp feel cleaner"", 'title: Helps with dry winter scalp! \ntext: The product is great quality and seems pretty sturdy. The scrubby feels soft but is firm enough to get a good scrub going on :) I noticed help with dry skin and dandruff after just one use.', 'title: Feels great \ntext: I have only used this once but so far I really liked it! It felt nice and worked well.  I am hopeful that it is good quality and lasts a long time.']","The product is praised for its quality, with users noting that it effectively prevents hair tangling and leaves the scalp feeling cleaner[0]. It is described as sturdy and well-made, with a soft yet firm scrubby that helps alleviate dry skin and dandruff after just one use[1]. Another user expressed satisfaction with the product's initial performance, feeling optimistic about its durability and long-term quality[2].",7.75
How’s the quality of this product,"['▶ Improve Blood Circulation, Massager Scalp - Chialstar scalp massager provides gentle stimulation to increase the blood circulation for daily health care with comfortable and relaxing feeling. Massage your scalp, neck or body, relieving fatigue, pressure and muscles sore. Strengthen the roots of your hair and nourish the hair shafts.', '▶ Powerful Cleaning Ability - Using this shampoo brush to clean hair, or shower, your scalp will feel so much cleaner in the shower, good to remove dandruff and remove hardened sebum & dirt. What’s more it prevents hair loss by scalp stimulation and help to hair growth.', ""▶ Soft Silicone - The scalp brush is made of silicon, soft enough to use for kids, very gentle, doesn't irritate your scalp at all, sturdy, will not deformated. No need to worry about your long nails or sensitive scalp."", '▶ Works for Any Hair Texture - Scalp hair brush works appropriate for all types of hair, including dense, thick, coarse or curly hair. Manual with no battery required and Waterproof.', '▶ Refund And Warranty - Get two scalp massager for hair growth and start your scalp salon，1 years money back guarantee. If you have any question, send email to us, we will reply in 24 hours.']",046,"[""title: Good \ntext: Good product, doesn't tangle my hair and makes my scalp feel cleaner"", 'title: Helps with dry winter scalp! \ntext: The product is great quality and seems pretty sturdy. The scrubby feels soft but is firm enough to get a good scrub going on :) I noticed help with dry skin and dandruff after just one use.', 'title: Great Product \ntext: Really like this product. Does an amazing job when washing and conditioning my hair. Great scalp/head massager without being rough. Would definitely recommend.']","The product is praised for its quality, with users noting that it effectively prevents hair tangling and leaves the scalp feeling cleaner[0]. It is described as sturdy and of great quality, with a soft yet firm scrubby that helps alleviate dry skin and dandruff after just one use[1]. Additionally, it is highlighted as an excellent tool for washing and conditioning hair, providing a gentle scalp massage without being rough, leading to strong recommendations from users[2].",7.75
How’s the quality of this product,"['▶ Improve Blood Circulation, Massager Scalp - Chialstar scalp massager provides gentle stimulation to increase the blood circulation for daily health care with comfortable and relaxing feeling. Massage your scalp, neck or body, relieving fatigue, pressure and muscles sore. Strengthen the roots of your hair and nourish the hair shafts.', '▶ Powerful Cleaning Ability - Using this shampoo brush to clean hair, or shower, your scalp will feel so much cleaner in the shower, good to remove dandruff and remove hardened sebum & dirt. What’s more it prevents hair loss by scalp stimulation and help to hair growth.', ""▶ Soft Silicone - The scalp brush is made of silicon, soft enough to use for kids, very gentle, doesn't irritate your scalp at all, sturdy, will not deformated. No need to worry about your long nails or sensitive scalp."", '▶ Works for Any Hair Texture - Scalp hair brush works appropriate for all types of hair, including dense, thick, coarse or curly hair. Manual with no battery required and Waterproof.', '▶ Refund And Warranty - Get two scalp massager for hair growth and start your scalp salon，1 years money back guarantee. If you have any question, send email to us, we will reply in 24 hours.']",047,"[""title: Good \ntext: Good product, doesn't tangle my hair and makes my scalp feel cleaner"", 'title: Helps with dry winter scalp! \ntext: The product is great quality and seems pretty sturdy. The scrubby feels soft but is firm enough to get a good scrub going on :) I noticed help with dry skin and dandruff after just one use.', 'title: Great value great product \ntext: This is such a great deal for a pack of two. I had originally bought a different brand that was more expensive but in comparison these are just as great. The bristles are stiff enough to actually make it feel like youre giving yourself a scalp massage during shower. Colors are vibrant and cute!']","The product is praised for its quality, as it effectively prevents hair tangling and leaves the scalp feeling cleaner, indicating a positive impact on hair care routines [0]. Users appreciate its sturdy construction and the soft yet firm scrubby, which provides a good scrub and alleviates dry skin and dandruff after just one use, highlighting its effectiveness in addressing scalp issues [1]. Additionally, the product is considered a great value, offering comparable quality to more expensive brands, with stiff bristles that enhance the scalp massage experience during showers, and vibrant, appealing colors [2].",7.75
How’s the quality of this product,"['▶ Improve Blood Circulation, Massager Scalp - Chialstar scalp massager provides gentle stimulation to increase the blood circulation for daily health care with comfortable and relaxing feeling. Massage your scalp, neck or body, relieving fatigue, pressure and muscles sore. Strengthen the roots of your hair and nourish the hair shafts.', '▶ Powerful Cleaning Ability - Using this shampoo brush to clean hair, or shower, your scalp will feel so much cleaner in the shower, good to remove dandruff and remove hardened sebum & dirt. What’s more it prevents hair loss by scalp stimulation and help to hair growth.', ""▶ Soft Silicone - The scalp brush is made of silicon, soft enough to use for kids, very gentle, doesn't irritate your scalp at all, sturdy, will not deformated. No need to worry about your long nails or sensitive scalp."", '▶ Works for Any Hair Texture - Scalp hair brush works appropriate for all types of hair, including dense, thick, coarse or curly hair. Manual with no battery required and Waterproof.', '▶ Refund And Warranty - Get two scalp massager for hair growth and start your scalp salon，1 years money back guarantee. If you have any question, send email to us, we will reply in 24 hours.']",056,"[""title: Good \ntext: Good product, doesn't tangle my hair and makes my scalp feel cleaner"", 'title: Feels great \ntext: I have only used this once but so far I really liked it! It felt nice and worked well.  I am hopeful that it is good quality and lasts a long time.', 'title: Great Product \ntext: Really like this product. Does an amazing job when washing and conditioning my hair. Great scalp/head massager without being rough. Would definitely recommend.']","The product is praised for its quality, as it effectively prevents hair tangling and leaves the scalp feeling cleaner, which indicates a positive impact on hair health and hygiene [0]. Users have expressed satisfaction with the product's performance, noting that it feels nice and works well, suggesting that it is of good quality and potentially durable [1]. Additionally, the product is commended for its excellent performance in washing and conditioning hair, as well as its gentle yet effective scalp massaging capabilities, making it highly recommendable [2].",7.75
How’s the quality of this product,"['▶ Improve Blood Circulation, Massager Scalp - Chialstar scalp massager provides gentle stimulation to increase the blood circulation for daily health care with comfortable and relaxing feeling. Massage your scalp, neck or body, relieving fatigue, pressure and muscles sore. Strengthen the roots of your hair and nourish the hair shafts.', '▶ Powerful Cleaning Ability - Using this shampoo brush to clean hair, or shower, your scalp will feel so much cleaner in the shower, good to remove dandruff and remove hardened sebum & dirt. What’s more it prevents hair loss by scalp stimulation and help to hair growth.', ""▶ Soft Silicone - The scalp brush is made of silicon, soft enough to use for kids, very gentle, doesn't irritate your scalp at all, sturdy, will not deformated. No need to worry about your long nails or sensitive scalp."", '▶ Works for Any Hair Texture - Scalp hair brush works appropriate for all types of hair, including dense, thick, coarse or curly hair. Manual with no battery required and Waterproof.', '▶ Refund And Warranty - Get two scalp massager for hair growth and start your scalp salon，1 years money back guarantee. If you have any question, send email to us, we will reply in 24 hours.']",057,"[""title: Good \ntext: Good product, doesn't tangle my hair and makes my scalp feel cleaner"", 'title: Feels great \ntext: I have only used this once but so far I really liked it! It felt nice and worked well.  I am hopeful that it is good quality and lasts a long time.', 'title: Great value great product \ntext: This is such a great deal for a pack of two. I had originally bought a different brand that was more expensive but in comparison these are just as great. The bristles are stiff enough to actually make it feel like youre giving yourself a scalp massage during shower. Colors are vibrant and cute!']","The product is praised for its quality, as it effectively prevents hair tangling and leaves the scalp feeling cleaner, indicating a positive impact on hair care routines [0]. Users have expressed satisfaction with the product's performance after initial use, noting that it feels nice and works well, which suggests a promising quality and potential durability [1]. Additionally, the product is considered a great value, offering comparable quality to more expensive brands, with features such as stiff bristles that enhance the user experience by providing a scalp massage effect during use [2].",7.75
How’s the quality of this product,"['▶ Improve Blood Circulation, Massager Scalp - Chialstar scalp massager provides gentle stimulation to increase the blood circulation for daily health care with comfortable and relaxing feeling. Massage your scalp, neck or body, relieving fatigue, pressure and muscles sore. Strengthen the roots of your hair and nourish the hair shafts.', '▶ Powerful Cleaning Ability - Using this shampoo brush to clean hair, or shower, your scalp will feel so much cleaner in the shower, good to remove dandruff and remove hardened sebum & dirt. What’s more it prevents hair loss by scalp stimulation and help to hair growth.', ""▶ Soft Silicone - The scalp brush is made of silicon, soft enough to use for kids, very gentle, doesn't irritate your scalp at all, sturdy, will not deformated. No need to worry about your long nails or sensitive scalp."", '▶ Works for Any Hair Texture - Scalp hair brush works appropriate for all types of hair, including dense, thick, coarse or curly hair. Manual with no battery required and Waterproof.', '▶ Refund And Warranty - Get two scalp massager for hair growth and start your scalp salon，1 years money back guarantee. If you have any question, send email to us, we will reply in 24 hours.']",067,"[""title: Good \ntext: Good product, doesn't tangle my hair and makes my scalp feel cleaner"", 'title: Great Product \ntext: Really like this product. Does an amazing job when washing and conditioning my hair. Great scalp/head massager without being rough. Would definitely recommend.', 'title: Great value great product \ntext: This is such a great deal for a pack of two. I had originally bought a different brand that was more expensive but in comparison these are just as great. The bristles are stiff enough to actually make it feel like youre giving yourself a scalp massage during shower. Colors are vibrant and cute!']","The product is praised for its ability to prevent hair tangling and enhance scalp cleanliness, contributing to a positive user experience [0]. Users appreciate its effectiveness in washing and conditioning hair, as well as its gentle yet effective scalp massaging capabilities, making it highly recommendable [1]. Additionally, the product is considered a great value, offering comparable quality to more expensive brands, with stiff bristles that provide a satisfying scalp massage and vibrant, appealing colors [2].",7.75
How’s the quality of this product,"['▶ Improve Blood Circulation, Massager Scalp - Chialstar scalp massager provides gentle stimulation to increase the blood circulation for daily health care with comfortable and relaxing feeling. Massage your scalp, neck or body, relieving fatigue, pressure and muscles sore. Strengthen the roots of your hair and nourish the hair shafts.', '▶ Powerful Cleaning Ability - Using this shampoo brush to clean hair, or shower, your scalp will feel so much cleaner in the shower, good to remove dandruff and remove hardened sebum & dirt. What’s more it prevents hair loss by scalp stimulation and help to hair growth.', ""▶ Soft Silicone - The scalp brush is made of silicon, soft enough to use for kids, very gentle, doesn't irritate your scalp at all, sturdy, will not deformated. No need to worry about your long nails or sensitive scalp."", '▶ Works for Any Hair Texture - Scalp hair brush works appropriate for all types of hair, including dense, thick, coarse or curly hair. Manual with no battery required and Waterproof.', '▶ Refund And Warranty - Get two scalp massager for hair growth and start your scalp salon，1 years money back guarantee. If you have any question, send email to us, we will reply in 24 hours.']",123,"['title: It works \ntext: It works well and seems like a good product for the price', 'title: Great quality for the price \ntext: I was worried about quality for the price, but I am really impressed! I love mine.', 'title: great \ntext: very good product kind of hard to hold, i recommend putting your fingers through the handle instead of holding it by the handle']","The product is praised for its functionality and is considered a good value for the price, with users expressing satisfaction with its performance and quality. One user noted that despite initial concerns about the quality due to the price, they were pleasantly surprised and impressed with the product's quality[0][1]. Another user mentioned that while the product is very good, it can be somewhat difficult to hold, suggesting an alternative way to grip it for better handling[2].",5.75
How’s the quality of this product,"['▶ Improve Blood Circulation, Massager Scalp - Chialstar scalp massager provides gentle stimulation to increase the blood circulation for daily health care with comfortable and relaxing feeling. Massage your scalp, neck or body, relieving fatigue, pressure and muscles sore. Strengthen the roots of your hair and nourish the hair shafts.', '▶ Powerful Cleaning Ability - Using this shampoo brush to clean hair, or shower, your scalp will feel so much cleaner in the shower, good to remove dandruff and remove hardened sebum & dirt. What’s more it prevents hair loss by scalp stimulation and help to hair growth.', ""▶ Soft Silicone - The scalp brush is made of silicon, soft enough to use for kids, very gentle, doesn't irritate your scalp at all, sturdy, will not deformated. No need to worry about your long nails or sensitive scalp."", '▶ Works for Any Hair Texture - Scalp hair brush works appropriate for all types of hair, including dense, thick, coarse or curly hair. Manual with no battery required and Waterproof.', '▶ Refund And Warranty - Get two scalp massager for hair growth and start your scalp salon，1 years money back guarantee. If you have any question, send email to us, we will reply in 24 hours.']",124,"['title: It works \ntext: It works well and seems like a good product for the price', 'title: Great quality for the price \ntext: I was worried about quality for the price, but I am really impressed! I love mine.', 'title: Helps with dry winter scalp! \ntext: The product is great quality and seems pretty sturdy. The scrubby feels soft but is firm enough to get a good scrub going on :) I noticed help with dry skin and dandruff after just one use.']","The product is praised for its quality, especially considering its price point. Users have expressed satisfaction with its performance, noting that it works well and is a good value for the cost [0][1]. Additionally, the product is described as sturdy and effective, particularly in addressing issues like dry skin and dandruff, with noticeable improvements after just one use [2].",7.75
How’s the quality of this product,"['▶ Improve Blood Circulation, Massager Scalp - Chialstar scalp massager provides gentle stimulation to increase the blood circulation for daily health care with comfortable and relaxing feeling. Massage your scalp, neck or body, relieving fatigue, pressure and muscles sore. Strengthen the roots of your hair and nourish the hair shafts.', '▶ Powerful Cleaning Ability - Using this shampoo brush to clean hair, or shower, your scalp will feel so much cleaner in the shower, good to remove dandruff and remove hardened sebum & dirt. What’s more it prevents hair loss by scalp stimulation and help to hair growth.', ""▶ Soft Silicone - The scalp brush is made of silicon, soft enough to use for kids, very gentle, doesn't irritate your scalp at all, sturdy, will not deformated. No need to worry about your long nails or sensitive scalp."", '▶ Works for Any Hair Texture - Scalp hair brush works appropriate for all types of hair, including dense, thick, coarse or curly hair. Manual with no battery required and Waterproof.', '▶ Refund And Warranty - Get two scalp massager for hair growth and start your scalp salon，1 years money back guarantee. If you have any question, send email to us, we will reply in 24 hours.']",125,"['title: It works \ntext: It works well and seems like a good product for the price', 'title: Great quality for the price \ntext: I was worried about quality for the price, but I am really impressed! I love mine.', 'title: Feels great \ntext: I have only used this once but so far I really liked it! It felt nice and worked well.  I am hopeful that it is good quality and lasts a long time.']","The product is generally perceived as having good quality, especially considering its price. One user noted that it works well and seems like a good product for the price [0]. Another user expressed initial concerns about the quality due to the low price but was ultimately impressed with the product, stating that they love it [1]. Additionally, a user who has only used the product once mentioned that it felt nice and worked well, expressing hope that it is of good quality and will last a long time [2].",6.75
How’s the quality of this product,"['▶ Improve Blood Circulation, Massager Scalp - Chialstar scalp massager provides gentle stimulation to increase the blood circulation for daily health care with comfortable and relaxing feeling. Massage your scalp, neck or body, relieving fatigue, pressure and muscles sore. Strengthen the roots of your hair and nourish the hair shafts.', '▶ Powerful Cleaning Ability - Using this shampoo brush to clean hair, or shower, your scalp will feel so much cleaner in the shower, good to remove dandruff and remove hardened sebum & dirt. What’s more it prevents hair loss by scalp stimulation and help to hair growth.', ""▶ Soft Silicone - The scalp brush is made of silicon, soft enough to use for kids, very gentle, doesn't irritate your scalp at all, sturdy, will not deformated. No need to worry about your long nails or sensitive scalp."", '▶ Works for Any Hair Texture - Scalp hair brush works appropriate for all types of hair, including dense, thick, coarse or curly hair. Manual with no battery required and Waterproof.', '▶ Refund And Warranty - Get two scalp massager for hair growth and start your scalp salon，1 years money back guarantee. If you have any question, send email to us, we will reply in 24 hours.']",126,"['title: It works \ntext: It works well and seems like a good product for the price', 'title: Great quality for the price \ntext: I was worried about quality for the price, but I am really impressed! I love mine.', 'title: Great Product \ntext: Really like this product. Does an amazing job when washing and conditioning my hair. Great scalp/head massager without being rough. Would definitely recommend.']","The product is praised for its effectiveness and value, with users noting that it works well and is a good purchase for the price [0]. Despite initial concerns about quality due to the low price, users are impressed with the product's performance and express satisfaction with their purchase [1]. Additionally, the product is highlighted for its excellent performance in washing and conditioning hair, as well as its gentle yet effective scalp massaging capabilities, making it highly recommendable [2].",7.75
How’s the quality of this product,"['▶ Improve Blood Circulation, Massager Scalp - Chialstar scalp massager provides gentle stimulation to increase the blood circulation for daily health care with comfortable and relaxing feeling. Massage your scalp, neck or body, relieving fatigue, pressure and muscles sore. Strengthen the roots of your hair and nourish the hair shafts.', '▶ Powerful Cleaning Ability - Using this shampoo brush to clean hair, or shower, your scalp will feel so much cleaner in the shower, good to remove dandruff and remove hardened sebum & dirt. What’s more it prevents hair loss by scalp stimulation and help to hair growth.', ""▶ Soft Silicone - The scalp brush is made of silicon, soft enough to use for kids, very gentle, doesn't irritate your scalp at all, sturdy, will not deformated. No need to worry about your long nails or sensitive scalp."", '▶ Works for Any Hair Texture - Scalp hair brush works appropriate for all types of hair, including dense, thick, coarse or curly hair. Manual with no battery required and Waterproof.', '▶ Refund And Warranty - Get two scalp massager for hair growth and start your scalp salon，1 years money back guarantee. If you have any question, send email to us, we will reply in 24 hours.']",127,"['title: It works \ntext: It works well and seems like a good product for the price', 'title: Great quality for the price \ntext: I was worried about quality for the price, but I am really impressed! I love mine.', 'title: Great value great product \ntext: This is such a great deal for a pack of two. I had originally bought a different brand that was more expensive but in comparison these are just as great. The bristles are stiff enough to actually make it feel like youre giving yourself a scalp massage during shower. Colors are vibrant and cute!']","The product is praised for its effectiveness and affordability, with users expressing satisfaction with its performance relative to its price point. One user noted that it works well and is a good product for the price [0]. Another user, initially concerned about the quality due to the low price, found themselves impressed and expressed love for the product [1]. Additionally, the product is described as a great deal, especially when compared to more expensive brands, with features such as stiff bristles that enhance the user experience by providing a scalp massage sensation during use [2].",7.75
How’s the quality of this product,"['▶ Improve Blood Circulation, Massager Scalp - Chialstar scalp massager provides gentle stimulation to increase the blood circulation for daily health care with comfortable and relaxing feeling. Massage your scalp, neck or body, relieving fatigue, pressure and muscles sore. Strengthen the roots of your hair and nourish the hair shafts.', '▶ Powerful Cleaning Ability - Using this shampoo brush to clean hair, or shower, your scalp will feel so much cleaner in the shower, good to remove dandruff and remove hardened sebum & dirt. What’s more it prevents hair loss by scalp stimulation and help to hair growth.', ""▶ Soft Silicone - The scalp brush is made of silicon, soft enough to use for kids, very gentle, doesn't irritate your scalp at all, sturdy, will not deformated. No need to worry about your long nails or sensitive scalp."", '▶ Works for Any Hair Texture - Scalp hair brush works appropriate for all types of hair, including dense, thick, coarse or curly hair. Manual with no battery required and Waterproof.', '▶ Refund And Warranty - Get two scalp massager for hair growth and start your scalp salon，1 years money back guarantee. If you have any question, send email to us, we will reply in 24 hours.']",134,"['title: It works \ntext: It works well and seems like a good product for the price', 'title: great \ntext: very good product kind of hard to hold, i recommend putting your fingers through the handle instead of holding it by the handle', 'title: Helps with dry winter scalp! \ntext: The product is great quality and seems pretty sturdy. The scrubby feels soft but is firm enough to get a good scrub going on :) I noticed help with dry skin and dandruff after just one use.']","The product is generally perceived as good quality and effective for its price, with users noting its sturdiness and effectiveness in addressing issues like dry skin and dandruff[0][2]. However, some users find it somewhat difficult to hold, suggesting an alternative grip method for better handling[1].",7.75
How’s the quality of this product,"['▶ Improve Blood Circulation, Massager Scalp - Chialstar scalp massager provides gentle stimulation to increase the blood circulation for daily health care with comfortable and relaxing feeling. Massage your scalp, neck or body, relieving fatigue, pressure and muscles sore. Strengthen the roots of your hair and nourish the hair shafts.', '▶ Powerful Cleaning Ability - Using this shampoo brush to clean hair, or shower, your scalp will feel so much cleaner in the shower, good to remove dandruff and remove hardened sebum & dirt. What’s more it prevents hair loss by scalp stimulation and help to hair growth.', ""▶ Soft Silicone - The scalp brush is made of silicon, soft enough to use for kids, very gentle, doesn't irritate your scalp at all, sturdy, will not deformated. No need to worry about your long nails or sensitive scalp."", '▶ Works for Any Hair Texture - Scalp hair brush works appropriate for all types of hair, including dense, thick, coarse or curly hair. Manual with no battery required and Waterproof.', '▶ Refund And Warranty - Get two scalp massager for hair growth and start your scalp salon，1 years money back guarantee. If you have any question, send email to us, we will reply in 24 hours.']",135,"['title: It works \ntext: It works well and seems like a good product for the price', 'title: great \ntext: very good product kind of hard to hold, i recommend putting your fingers through the handle instead of holding it by the handle', 'title: Feels great \ntext: I have only used this once but so far I really liked it! It felt nice and worked well.  I am hopeful that it is good quality and lasts a long time.']","The product is generally perceived as good quality and effective for its price, with users expressing satisfaction with its performance. One user noted that it works well and is a good value for the price [0]. Another user found the product to be very good, although they mentioned a slight difficulty in handling it, suggesting an alternative way to hold it for better use [1]. Additionally, a user who has only used the product once reported a positive initial experience, feeling that it worked well and expressing hope for its durability and long-lasting quality [2].",6.75
How’s the quality of this product,"['▶ Improve Blood Circulation, Massager Scalp - Chialstar scalp massager provides gentle stimulation to increase the blood circulation for daily health care with comfortable and relaxing feeling. Massage your scalp, neck or body, relieving fatigue, pressure and muscles sore. Strengthen the roots of your hair and nourish the hair shafts.', '▶ Powerful Cleaning Ability - Using this shampoo brush to clean hair, or shower, your scalp will feel so much cleaner in the shower, good to remove dandruff and remove hardened sebum & dirt. What’s more it prevents hair loss by scalp stimulation and help to hair growth.', ""▶ Soft Silicone - The scalp brush is made of silicon, soft enough to use for kids, very gentle, doesn't irritate your scalp at all, sturdy, will not deformated. No need to worry about your long nails or sensitive scalp."", '▶ Works for Any Hair Texture - Scalp hair brush works appropriate for all types of hair, including dense, thick, coarse or curly hair. Manual with no battery required and Waterproof.', '▶ Refund And Warranty - Get two scalp massager for hair growth and start your scalp salon，1 years money back guarantee. If you have any question, send email to us, we will reply in 24 hours.']",136,"['title: It works \ntext: It works well and seems like a good product for the price', 'title: great \ntext: very good product kind of hard to hold, i recommend putting your fingers through the handle instead of holding it by the handle', 'title: Great Product \ntext: Really like this product. Does an amazing job when washing and conditioning my hair. Great scalp/head massager without being rough. Would definitely recommend.']","The product is generally well-received for its effectiveness and value for money. Users appreciate its performance, noting that it works well and is a good product for the price [0]. It is described as a very good product, although some users find it slightly difficult to hold, suggesting an alternative grip method for better handling [1]. Additionally, the product is praised for its ability to wash and condition hair effectively, serving as a great scalp massager without being too rough [2].",7.75
How’s the quality of this product,"['▶ Improve Blood Circulation, Massager Scalp - Chialstar scalp massager provides gentle stimulation to increase the blood circulation for daily health care with comfortable and relaxing feeling. Massage your scalp, neck or body, relieving fatigue, pressure and muscles sore. Strengthen the roots of your hair and nourish the hair shafts.', '▶ Powerful Cleaning Ability - Using this shampoo brush to clean hair, or shower, your scalp will feel so much cleaner in the shower, good to remove dandruff and remove hardened sebum & dirt. What’s more it prevents hair loss by scalp stimulation and help to hair growth.', ""▶ Soft Silicone - The scalp brush is made of silicon, soft enough to use for kids, very gentle, doesn't irritate your scalp at all, sturdy, will not deformated. No need to worry about your long nails or sensitive scalp."", '▶ Works for Any Hair Texture - Scalp hair brush works appropriate for all types of hair, including dense, thick, coarse or curly hair. Manual with no battery required and Waterproof.', '▶ Refund And Warranty - Get two scalp massager for hair growth and start your scalp salon，1 years money back guarantee. If you have any question, send email to us, we will reply in 24 hours.']",137,"['title: It works \ntext: It works well and seems like a good product for the price', 'title: great \ntext: very good product kind of hard to hold, i recommend putting your fingers through the handle instead of holding it by the handle', 'title: Great value great product \ntext: This is such a great deal for a pack of two. I had originally bought a different brand that was more expensive but in comparison these are just as great. The bristles are stiff enough to actually make it feel like youre giving yourself a scalp massage during shower. Colors are vibrant and cute!']","The product is generally well-received for its performance and value. Users appreciate that it works well and is considered a good product for the price [0]. Although some find it a bit challenging to hold, a recommendation is made to use the handle differently for better grip [1]. Additionally, the product is praised for being a great deal, especially when compared to more expensive brands, with features like stiff bristles that enhance the user experience and vibrant colors that add to its appeal [2].",7.75
How’s the quality of this product,"['▶ Improve Blood Circulation, Massager Scalp - Chialstar scalp massager provides gentle stimulation to increase the blood circulation for daily health care with comfortable and relaxing feeling. Massage your scalp, neck or body, relieving fatigue, pressure and muscles sore. Strengthen the roots of your hair and nourish the hair shafts.', '▶ Powerful Cleaning Ability - Using this shampoo brush to clean hair, or shower, your scalp will feel so much cleaner in the shower, good to remove dandruff and remove hardened sebum & dirt. What’s more it prevents hair loss by scalp stimulation and help to hair growth.', ""▶ Soft Silicone - The scalp brush is made of silicon, soft enough to use for kids, very gentle, doesn't irritate your scalp at all, sturdy, will not deformated. No need to worry about your long nails or sensitive scalp."", '▶ Works for Any Hair Texture - Scalp hair brush works appropriate for all types of hair, including dense, thick, coarse or curly hair. Manual with no battery required and Waterproof.', '▶ Refund And Warranty - Get two scalp massager for hair growth and start your scalp salon，1 years money back guarantee. If you have any question, send email to us, we will reply in 24 hours.']",145,"['title: It works \ntext: It works well and seems like a good product for the price', 'title: Helps with dry winter scalp! \ntext: The product is great quality and seems pretty sturdy. The scrubby feels soft but is firm enough to get a good scrub going on :) I noticed help with dry skin and dandruff after just one use.', 'title: Feels great \ntext: I have only used this once but so far I really liked it! It felt nice and worked well.  I am hopeful that it is good quality and lasts a long time.']","The product is described as working well and being a good value for the price, indicating satisfaction with its quality [0]. Users have noted that the product is of great quality, sturdy, and effective in addressing dry skin and dandruff, with a soft yet firm texture that enhances its usability [1]. Another user expressed initial satisfaction with the product's feel and performance, and is optimistic about its durability and quality over time [2].",7.75
How’s the quality of this product,"['▶ Improve Blood Circulation, Massager Scalp - Chialstar scalp massager provides gentle stimulation to increase the blood circulation for daily health care with comfortable and relaxing feeling. Massage your scalp, neck or body, relieving fatigue, pressure and muscles sore. Strengthen the roots of your hair and nourish the hair shafts.', '▶ Powerful Cleaning Ability - Using this shampoo brush to clean hair, or shower, your scalp will feel so much cleaner in the shower, good to remove dandruff and remove hardened sebum & dirt. What’s more it prevents hair loss by scalp stimulation and help to hair growth.', ""▶ Soft Silicone - The scalp brush is made of silicon, soft enough to use for kids, very gentle, doesn't irritate your scalp at all, sturdy, will not deformated. No need to worry about your long nails or sensitive scalp."", '▶ Works for Any Hair Texture - Scalp hair brush works appropriate for all types of hair, including dense, thick, coarse or curly hair. Manual with no battery required and Waterproof.', '▶ Refund And Warranty - Get two scalp massager for hair growth and start your scalp salon，1 years money back guarantee. If you have any question, send email to us, we will reply in 24 hours.']",146,"['title: It works \ntext: It works well and seems like a good product for the price', 'title: Helps with dry winter scalp! \ntext: The product is great quality and seems pretty sturdy. The scrubby feels soft but is firm enough to get a good scrub going on :) I noticed help with dry skin and dandruff after just one use.', 'title: Great Product \ntext: Really like this product. Does an amazing job when washing and conditioning my hair. Great scalp/head massager without being rough. Would definitely recommend.']","The product is praised for its quality and effectiveness, with users noting that it works well and offers good value for the price[0]. It is described as sturdy and beneficial for addressing dry skin and dandruff, with noticeable improvements after just one use[1]. Additionally, it is highlighted as an excellent tool for washing and conditioning hair, providing a great scalp massage without being too rough[2].",7.75
How’s the quality of this product,"['▶ Improve Blood Circulation, Massager Scalp - Chialstar scalp massager provides gentle stimulation to increase the blood circulation for daily health care with comfortable and relaxing feeling. Massage your scalp, neck or body, relieving fatigue, pressure and muscles sore. Strengthen the roots of your hair and nourish the hair shafts.', '▶ Powerful Cleaning Ability - Using this shampoo brush to clean hair, or shower, your scalp will feel so much cleaner in the shower, good to remove dandruff and remove hardened sebum & dirt. What’s more it prevents hair loss by scalp stimulation and help to hair growth.', ""▶ Soft Silicone - The scalp brush is made of silicon, soft enough to use for kids, very gentle, doesn't irritate your scalp at all, sturdy, will not deformated. No need to worry about your long nails or sensitive scalp."", '▶ Works for Any Hair Texture - Scalp hair brush works appropriate for all types of hair, including dense, thick, coarse or curly hair. Manual with no battery required and Waterproof.', '▶ Refund And Warranty - Get two scalp massager for hair growth and start your scalp salon，1 years money back guarantee. If you have any question, send email to us, we will reply in 24 hours.']",147,"['title: It works \ntext: It works well and seems like a good product for the price', 'title: Helps with dry winter scalp! \ntext: The product is great quality and seems pretty sturdy. The scrubby feels soft but is firm enough to get a good scrub going on :) I noticed help with dry skin and dandruff after just one use.', 'title: Great value great product \ntext: This is such a great deal for a pack of two. I had originally bought a different brand that was more expensive but in comparison these are just as great. The bristles are stiff enough to actually make it feel like youre giving yourself a scalp massage during shower. Colors are vibrant and cute!']","The product is praised for its quality and affordability, with users noting that it works well for the price[0]. It is described as sturdy and effective in addressing dry skin and dandruff, with a soft yet firm scrubber that provides a good scrub[1]. Additionally, it is considered a great value, comparable to more expensive brands, with stiff bristles that enhance the scalp massage experience during showers[2].",7.75
How’s the quality of this product,"['▶ Improve Blood Circulation, Massager Scalp - Chialstar scalp massager provides gentle stimulation to increase the blood circulation for daily health care with comfortable and relaxing feeling. Massage your scalp, neck or body, relieving fatigue, pressure and muscles sore. Strengthen the roots of your hair and nourish the hair shafts.', '▶ Powerful Cleaning Ability - Using this shampoo brush to clean hair, or shower, your scalp will feel so much cleaner in the shower, good to remove dandruff and remove hardened sebum & dirt. What’s more it prevents hair loss by scalp stimulation and help to hair growth.', ""▶ Soft Silicone - The scalp brush is made of silicon, soft enough to use for kids, very gentle, doesn't irritate your scalp at all, sturdy, will not deformated. No need to worry about your long nails or sensitive scalp."", '▶ Works for Any Hair Texture - Scalp hair brush works appropriate for all types of hair, including dense, thick, coarse or curly hair. Manual with no battery required and Waterproof.', '▶ Refund And Warranty - Get two scalp massager for hair growth and start your scalp salon，1 years money back guarantee. If you have any question, send email to us, we will reply in 24 hours.']",156,"['title: It works \ntext: It works well and seems like a good product for the price', 'title: Feels great \ntext: I have only used this once but so far I really liked it! It felt nice and worked well.  I am hopeful that it is good quality and lasts a long time.', 'title: Great Product \ntext: Really like this product. Does an amazing job when washing and conditioning my hair. Great scalp/head massager without being rough. Would definitely recommend.']","The product is generally perceived as effective and valuable for its price, with users expressing satisfaction with its performance. One user noted that it works well and is a good product for the price [0]. Another user, who has only used it once, mentioned that it felt nice and worked well, expressing hope for its long-term quality [1]. Additionally, a user praised the product for its excellent performance in washing and conditioning hair, highlighting its effectiveness as a scalp massager without being too rough, and recommended it to others [2].",7.75
How’s the quality of this product,"['▶ Improve Blood Circulation, Massager Scalp - Chialstar scalp massager provides gentle stimulation to increase the blood circulation for daily health care with comfortable and relaxing feeling. Massage your scalp, neck or body, relieving fatigue, pressure and muscles sore. Strengthen the roots of your hair and nourish the hair shafts.', '▶ Powerful Cleaning Ability - Using this shampoo brush to clean hair, or shower, your scalp will feel so much cleaner in the shower, good to remove dandruff and remove hardened sebum & dirt. What’s more it prevents hair loss by scalp stimulation and help to hair growth.', ""▶ Soft Silicone - The scalp brush is made of silicon, soft enough to use for kids, very gentle, doesn't irritate your scalp at all, sturdy, will not deformated. No need to worry about your long nails or sensitive scalp."", '▶ Works for Any Hair Texture - Scalp hair brush works appropriate for all types of hair, including dense, thick, coarse or curly hair. Manual with no battery required and Waterproof.', '▶ Refund And Warranty - Get two scalp massager for hair growth and start your scalp salon，1 years money back guarantee. If you have any question, send email to us, we will reply in 24 hours.']",157,"['title: It works \ntext: It works well and seems like a good product for the price', 'title: Feels great \ntext: I have only used this once but so far I really liked it! It felt nice and worked well.  I am hopeful that it is good quality and lasts a long time.', 'title: Great value great product \ntext: This is such a great deal for a pack of two. I had originally bought a different brand that was more expensive but in comparison these are just as great. The bristles are stiff enough to actually make it feel like youre giving yourself a scalp massage during shower. Colors are vibrant and cute!']","The product is perceived as a good value for its price, with users noting that it works well and seems to be of good quality[0]. One user, who has only used it once, expressed satisfaction with its performance and is optimistic about its durability[1]. Another user highlighted the product's value, comparing it favorably to a more expensive brand, and appreciated the stiff bristles and vibrant colors[2].",7.75
How’s the quality of this product,"['▶ Improve Blood Circulation, Massager Scalp - Chialstar scalp massager provides gentle stimulation to increase the blood circulation for daily health care with comfortable and relaxing feeling. Massage your scalp, neck or body, relieving fatigue, pressure and muscles sore. Strengthen the roots of your hair and nourish the hair shafts.', '▶ Powerful Cleaning Ability - Using this shampoo brush to clean hair, or shower, your scalp will feel so much cleaner in the shower, good to remove dandruff and remove hardened sebum & dirt. What’s more it prevents hair loss by scalp stimulation and help to hair growth.', ""▶ Soft Silicone - The scalp brush is made of silicon, soft enough to use for kids, very gentle, doesn't irritate your scalp at all, sturdy, will not deformated. No need to worry about your long nails or sensitive scalp."", '▶ Works for Any Hair Texture - Scalp hair brush works appropriate for all types of hair, including dense, thick, coarse or curly hair. Manual with no battery required and Waterproof.', '▶ Refund And Warranty - Get two scalp massager for hair growth and start your scalp salon，1 years money back guarantee. If you have any question, send email to us, we will reply in 24 hours.']",167,"['title: It works \ntext: It works well and seems like a good product for the price', 'title: Great Product \ntext: Really like this product. Does an amazing job when washing and conditioning my hair. Great scalp/head massager without being rough. Would definitely recommend.', 'title: Great value great product \ntext: This is such a great deal for a pack of two. I had originally bought a different brand that was more expensive but in comparison these are just as great. The bristles are stiff enough to actually make it feel like youre giving yourself a scalp massage during shower. Colors are vibrant and cute!']","The product is praised for its effectiveness and affordability, with users noting that it works well and is a good value for the price [0]. It is highly recommended for its performance in washing and conditioning hair, as well as its ability to massage the scalp gently yet effectively [1]. Additionally, the product is considered a great deal, especially when compared to more expensive brands, with users appreciating the vibrant colors and the quality of the bristles [2].",7.75
How’s the quality of this product,"['▶ Improve Blood Circulation, Massager Scalp - Chialstar scalp massager provides gentle stimulation to increase the blood circulation for daily health care with comfortable and relaxing feeling. Massage your scalp, neck or body, relieving fatigue, pressure and muscles sore. Strengthen the roots of your hair and nourish the hair shafts.', '▶ Powerful Cleaning Ability - Using this shampoo brush to clean hair, or shower, your scalp will feel so much cleaner in the shower, good to remove dandruff and remove hardened sebum & dirt. What’s more it prevents hair loss by scalp stimulation and help to hair growth.', ""▶ Soft Silicone - The scalp brush is made of silicon, soft enough to use for kids, very gentle, doesn't irritate your scalp at all, sturdy, will not deformated. No need to worry about your long nails or sensitive scalp."", '▶ Works for Any Hair Texture - Scalp hair brush works appropriate for all types of hair, including dense, thick, coarse or curly hair. Manual with no battery required and Waterproof.', '▶ Refund And Warranty - Get two scalp massager for hair growth and start your scalp salon，1 years money back guarantee. If you have any question, send email to us, we will reply in 24 hours.']",234,"['title: Great quality for the price \ntext: I was worried about quality for the price, but I am really impressed! I love mine.', 'title: great \ntext: very good product kind of hard to hold, i recommend putting your fingers through the handle instead of holding it by the handle', 'title: Helps with dry winter scalp! \ntext: The product is great quality and seems pretty sturdy. The scrubby feels soft but is firm enough to get a good scrub going on :) I noticed help with dry skin and dandruff after just one use.']","The product is praised for its impressive quality, especially considering its price, with users expressing satisfaction and love for it [0]. Although one user found it somewhat difficult to hold, they still regarded it as a very good product and suggested an alternative way to grip it for better handling [1]. Additionally, the product is described as sturdy and effective, particularly in addressing dry scalp and dandruff issues, with noticeable improvements after just one use [2].",7.75
How’s the quality of this product,"['▶ Improve Blood Circulation, Massager Scalp - Chialstar scalp massager provides gentle stimulation to increase the blood circulation for daily health care with comfortable and relaxing feeling. Massage your scalp, neck or body, relieving fatigue, pressure and muscles sore. Strengthen the roots of your hair and nourish the hair shafts.', '▶ Powerful Cleaning Ability - Using this shampoo brush to clean hair, or shower, your scalp will feel so much cleaner in the shower, good to remove dandruff and remove hardened sebum & dirt. What’s more it prevents hair loss by scalp stimulation and help to hair growth.', ""▶ Soft Silicone - The scalp brush is made of silicon, soft enough to use for kids, very gentle, doesn't irritate your scalp at all, sturdy, will not deformated. No need to worry about your long nails or sensitive scalp."", '▶ Works for Any Hair Texture - Scalp hair brush works appropriate for all types of hair, including dense, thick, coarse or curly hair. Manual with no battery required and Waterproof.', '▶ Refund And Warranty - Get two scalp massager for hair growth and start your scalp salon，1 years money back guarantee. If you have any question, send email to us, we will reply in 24 hours.']",235,"['title: Great quality for the price \ntext: I was worried about quality for the price, but I am really impressed! I love mine.', 'title: great \ntext: very good product kind of hard to hold, i recommend putting your fingers through the handle instead of holding it by the handle', 'title: Feels great \ntext: I have only used this once but so far I really liked it! It felt nice and worked well.  I am hopeful that it is good quality and lasts a long time.']","The product has received positive feedback regarding its quality, especially considering its price point. One user expressed initial concerns about the quality due to the low price but was ultimately impressed with the product's performance and satisfaction with their purchase [0]. Another user noted that while the product is very good, it can be somewhat difficult to hold, suggesting an alternative grip method for better handling [1]. Additionally, a user who has only used the product once reported that it felt nice and worked well, expressing hope that it will prove to be durable and of good quality over time [2].",6.75
How’s the quality of this product,"['▶ Improve Blood Circulation, Massager Scalp - Chialstar scalp massager provides gentle stimulation to increase the blood circulation for daily health care with comfortable and relaxing feeling. Massage your scalp, neck or body, relieving fatigue, pressure and muscles sore. Strengthen the roots of your hair and nourish the hair shafts.', '▶ Powerful Cleaning Ability - Using this shampoo brush to clean hair, or shower, your scalp will feel so much cleaner in the shower, good to remove dandruff and remove hardened sebum & dirt. What’s more it prevents hair loss by scalp stimulation and help to hair growth.', ""▶ Soft Silicone - The scalp brush is made of silicon, soft enough to use for kids, very gentle, doesn't irritate your scalp at all, sturdy, will not deformated. No need to worry about your long nails or sensitive scalp."", '▶ Works for Any Hair Texture - Scalp hair brush works appropriate for all types of hair, including dense, thick, coarse or curly hair. Manual with no battery required and Waterproof.', '▶ Refund And Warranty - Get two scalp massager for hair growth and start your scalp salon，1 years money back guarantee. If you have any question, send email to us, we will reply in 24 hours.']",236,"['title: Great quality for the price \ntext: I was worried about quality for the price, but I am really impressed! I love mine.', 'title: great \ntext: very good product kind of hard to hold, i recommend putting your fingers through the handle instead of holding it by the handle', 'title: Great Product \ntext: Really like this product. Does an amazing job when washing and conditioning my hair. Great scalp/head massager without being rough. Would definitely recommend.']","The product is praised for its impressive quality, especially considering its price, which exceeded initial expectations [0]. Users appreciate its effectiveness, particularly in washing and conditioning hair, and commend its gentle yet effective scalp massaging capabilities [2]. However, there is a minor issue with handling, as one user suggests a different grip technique for better usability [1]. Overall, the product is highly recommended for its performance and value [0][2].",7.75
How’s the quality of this product,"['▶ Improve Blood Circulation, Massager Scalp - Chialstar scalp massager provides gentle stimulation to increase the blood circulation for daily health care with comfortable and relaxing feeling. Massage your scalp, neck or body, relieving fatigue, pressure and muscles sore. Strengthen the roots of your hair and nourish the hair shafts.', '▶ Powerful Cleaning Ability - Using this shampoo brush to clean hair, or shower, your scalp will feel so much cleaner in the shower, good to remove dandruff and remove hardened sebum & dirt. What’s more it prevents hair loss by scalp stimulation and help to hair growth.', ""▶ Soft Silicone - The scalp brush is made of silicon, soft enough to use for kids, very gentle, doesn't irritate your scalp at all, sturdy, will not deformated. No need to worry about your long nails or sensitive scalp."", '▶ Works for Any Hair Texture - Scalp hair brush works appropriate for all types of hair, including dense, thick, coarse or curly hair. Manual with no battery required and Waterproof.', '▶ Refund And Warranty - Get two scalp massager for hair growth and start your scalp salon，1 years money back guarantee. If you have any question, send email to us, we will reply in 24 hours.']",237,"['title: Great quality for the price \ntext: I was worried about quality for the price, but I am really impressed! I love mine.', 'title: great \ntext: very good product kind of hard to hold, i recommend putting your fingers through the handle instead of holding it by the handle', 'title: Great value great product \ntext: This is such a great deal for a pack of two. I had originally bought a different brand that was more expensive but in comparison these are just as great. The bristles are stiff enough to actually make it feel like youre giving yourself a scalp massage during shower. Colors are vibrant and cute!']","The product is praised for its impressive quality, especially considering its price point, which exceeded initial expectations[0]. Despite some difficulty in handling, the product is recommended for its effectiveness[1]. It is considered a great value, comparable to more expensive brands, with features like stiff bristles that enhance the user experience, and vibrant, appealing colors[2].",7.75
How’s the quality of this product,"['▶ Improve Blood Circulation, Massager Scalp - Chialstar scalp massager provides gentle stimulation to increase the blood circulation for daily health care with comfortable and relaxing feeling. Massage your scalp, neck or body, relieving fatigue, pressure and muscles sore. Strengthen the roots of your hair and nourish the hair shafts.', '▶ Powerful Cleaning Ability - Using this shampoo brush to clean hair, or shower, your scalp will feel so much cleaner in the shower, good to remove dandruff and remove hardened sebum & dirt. What’s more it prevents hair loss by scalp stimulation and help to hair growth.', ""▶ Soft Silicone - The scalp brush is made of silicon, soft enough to use for kids, very gentle, doesn't irritate your scalp at all, sturdy, will not deformated. No need to worry about your long nails or sensitive scalp."", '▶ Works for Any Hair Texture - Scalp hair brush works appropriate for all types of hair, including dense, thick, coarse or curly hair. Manual with no battery required and Waterproof.', '▶ Refund And Warranty - Get two scalp massager for hair growth and start your scalp salon，1 years money back guarantee. If you have any question, send email to us, we will reply in 24 hours.']",245,"['title: Great quality for the price \ntext: I was worried about quality for the price, but I am really impressed! I love mine.', 'title: Helps with dry winter scalp! \ntext: The product is great quality and seems pretty sturdy. The scrubby feels soft but is firm enough to get a good scrub going on :) I noticed help with dry skin and dandruff after just one use.', 'title: Feels great \ntext: I have only used this once but so far I really liked it! It felt nice and worked well.  I am hopeful that it is good quality and lasts a long time.']","The product is praised for its impressive quality, especially considering its price, with users expressing satisfaction and surprise at its value [0]. It is described as sturdy and effective, with a soft yet firm texture that aids in alleviating dry skin and dandruff, indicating its good quality [1]. Another user, after a single use, noted that the product felt nice and worked well, expressing hope that it will prove to be durable and maintain its quality over time [2].",7.75
How’s the quality of this product,"['▶ Improve Blood Circulation, Massager Scalp - Chialstar scalp massager provides gentle stimulation to increase the blood circulation for daily health care with comfortable and relaxing feeling. Massage your scalp, neck or body, relieving fatigue, pressure and muscles sore. Strengthen the roots of your hair and nourish the hair shafts.', '▶ Powerful Cleaning Ability - Using this shampoo brush to clean hair, or shower, your scalp will feel so much cleaner in the shower, good to remove dandruff and remove hardened sebum & dirt. What’s more it prevents hair loss by scalp stimulation and help to hair growth.', ""▶ Soft Silicone - The scalp brush is made of silicon, soft enough to use for kids, very gentle, doesn't irritate your scalp at all, sturdy, will not deformated. No need to worry about your long nails or sensitive scalp."", '▶ Works for Any Hair Texture - Scalp hair brush works appropriate for all types of hair, including dense, thick, coarse or curly hair. Manual with no battery required and Waterproof.', '▶ Refund And Warranty - Get two scalp massager for hair growth and start your scalp salon，1 years money back guarantee. If you have any question, send email to us, we will reply in 24 hours.']",246,"['title: Great quality for the price \ntext: I was worried about quality for the price, but I am really impressed! I love mine.', 'title: Helps with dry winter scalp! \ntext: The product is great quality and seems pretty sturdy. The scrubby feels soft but is firm enough to get a good scrub going on :) I noticed help with dry skin and dandruff after just one use.', 'title: Great Product \ntext: Really like this product. Does an amazing job when washing and conditioning my hair. Great scalp/head massager without being rough. Would definitely recommend.']","The product is praised for its impressive quality, especially considering its price, with users expressing satisfaction and love for it [0]. It is described as sturdy and effective, particularly in addressing dry skin and dandruff issues, while maintaining a balance between softness and firmness [1]. Additionally, it is highlighted as an excellent tool for washing and conditioning hair, providing a gentle yet effective scalp massage [2].",7.75
How’s the quality of this product,"['▶ Improve Blood Circulation, Massager Scalp - Chialstar scalp massager provides gentle stimulation to increase the blood circulation for daily health care with comfortable and relaxing feeling. Massage your scalp, neck or body, relieving fatigue, pressure and muscles sore. Strengthen the roots of your hair and nourish the hair shafts.', '▶ Powerful Cleaning Ability - Using this shampoo brush to clean hair, or shower, your scalp will feel so much cleaner in the shower, good to remove dandruff and remove hardened sebum & dirt. What’s more it prevents hair loss by scalp stimulation and help to hair growth.', ""▶ Soft Silicone - The scalp brush is made of silicon, soft enough to use for kids, very gentle, doesn't irritate your scalp at all, sturdy, will not deformated. No need to worry about your long nails or sensitive scalp."", '▶ Works for Any Hair Texture - Scalp hair brush works appropriate for all types of hair, including dense, thick, coarse or curly hair. Manual with no battery required and Waterproof.', '▶ Refund And Warranty - Get two scalp massager for hair growth and start your scalp salon，1 years money back guarantee. If you have any question, send email to us, we will reply in 24 hours.']",247,"['title: Great quality for the price \ntext: I was worried about quality for the price, but I am really impressed! I love mine.', 'title: Helps with dry winter scalp! \ntext: The product is great quality and seems pretty sturdy. The scrubby feels soft but is firm enough to get a good scrub going on :) I noticed help with dry skin and dandruff after just one use.', 'title: Great value great product \ntext: This is such a great deal for a pack of two. I had originally bought a different brand that was more expensive but in comparison these are just as great. The bristles are stiff enough to actually make it feel like youre giving yourself a scalp massage during shower. Colors are vibrant and cute!']","The product is praised for its impressive quality, especially considering its price, with users expressing satisfaction and surprise at the value they received [0]. It is noted for being sturdy and effective, particularly in addressing dry skin and dandruff issues, with users appreciating the balance between softness and firmness of the scrubby [1]. Additionally, the product is considered a great value, with users comparing it favorably to more expensive brands, highlighting the effectiveness of the bristles and the appealing design [2].",7.75
How’s the quality of this product,"['▶ Improve Blood Circulation, Massager Scalp - Chialstar scalp massager provides gentle stimulation to increase the blood circulation for daily health care with comfortable and relaxing feeling. Massage your scalp, neck or body, relieving fatigue, pressure and muscles sore. Strengthen the roots of your hair and nourish the hair shafts.', '▶ Powerful Cleaning Ability - Using this shampoo brush to clean hair, or shower, your scalp will feel so much cleaner in the shower, good to remove dandruff and remove hardened sebum & dirt. What’s more it prevents hair loss by scalp stimulation and help to hair growth.', ""▶ Soft Silicone - The scalp brush is made of silicon, soft enough to use for kids, very gentle, doesn't irritate your scalp at all, sturdy, will not deformated. No need to worry about your long nails or sensitive scalp."", '▶ Works for Any Hair Texture - Scalp hair brush works appropriate for all types of hair, including dense, thick, coarse or curly hair. Manual with no battery required and Waterproof.', '▶ Refund And Warranty - Get two scalp massager for hair growth and start your scalp salon，1 years money back guarantee. If you have any question, send email to us, we will reply in 24 hours.']",256,"['title: Great quality for the price \ntext: I was worried about quality for the price, but I am really impressed! I love mine.', 'title: Feels great \ntext: I have only used this once but so far I really liked it! It felt nice and worked well.  I am hopeful that it is good quality and lasts a long time.', 'title: Great Product \ntext: Really like this product. Does an amazing job when washing and conditioning my hair. Great scalp/head massager without being rough. Would definitely recommend.']","The product is praised for its impressive quality, especially considering its price, with users expressing satisfaction and surprise at its performance [0]. One user noted that the product felt nice and worked well during initial use, expressing hope that it will prove to be durable and of good quality over time [1]. Another user highlighted the product's effectiveness in washing and conditioning hair, as well as its gentle yet effective scalp massaging capabilities, recommending it to others [2].",7.75
How’s the quality of this product,"['▶ Improve Blood Circulation, Massager Scalp - Chialstar scalp massager provides gentle stimulation to increase the blood circulation for daily health care with comfortable and relaxing feeling. Massage your scalp, neck or body, relieving fatigue, pressure and muscles sore. Strengthen the roots of your hair and nourish the hair shafts.', '▶ Powerful Cleaning Ability - Using this shampoo brush to clean hair, or shower, your scalp will feel so much cleaner in the shower, good to remove dandruff and remove hardened sebum & dirt. What’s more it prevents hair loss by scalp stimulation and help to hair growth.', ""▶ Soft Silicone - The scalp brush is made of silicon, soft enough to use for kids, very gentle, doesn't irritate your scalp at all, sturdy, will not deformated. No need to worry about your long nails or sensitive scalp."", '▶ Works for Any Hair Texture - Scalp hair brush works appropriate for all types of hair, including dense, thick, coarse or curly hair. Manual with no battery required and Waterproof.', '▶ Refund And Warranty - Get two scalp massager for hair growth and start your scalp salon，1 years money back guarantee. If you have any question, send email to us, we will reply in 24 hours.']",257,"['title: Great quality for the price \ntext: I was worried about quality for the price, but I am really impressed! I love mine.', 'title: Feels great \ntext: I have only used this once but so far I really liked it! It felt nice and worked well.  I am hopeful that it is good quality and lasts a long time.', 'title: Great value great product \ntext: This is such a great deal for a pack of two. I had originally bought a different brand that was more expensive but in comparison these are just as great. The bristles are stiff enough to actually make it feel like youre giving yourself a scalp massage during shower. Colors are vibrant and cute!']","The product is praised for its impressive quality, especially considering its price point, with users expressing satisfaction and surprise at the value received [0]. One user noted that the product felt nice and worked well upon initial use, expressing hope that it will prove to be durable over time [1]. Another user highlighted the product's value, comparing it favorably to a more expensive brand, and appreciated the stiff bristles and vibrant colors [2].",7.75
How’s the quality of this product,"['▶ Improve Blood Circulation, Massager Scalp - Chialstar scalp massager provides gentle stimulation to increase the blood circulation for daily health care with comfortable and relaxing feeling. Massage your scalp, neck or body, relieving fatigue, pressure and muscles sore. Strengthen the roots of your hair and nourish the hair shafts.', '▶ Powerful Cleaning Ability - Using this shampoo brush to clean hair, or shower, your scalp will feel so much cleaner in the shower, good to remove dandruff and remove hardened sebum & dirt. What’s more it prevents hair loss by scalp stimulation and help to hair growth.', ""▶ Soft Silicone - The scalp brush is made of silicon, soft enough to use for kids, very gentle, doesn't irritate your scalp at all, sturdy, will not deformated. No need to worry about your long nails or sensitive scalp."", '▶ Works for Any Hair Texture - Scalp hair brush works appropriate for all types of hair, including dense, thick, coarse or curly hair. Manual with no battery required and Waterproof.', '▶ Refund And Warranty - Get two scalp massager for hair growth and start your scalp salon，1 years money back guarantee. If you have any question, send email to us, we will reply in 24 hours.']",267,"['title: Great quality for the price \ntext: I was worried about quality for the price, but I am really impressed! I love mine.', 'title: Great Product \ntext: Really like this product. Does an amazing job when washing and conditioning my hair. Great scalp/head massager without being rough. Would definitely recommend.', 'title: Great value great product \ntext: This is such a great deal for a pack of two. I had originally bought a different brand that was more expensive but in comparison these are just as great. The bristles are stiff enough to actually make it feel like youre giving yourself a scalp massage during shower. Colors are vibrant and cute!']","The product is praised for its impressive quality, especially considering its price, with users expressing satisfaction and surprise at the value they received [0]. It is noted for its effectiveness in washing and conditioning hair, as well as its gentle yet effective scalp massaging capabilities, making it highly recommendable [1]. Additionally, the product is considered a great deal, offering comparable quality to more expensive brands, with stiff bristles that enhance the scalp massage experience and vibrant, appealing colors [2].",7.75
How’s the quality of this product,"['▶ Improve Blood Circulation, Massager Scalp - Chialstar scalp massager provides gentle stimulation to increase the blood circulation for daily health care with comfortable and relaxing feeling. Massage your scalp, neck or body, relieving fatigue, pressure and muscles sore. Strengthen the roots of your hair and nourish the hair shafts.', '▶ Powerful Cleaning Ability - Using this shampoo brush to clean hair, or shower, your scalp will feel so much cleaner in the shower, good to remove dandruff and remove hardened sebum & dirt. What’s more it prevents hair loss by scalp stimulation and help to hair growth.', ""▶ Soft Silicone - The scalp brush is made of silicon, soft enough to use for kids, very gentle, doesn't irritate your scalp at all, sturdy, will not deformated. No need to worry about your long nails or sensitive scalp."", '▶ Works for Any Hair Texture - Scalp hair brush works appropriate for all types of hair, including dense, thick, coarse or curly hair. Manual with no battery required and Waterproof.', '▶ Refund And Warranty - Get two scalp massager for hair growth and start your scalp salon，1 years money back guarantee. If you have any question, send email to us, we will reply in 24 hours.']",345,"['title: great \ntext: very good product kind of hard to hold, i recommend putting your fingers through the handle instead of holding it by the handle', 'title: Helps with dry winter scalp! \ntext: The product is great quality and seems pretty sturdy. The scrubby feels soft but is firm enough to get a good scrub going on :) I noticed help with dry skin and dandruff after just one use.', 'title: Feels great \ntext: I have only used this once but so far I really liked it! It felt nice and worked well.  I am hopeful that it is good quality and lasts a long time.']","The product is generally perceived as being of good quality, with one user noting that it is sturdy and effective in addressing dry skin and dandruff issues after just one use [1]. Another user expressed satisfaction with the product's performance and is optimistic about its durability [2]. However, one user mentioned that the product is somewhat difficult to hold, suggesting an alternative way to grip it for better handling [0].",7.75
How’s the quality of this product,"['▶ Improve Blood Circulation, Massager Scalp - Chialstar scalp massager provides gentle stimulation to increase the blood circulation for daily health care with comfortable and relaxing feeling. Massage your scalp, neck or body, relieving fatigue, pressure and muscles sore. Strengthen the roots of your hair and nourish the hair shafts.', '▶ Powerful Cleaning Ability - Using this shampoo brush to clean hair, or shower, your scalp will feel so much cleaner in the shower, good to remove dandruff and remove hardened sebum & dirt. What’s more it prevents hair loss by scalp stimulation and help to hair growth.', ""▶ Soft Silicone - The scalp brush is made of silicon, soft enough to use for kids, very gentle, doesn't irritate your scalp at all, sturdy, will not deformated. No need to worry about your long nails or sensitive scalp."", '▶ Works for Any Hair Texture - Scalp hair brush works appropriate for all types of hair, including dense, thick, coarse or curly hair. Manual with no battery required and Waterproof.', '▶ Refund And Warranty - Get two scalp massager for hair growth and start your scalp salon，1 years money back guarantee. If you have any question, send email to us, we will reply in 24 hours.']",346,"['title: great \ntext: very good product kind of hard to hold, i recommend putting your fingers through the handle instead of holding it by the handle', 'title: Helps with dry winter scalp! \ntext: The product is great quality and seems pretty sturdy. The scrubby feels soft but is firm enough to get a good scrub going on :) I noticed help with dry skin and dandruff after just one use.', 'title: Great Product \ntext: Really like this product. Does an amazing job when washing and conditioning my hair. Great scalp/head massager without being rough. Would definitely recommend.']","The product is praised for its quality, with users noting its sturdiness and effectiveness in addressing dry skin and dandruff issues. It is described as a great scalp massager that is gentle yet effective, enhancing the experience of washing and conditioning hair. However, one user mentioned that it can be somewhat difficult to hold, suggesting an alternative grip method for better handling [0][1][2].",7.75
How’s the quality of this product,"['▶ Improve Blood Circulation, Massager Scalp - Chialstar scalp massager provides gentle stimulation to increase the blood circulation for daily health care with comfortable and relaxing feeling. Massage your scalp, neck or body, relieving fatigue, pressure and muscles sore. Strengthen the roots of your hair and nourish the hair shafts.', '▶ Powerful Cleaning Ability - Using this shampoo brush to clean hair, or shower, your scalp will feel so much cleaner in the shower, good to remove dandruff and remove hardened sebum & dirt. What’s more it prevents hair loss by scalp stimulation and help to hair growth.', ""▶ Soft Silicone - The scalp brush is made of silicon, soft enough to use for kids, very gentle, doesn't irritate your scalp at all, sturdy, will not deformated. No need to worry about your long nails or sensitive scalp."", '▶ Works for Any Hair Texture - Scalp hair brush works appropriate for all types of hair, including dense, thick, coarse or curly hair. Manual with no battery required and Waterproof.', '▶ Refund And Warranty - Get two scalp massager for hair growth and start your scalp salon，1 years money back guarantee. If you have any question, send email to us, we will reply in 24 hours.']",347,"['title: great \ntext: very good product kind of hard to hold, i recommend putting your fingers through the handle instead of holding it by the handle', 'title: Helps with dry winter scalp! \ntext: The product is great quality and seems pretty sturdy. The scrubby feels soft but is firm enough to get a good scrub going on :) I noticed help with dry skin and dandruff after just one use.', 'title: Great value great product \ntext: This is such a great deal for a pack of two. I had originally bought a different brand that was more expensive but in comparison these are just as great. The bristles are stiff enough to actually make it feel like youre giving yourself a scalp massage during shower. Colors are vibrant and cute!']","The product is generally well-received for its quality, though it can be somewhat difficult to hold, with a recommendation to use the handle differently for better grip[0]. It is noted for being sturdy and effective in addressing dry skin and dandruff, with a soft yet firm texture that provides a good scrub[1]. Additionally, the product is considered a great value, comparable to more expensive brands, with stiff bristles that enhance the scalp massage experience during showers[2].",7.75
How’s the quality of this product,"['▶ Improve Blood Circulation, Massager Scalp - Chialstar scalp massager provides gentle stimulation to increase the blood circulation for daily health care with comfortable and relaxing feeling. Massage your scalp, neck or body, relieving fatigue, pressure and muscles sore. Strengthen the roots of your hair and nourish the hair shafts.', '▶ Powerful Cleaning Ability - Using this shampoo brush to clean hair, or shower, your scalp will feel so much cleaner in the shower, good to remove dandruff and remove hardened sebum & dirt. What’s more it prevents hair loss by scalp stimulation and help to hair growth.', ""▶ Soft Silicone - The scalp brush is made of silicon, soft enough to use for kids, very gentle, doesn't irritate your scalp at all, sturdy, will not deformated. No need to worry about your long nails or sensitive scalp."", '▶ Works for Any Hair Texture - Scalp hair brush works appropriate for all types of hair, including dense, thick, coarse or curly hair. Manual with no battery required and Waterproof.', '▶ Refund And Warranty - Get two scalp massager for hair growth and start your scalp salon，1 years money back guarantee. If you have any question, send email to us, we will reply in 24 hours.']",356,"['title: great \ntext: very good product kind of hard to hold, i recommend putting your fingers through the handle instead of holding it by the handle', 'title: Feels great \ntext: I have only used this once but so far I really liked it! It felt nice and worked well.  I am hopeful that it is good quality and lasts a long time.', 'title: Great Product \ntext: Really like this product. Does an amazing job when washing and conditioning my hair. Great scalp/head massager without being rough. Would definitely recommend.']","The product is generally well-received for its performance and quality. Users appreciate its effectiveness, particularly in washing and conditioning hair, and its gentle yet effective scalp massaging capabilities[0][2]. However, there is a minor issue with the handle design, as one user suggests a different way to hold it for better grip[0]. Another user, who has only used the product once, is optimistic about its quality and durability[1].",7.75
How’s the quality of this product,"['▶ Improve Blood Circulation, Massager Scalp - Chialstar scalp massager provides gentle stimulation to increase the blood circulation for daily health care with comfortable and relaxing feeling. Massage your scalp, neck or body, relieving fatigue, pressure and muscles sore. Strengthen the roots of your hair and nourish the hair shafts.', '▶ Powerful Cleaning Ability - Using this shampoo brush to clean hair, or shower, your scalp will feel so much cleaner in the shower, good to remove dandruff and remove hardened sebum & dirt. What’s more it prevents hair loss by scalp stimulation and help to hair growth.', ""▶ Soft Silicone - The scalp brush is made of silicon, soft enough to use for kids, very gentle, doesn't irritate your scalp at all, sturdy, will not deformated. No need to worry about your long nails or sensitive scalp."", '▶ Works for Any Hair Texture - Scalp hair brush works appropriate for all types of hair, including dense, thick, coarse or curly hair. Manual with no battery required and Waterproof.', '▶ Refund And Warranty - Get two scalp massager for hair growth and start your scalp salon，1 years money back guarantee. If you have any question, send email to us, we will reply in 24 hours.']",357,"['title: great \ntext: very good product kind of hard to hold, i recommend putting your fingers through the handle instead of holding it by the handle', 'title: Feels great \ntext: I have only used this once but so far I really liked it! It felt nice and worked well.  I am hopeful that it is good quality and lasts a long time.', 'title: Great value great product \ntext: This is such a great deal for a pack of two. I had originally bought a different brand that was more expensive but in comparison these are just as great. The bristles are stiff enough to actually make it feel like youre giving yourself a scalp massage during shower. Colors are vibrant and cute!']","The product is generally well-received, with users noting its effectiveness and value. One user mentions that the product is very good, although it can be difficult to hold, suggesting an alternative grip method for better handling[0]. Another user, who has only used the product once, reports a positive initial experience, expressing hope that it is of good quality and will be durable[1]. Additionally, the product is praised for being a great value, with a user comparing it favorably to a more expensive brand, highlighting the stiff bristles that enhance the experience and the vibrant colors[2].",7.75
How’s the quality of this product,"['▶ Improve Blood Circulation, Massager Scalp - Chialstar scalp massager provides gentle stimulation to increase the blood circulation for daily health care with comfortable and relaxing feeling. Massage your scalp, neck or body, relieving fatigue, pressure and muscles sore. Strengthen the roots of your hair and nourish the hair shafts.', '▶ Powerful Cleaning Ability - Using this shampoo brush to clean hair, or shower, your scalp will feel so much cleaner in the shower, good to remove dandruff and remove hardened sebum & dirt. What’s more it prevents hair loss by scalp stimulation and help to hair growth.', ""▶ Soft Silicone - The scalp brush is made of silicon, soft enough to use for kids, very gentle, doesn't irritate your scalp at all, sturdy, will not deformated. No need to worry about your long nails or sensitive scalp."", '▶ Works for Any Hair Texture - Scalp hair brush works appropriate for all types of hair, including dense, thick, coarse or curly hair. Manual with no battery required and Waterproof.', '▶ Refund And Warranty - Get two scalp massager for hair growth and start your scalp salon，1 years money back guarantee. If you have any question, send email to us, we will reply in 24 hours.']",367,"['title: great \ntext: very good product kind of hard to hold, i recommend putting your fingers through the handle instead of holding it by the handle', 'title: Great Product \ntext: Really like this product. Does an amazing job when washing and conditioning my hair. Great scalp/head massager without being rough. Would definitely recommend.', 'title: Great value great product \ntext: This is such a great deal for a pack of two. I had originally bought a different brand that was more expensive but in comparison these are just as great. The bristles are stiff enough to actually make it feel like youre giving yourself a scalp massage during shower. Colors are vibrant and cute!']","The product is generally well-received for its effectiveness and value. Users appreciate its functionality, particularly as a scalp massager, noting that it performs well without being too rough [1][2]. The product is also considered a great value, especially when compared to more expensive brands, with users highlighting the quality of the bristles and the appealing design [2]. However, one user mentioned that it can be somewhat difficult to hold, suggesting an alternative grip method for better handling [0].",7.75
How’s the quality of this product,"['▶ Improve Blood Circulation, Massager Scalp - Chialstar scalp massager provides gentle stimulation to increase the blood circulation for daily health care with comfortable and relaxing feeling. Massage your scalp, neck or body, relieving fatigue, pressure and muscles sore. Strengthen the roots of your hair and nourish the hair shafts.', '▶ Powerful Cleaning Ability - Using this shampoo brush to clean hair, or shower, your scalp will feel so much cleaner in the shower, good to remove dandruff and remove hardened sebum & dirt. What’s more it prevents hair loss by scalp stimulation and help to hair growth.', ""▶ Soft Silicone - The scalp brush is made of silicon, soft enough to use for kids, very gentle, doesn't irritate your scalp at all, sturdy, will not deformated. No need to worry about your long nails or sensitive scalp."", '▶ Works for Any Hair Texture - Scalp hair brush works appropriate for all types of hair, including dense, thick, coarse or curly hair. Manual with no battery required and Waterproof.', '▶ Refund And Warranty - Get two scalp massager for hair growth and start your scalp salon，1 years money back guarantee. If you have any question, send email to us, we will reply in 24 hours.']",456,"['title: Helps with dry winter scalp! \ntext: The product is great quality and seems pretty sturdy. The scrubby feels soft but is firm enough to get a good scrub going on :) I noticed help with dry skin and dandruff after just one use.', 'title: Feels great \ntext: I have only used this once but so far I really liked it! It felt nice and worked well.  I am hopeful that it is good quality and lasts a long time.', 'title: Great Product \ntext: Really like this product. Does an amazing job when washing and conditioning my hair. Great scalp/head massager without being rough. Would definitely recommend.']","The product is praised for its high quality and sturdiness, with users noting its effectiveness in addressing dry skin and dandruff after just one use [0]. It is described as feeling nice and working well, with hopes for its durability and long-lasting quality [1]. Additionally, the product is highlighted for its excellent performance in washing and conditioning hair, serving as a great scalp massager without being too rough [2].",7.75
How’s the quality of this product,"['▶ Improve Blood Circulation, Massager Scalp - Chialstar scalp massager provides gentle stimulation to increase the blood circulation for daily health care with comfortable and relaxing feeling. Massage your scalp, neck or body, relieving fatigue, pressure and muscles sore. Strengthen the roots of your hair and nourish the hair shafts.', '▶ Powerful Cleaning Ability - Using this shampoo brush to clean hair, or shower, your scalp will feel so much cleaner in the shower, good to remove dandruff and remove hardened sebum & dirt. What’s more it prevents hair loss by scalp stimulation and help to hair growth.', ""▶ Soft Silicone - The scalp brush is made of silicon, soft enough to use for kids, very gentle, doesn't irritate your scalp at all, sturdy, will not deformated. No need to worry about your long nails or sensitive scalp."", '▶ Works for Any Hair Texture - Scalp hair brush works appropriate for all types of hair, including dense, thick, coarse or curly hair. Manual with no battery required and Waterproof.', '▶ Refund And Warranty - Get two scalp massager for hair growth and start your scalp salon，1 years money back guarantee. If you have any question, send email to us, we will reply in 24 hours.']",457,"['title: Helps with dry winter scalp! \ntext: The product is great quality and seems pretty sturdy. The scrubby feels soft but is firm enough to get a good scrub going on :) I noticed help with dry skin and dandruff after just one use.', 'title: Feels great \ntext: I have only used this once but so far I really liked it! It felt nice and worked well.  I am hopeful that it is good quality and lasts a long time.', 'title: Great value great product \ntext: This is such a great deal for a pack of two. I had originally bought a different brand that was more expensive but in comparison these are just as great. The bristles are stiff enough to actually make it feel like youre giving yourself a scalp massage during shower. Colors are vibrant and cute!']","The product is praised for its quality and sturdiness, with users noting that it effectively helps with dry skin and dandruff after just one use [0]. Another user expressed satisfaction with the product's initial performance, hoping it will prove to be durable over time [1]. Additionally, the product is considered a great value, offering comparable quality to more expensive brands, with stiff bristles that enhance the scalp massage experience [2].",7.75
How’s the quality of this product,"['▶ Improve Blood Circulation, Massager Scalp - Chialstar scalp massager provides gentle stimulation to increase the blood circulation for daily health care with comfortable and relaxing feeling. Massage your scalp, neck or body, relieving fatigue, pressure and muscles sore. Strengthen the roots of your hair and nourish the hair shafts.', '▶ Powerful Cleaning Ability - Using this shampoo brush to clean hair, or shower, your scalp will feel so much cleaner in the shower, good to remove dandruff and remove hardened sebum & dirt. What’s more it prevents hair loss by scalp stimulation and help to hair growth.', ""▶ Soft Silicone - The scalp brush is made of silicon, soft enough to use for kids, very gentle, doesn't irritate your scalp at all, sturdy, will not deformated. No need to worry about your long nails or sensitive scalp."", '▶ Works for Any Hair Texture - Scalp hair brush works appropriate for all types of hair, including dense, thick, coarse or curly hair. Manual with no battery required and Waterproof.', '▶ Refund And Warranty - Get two scalp massager for hair growth and start your scalp salon，1 years money back guarantee. If you have any question, send email to us, we will reply in 24 hours.']",467,"['title: Helps with dry winter scalp! \ntext: The product is great quality and seems pretty sturdy. The scrubby feels soft but is firm enough to get a good scrub going on :) I noticed help with dry skin and dandruff after just one use.', 'title: Great Product \ntext: Really like this product. Does an amazing job when washing and conditioning my hair. Great scalp/head massager without being rough. Would definitely recommend.', 'title: Great value great product \ntext: This is such a great deal for a pack of two. I had originally bought a different brand that was more expensive but in comparison these are just as great. The bristles are stiff enough to actually make it feel like youre giving yourself a scalp massage during shower. Colors are vibrant and cute!']","The product is praised for its high quality and sturdy construction, with users noting its effectiveness in addressing dry skin and dandruff after just one use [0]. It is described as an excellent scalp and head massager that performs well during hair washing and conditioning, without being too rough [1]. Additionally, the product is considered a great value, offering a comparable experience to more expensive brands, with stiff bristles that enhance the scalp massage experience [2].",7.75
How’s the quality of this product,"['▶ Improve Blood Circulation, Massager Scalp - Chialstar scalp massager provides gentle stimulation to increase the blood circulation for daily health care with comfortable and relaxing feeling. Massage your scalp, neck or body, relieving fatigue, pressure and muscles sore. Strengthen the roots of your hair and nourish the hair shafts.', '▶ Powerful Cleaning Ability - Using this shampoo brush to clean hair, or shower, your scalp will feel so much cleaner in the shower, good to remove dandruff and remove hardened sebum & dirt. What’s more it prevents hair loss by scalp stimulation and help to hair growth.', ""▶ Soft Silicone - The scalp brush is made of silicon, soft enough to use for kids, very gentle, doesn't irritate your scalp at all, sturdy, will not deformated. No need to worry about your long nails or sensitive scalp."", '▶ Works for Any Hair Texture - Scalp hair brush works appropriate for all types of hair, including dense, thick, coarse or curly hair. Manual with no battery required and Waterproof.', '▶ Refund And Warranty - Get two scalp massager for hair growth and start your scalp salon，1 years money back guarantee. If you have any question, send email to us, we will reply in 24 hours.']",567,"['title: Feels great \ntext: I have only used this once but so far I really liked it! It felt nice and worked well.  I am hopeful that it is good quality and lasts a long time.', 'title: Great Product \ntext: Really like this product. Does an amazing job when washing and conditioning my hair. Great scalp/head massager without being rough. Would definitely recommend.', 'title: Great value great product \ntext: This is such a great deal for a pack of two. I had originally bought a different brand that was more expensive but in comparison these are just as great. The bristles are stiff enough to actually make it feel like youre giving yourself a scalp massage during shower. Colors are vibrant and cute!']","The product is well-received by users, with one user expressing satisfaction after a single use, noting that it felt nice and worked well, and expressing hope for its durability and quality [0]. Another user praises the product for its effectiveness in washing and conditioning hair, highlighting its gentle yet effective scalp massaging capabilities [1]. Additionally, the product is considered a great value, with users appreciating the quality of the bristles and the vibrant colors, comparing it favorably to more expensive alternatives [2].",7.75
How’s the quality of this product,"['▶ Improve Blood Circulation, Massager Scalp - Chialstar scalp massager provides gentle stimulation to increase the blood circulation for daily health care with comfortable and relaxing feeling. Massage your scalp, neck or body, relieving fatigue, pressure and muscles sore. Strengthen the roots of your hair and nourish the hair shafts.', '▶ Powerful Cleaning Ability - Using this shampoo brush to clean hair, or shower, your scalp will feel so much cleaner in the shower, good to remove dandruff and remove hardened sebum & dirt. What’s more it prevents hair loss by scalp stimulation and help to hair growth.', ""▶ Soft Silicone - The scalp brush is made of silicon, soft enough to use for kids, very gentle, doesn't irritate your scalp at all, sturdy, will not deformated. No need to worry about your long nails or sensitive scalp."", '▶ Works for Any Hair Texture - Scalp hair brush works appropriate for all types of hair, including dense, thick, coarse or curly hair. Manual with no battery required and Waterproof.', '▶ Refund And Warranty - Get two scalp massager for hair growth and start your scalp salon，1 years money back guarantee. If you have any question, send email to us, we will reply in 24 hours.']",0123,"[""title: Good \ntext: Good product, doesn't tangle my hair and makes my scalp feel cleaner"", 'title: It works \ntext: It works well and seems like a good product for the price', 'title: Great quality for the price \ntext: I was worried about quality for the price, but I am really impressed! I love mine.', 'title: great \ntext: very good product kind of hard to hold, i recommend putting your fingers through the handle instead of holding it by the handle']","The product is praised for its quality, with users noting that it effectively prevents hair tangling and leaves the scalp feeling cleaner [0]. It is considered a good value for the price, with one user expressing satisfaction with its performance [1]. Another user was initially concerned about the quality due to the price but ended up being impressed, highlighting the product's great quality [2]. Despite being slightly difficult to hold, the product is still recommended, with a suggestion to adjust the grip for better handling [3].",6.75
How’s the quality of this product,"['▶ Improve Blood Circulation, Massager Scalp - Chialstar scalp massager provides gentle stimulation to increase the blood circulation for daily health care with comfortable and relaxing feeling. Massage your scalp, neck or body, relieving fatigue, pressure and muscles sore. Strengthen the roots of your hair and nourish the hair shafts.', '▶ Powerful Cleaning Ability - Using this shampoo brush to clean hair, or shower, your scalp will feel so much cleaner in the shower, good to remove dandruff and remove hardened sebum & dirt. What’s more it prevents hair loss by scalp stimulation and help to hair growth.', ""▶ Soft Silicone - The scalp brush is made of silicon, soft enough to use for kids, very gentle, doesn't irritate your scalp at all, sturdy, will not deformated. No need to worry about your long nails or sensitive scalp."", '▶ Works for Any Hair Texture - Scalp hair brush works appropriate for all types of hair, including dense, thick, coarse or curly hair. Manual with no battery required and Waterproof.', '▶ Refund And Warranty - Get two scalp massager for hair growth and start your scalp salon，1 years money back guarantee. If you have any question, send email to us, we will reply in 24 hours.']",0124,"[""title: Good \ntext: Good product, doesn't tangle my hair and makes my scalp feel cleaner"", 'title: It works \ntext: It works well and seems like a good product for the price', 'title: Great quality for the price \ntext: I was worried about quality for the price, but I am really impressed! I love mine.', 'title: Helps with dry winter scalp! \ntext: The product is great quality and seems pretty sturdy. The scrubby feels soft but is firm enough to get a good scrub going on :) I noticed help with dry skin and dandruff after just one use.']","The product is praised for its quality, with users noting that it effectively prevents hair tangling and leaves the scalp feeling cleaner[0]. It is considered a good value for the price, with users expressing satisfaction with its performance[1][2]. Additionally, the product is described as sturdy and effective in addressing dry skin and dandruff, with noticeable improvements after just one use[3].",7.75
How’s the quality of this product,"['▶ Improve Blood Circulation, Massager Scalp - Chialstar scalp massager provides gentle stimulation to increase the blood circulation for daily health care with comfortable and relaxing feeling. Massage your scalp, neck or body, relieving fatigue, pressure and muscles sore. Strengthen the roots of your hair and nourish the hair shafts.', '▶ Powerful Cleaning Ability - Using this shampoo brush to clean hair, or shower, your scalp will feel so much cleaner in the shower, good to remove dandruff and remove hardened sebum & dirt. What’s more it prevents hair loss by scalp stimulation and help to hair growth.', ""▶ Soft Silicone - The scalp brush is made of silicon, soft enough to use for kids, very gentle, doesn't irritate your scalp at all, sturdy, will not deformated. No need to worry about your long nails or sensitive scalp."", '▶ Works for Any Hair Texture - Scalp hair brush works appropriate for all types of hair, including dense, thick, coarse or curly hair. Manual with no battery required and Waterproof.', '▶ Refund And Warranty - Get two scalp massager for hair growth and start your scalp salon，1 years money back guarantee. If you have any question, send email to us, we will reply in 24 hours.']",0125,"[""title: Good \ntext: Good product, doesn't tangle my hair and makes my scalp feel cleaner"", 'title: It works \ntext: It works well and seems like a good product for the price', 'title: Great quality for the price \ntext: I was worried about quality for the price, but I am really impressed! I love mine.', 'title: Feels great \ntext: I have only used this once but so far I really liked it! It felt nice and worked well.  I am hopeful that it is good quality and lasts a long time.']","The product is praised for its quality, with users noting that it effectively prevents hair tangling and leaves the scalp feeling cleaner [0]. It is considered a good value for the price, with users expressing satisfaction with its performance [1][2]. Despite initial concerns about quality due to the price, users are impressed with the product and express hope that it will be durable [3].",7.75
How’s the quality of this product,"['▶ Improve Blood Circulation, Massager Scalp - Chialstar scalp massager provides gentle stimulation to increase the blood circulation for daily health care with comfortable and relaxing feeling. Massage your scalp, neck or body, relieving fatigue, pressure and muscles sore. Strengthen the roots of your hair and nourish the hair shafts.', '▶ Powerful Cleaning Ability - Using this shampoo brush to clean hair, or shower, your scalp will feel so much cleaner in the shower, good to remove dandruff and remove hardened sebum & dirt. What’s more it prevents hair loss by scalp stimulation and help to hair growth.', ""▶ Soft Silicone - The scalp brush is made of silicon, soft enough to use for kids, very gentle, doesn't irritate your scalp at all, sturdy, will not deformated. No need to worry about your long nails or sensitive scalp."", '▶ Works for Any Hair Texture - Scalp hair brush works appropriate for all types of hair, including dense, thick, coarse or curly hair. Manual with no battery required and Waterproof.', '▶ Refund And Warranty - Get two scalp massager for hair growth and start your scalp salon，1 years money back guarantee. If you have any question, send email to us, we will reply in 24 hours.']",0126,"[""title: Good \ntext: Good product, doesn't tangle my hair and makes my scalp feel cleaner"", 'title: It works \ntext: It works well and seems like a good product for the price', 'title: Great quality for the price \ntext: I was worried about quality for the price, but I am really impressed! I love mine.', 'title: Great Product \ntext: Really like this product. Does an amazing job when washing and conditioning my hair. Great scalp/head massager without being rough. Would definitely recommend.']","The product is praised for its quality, with users noting that it effectively prevents hair tangling and leaves the scalp feeling cleaner [0]. It is considered a good value for the price, with users expressing satisfaction with its performance [1][2]. Additionally, the product is highlighted for its ability to wash and condition hair effectively, serving as a gentle yet effective scalp massager [3]. Overall, the product receives positive feedback for its quality and affordability [0][1][2][3].",7.75
How’s the quality of this product,"['▶ Improve Blood Circulation, Massager Scalp - Chialstar scalp massager provides gentle stimulation to increase the blood circulation for daily health care with comfortable and relaxing feeling. Massage your scalp, neck or body, relieving fatigue, pressure and muscles sore. Strengthen the roots of your hair and nourish the hair shafts.', '▶ Powerful Cleaning Ability - Using this shampoo brush to clean hair, or shower, your scalp will feel so much cleaner in the shower, good to remove dandruff and remove hardened sebum & dirt. What’s more it prevents hair loss by scalp stimulation and help to hair growth.', ""▶ Soft Silicone - The scalp brush is made of silicon, soft enough to use for kids, very gentle, doesn't irritate your scalp at all, sturdy, will not deformated. No need to worry about your long nails or sensitive scalp."", '▶ Works for Any Hair Texture - Scalp hair brush works appropriate for all types of hair, including dense, thick, coarse or curly hair. Manual with no battery required and Waterproof.', '▶ Refund And Warranty - Get two scalp massager for hair growth and start your scalp salon，1 years money back guarantee. If you have any question, send email to us, we will reply in 24 hours.']",0127,"[""title: Good \ntext: Good product, doesn't tangle my hair and makes my scalp feel cleaner"", 'title: It works \ntext: It works well and seems like a good product for the price', 'title: Great quality for the price \ntext: I was worried about quality for the price, but I am really impressed! I love mine.', 'title: Great value great product \ntext: This is such a great deal for a pack of two. I had originally bought a different brand that was more expensive but in comparison these are just as great. The bristles are stiff enough to actually make it feel like youre giving yourself a scalp massage during shower. Colors are vibrant and cute!']","The product is praised for its quality, with users noting that it effectively prevents hair tangling and leaves the scalp feeling cleaner[0]. It is considered a good product for its price, with users expressing satisfaction with its performance[1]. Despite initial concerns about quality due to its affordability, users are impressed with the product, highlighting its great value[2]. The product is compared favorably to more expensive brands, with features such as stiff bristles that provide a scalp massage and vibrant colors being particularly appreciated[3].",7.75
How’s the quality of this product,"['▶ Improve Blood Circulation, Massager Scalp - Chialstar scalp massager provides gentle stimulation to increase the blood circulation for daily health care with comfortable and relaxing feeling. Massage your scalp, neck or body, relieving fatigue, pressure and muscles sore. Strengthen the roots of your hair and nourish the hair shafts.', '▶ Powerful Cleaning Ability - Using this shampoo brush to clean hair, or shower, your scalp will feel so much cleaner in the shower, good to remove dandruff and remove hardened sebum & dirt. What’s more it prevents hair loss by scalp stimulation and help to hair growth.', ""▶ Soft Silicone - The scalp brush is made of silicon, soft enough to use for kids, very gentle, doesn't irritate your scalp at all, sturdy, will not deformated. No need to worry about your long nails or sensitive scalp."", '▶ Works for Any Hair Texture - Scalp hair brush works appropriate for all types of hair, including dense, thick, coarse or curly hair. Manual with no battery required and Waterproof.', '▶ Refund And Warranty - Get two scalp massager for hair growth and start your scalp salon，1 years money back guarantee. If you have any question, send email to us, we will reply in 24 hours.']",0134,"[""title: Good \ntext: Good product, doesn't tangle my hair and makes my scalp feel cleaner"", 'title: It works \ntext: It works well and seems like a good product for the price', 'title: great \ntext: very good product kind of hard to hold, i recommend putting your fingers through the handle instead of holding it by the handle', 'title: Helps with dry winter scalp! \ntext: The product is great quality and seems pretty sturdy. The scrubby feels soft but is firm enough to get a good scrub going on :) I noticed help with dry skin and dandruff after just one use.']","The product is generally well-received for its quality, with users noting that it effectively cleans the scalp and does not tangle hair, contributing to a cleaner feeling scalp [0]. It is considered a good value for the price, indicating satisfaction with its performance relative to cost [1]. While the product is described as very good, some users find it challenging to hold, suggesting an alternative grip method for better handling [2]. Additionally, the product is praised for its sturdy construction and effectiveness in addressing dry skin and dandruff, with noticeable improvements after just one use [3].",7.75
How’s the quality of this product,"['▶ Improve Blood Circulation, Massager Scalp - Chialstar scalp massager provides gentle stimulation to increase the blood circulation for daily health care with comfortable and relaxing feeling. Massage your scalp, neck or body, relieving fatigue, pressure and muscles sore. Strengthen the roots of your hair and nourish the hair shafts.', '▶ Powerful Cleaning Ability - Using this shampoo brush to clean hair, or shower, your scalp will feel so much cleaner in the shower, good to remove dandruff and remove hardened sebum & dirt. What’s more it prevents hair loss by scalp stimulation and help to hair growth.', ""▶ Soft Silicone - The scalp brush is made of silicon, soft enough to use for kids, very gentle, doesn't irritate your scalp at all, sturdy, will not deformated. No need to worry about your long nails or sensitive scalp."", '▶ Works for Any Hair Texture - Scalp hair brush works appropriate for all types of hair, including dense, thick, coarse or curly hair. Manual with no battery required and Waterproof.', '▶ Refund And Warranty - Get two scalp massager for hair growth and start your scalp salon，1 years money back guarantee. If you have any question, send email to us, we will reply in 24 hours.']",0135,"[""title: Good \ntext: Good product, doesn't tangle my hair and makes my scalp feel cleaner"", 'title: It works \ntext: It works well and seems like a good product for the price', 'title: great \ntext: very good product kind of hard to hold, i recommend putting your fingers through the handle instead of holding it by the handle', 'title: Feels great \ntext: I have only used this once but so far I really liked it! It felt nice and worked well.  I am hopeful that it is good quality and lasts a long time.']","The product is generally well-received for its quality, with users noting that it effectively prevents hair tangling and leaves the scalp feeling cleaner [0]. It is considered a good value for the price, indicating satisfaction with its performance relative to cost [1]. While the product is described as very good, some users find it slightly difficult to hold, suggesting an alternative grip method for better handling [2]. Initial impressions are positive, with users hopeful about its durability and long-term quality [3].",7.75
How’s the quality of this product,"['▶ Improve Blood Circulation, Massager Scalp - Chialstar scalp massager provides gentle stimulation to increase the blood circulation for daily health care with comfortable and relaxing feeling. Massage your scalp, neck or body, relieving fatigue, pressure and muscles sore. Strengthen the roots of your hair and nourish the hair shafts.', '▶ Powerful Cleaning Ability - Using this shampoo brush to clean hair, or shower, your scalp will feel so much cleaner in the shower, good to remove dandruff and remove hardened sebum & dirt. What’s more it prevents hair loss by scalp stimulation and help to hair growth.', ""▶ Soft Silicone - The scalp brush is made of silicon, soft enough to use for kids, very gentle, doesn't irritate your scalp at all, sturdy, will not deformated. No need to worry about your long nails or sensitive scalp."", '▶ Works for Any Hair Texture - Scalp hair brush works appropriate for all types of hair, including dense, thick, coarse or curly hair. Manual with no battery required and Waterproof.', '▶ Refund And Warranty - Get two scalp massager for hair growth and start your scalp salon，1 years money back guarantee. If you have any question, send email to us, we will reply in 24 hours.']",0136,"[""title: Good \ntext: Good product, doesn't tangle my hair and makes my scalp feel cleaner"", 'title: It works \ntext: It works well and seems like a good product for the price', 'title: great \ntext: very good product kind of hard to hold, i recommend putting your fingers through the handle instead of holding it by the handle', 'title: Great Product \ntext: Really like this product. Does an amazing job when washing and conditioning my hair. Great scalp/head massager without being rough. Would definitely recommend.']","The product is praised for its effectiveness in maintaining hair quality and cleanliness, as it does not tangle hair and leaves the scalp feeling cleaner [0]. Users find it to be a good value for the price, indicating satisfaction with its performance [1]. Although some find it slightly difficult to hold, they suggest a practical solution by adjusting the grip, which does not detract from the overall positive experience [2]. Additionally, the product is highly recommended for its excellent performance in washing and conditioning hair, as well as its gentle yet effective scalp massaging capabilities [3].",7.75
How’s the quality of this product,"['▶ Improve Blood Circulation, Massager Scalp - Chialstar scalp massager provides gentle stimulation to increase the blood circulation for daily health care with comfortable and relaxing feeling. Massage your scalp, neck or body, relieving fatigue, pressure and muscles sore. Strengthen the roots of your hair and nourish the hair shafts.', '▶ Powerful Cleaning Ability - Using this shampoo brush to clean hair, or shower, your scalp will feel so much cleaner in the shower, good to remove dandruff and remove hardened sebum & dirt. What’s more it prevents hair loss by scalp stimulation and help to hair growth.', ""▶ Soft Silicone - The scalp brush is made of silicon, soft enough to use for kids, very gentle, doesn't irritate your scalp at all, sturdy, will not deformated. No need to worry about your long nails or sensitive scalp."", '▶ Works for Any Hair Texture - Scalp hair brush works appropriate for all types of hair, including dense, thick, coarse or curly hair. Manual with no battery required and Waterproof.', '▶ Refund And Warranty - Get two scalp massager for hair growth and start your scalp salon，1 years money back guarantee. If you have any question, send email to us, we will reply in 24 hours.']",0137,"[""title: Good \ntext: Good product, doesn't tangle my hair and makes my scalp feel cleaner"", 'title: It works \ntext: It works well and seems like a good product for the price', 'title: great \ntext: very good product kind of hard to hold, i recommend putting your fingers through the handle instead of holding it by the handle', 'title: Great value great product \ntext: This is such a great deal for a pack of two. I had originally bought a different brand that was more expensive but in comparison these are just as great. The bristles are stiff enough to actually make it feel like youre giving yourself a scalp massage during shower. Colors are vibrant and cute!']","The product is well-received for its quality, as it effectively prevents hair tangling and leaves the scalp feeling cleaner, indicating a positive impact on hair care routines [0]. Users appreciate its performance relative to its price, suggesting it offers good value [1]. While the product is generally easy to use, some users find it slightly difficult to hold, recommending a specific grip for better handling [2]. Additionally, the product is considered a great value, especially when compared to more expensive brands, with stiff bristles that enhance the user experience by providing a scalp massage effect during use [3].",7.75
How’s the quality of this product,"['▶ Improve Blood Circulation, Massager Scalp - Chialstar scalp massager provides gentle stimulation to increase the blood circulation for daily health care with comfortable and relaxing feeling. Massage your scalp, neck or body, relieving fatigue, pressure and muscles sore. Strengthen the roots of your hair and nourish the hair shafts.', '▶ Powerful Cleaning Ability - Using this shampoo brush to clean hair, or shower, your scalp will feel so much cleaner in the shower, good to remove dandruff and remove hardened sebum & dirt. What’s more it prevents hair loss by scalp stimulation and help to hair growth.', ""▶ Soft Silicone - The scalp brush is made of silicon, soft enough to use for kids, very gentle, doesn't irritate your scalp at all, sturdy, will not deformated. No need to worry about your long nails or sensitive scalp."", '▶ Works for Any Hair Texture - Scalp hair brush works appropriate for all types of hair, including dense, thick, coarse or curly hair. Manual with no battery required and Waterproof.', '▶ Refund And Warranty - Get two scalp massager for hair growth and start your scalp salon，1 years money back guarantee. If you have any question, send email to us, we will reply in 24 hours.']",0145,"[""title: Good \ntext: Good product, doesn't tangle my hair and makes my scalp feel cleaner"", 'title: It works \ntext: It works well and seems like a good product for the price', 'title: Helps with dry winter scalp! \ntext: The product is great quality and seems pretty sturdy. The scrubby feels soft but is firm enough to get a good scrub going on :) I noticed help with dry skin and dandruff after just one use.', 'title: Feels great \ntext: I have only used this once but so far I really liked it! It felt nice and worked well.  I am hopeful that it is good quality and lasts a long time.']","The product is praised for its quality, as it effectively prevents hair tangling and leaves the scalp feeling cleaner, indicating a positive impact on hair and scalp health [0]. Users find it to be a good value for the price, suggesting that its performance meets or exceeds expectations relative to its cost [1]. The product is described as sturdy and of great quality, with a soft yet firm texture that aids in alleviating dry skin and dandruff, demonstrating its effectiveness after just one use [2]. Although one user has only used it once, they express satisfaction with its performance and hope for its durability, indicating initial positive impressions of its quality [3].",7.75
How’s the quality of this product,"['▶ Improve Blood Circulation, Massager Scalp - Chialstar scalp massager provides gentle stimulation to increase the blood circulation for daily health care with comfortable and relaxing feeling. Massage your scalp, neck or body, relieving fatigue, pressure and muscles sore. Strengthen the roots of your hair and nourish the hair shafts.', '▶ Powerful Cleaning Ability - Using this shampoo brush to clean hair, or shower, your scalp will feel so much cleaner in the shower, good to remove dandruff and remove hardened sebum & dirt. What’s more it prevents hair loss by scalp stimulation and help to hair growth.', ""▶ Soft Silicone - The scalp brush is made of silicon, soft enough to use for kids, very gentle, doesn't irritate your scalp at all, sturdy, will not deformated. No need to worry about your long nails or sensitive scalp."", '▶ Works for Any Hair Texture - Scalp hair brush works appropriate for all types of hair, including dense, thick, coarse or curly hair. Manual with no battery required and Waterproof.', '▶ Refund And Warranty - Get two scalp massager for hair growth and start your scalp salon，1 years money back guarantee. If you have any question, send email to us, we will reply in 24 hours.']",0146,"[""title: Good \ntext: Good product, doesn't tangle my hair and makes my scalp feel cleaner"", 'title: It works \ntext: It works well and seems like a good product for the price', 'title: Helps with dry winter scalp! \ntext: The product is great quality and seems pretty sturdy. The scrubby feels soft but is firm enough to get a good scrub going on :) I noticed help with dry skin and dandruff after just one use.', 'title: Great Product \ntext: Really like this product. Does an amazing job when washing and conditioning my hair. Great scalp/head massager without being rough. Would definitely recommend.']","The product is praised for its quality, with users noting that it effectively prevents hair tangling and leaves the scalp feeling cleaner [0]. It is considered a good value for the price, performing well in its intended function [1]. Users appreciate its sturdy construction and the balance of softness and firmness in the scrubber, which helps with dry skin and dandruff after just one use [2]. Additionally, it is highlighted as an excellent tool for washing and conditioning hair, providing a gentle yet effective scalp massage [3].",7.75
How’s the quality of this product,"['▶ Improve Blood Circulation, Massager Scalp - Chialstar scalp massager provides gentle stimulation to increase the blood circulation for daily health care with comfortable and relaxing feeling. Massage your scalp, neck or body, relieving fatigue, pressure and muscles sore. Strengthen the roots of your hair and nourish the hair shafts.', '▶ Powerful Cleaning Ability - Using this shampoo brush to clean hair, or shower, your scalp will feel so much cleaner in the shower, good to remove dandruff and remove hardened sebum & dirt. What’s more it prevents hair loss by scalp stimulation and help to hair growth.', ""▶ Soft Silicone - The scalp brush is made of silicon, soft enough to use for kids, very gentle, doesn't irritate your scalp at all, sturdy, will not deformated. No need to worry about your long nails or sensitive scalp."", '▶ Works for Any Hair Texture - Scalp hair brush works appropriate for all types of hair, including dense, thick, coarse or curly hair. Manual with no battery required and Waterproof.', '▶ Refund And Warranty - Get two scalp massager for hair growth and start your scalp salon，1 years money back guarantee. If you have any question, send email to us, we will reply in 24 hours.']",0147,"[""title: Good \ntext: Good product, doesn't tangle my hair and makes my scalp feel cleaner"", 'title: It works \ntext: It works well and seems like a good product for the price', 'title: Helps with dry winter scalp! \ntext: The product is great quality and seems pretty sturdy. The scrubby feels soft but is firm enough to get a good scrub going on :) I noticed help with dry skin and dandruff after just one use.', 'title: Great value great product \ntext: This is such a great deal for a pack of two. I had originally bought a different brand that was more expensive but in comparison these are just as great. The bristles are stiff enough to actually make it feel like youre giving yourself a scalp massage during shower. Colors are vibrant and cute!']","The product is praised for its quality, as it effectively prevents hair tangling and leaves the scalp feeling cleaner, indicating a positive impact on hair care routines [0]. Users find it to be a good value for the price, suggesting that it performs well relative to its cost [1]. The product is noted for its sturdy construction and effectiveness in addressing dry skin and dandruff, with users experiencing improvements after just one use [2]. Additionally, it is considered a great value, comparable to more expensive brands, with stiff bristles that enhance the scalp massage experience during showers [3].",7.75
How’s the quality of this product,"['▶ Improve Blood Circulation, Massager Scalp - Chialstar scalp massager provides gentle stimulation to increase the blood circulation for daily health care with comfortable and relaxing feeling. Massage your scalp, neck or body, relieving fatigue, pressure and muscles sore. Strengthen the roots of your hair and nourish the hair shafts.', '▶ Powerful Cleaning Ability - Using this shampoo brush to clean hair, or shower, your scalp will feel so much cleaner in the shower, good to remove dandruff and remove hardened sebum & dirt. What’s more it prevents hair loss by scalp stimulation and help to hair growth.', ""▶ Soft Silicone - The scalp brush is made of silicon, soft enough to use for kids, very gentle, doesn't irritate your scalp at all, sturdy, will not deformated. No need to worry about your long nails or sensitive scalp."", '▶ Works for Any Hair Texture - Scalp hair brush works appropriate for all types of hair, including dense, thick, coarse or curly hair. Manual with no battery required and Waterproof.', '▶ Refund And Warranty - Get two scalp massager for hair growth and start your scalp salon，1 years money back guarantee. If you have any question, send email to us, we will reply in 24 hours.']",0156,"[""title: Good \ntext: Good product, doesn't tangle my hair and makes my scalp feel cleaner"", 'title: It works \ntext: It works well and seems like a good product for the price', 'title: Feels great \ntext: I have only used this once but so far I really liked it! It felt nice and worked well.  I am hopeful that it is good quality and lasts a long time.', 'title: Great Product \ntext: Really like this product. Does an amazing job when washing and conditioning my hair. Great scalp/head massager without being rough. Would definitely recommend.']","The product is praised for its quality, with users noting that it effectively cleans the scalp and prevents hair tangling, contributing to a cleaner and more pleasant experience [0]. It is considered a good value for the price, indicating satisfaction with its performance relative to cost [1]. Users have expressed initial satisfaction with the product's feel and effectiveness, with hopes for its durability and long-term quality [2]. Additionally, the product is highlighted for its excellent performance in washing and conditioning hair, as well as its gentle yet effective scalp massaging capabilities, making it highly recommendable [3].",7.75
How’s the quality of this product,"['▶ Improve Blood Circulation, Massager Scalp - Chialstar scalp massager provides gentle stimulation to increase the blood circulation for daily health care with comfortable and relaxing feeling. Massage your scalp, neck or body, relieving fatigue, pressure and muscles sore. Strengthen the roots of your hair and nourish the hair shafts.', '▶ Powerful Cleaning Ability - Using this shampoo brush to clean hair, or shower, your scalp will feel so much cleaner in the shower, good to remove dandruff and remove hardened sebum & dirt. What’s more it prevents hair loss by scalp stimulation and help to hair growth.', ""▶ Soft Silicone - The scalp brush is made of silicon, soft enough to use for kids, very gentle, doesn't irritate your scalp at all, sturdy, will not deformated. No need to worry about your long nails or sensitive scalp."", '▶ Works for Any Hair Texture - Scalp hair brush works appropriate for all types of hair, including dense, thick, coarse or curly hair. Manual with no battery required and Waterproof.', '▶ Refund And Warranty - Get two scalp massager for hair growth and start your scalp salon，1 years money back guarantee. If you have any question, send email to us, we will reply in 24 hours.']",0157,"[""title: Good \ntext: Good product, doesn't tangle my hair and makes my scalp feel cleaner"", 'title: It works \ntext: It works well and seems like a good product for the price', 'title: Feels great \ntext: I have only used this once but so far I really liked it! It felt nice and worked well.  I am hopeful that it is good quality and lasts a long time.', 'title: Great value great product \ntext: This is such a great deal for a pack of two. I had originally bought a different brand that was more expensive but in comparison these are just as great. The bristles are stiff enough to actually make it feel like youre giving yourself a scalp massage during shower. Colors are vibrant and cute!']","The product is generally well-received for its quality, with users noting that it effectively detangles hair and leaves the scalp feeling cleaner, indicating a positive impact on hair care routines [0]. It is also considered a good value for the price, suggesting that it performs well relative to its cost [1]. One user, who has only used it once, expressed satisfaction with its performance and is optimistic about its durability and quality [2]. Additionally, the product is praised for being a great deal, especially when compared to more expensive brands, with features like stiff bristles that enhance the user experience by providing a scalp massage effect during use [3].",7.75
How’s the quality of this product,"['▶ Improve Blood Circulation, Massager Scalp - Chialstar scalp massager provides gentle stimulation to increase the blood circulation for daily health care with comfortable and relaxing feeling. Massage your scalp, neck or body, relieving fatigue, pressure and muscles sore. Strengthen the roots of your hair and nourish the hair shafts.', '▶ Powerful Cleaning Ability - Using this shampoo brush to clean hair, or shower, your scalp will feel so much cleaner in the shower, good to remove dandruff and remove hardened sebum & dirt. What’s more it prevents hair loss by scalp stimulation and help to hair growth.', ""▶ Soft Silicone - The scalp brush is made of silicon, soft enough to use for kids, very gentle, doesn't irritate your scalp at all, sturdy, will not deformated. No need to worry about your long nails or sensitive scalp."", '▶ Works for Any Hair Texture - Scalp hair brush works appropriate for all types of hair, including dense, thick, coarse or curly hair. Manual with no battery required and Waterproof.', '▶ Refund And Warranty - Get two scalp massager for hair growth and start your scalp salon，1 years money back guarantee. If you have any question, send email to us, we will reply in 24 hours.']",0167,"[""title: Good \ntext: Good product, doesn't tangle my hair and makes my scalp feel cleaner"", 'title: It works \ntext: It works well and seems like a good product for the price', 'title: Great Product \ntext: Really like this product. Does an amazing job when washing and conditioning my hair. Great scalp/head massager without being rough. Would definitely recommend.', 'title: Great value great product \ntext: This is such a great deal for a pack of two. I had originally bought a different brand that was more expensive but in comparison these are just as great. The bristles are stiff enough to actually make it feel like youre giving yourself a scalp massage during shower. Colors are vibrant and cute!']","The product is well-received for its ability to prevent hair tangling and leave the scalp feeling cleaner, indicating a high quality in its performance [0]. Users appreciate its effectiveness and consider it a good value for the price, suggesting that it meets expectations for both functionality and cost [1]. The product is praised for its excellent performance in washing and conditioning hair, as well as its gentle yet effective scalp massaging capabilities, making it highly recommendable [2]. Additionally, the product is noted for being a great value, especially when compared to more expensive brands, with stiff bristles that enhance the scalp massage experience and vibrant, appealing colors [3].",7.75
How’s the quality of this product,"['▶ Improve Blood Circulation, Massager Scalp - Chialstar scalp massager provides gentle stimulation to increase the blood circulation for daily health care with comfortable and relaxing feeling. Massage your scalp, neck or body, relieving fatigue, pressure and muscles sore. Strengthen the roots of your hair and nourish the hair shafts.', '▶ Powerful Cleaning Ability - Using this shampoo brush to clean hair, or shower, your scalp will feel so much cleaner in the shower, good to remove dandruff and remove hardened sebum & dirt. What’s more it prevents hair loss by scalp stimulation and help to hair growth.', ""▶ Soft Silicone - The scalp brush is made of silicon, soft enough to use for kids, very gentle, doesn't irritate your scalp at all, sturdy, will not deformated. No need to worry about your long nails or sensitive scalp."", '▶ Works for Any Hair Texture - Scalp hair brush works appropriate for all types of hair, including dense, thick, coarse or curly hair. Manual with no battery required and Waterproof.', '▶ Refund And Warranty - Get two scalp massager for hair growth and start your scalp salon，1 years money back guarantee. If you have any question, send email to us, we will reply in 24 hours.']",0234,"[""title: Good \ntext: Good product, doesn't tangle my hair and makes my scalp feel cleaner"", 'title: Great quality for the price \ntext: I was worried about quality for the price, but I am really impressed! I love mine.', 'title: great \ntext: very good product kind of hard to hold, i recommend putting your fingers through the handle instead of holding it by the handle', 'title: Helps with dry winter scalp! \ntext: The product is great quality and seems pretty sturdy. The scrubby feels soft but is firm enough to get a good scrub going on :) I noticed help with dry skin and dandruff after just one use.']","The product is praised for its quality, with users noting that it effectively detangles hair and leaves the scalp feeling cleaner[0]. Despite initial concerns about the price, customers are impressed with the quality, indicating that it offers great value[1]. While some find it slightly difficult to hold, they suggest an alternative grip for better handling[2]. Additionally, the product is described as sturdy and effective in addressing dry scalp and dandruff issues, with noticeable improvements after just one use[3].",7.75
How’s the quality of this product,"['▶ Improve Blood Circulation, Massager Scalp - Chialstar scalp massager provides gentle stimulation to increase the blood circulation for daily health care with comfortable and relaxing feeling. Massage your scalp, neck or body, relieving fatigue, pressure and muscles sore. Strengthen the roots of your hair and nourish the hair shafts.', '▶ Powerful Cleaning Ability - Using this shampoo brush to clean hair, or shower, your scalp will feel so much cleaner in the shower, good to remove dandruff and remove hardened sebum & dirt. What’s more it prevents hair loss by scalp stimulation and help to hair growth.', ""▶ Soft Silicone - The scalp brush is made of silicon, soft enough to use for kids, very gentle, doesn't irritate your scalp at all, sturdy, will not deformated. No need to worry about your long nails or sensitive scalp."", '▶ Works for Any Hair Texture - Scalp hair brush works appropriate for all types of hair, including dense, thick, coarse or curly hair. Manual with no battery required and Waterproof.', '▶ Refund And Warranty - Get two scalp massager for hair growth and start your scalp salon，1 years money back guarantee. If you have any question, send email to us, we will reply in 24 hours.']",0235,"[""title: Good \ntext: Good product, doesn't tangle my hair and makes my scalp feel cleaner"", 'title: Great quality for the price \ntext: I was worried about quality for the price, but I am really impressed! I love mine.', 'title: great \ntext: very good product kind of hard to hold, i recommend putting your fingers through the handle instead of holding it by the handle', 'title: Feels great \ntext: I have only used this once but so far I really liked it! It felt nice and worked well.  I am hopeful that it is good quality and lasts a long time.']","The product is praised for its quality, with users noting that it effectively prevents hair tangling and leaves the scalp feeling cleaner [0]. Despite initial concerns about the price, customers are impressed with the quality, indicating that it offers great value [1]. While the product is described as somewhat difficult to hold, a suggestion is made to improve handling by putting fingers through the handle [2]. Additionally, a user who has only used the product once expresses satisfaction with its performance and hopes for its durability [3].",7.75
How’s the quality of this product,"['▶ Improve Blood Circulation, Massager Scalp - Chialstar scalp massager provides gentle stimulation to increase the blood circulation for daily health care with comfortable and relaxing feeling. Massage your scalp, neck or body, relieving fatigue, pressure and muscles sore. Strengthen the roots of your hair and nourish the hair shafts.', '▶ Powerful Cleaning Ability - Using this shampoo brush to clean hair, or shower, your scalp will feel so much cleaner in the shower, good to remove dandruff and remove hardened sebum & dirt. What’s more it prevents hair loss by scalp stimulation and help to hair growth.', ""▶ Soft Silicone - The scalp brush is made of silicon, soft enough to use for kids, very gentle, doesn't irritate your scalp at all, sturdy, will not deformated. No need to worry about your long nails or sensitive scalp."", '▶ Works for Any Hair Texture - Scalp hair brush works appropriate for all types of hair, including dense, thick, coarse or curly hair. Manual with no battery required and Waterproof.', '▶ Refund And Warranty - Get two scalp massager for hair growth and start your scalp salon，1 years money back guarantee. If you have any question, send email to us, we will reply in 24 hours.']",0236,"[""title: Good \ntext: Good product, doesn't tangle my hair and makes my scalp feel cleaner"", 'title: Great quality for the price \ntext: I was worried about quality for the price, but I am really impressed! I love mine.', 'title: great \ntext: very good product kind of hard to hold, i recommend putting your fingers through the handle instead of holding it by the handle', 'title: Great Product \ntext: Really like this product. Does an amazing job when washing and conditioning my hair. Great scalp/head massager without being rough. Would definitely recommend.']","The product is praised for its quality, with users noting that it effectively prevents hair tangling and leaves the scalp feeling cleaner [0]. Despite initial concerns about the price, customers are impressed with the quality, finding it to be a great value [1]. While some find it slightly difficult to hold, they suggest an alternative grip method to improve usability [2]. Additionally, the product is highlighted for its excellent performance in washing and conditioning hair, serving as a gentle yet effective scalp massager [3].",7.75
How’s the quality of this product,"['▶ Improve Blood Circulation, Massager Scalp - Chialstar scalp massager provides gentle stimulation to increase the blood circulation for daily health care with comfortable and relaxing feeling. Massage your scalp, neck or body, relieving fatigue, pressure and muscles sore. Strengthen the roots of your hair and nourish the hair shafts.', '▶ Powerful Cleaning Ability - Using this shampoo brush to clean hair, or shower, your scalp will feel so much cleaner in the shower, good to remove dandruff and remove hardened sebum & dirt. What’s more it prevents hair loss by scalp stimulation and help to hair growth.', ""▶ Soft Silicone - The scalp brush is made of silicon, soft enough to use for kids, very gentle, doesn't irritate your scalp at all, sturdy, will not deformated. No need to worry about your long nails or sensitive scalp."", '▶ Works for Any Hair Texture - Scalp hair brush works appropriate for all types of hair, including dense, thick, coarse or curly hair. Manual with no battery required and Waterproof.', '▶ Refund And Warranty - Get two scalp massager for hair growth and start your scalp salon，1 years money back guarantee. If you have any question, send email to us, we will reply in 24 hours.']",0237,"[""title: Good \ntext: Good product, doesn't tangle my hair and makes my scalp feel cleaner"", 'title: Great quality for the price \ntext: I was worried about quality for the price, but I am really impressed! I love mine.', 'title: great \ntext: very good product kind of hard to hold, i recommend putting your fingers through the handle instead of holding it by the handle', 'title: Great value great product \ntext: This is such a great deal for a pack of two. I had originally bought a different brand that was more expensive but in comparison these are just as great. The bristles are stiff enough to actually make it feel like youre giving yourself a scalp massage during shower. Colors are vibrant and cute!']","The product is praised for its quality, with users noting that it effectively detangles hair and leaves the scalp feeling cleaner[0]. Despite initial concerns about the price, customers are impressed with the quality, finding it to be a great value[1]. Some users mention that the product can be difficult to hold, suggesting an alternative grip method for better handling[2]. Additionally, the product is considered a great deal, especially when compared to more expensive brands, with stiff bristles that provide a satisfying scalp massage and vibrant, appealing colors[3].",7.75
How’s the quality of this product,"['▶ Improve Blood Circulation, Massager Scalp - Chialstar scalp massager provides gentle stimulation to increase the blood circulation for daily health care with comfortable and relaxing feeling. Massage your scalp, neck or body, relieving fatigue, pressure and muscles sore. Strengthen the roots of your hair and nourish the hair shafts.', '▶ Powerful Cleaning Ability - Using this shampoo brush to clean hair, or shower, your scalp will feel so much cleaner in the shower, good to remove dandruff and remove hardened sebum & dirt. What’s more it prevents hair loss by scalp stimulation and help to hair growth.', ""▶ Soft Silicone - The scalp brush is made of silicon, soft enough to use for kids, very gentle, doesn't irritate your scalp at all, sturdy, will not deformated. No need to worry about your long nails or sensitive scalp."", '▶ Works for Any Hair Texture - Scalp hair brush works appropriate for all types of hair, including dense, thick, coarse or curly hair. Manual with no battery required and Waterproof.', '▶ Refund And Warranty - Get two scalp massager for hair growth and start your scalp salon，1 years money back guarantee. If you have any question, send email to us, we will reply in 24 hours.']",0245,"[""title: Good \ntext: Good product, doesn't tangle my hair and makes my scalp feel cleaner"", 'title: Great quality for the price \ntext: I was worried about quality for the price, but I am really impressed! I love mine.', 'title: Helps with dry winter scalp! \ntext: The product is great quality and seems pretty sturdy. The scrubby feels soft but is firm enough to get a good scrub going on :) I noticed help with dry skin and dandruff after just one use.', 'title: Feels great \ntext: I have only used this once but so far I really liked it! It felt nice and worked well.  I am hopeful that it is good quality and lasts a long time.']","The product is praised for its quality, with users noting that it effectively prevents hair tangling and leaves the scalp feeling cleaner [0]. Despite initial concerns about the price, customers are impressed with the quality, describing it as great for the cost [1]. The product is also noted for its sturdiness and effectiveness in addressing dry skin and dandruff, with users appreciating the balance of softness and firmness in the scrubby [2]. Although one user has only used it once, they express optimism about its quality and durability [3].",7.75
How’s the quality of this product,"['▶ Improve Blood Circulation, Massager Scalp - Chialstar scalp massager provides gentle stimulation to increase the blood circulation for daily health care with comfortable and relaxing feeling. Massage your scalp, neck or body, relieving fatigue, pressure and muscles sore. Strengthen the roots of your hair and nourish the hair shafts.', '▶ Powerful Cleaning Ability - Using this shampoo brush to clean hair, or shower, your scalp will feel so much cleaner in the shower, good to remove dandruff and remove hardened sebum & dirt. What’s more it prevents hair loss by scalp stimulation and help to hair growth.', ""▶ Soft Silicone - The scalp brush is made of silicon, soft enough to use for kids, very gentle, doesn't irritate your scalp at all, sturdy, will not deformated. No need to worry about your long nails or sensitive scalp."", '▶ Works for Any Hair Texture - Scalp hair brush works appropriate for all types of hair, including dense, thick, coarse or curly hair. Manual with no battery required and Waterproof.', '▶ Refund And Warranty - Get two scalp massager for hair growth and start your scalp salon，1 years money back guarantee. If you have any question, send email to us, we will reply in 24 hours.']",0246,"[""title: Good \ntext: Good product, doesn't tangle my hair and makes my scalp feel cleaner"", 'title: Great quality for the price \ntext: I was worried about quality for the price, but I am really impressed! I love mine.', 'title: Helps with dry winter scalp! \ntext: The product is great quality and seems pretty sturdy. The scrubby feels soft but is firm enough to get a good scrub going on :) I noticed help with dry skin and dandruff after just one use.', 'title: Great Product \ntext: Really like this product. Does an amazing job when washing and conditioning my hair. Great scalp/head massager without being rough. Would definitely recommend.']","The product is praised for its quality, with users noting that it effectively prevents hair tangling and leaves the scalp feeling cleaner[0]. Many customers express surprise and satisfaction with the quality, especially considering the price, highlighting its value[1]. The product is described as sturdy and effective in addressing dry skin and dandruff, with noticeable results after just one use[2]. Additionally, it is commended for its performance in washing and conditioning hair, as well as its gentle yet effective scalp massaging capabilities[3].",7.75
How’s the quality of this product,"['▶ Improve Blood Circulation, Massager Scalp - Chialstar scalp massager provides gentle stimulation to increase the blood circulation for daily health care with comfortable and relaxing feeling. Massage your scalp, neck or body, relieving fatigue, pressure and muscles sore. Strengthen the roots of your hair and nourish the hair shafts.', '▶ Powerful Cleaning Ability - Using this shampoo brush to clean hair, or shower, your scalp will feel so much cleaner in the shower, good to remove dandruff and remove hardened sebum & dirt. What’s more it prevents hair loss by scalp stimulation and help to hair growth.', ""▶ Soft Silicone - The scalp brush is made of silicon, soft enough to use for kids, very gentle, doesn't irritate your scalp at all, sturdy, will not deformated. No need to worry about your long nails or sensitive scalp."", '▶ Works for Any Hair Texture - Scalp hair brush works appropriate for all types of hair, including dense, thick, coarse or curly hair. Manual with no battery required and Waterproof.', '▶ Refund And Warranty - Get two scalp massager for hair growth and start your scalp salon，1 years money back guarantee. If you have any question, send email to us, we will reply in 24 hours.']",0247,"[""title: Good \ntext: Good product, doesn't tangle my hair and makes my scalp feel cleaner"", 'title: Great quality for the price \ntext: I was worried about quality for the price, but I am really impressed! I love mine.', 'title: Helps with dry winter scalp! \ntext: The product is great quality and seems pretty sturdy. The scrubby feels soft but is firm enough to get a good scrub going on :) I noticed help with dry skin and dandruff after just one use.', 'title: Great value great product \ntext: This is such a great deal for a pack of two. I had originally bought a different brand that was more expensive but in comparison these are just as great. The bristles are stiff enough to actually make it feel like youre giving yourself a scalp massage during shower. Colors are vibrant and cute!']","The product is praised for its quality, with users noting that it effectively prevents hair tangling and leaves the scalp feeling cleaner [0]. Despite initial concerns about the price, customers are impressed with the quality, describing it as great for the cost [1]. The product is also noted for its sturdiness and effectiveness in addressing dry skin and dandruff, with users appreciating the soft yet firm texture of the scrubby [2]. Additionally, the product is considered a great value, comparable to more expensive brands, with stiff bristles that enhance the scalp massage experience during use [3].",7.75
How’s the quality of this product,"['▶ Improve Blood Circulation, Massager Scalp - Chialstar scalp massager provides gentle stimulation to increase the blood circulation for daily health care with comfortable and relaxing feeling. Massage your scalp, neck or body, relieving fatigue, pressure and muscles sore. Strengthen the roots of your hair and nourish the hair shafts.', '▶ Powerful Cleaning Ability - Using this shampoo brush to clean hair, or shower, your scalp will feel so much cleaner in the shower, good to remove dandruff and remove hardened sebum & dirt. What’s more it prevents hair loss by scalp stimulation and help to hair growth.', ""▶ Soft Silicone - The scalp brush is made of silicon, soft enough to use for kids, very gentle, doesn't irritate your scalp at all, sturdy, will not deformated. No need to worry about your long nails or sensitive scalp."", '▶ Works for Any Hair Texture - Scalp hair brush works appropriate for all types of hair, including dense, thick, coarse or curly hair. Manual with no battery required and Waterproof.', '▶ Refund And Warranty - Get two scalp massager for hair growth and start your scalp salon，1 years money back guarantee. If you have any question, send email to us, we will reply in 24 hours.']",0256,"[""title: Good \ntext: Good product, doesn't tangle my hair and makes my scalp feel cleaner"", 'title: Great quality for the price \ntext: I was worried about quality for the price, but I am really impressed! I love mine.', 'title: Feels great \ntext: I have only used this once but so far I really liked it! It felt nice and worked well.  I am hopeful that it is good quality and lasts a long time.', 'title: Great Product \ntext: Really like this product. Does an amazing job when washing and conditioning my hair. Great scalp/head massager without being rough. Would definitely recommend.']","The product is praised for its quality, with users noting that it effectively cleans the scalp and prevents hair tangling, contributing to a cleaner and more pleasant experience [0]. Despite initial concerns about the price, users find the quality impressive and feel satisfied with their purchase [1]. After limited use, one user expresses optimism about the product's quality and durability, indicating a positive initial impression [2]. Additionally, the product is highlighted for its excellent performance in washing and conditioning hair, as well as its gentle yet effective scalp massaging capabilities, making it highly recommendable [3].",7.75
How’s the quality of this product,"['▶ Improve Blood Circulation, Massager Scalp - Chialstar scalp massager provides gentle stimulation to increase the blood circulation for daily health care with comfortable and relaxing feeling. Massage your scalp, neck or body, relieving fatigue, pressure and muscles sore. Strengthen the roots of your hair and nourish the hair shafts.', '▶ Powerful Cleaning Ability - Using this shampoo brush to clean hair, or shower, your scalp will feel so much cleaner in the shower, good to remove dandruff and remove hardened sebum & dirt. What’s more it prevents hair loss by scalp stimulation and help to hair growth.', ""▶ Soft Silicone - The scalp brush is made of silicon, soft enough to use for kids, very gentle, doesn't irritate your scalp at all, sturdy, will not deformated. No need to worry about your long nails or sensitive scalp."", '▶ Works for Any Hair Texture - Scalp hair brush works appropriate for all types of hair, including dense, thick, coarse or curly hair. Manual with no battery required and Waterproof.', '▶ Refund And Warranty - Get two scalp massager for hair growth and start your scalp salon，1 years money back guarantee. If you have any question, send email to us, we will reply in 24 hours.']",0257,"[""title: Good \ntext: Good product, doesn't tangle my hair and makes my scalp feel cleaner"", 'title: Great quality for the price \ntext: I was worried about quality for the price, but I am really impressed! I love mine.', 'title: Feels great \ntext: I have only used this once but so far I really liked it! It felt nice and worked well.  I am hopeful that it is good quality and lasts a long time.', 'title: Great value great product \ntext: This is such a great deal for a pack of two. I had originally bought a different brand that was more expensive but in comparison these are just as great. The bristles are stiff enough to actually make it feel like youre giving yourself a scalp massage during shower. Colors are vibrant and cute!']","The product is praised for its quality, with users noting that it effectively prevents hair tangling and leaves the scalp feeling cleaner [0]. Despite initial concerns about the price, customers are impressed with the quality, describing it as great for the cost [1]. Users have expressed satisfaction after initial use, highlighting that it feels nice and works well, with hopes for long-term durability [2]. Additionally, the product is considered a great value, comparable to more expensive brands, with stiff bristles that enhance the user experience by providing a scalp massage effect during use [3].",7.75
How’s the quality of this product,"['▶ Improve Blood Circulation, Massager Scalp - Chialstar scalp massager provides gentle stimulation to increase the blood circulation for daily health care with comfortable and relaxing feeling. Massage your scalp, neck or body, relieving fatigue, pressure and muscles sore. Strengthen the roots of your hair and nourish the hair shafts.', '▶ Powerful Cleaning Ability - Using this shampoo brush to clean hair, or shower, your scalp will feel so much cleaner in the shower, good to remove dandruff and remove hardened sebum & dirt. What’s more it prevents hair loss by scalp stimulation and help to hair growth.', ""▶ Soft Silicone - The scalp brush is made of silicon, soft enough to use for kids, very gentle, doesn't irritate your scalp at all, sturdy, will not deformated. No need to worry about your long nails or sensitive scalp."", '▶ Works for Any Hair Texture - Scalp hair brush works appropriate for all types of hair, including dense, thick, coarse or curly hair. Manual with no battery required and Waterproof.', '▶ Refund And Warranty - Get two scalp massager for hair growth and start your scalp salon，1 years money back guarantee. If you have any question, send email to us, we will reply in 24 hours.']",0267,"[""title: Good \ntext: Good product, doesn't tangle my hair and makes my scalp feel cleaner"", 'title: Great quality for the price \ntext: I was worried about quality for the price, but I am really impressed! I love mine.', 'title: Great Product \ntext: Really like this product. Does an amazing job when washing and conditioning my hair. Great scalp/head massager without being rough. Would definitely recommend.', 'title: Great value great product \ntext: This is such a great deal for a pack of two. I had originally bought a different brand that was more expensive but in comparison these are just as great. The bristles are stiff enough to actually make it feel like youre giving yourself a scalp massage during shower. Colors are vibrant and cute!']","The product is praised for its quality, with users noting that it effectively cleans the scalp and prevents hair tangling, contributing to a cleaner and more pleasant hair care experience [0]. Despite initial concerns about the price, users find the quality impressive and express satisfaction with their purchase [1]. The product is highlighted for its excellent performance in washing and conditioning hair, as well as its gentle yet effective scalp massaging capabilities, making it highly recommendable [2]. Additionally, the product is considered a great value, offering a comparable experience to more expensive brands, with stiff bristles that enhance the scalp massage experience and vibrant, appealing colors [3].",7.75
How’s the quality of this product,"['▶ Improve Blood Circulation, Massager Scalp - Chialstar scalp massager provides gentle stimulation to increase the blood circulation for daily health care with comfortable and relaxing feeling. Massage your scalp, neck or body, relieving fatigue, pressure and muscles sore. Strengthen the roots of your hair and nourish the hair shafts.', '▶ Powerful Cleaning Ability - Using this shampoo brush to clean hair, or shower, your scalp will feel so much cleaner in the shower, good to remove dandruff and remove hardened sebum & dirt. What’s more it prevents hair loss by scalp stimulation and help to hair growth.', ""▶ Soft Silicone - The scalp brush is made of silicon, soft enough to use for kids, very gentle, doesn't irritate your scalp at all, sturdy, will not deformated. No need to worry about your long nails or sensitive scalp."", '▶ Works for Any Hair Texture - Scalp hair brush works appropriate for all types of hair, including dense, thick, coarse or curly hair. Manual with no battery required and Waterproof.', '▶ Refund And Warranty - Get two scalp massager for hair growth and start your scalp salon，1 years money back guarantee. If you have any question, send email to us, we will reply in 24 hours.']",0345,"[""title: Good \ntext: Good product, doesn't tangle my hair and makes my scalp feel cleaner"", 'title: great \ntext: very good product kind of hard to hold, i recommend putting your fingers through the handle instead of holding it by the handle', 'title: Helps with dry winter scalp! \ntext: The product is great quality and seems pretty sturdy. The scrubby feels soft but is firm enough to get a good scrub going on :) I noticed help with dry skin and dandruff after just one use.', 'title: Feels great \ntext: I have only used this once but so far I really liked it! It felt nice and worked well.  I am hopeful that it is good quality and lasts a long time.']","The product is praised for its quality, with users noting that it effectively cleans the scalp and prevents hair tangling, contributing to a cleaner feeling overall [0]. Despite some difficulty in handling, the product is recommended for its effectiveness, suggesting an alternative grip method for better use [1]. It is described as sturdy and of great quality, with a soft yet firm texture that aids in scrubbing, providing relief from dry skin and dandruff after a single use [2]. Another user expressed satisfaction after initial use, indicating that it felt nice and worked well, with hopes for its durability [3].",7.75
How’s the quality of this product,"['▶ Improve Blood Circulation, Massager Scalp - Chialstar scalp massager provides gentle stimulation to increase the blood circulation for daily health care with comfortable and relaxing feeling. Massage your scalp, neck or body, relieving fatigue, pressure and muscles sore. Strengthen the roots of your hair and nourish the hair shafts.', '▶ Powerful Cleaning Ability - Using this shampoo brush to clean hair, or shower, your scalp will feel so much cleaner in the shower, good to remove dandruff and remove hardened sebum & dirt. What’s more it prevents hair loss by scalp stimulation and help to hair growth.', ""▶ Soft Silicone - The scalp brush is made of silicon, soft enough to use for kids, very gentle, doesn't irritate your scalp at all, sturdy, will not deformated. No need to worry about your long nails or sensitive scalp."", '▶ Works for Any Hair Texture - Scalp hair brush works appropriate for all types of hair, including dense, thick, coarse or curly hair. Manual with no battery required and Waterproof.', '▶ Refund And Warranty - Get two scalp massager for hair growth and start your scalp salon，1 years money back guarantee. If you have any question, send email to us, we will reply in 24 hours.']",0346,"[""title: Good \ntext: Good product, doesn't tangle my hair and makes my scalp feel cleaner"", 'title: great \ntext: very good product kind of hard to hold, i recommend putting your fingers through the handle instead of holding it by the handle', 'title: Helps with dry winter scalp! \ntext: The product is great quality and seems pretty sturdy. The scrubby feels soft but is firm enough to get a good scrub going on :) I noticed help with dry skin and dandruff after just one use.', 'title: Great Product \ntext: Really like this product. Does an amazing job when washing and conditioning my hair. Great scalp/head massager without being rough. Would definitely recommend.']","The product is praised for its quality, with users noting that it effectively cleans the scalp and prevents hair tangling, contributing to a cleaner feel [0]. Despite being somewhat difficult to hold, it is recommended to use the handle differently for better grip [1]. The product is described as sturdy and of great quality, with a soft yet firm texture that helps alleviate dry skin and dandruff after just one use [2]. Additionally, it is highlighted as an excellent scalp massager that performs well during hair washing and conditioning without being too harsh [3].",7.75
How’s the quality of this product,"['▶ Improve Blood Circulation, Massager Scalp - Chialstar scalp massager provides gentle stimulation to increase the blood circulation for daily health care with comfortable and relaxing feeling. Massage your scalp, neck or body, relieving fatigue, pressure and muscles sore. Strengthen the roots of your hair and nourish the hair shafts.', '▶ Powerful Cleaning Ability - Using this shampoo brush to clean hair, or shower, your scalp will feel so much cleaner in the shower, good to remove dandruff and remove hardened sebum & dirt. What’s more it prevents hair loss by scalp stimulation and help to hair growth.', ""▶ Soft Silicone - The scalp brush is made of silicon, soft enough to use for kids, very gentle, doesn't irritate your scalp at all, sturdy, will not deformated. No need to worry about your long nails or sensitive scalp."", '▶ Works for Any Hair Texture - Scalp hair brush works appropriate for all types of hair, including dense, thick, coarse or curly hair. Manual with no battery required and Waterproof.', '▶ Refund And Warranty - Get two scalp massager for hair growth and start your scalp salon，1 years money back guarantee. If you have any question, send email to us, we will reply in 24 hours.']",0347,"[""title: Good \ntext: Good product, doesn't tangle my hair and makes my scalp feel cleaner"", 'title: great \ntext: very good product kind of hard to hold, i recommend putting your fingers through the handle instead of holding it by the handle', 'title: Helps with dry winter scalp! \ntext: The product is great quality and seems pretty sturdy. The scrubby feels soft but is firm enough to get a good scrub going on :) I noticed help with dry skin and dandruff after just one use.', 'title: Great value great product \ntext: This is such a great deal for a pack of two. I had originally bought a different brand that was more expensive but in comparison these are just as great. The bristles are stiff enough to actually make it feel like youre giving yourself a scalp massage during shower. Colors are vibrant and cute!']","The product is praised for its quality, with users noting that it effectively prevents hair tangling and leaves the scalp feeling cleaner [0]. It is described as sturdy and of great quality, with a soft yet firm texture that aids in scrubbing and alleviating dry skin and dandruff [2]. Additionally, the product is considered a great value, offering a pack of two that compares favorably to more expensive brands, with stiff bristles that enhance the scalp massage experience [3]. However, one user mentioned that it can be somewhat difficult to hold, suggesting an alternative grip method [1].",7.75
How’s the quality of this product,"['▶ Improve Blood Circulation, Massager Scalp - Chialstar scalp massager provides gentle stimulation to increase the blood circulation for daily health care with comfortable and relaxing feeling. Massage your scalp, neck or body, relieving fatigue, pressure and muscles sore. Strengthen the roots of your hair and nourish the hair shafts.', '▶ Powerful Cleaning Ability - Using this shampoo brush to clean hair, or shower, your scalp will feel so much cleaner in the shower, good to remove dandruff and remove hardened sebum & dirt. What’s more it prevents hair loss by scalp stimulation and help to hair growth.', ""▶ Soft Silicone - The scalp brush is made of silicon, soft enough to use for kids, very gentle, doesn't irritate your scalp at all, sturdy, will not deformated. No need to worry about your long nails or sensitive scalp."", '▶ Works for Any Hair Texture - Scalp hair brush works appropriate for all types of hair, including dense, thick, coarse or curly hair. Manual with no battery required and Waterproof.', '▶ Refund And Warranty - Get two scalp massager for hair growth and start your scalp salon，1 years money back guarantee. If you have any question, send email to us, we will reply in 24 hours.']",0356,"[""title: Good \ntext: Good product, doesn't tangle my hair and makes my scalp feel cleaner"", 'title: great \ntext: very good product kind of hard to hold, i recommend putting your fingers through the handle instead of holding it by the handle', 'title: Feels great \ntext: I have only used this once but so far I really liked it! It felt nice and worked well.  I am hopeful that it is good quality and lasts a long time.', 'title: Great Product \ntext: Really like this product. Does an amazing job when washing and conditioning my hair. Great scalp/head massager without being rough. Would definitely recommend.']","The product is praised for its ability to prevent hair tangling and leave the scalp feeling cleaner, indicating a positive impact on hair care quality [0]. Users find the product effective, though some mention it can be difficult to hold, suggesting a design consideration for ease of use [1]. Initial impressions are favorable, with users hopeful about its long-term quality and durability [2]. The product is also highlighted for its excellent performance in washing and conditioning hair, as well as its gentle yet effective scalp massaging capabilities, making it highly recommendable [3].",7.75
How’s the quality of this product,"['▶ Improve Blood Circulation, Massager Scalp - Chialstar scalp massager provides gentle stimulation to increase the blood circulation for daily health care with comfortable and relaxing feeling. Massage your scalp, neck or body, relieving fatigue, pressure and muscles sore. Strengthen the roots of your hair and nourish the hair shafts.', '▶ Powerful Cleaning Ability - Using this shampoo brush to clean hair, or shower, your scalp will feel so much cleaner in the shower, good to remove dandruff and remove hardened sebum & dirt. What’s more it prevents hair loss by scalp stimulation and help to hair growth.', ""▶ Soft Silicone - The scalp brush is made of silicon, soft enough to use for kids, very gentle, doesn't irritate your scalp at all, sturdy, will not deformated. No need to worry about your long nails or sensitive scalp."", '▶ Works for Any Hair Texture - Scalp hair brush works appropriate for all types of hair, including dense, thick, coarse or curly hair. Manual with no battery required and Waterproof.', '▶ Refund And Warranty - Get two scalp massager for hair growth and start your scalp salon，1 years money back guarantee. If you have any question, send email to us, we will reply in 24 hours.']",0357,"[""title: Good \ntext: Good product, doesn't tangle my hair and makes my scalp feel cleaner"", 'title: great \ntext: very good product kind of hard to hold, i recommend putting your fingers through the handle instead of holding it by the handle', 'title: Feels great \ntext: I have only used this once but so far I really liked it! It felt nice and worked well.  I am hopeful that it is good quality and lasts a long time.', 'title: Great value great product \ntext: This is such a great deal for a pack of two. I had originally bought a different brand that was more expensive but in comparison these are just as great. The bristles are stiff enough to actually make it feel like youre giving yourself a scalp massage during shower. Colors are vibrant and cute!']","The product is praised for its ability to prevent hair tangling and leave the scalp feeling cleaner, indicating a positive impact on hair and scalp health [0]. Although the product is noted to be somewhat difficult to hold, a suggestion is made to improve grip by using the handle differently, which implies a minor design flaw [1]. Initial impressions from a user who has only used it once are positive, with hopes for long-term durability, suggesting potential quality and longevity [2]. Additionally, the product is considered a great value, comparable to more expensive brands, with stiff bristles that enhance the user experience by providing a scalp massage, and it is also appreciated for its vibrant and cute colors [3].",7.75
How’s the quality of this product,"['▶ Improve Blood Circulation, Massager Scalp - Chialstar scalp massager provides gentle stimulation to increase the blood circulation for daily health care with comfortable and relaxing feeling. Massage your scalp, neck or body, relieving fatigue, pressure and muscles sore. Strengthen the roots of your hair and nourish the hair shafts.', '▶ Powerful Cleaning Ability - Using this shampoo brush to clean hair, or shower, your scalp will feel so much cleaner in the shower, good to remove dandruff and remove hardened sebum & dirt. What’s more it prevents hair loss by scalp stimulation and help to hair growth.', ""▶ Soft Silicone - The scalp brush is made of silicon, soft enough to use for kids, very gentle, doesn't irritate your scalp at all, sturdy, will not deformated. No need to worry about your long nails or sensitive scalp."", '▶ Works for Any Hair Texture - Scalp hair brush works appropriate for all types of hair, including dense, thick, coarse or curly hair. Manual with no battery required and Waterproof.', '▶ Refund And Warranty - Get two scalp massager for hair growth and start your scalp salon，1 years money back guarantee. If you have any question, send email to us, we will reply in 24 hours.']",0367,"[""title: Good \ntext: Good product, doesn't tangle my hair and makes my scalp feel cleaner"", 'title: great \ntext: very good product kind of hard to hold, i recommend putting your fingers through the handle instead of holding it by the handle', 'title: Great Product \ntext: Really like this product. Does an amazing job when washing and conditioning my hair. Great scalp/head massager without being rough. Would definitely recommend.', 'title: Great value great product \ntext: This is such a great deal for a pack of two. I had originally bought a different brand that was more expensive but in comparison these are just as great. The bristles are stiff enough to actually make it feel like youre giving yourself a scalp massage during shower. Colors are vibrant and cute!']","The product is praised for its quality, with users noting that it effectively cleans the scalp and prevents hair tangling, enhancing the overall hair washing experience [0]. While some find it slightly challenging to hold, they suggest a different grip technique to improve usability [1]. Users appreciate its gentle yet effective scalp massaging capabilities, making it a recommended choice for washing and conditioning hair [2]. Additionally, the product is considered a great value, offering comparable quality to more expensive brands, with vibrant and appealing colors [3].",7.75
How’s the quality of this product,"['▶ Improve Blood Circulation, Massager Scalp - Chialstar scalp massager provides gentle stimulation to increase the blood circulation for daily health care with comfortable and relaxing feeling. Massage your scalp, neck or body, relieving fatigue, pressure and muscles sore. Strengthen the roots of your hair and nourish the hair shafts.', '▶ Powerful Cleaning Ability - Using this shampoo brush to clean hair, or shower, your scalp will feel so much cleaner in the shower, good to remove dandruff and remove hardened sebum & dirt. What’s more it prevents hair loss by scalp stimulation and help to hair growth.', ""▶ Soft Silicone - The scalp brush is made of silicon, soft enough to use for kids, very gentle, doesn't irritate your scalp at all, sturdy, will not deformated. No need to worry about your long nails or sensitive scalp."", '▶ Works for Any Hair Texture - Scalp hair brush works appropriate for all types of hair, including dense, thick, coarse or curly hair. Manual with no battery required and Waterproof.', '▶ Refund And Warranty - Get two scalp massager for hair growth and start your scalp salon，1 years money back guarantee. If you have any question, send email to us, we will reply in 24 hours.']",0456,"[""title: Good \ntext: Good product, doesn't tangle my hair and makes my scalp feel cleaner"", 'title: Helps with dry winter scalp! \ntext: The product is great quality and seems pretty sturdy. The scrubby feels soft but is firm enough to get a good scrub going on :) I noticed help with dry skin and dandruff after just one use.', 'title: Feels great \ntext: I have only used this once but so far I really liked it! It felt nice and worked well.  I am hopeful that it is good quality and lasts a long time.', 'title: Great Product \ntext: Really like this product. Does an amazing job when washing and conditioning my hair. Great scalp/head massager without being rough. Would definitely recommend.']","The product is praised for its quality, with users noting that it effectively prevents hair tangling and leaves the scalp feeling cleaner[0]. It is described as sturdy and well-made, with a soft yet firm texture that aids in scrubbing, helping with dry skin and dandruff after just one use[1]. Although one user has only used it once, they expressed satisfaction with its performance and are optimistic about its durability[2]. Overall, the product is highly recommended for its excellent performance in washing and conditioning hair, and its gentle yet effective scalp massaging capabilities[3].",7.75
How’s the quality of this product,"['▶ Improve Blood Circulation, Massager Scalp - Chialstar scalp massager provides gentle stimulation to increase the blood circulation for daily health care with comfortable and relaxing feeling. Massage your scalp, neck or body, relieving fatigue, pressure and muscles sore. Strengthen the roots of your hair and nourish the hair shafts.', '▶ Powerful Cleaning Ability - Using this shampoo brush to clean hair, or shower, your scalp will feel so much cleaner in the shower, good to remove dandruff and remove hardened sebum & dirt. What’s more it prevents hair loss by scalp stimulation and help to hair growth.', ""▶ Soft Silicone - The scalp brush is made of silicon, soft enough to use for kids, very gentle, doesn't irritate your scalp at all, sturdy, will not deformated. No need to worry about your long nails or sensitive scalp."", '▶ Works for Any Hair Texture - Scalp hair brush works appropriate for all types of hair, including dense, thick, coarse or curly hair. Manual with no battery required and Waterproof.', '▶ Refund And Warranty - Get two scalp massager for hair growth and start your scalp salon，1 years money back guarantee. If you have any question, send email to us, we will reply in 24 hours.']",0457,"[""title: Good \ntext: Good product, doesn't tangle my hair and makes my scalp feel cleaner"", 'title: Helps with dry winter scalp! \ntext: The product is great quality and seems pretty sturdy. The scrubby feels soft but is firm enough to get a good scrub going on :) I noticed help with dry skin and dandruff after just one use.', 'title: Feels great \ntext: I have only used this once but so far I really liked it! It felt nice and worked well.  I am hopeful that it is good quality and lasts a long time.', 'title: Great value great product \ntext: This is such a great deal for a pack of two. I had originally bought a different brand that was more expensive but in comparison these are just as great. The bristles are stiff enough to actually make it feel like youre giving yourself a scalp massage during shower. Colors are vibrant and cute!']","The product is praised for its quality, with users noting that it effectively prevents hair tangling and leaves the scalp feeling cleaner [0]. It is described as sturdy and beneficial for dry skin and dandruff, with a soft yet firm scrubby that provides a good scrub [1]. Although one user has only used it once, they are optimistic about its quality and longevity [2]. Additionally, the product is considered a great value, comparable to more expensive brands, with stiff bristles that enhance the scalp massage experience [3].",7.75
How’s the quality of this product,"['▶ Improve Blood Circulation, Massager Scalp - Chialstar scalp massager provides gentle stimulation to increase the blood circulation for daily health care with comfortable and relaxing feeling. Massage your scalp, neck or body, relieving fatigue, pressure and muscles sore. Strengthen the roots of your hair and nourish the hair shafts.', '▶ Powerful Cleaning Ability - Using this shampoo brush to clean hair, or shower, your scalp will feel so much cleaner in the shower, good to remove dandruff and remove hardened sebum & dirt. What’s more it prevents hair loss by scalp stimulation and help to hair growth.', ""▶ Soft Silicone - The scalp brush is made of silicon, soft enough to use for kids, very gentle, doesn't irritate your scalp at all, sturdy, will not deformated. No need to worry about your long nails or sensitive scalp."", '▶ Works for Any Hair Texture - Scalp hair brush works appropriate for all types of hair, including dense, thick, coarse or curly hair. Manual with no battery required and Waterproof.', '▶ Refund And Warranty - Get two scalp massager for hair growth and start your scalp salon，1 years money back guarantee. If you have any question, send email to us, we will reply in 24 hours.']",0467,"[""title: Good \ntext: Good product, doesn't tangle my hair and makes my scalp feel cleaner"", 'title: Helps with dry winter scalp! \ntext: The product is great quality and seems pretty sturdy. The scrubby feels soft but is firm enough to get a good scrub going on :) I noticed help with dry skin and dandruff after just one use.', 'title: Great Product \ntext: Really like this product. Does an amazing job when washing and conditioning my hair. Great scalp/head massager without being rough. Would definitely recommend.', 'title: Great value great product \ntext: This is such a great deal for a pack of two. I had originally bought a different brand that was more expensive but in comparison these are just as great. The bristles are stiff enough to actually make it feel like youre giving yourself a scalp massage during shower. Colors are vibrant and cute!']","The product is praised for its quality, with users noting that it effectively cleans the scalp and prevents hair tangling, contributing to a cleaner and healthier scalp feel [0]. It is described as sturdy and well-made, with a soft yet firm texture that aids in scrubbing, helping alleviate dry skin and dandruff after just one use [1]. Users appreciate its effectiveness in washing and conditioning hair, providing a gentle yet effective scalp massage [2]. Additionally, the product is considered a great value, comparable to more expensive brands, with stiff bristles that enhance the scalp massage experience, and vibrant, appealing colors [3].",7.75
How’s the quality of this product,"['▶ Improve Blood Circulation, Massager Scalp - Chialstar scalp massager provides gentle stimulation to increase the blood circulation for daily health care with comfortable and relaxing feeling. Massage your scalp, neck or body, relieving fatigue, pressure and muscles sore. Strengthen the roots of your hair and nourish the hair shafts.', '▶ Powerful Cleaning Ability - Using this shampoo brush to clean hair, or shower, your scalp will feel so much cleaner in the shower, good to remove dandruff and remove hardened sebum & dirt. What’s more it prevents hair loss by scalp stimulation and help to hair growth.', ""▶ Soft Silicone - The scalp brush is made of silicon, soft enough to use for kids, very gentle, doesn't irritate your scalp at all, sturdy, will not deformated. No need to worry about your long nails or sensitive scalp."", '▶ Works for Any Hair Texture - Scalp hair brush works appropriate for all types of hair, including dense, thick, coarse or curly hair. Manual with no battery required and Waterproof.', '▶ Refund And Warranty - Get two scalp massager for hair growth and start your scalp salon，1 years money back guarantee. If you have any question, send email to us, we will reply in 24 hours.']",0567,"[""title: Good \ntext: Good product, doesn't tangle my hair and makes my scalp feel cleaner"", 'title: Feels great \ntext: I have only used this once but so far I really liked it! It felt nice and worked well.  I am hopeful that it is good quality and lasts a long time.', 'title: Great Product \ntext: Really like this product. Does an amazing job when washing and conditioning my hair. Great scalp/head massager without being rough. Would definitely recommend.', 'title: Great value great product \ntext: This is such a great deal for a pack of two. I had originally bought a different brand that was more expensive but in comparison these are just as great. The bristles are stiff enough to actually make it feel like youre giving yourself a scalp massage during shower. Colors are vibrant and cute!']","The product is praised for its ability to prevent hair tangling and leave the scalp feeling cleaner, indicating a high quality in its performance [0]. Users have expressed satisfaction with the product's initial use, noting that it feels nice and works well, which suggests a promising quality and durability [1]. It is also highlighted for its effectiveness in washing and conditioning hair, as well as providing a gentle yet effective scalp massage, making it highly recommendable [2]. Additionally, the product is considered a great value, comparable to more expensive brands, with stiff bristles that enhance the scalp massage experience, and comes in vibrant, appealing colors [3].",7.75
How’s the quality of this product,"['▶ Improve Blood Circulation, Massager Scalp - Chialstar scalp massager provides gentle stimulation to increase the blood circulation for daily health care with comfortable and relaxing feeling. Massage your scalp, neck or body, relieving fatigue, pressure and muscles sore. Strengthen the roots of your hair and nourish the hair shafts.', '▶ Powerful Cleaning Ability - Using this shampoo brush to clean hair, or shower, your scalp will feel so much cleaner in the shower, good to remove dandruff and remove hardened sebum & dirt. What’s more it prevents hair loss by scalp stimulation and help to hair growth.', ""▶ Soft Silicone - The scalp brush is made of silicon, soft enough to use for kids, very gentle, doesn't irritate your scalp at all, sturdy, will not deformated. No need to worry about your long nails or sensitive scalp."", '▶ Works for Any Hair Texture - Scalp hair brush works appropriate for all types of hair, including dense, thick, coarse or curly hair. Manual with no battery required and Waterproof.', '▶ Refund And Warranty - Get two scalp massager for hair growth and start your scalp salon，1 years money back guarantee. If you have any question, send email to us, we will reply in 24 hours.']",1234,"['title: It works \ntext: It works well and seems like a good product for the price', 'title: Great quality for the price \ntext: I was worried about quality for the price, but I am really impressed! I love mine.', 'title: great \ntext: very good product kind of hard to hold, i recommend putting your fingers through the handle instead of holding it by the handle', 'title: Helps with dry winter scalp! \ntext: The product is great quality and seems pretty sturdy. The scrubby feels soft but is firm enough to get a good scrub going on :) I noticed help with dry skin and dandruff after just one use.']","The product is generally perceived as having good quality, especially considering its price. Users have expressed satisfaction with its performance, noting that it works well and is a good value for the cost [0][1]. Despite some difficulty in handling, the product is recommended for its effectiveness [2]. Additionally, it is described as sturdy and beneficial for addressing dry skin and dandruff, with noticeable results after a single use [3].",7.75
How’s the quality of this product,"['▶ Improve Blood Circulation, Massager Scalp - Chialstar scalp massager provides gentle stimulation to increase the blood circulation for daily health care with comfortable and relaxing feeling. Massage your scalp, neck or body, relieving fatigue, pressure and muscles sore. Strengthen the roots of your hair and nourish the hair shafts.', '▶ Powerful Cleaning Ability - Using this shampoo brush to clean hair, or shower, your scalp will feel so much cleaner in the shower, good to remove dandruff and remove hardened sebum & dirt. What’s more it prevents hair loss by scalp stimulation and help to hair growth.', ""▶ Soft Silicone - The scalp brush is made of silicon, soft enough to use for kids, very gentle, doesn't irritate your scalp at all, sturdy, will not deformated. No need to worry about your long nails or sensitive scalp."", '▶ Works for Any Hair Texture - Scalp hair brush works appropriate for all types of hair, including dense, thick, coarse or curly hair. Manual with no battery required and Waterproof.', '▶ Refund And Warranty - Get two scalp massager for hair growth and start your scalp salon，1 years money back guarantee. If you have any question, send email to us, we will reply in 24 hours.']",1235,"['title: It works \ntext: It works well and seems like a good product for the price', 'title: Great quality for the price \ntext: I was worried about quality for the price, but I am really impressed! I love mine.', 'title: great \ntext: very good product kind of hard to hold, i recommend putting your fingers through the handle instead of holding it by the handle', 'title: Feels great \ntext: I have only used this once but so far I really liked it! It felt nice and worked well.  I am hopeful that it is good quality and lasts a long time.']","The product is generally perceived as having good quality, especially considering its price point. One user noted that it works well and is a good value for the price [0]. Another user expressed initial concerns about the quality due to the low price but was ultimately impressed with the product's performance [1]. Although one user found it somewhat difficult to hold, they still described it as a very good product and offered a suggestion for handling it more comfortably [2]. Additionally, a user who has only used the product once reported a positive experience, noting that it felt nice and worked well, and they are hopeful about its long-term quality [3].",7.5
How’s the quality of this product,"['▶ Improve Blood Circulation, Massager Scalp - Chialstar scalp massager provides gentle stimulation to increase the blood circulation for daily health care with comfortable and relaxing feeling. Massage your scalp, neck or body, relieving fatigue, pressure and muscles sore. Strengthen the roots of your hair and nourish the hair shafts.', '▶ Powerful Cleaning Ability - Using this shampoo brush to clean hair, or shower, your scalp will feel so much cleaner in the shower, good to remove dandruff and remove hardened sebum & dirt. What’s more it prevents hair loss by scalp stimulation and help to hair growth.', ""▶ Soft Silicone - The scalp brush is made of silicon, soft enough to use for kids, very gentle, doesn't irritate your scalp at all, sturdy, will not deformated. No need to worry about your long nails or sensitive scalp."", '▶ Works for Any Hair Texture - Scalp hair brush works appropriate for all types of hair, including dense, thick, coarse or curly hair. Manual with no battery required and Waterproof.', '▶ Refund And Warranty - Get two scalp massager for hair growth and start your scalp salon，1 years money back guarantee. If you have any question, send email to us, we will reply in 24 hours.']",1236,"['title: It works \ntext: It works well and seems like a good product for the price', 'title: Great quality for the price \ntext: I was worried about quality for the price, but I am really impressed! I love mine.', 'title: great \ntext: very good product kind of hard to hold, i recommend putting your fingers through the handle instead of holding it by the handle', 'title: Great Product \ntext: Really like this product. Does an amazing job when washing and conditioning my hair. Great scalp/head massager without being rough. Would definitely recommend.']","The product is generally perceived as offering good quality for its price. One user noted that it works well and seems like a good value [0]. Another user expressed initial concerns about the quality due to the price but was ultimately impressed with the product [1]. Despite some difficulty in handling, the product is described as very good [2]. Additionally, it is praised for its effectiveness in washing and conditioning hair, as well as being a great scalp massager without being too rough [3].",7.75
How’s the quality of this product,"['▶ Improve Blood Circulation, Massager Scalp - Chialstar scalp massager provides gentle stimulation to increase the blood circulation for daily health care with comfortable and relaxing feeling. Massage your scalp, neck or body, relieving fatigue, pressure and muscles sore. Strengthen the roots of your hair and nourish the hair shafts.', '▶ Powerful Cleaning Ability - Using this shampoo brush to clean hair, or shower, your scalp will feel so much cleaner in the shower, good to remove dandruff and remove hardened sebum & dirt. What’s more it prevents hair loss by scalp stimulation and help to hair growth.', ""▶ Soft Silicone - The scalp brush is made of silicon, soft enough to use for kids, very gentle, doesn't irritate your scalp at all, sturdy, will not deformated. No need to worry about your long nails or sensitive scalp."", '▶ Works for Any Hair Texture - Scalp hair brush works appropriate for all types of hair, including dense, thick, coarse or curly hair. Manual with no battery required and Waterproof.', '▶ Refund And Warranty - Get two scalp massager for hair growth and start your scalp salon，1 years money back guarantee. If you have any question, send email to us, we will reply in 24 hours.']",1237,"['title: It works \ntext: It works well and seems like a good product for the price', 'title: Great quality for the price \ntext: I was worried about quality for the price, but I am really impressed! I love mine.', 'title: great \ntext: very good product kind of hard to hold, i recommend putting your fingers through the handle instead of holding it by the handle', 'title: Great value great product \ntext: This is such a great deal for a pack of two. I had originally bought a different brand that was more expensive but in comparison these are just as great. The bristles are stiff enough to actually make it feel like youre giving yourself a scalp massage during shower. Colors are vibrant and cute!']","The product is praised for its effectiveness and affordability, with users noting that it works well and offers good value for the price [0][1]. Despite initial concerns about quality due to the low price, users are impressed with the product's performance and recommend it [1]. One user mentions that while the product is very good, it can be difficult to hold, suggesting an alternative grip method for better handling [2]. Additionally, the product is highlighted as a great deal, especially when compared to more expensive brands, with features like stiff bristles that enhance the user experience and vibrant colors that add to its appeal [3].",7.75
How’s the quality of this product,"['▶ Improve Blood Circulation, Massager Scalp - Chialstar scalp massager provides gentle stimulation to increase the blood circulation for daily health care with comfortable and relaxing feeling. Massage your scalp, neck or body, relieving fatigue, pressure and muscles sore. Strengthen the roots of your hair and nourish the hair shafts.', '▶ Powerful Cleaning Ability - Using this shampoo brush to clean hair, or shower, your scalp will feel so much cleaner in the shower, good to remove dandruff and remove hardened sebum & dirt. What’s more it prevents hair loss by scalp stimulation and help to hair growth.', ""▶ Soft Silicone - The scalp brush is made of silicon, soft enough to use for kids, very gentle, doesn't irritate your scalp at all, sturdy, will not deformated. No need to worry about your long nails or sensitive scalp."", '▶ Works for Any Hair Texture - Scalp hair brush works appropriate for all types of hair, including dense, thick, coarse or curly hair. Manual with no battery required and Waterproof.', '▶ Refund And Warranty - Get two scalp massager for hair growth and start your scalp salon，1 years money back guarantee. If you have any question, send email to us, we will reply in 24 hours.']",1245,"['title: It works \ntext: It works well and seems like a good product for the price', 'title: Great quality for the price \ntext: I was worried about quality for the price, but I am really impressed! I love mine.', 'title: Helps with dry winter scalp! \ntext: The product is great quality and seems pretty sturdy. The scrubby feels soft but is firm enough to get a good scrub going on :) I noticed help with dry skin and dandruff after just one use.', 'title: Feels great \ntext: I have only used this once but so far I really liked it! It felt nice and worked well.  I am hopeful that it is good quality and lasts a long time.']","The product is generally perceived as offering good quality for its price, with users expressing satisfaction with its performance and sturdiness. One user noted that it works well and is a good value for the price [0]. Another user was initially concerned about the quality due to the low price but ended up being impressed with the product [1]. Additionally, the product is described as sturdy and effective, particularly in addressing dry skin and dandruff issues, with a scrubby that is both soft and firm enough for a good scrub [2]. A user who has only used the product once reported a positive initial experience, expressing hope that it will prove to be durable [3].",7.75
How’s the quality of this product,"['▶ Improve Blood Circulation, Massager Scalp - Chialstar scalp massager provides gentle stimulation to increase the blood circulation for daily health care with comfortable and relaxing feeling. Massage your scalp, neck or body, relieving fatigue, pressure and muscles sore. Strengthen the roots of your hair and nourish the hair shafts.', '▶ Powerful Cleaning Ability - Using this shampoo brush to clean hair, or shower, your scalp will feel so much cleaner in the shower, good to remove dandruff and remove hardened sebum & dirt. What’s more it prevents hair loss by scalp stimulation and help to hair growth.', ""▶ Soft Silicone - The scalp brush is made of silicon, soft enough to use for kids, very gentle, doesn't irritate your scalp at all, sturdy, will not deformated. No need to worry about your long nails or sensitive scalp."", '▶ Works for Any Hair Texture - Scalp hair brush works appropriate for all types of hair, including dense, thick, coarse or curly hair. Manual with no battery required and Waterproof.', '▶ Refund And Warranty - Get two scalp massager for hair growth and start your scalp salon，1 years money back guarantee. If you have any question, send email to us, we will reply in 24 hours.']",1246,"['title: It works \ntext: It works well and seems like a good product for the price', 'title: Great quality for the price \ntext: I was worried about quality for the price, but I am really impressed! I love mine.', 'title: Helps with dry winter scalp! \ntext: The product is great quality and seems pretty sturdy. The scrubby feels soft but is firm enough to get a good scrub going on :) I noticed help with dry skin and dandruff after just one use.', 'title: Great Product \ntext: Really like this product. Does an amazing job when washing and conditioning my hair. Great scalp/head massager without being rough. Would definitely recommend.']","The product is praised for its quality, especially considering its price, with users expressing satisfaction and surprise at its performance[0][1]. It is described as sturdy and effective, particularly in addressing issues like dry skin and dandruff, while also being gentle enough for regular use[2]. Additionally, it is highlighted as an excellent tool for washing and conditioning hair, providing a pleasant scalp massage without being too harsh[3].",7.75
How’s the quality of this product,"['▶ Improve Blood Circulation, Massager Scalp - Chialstar scalp massager provides gentle stimulation to increase the blood circulation for daily health care with comfortable and relaxing feeling. Massage your scalp, neck or body, relieving fatigue, pressure and muscles sore. Strengthen the roots of your hair and nourish the hair shafts.', '▶ Powerful Cleaning Ability - Using this shampoo brush to clean hair, or shower, your scalp will feel so much cleaner in the shower, good to remove dandruff and remove hardened sebum & dirt. What’s more it prevents hair loss by scalp stimulation and help to hair growth.', ""▶ Soft Silicone - The scalp brush is made of silicon, soft enough to use for kids, very gentle, doesn't irritate your scalp at all, sturdy, will not deformated. No need to worry about your long nails or sensitive scalp."", '▶ Works for Any Hair Texture - Scalp hair brush works appropriate for all types of hair, including dense, thick, coarse or curly hair. Manual with no battery required and Waterproof.', '▶ Refund And Warranty - Get two scalp massager for hair growth and start your scalp salon，1 years money back guarantee. If you have any question, send email to us, we will reply in 24 hours.']",1247,"['title: It works \ntext: It works well and seems like a good product for the price', 'title: Great quality for the price \ntext: I was worried about quality for the price, but I am really impressed! I love mine.', 'title: Helps with dry winter scalp! \ntext: The product is great quality and seems pretty sturdy. The scrubby feels soft but is firm enough to get a good scrub going on :) I noticed help with dry skin and dandruff after just one use.', 'title: Great value great product \ntext: This is such a great deal for a pack of two. I had originally bought a different brand that was more expensive but in comparison these are just as great. The bristles are stiff enough to actually make it feel like youre giving yourself a scalp massage during shower. Colors are vibrant and cute!']","The product is praised for its quality, with users noting that it works well and is a good value for the price [0]. Despite initial concerns about the cost, users are impressed with the quality, expressing satisfaction with their purchase [1]. The product is described as sturdy and effective, particularly in addressing issues like dry skin and dandruff, with users appreciating the balance between softness and firmness of the scrubby [2]. Additionally, the product is considered a great deal, comparable to more expensive brands, with stiff bristles that enhance the user experience by providing a scalp massage during use [3].",7.75
How’s the quality of this product,"['▶ Improve Blood Circulation, Massager Scalp - Chialstar scalp massager provides gentle stimulation to increase the blood circulation for daily health care with comfortable and relaxing feeling. Massage your scalp, neck or body, relieving fatigue, pressure and muscles sore. Strengthen the roots of your hair and nourish the hair shafts.', '▶ Powerful Cleaning Ability - Using this shampoo brush to clean hair, or shower, your scalp will feel so much cleaner in the shower, good to remove dandruff and remove hardened sebum & dirt. What’s more it prevents hair loss by scalp stimulation and help to hair growth.', ""▶ Soft Silicone - The scalp brush is made of silicon, soft enough to use for kids, very gentle, doesn't irritate your scalp at all, sturdy, will not deformated. No need to worry about your long nails or sensitive scalp."", '▶ Works for Any Hair Texture - Scalp hair brush works appropriate for all types of hair, including dense, thick, coarse or curly hair. Manual with no battery required and Waterproof.', '▶ Refund And Warranty - Get two scalp massager for hair growth and start your scalp salon，1 years money back guarantee. If you have any question, send email to us, we will reply in 24 hours.']",1256,"['title: It works \ntext: It works well and seems like a good product for the price', 'title: Great quality for the price \ntext: I was worried about quality for the price, but I am really impressed! I love mine.', 'title: Feels great \ntext: I have only used this once but so far I really liked it! It felt nice and worked well.  I am hopeful that it is good quality and lasts a long time.', 'title: Great Product \ntext: Really like this product. Does an amazing job when washing and conditioning my hair. Great scalp/head massager without being rough. Would definitely recommend.']","The product is generally perceived as having good quality, especially considering its price. Users have expressed satisfaction with its performance, noting that it works well and feels nice to use[0][2]. Despite initial concerns about quality due to the low price, users have been impressed with the product's performance and durability[1]. Additionally, the product is praised for its effectiveness in washing and conditioning hair, as well as its gentle massaging capabilities, making it highly recommendable[3].",7.75
How’s the quality of this product,"['▶ Improve Blood Circulation, Massager Scalp - Chialstar scalp massager provides gentle stimulation to increase the blood circulation for daily health care with comfortable and relaxing feeling. Massage your scalp, neck or body, relieving fatigue, pressure and muscles sore. Strengthen the roots of your hair and nourish the hair shafts.', '▶ Powerful Cleaning Ability - Using this shampoo brush to clean hair, or shower, your scalp will feel so much cleaner in the shower, good to remove dandruff and remove hardened sebum & dirt. What’s more it prevents hair loss by scalp stimulation and help to hair growth.', ""▶ Soft Silicone - The scalp brush is made of silicon, soft enough to use for kids, very gentle, doesn't irritate your scalp at all, sturdy, will not deformated. No need to worry about your long nails or sensitive scalp."", '▶ Works for Any Hair Texture - Scalp hair brush works appropriate for all types of hair, including dense, thick, coarse or curly hair. Manual with no battery required and Waterproof.', '▶ Refund And Warranty - Get two scalp massager for hair growth and start your scalp salon，1 years money back guarantee. If you have any question, send email to us, we will reply in 24 hours.']",1257,"['title: It works \ntext: It works well and seems like a good product for the price', 'title: Great quality for the price \ntext: I was worried about quality for the price, but I am really impressed! I love mine.', 'title: Feels great \ntext: I have only used this once but so far I really liked it! It felt nice and worked well.  I am hopeful that it is good quality and lasts a long time.', 'title: Great value great product \ntext: This is such a great deal for a pack of two. I had originally bought a different brand that was more expensive but in comparison these are just as great. The bristles are stiff enough to actually make it feel like youre giving yourself a scalp massage during shower. Colors are vibrant and cute!']","The product is generally perceived as offering good quality for its price. Users have expressed satisfaction with its performance, noting that it works well and is a good value for the cost[0][1]. One user mentioned initial concerns about quality due to the low price but was ultimately impressed with the product[1]. Another user, who has only used the product once, reported a positive experience, indicating that it felt nice and worked well, with hopes for its durability[2]. Additionally, the product is praised for being a great deal, especially when compared to more expensive brands, with features like stiff bristles that enhance the user experience[3].",7.75
How’s the quality of this product,"['▶ Improve Blood Circulation, Massager Scalp - Chialstar scalp massager provides gentle stimulation to increase the blood circulation for daily health care with comfortable and relaxing feeling. Massage your scalp, neck or body, relieving fatigue, pressure and muscles sore. Strengthen the roots of your hair and nourish the hair shafts.', '▶ Powerful Cleaning Ability - Using this shampoo brush to clean hair, or shower, your scalp will feel so much cleaner in the shower, good to remove dandruff and remove hardened sebum & dirt. What’s more it prevents hair loss by scalp stimulation and help to hair growth.', ""▶ Soft Silicone - The scalp brush is made of silicon, soft enough to use for kids, very gentle, doesn't irritate your scalp at all, sturdy, will not deformated. No need to worry about your long nails or sensitive scalp."", '▶ Works for Any Hair Texture - Scalp hair brush works appropriate for all types of hair, including dense, thick, coarse or curly hair. Manual with no battery required and Waterproof.', '▶ Refund And Warranty - Get two scalp massager for hair growth and start your scalp salon，1 years money back guarantee. If you have any question, send email to us, we will reply in 24 hours.']",1267,"['title: It works \ntext: It works well and seems like a good product for the price', 'title: Great quality for the price \ntext: I was worried about quality for the price, but I am really impressed! I love mine.', 'title: Great Product \ntext: Really like this product. Does an amazing job when washing and conditioning my hair. Great scalp/head massager without being rough. Would definitely recommend.', 'title: Great value great product \ntext: This is such a great deal for a pack of two. I had originally bought a different brand that was more expensive but in comparison these are just as great. The bristles are stiff enough to actually make it feel like youre giving yourself a scalp massage during shower. Colors are vibrant and cute!']","The product is praised for its quality, especially considering its price point. Users express satisfaction with its performance, noting that it works well and is a good value for the cost[0][1]. The product is particularly appreciated for its effectiveness in washing and conditioning hair, as well as its gentle yet effective scalp massaging capabilities[2]. Additionally, the product is considered a great deal, with users comparing it favorably to more expensive brands, highlighting its vibrant colors and effective bristle design[3].",7.75
How’s the quality of this product,"['▶ Improve Blood Circulation, Massager Scalp - Chialstar scalp massager provides gentle stimulation to increase the blood circulation for daily health care with comfortable and relaxing feeling. Massage your scalp, neck or body, relieving fatigue, pressure and muscles sore. Strengthen the roots of your hair and nourish the hair shafts.', '▶ Powerful Cleaning Ability - Using this shampoo brush to clean hair, or shower, your scalp will feel so much cleaner in the shower, good to remove dandruff and remove hardened sebum & dirt. What’s more it prevents hair loss by scalp stimulation and help to hair growth.', ""▶ Soft Silicone - The scalp brush is made of silicon, soft enough to use for kids, very gentle, doesn't irritate your scalp at all, sturdy, will not deformated. No need to worry about your long nails or sensitive scalp."", '▶ Works for Any Hair Texture - Scalp hair brush works appropriate for all types of hair, including dense, thick, coarse or curly hair. Manual with no battery required and Waterproof.', '▶ Refund And Warranty - Get two scalp massager for hair growth and start your scalp salon，1 years money back guarantee. If you have any question, send email to us, we will reply in 24 hours.']",1345,"['title: It works \ntext: It works well and seems like a good product for the price', 'title: great \ntext: very good product kind of hard to hold, i recommend putting your fingers through the handle instead of holding it by the handle', 'title: Helps with dry winter scalp! \ntext: The product is great quality and seems pretty sturdy. The scrubby feels soft but is firm enough to get a good scrub going on :) I noticed help with dry skin and dandruff after just one use.', 'title: Feels great \ntext: I have only used this once but so far I really liked it! It felt nice and worked well.  I am hopeful that it is good quality and lasts a long time.']","The product is generally perceived as being of good quality and effective for its price. Users have noted that it works well and is a good value [0]. While one user mentioned that it can be difficult to hold, they still recommend it, suggesting an alternative way to grip it for better handling [1]. The product is described as sturdy and effective in addressing issues like dry skin and dandruff, with noticeable results after just one use [2]. Another user expressed satisfaction after a single use, feeling optimistic about its quality and durability [3].",7.75
How’s the quality of this product,"['▶ Improve Blood Circulation, Massager Scalp - Chialstar scalp massager provides gentle stimulation to increase the blood circulation for daily health care with comfortable and relaxing feeling. Massage your scalp, neck or body, relieving fatigue, pressure and muscles sore. Strengthen the roots of your hair and nourish the hair shafts.', '▶ Powerful Cleaning Ability - Using this shampoo brush to clean hair, or shower, your scalp will feel so much cleaner in the shower, good to remove dandruff and remove hardened sebum & dirt. What’s more it prevents hair loss by scalp stimulation and help to hair growth.', ""▶ Soft Silicone - The scalp brush is made of silicon, soft enough to use for kids, very gentle, doesn't irritate your scalp at all, sturdy, will not deformated. No need to worry about your long nails or sensitive scalp."", '▶ Works for Any Hair Texture - Scalp hair brush works appropriate for all types of hair, including dense, thick, coarse or curly hair. Manual with no battery required and Waterproof.', '▶ Refund And Warranty - Get two scalp massager for hair growth and start your scalp salon，1 years money back guarantee. If you have any question, send email to us, we will reply in 24 hours.']",1346,"['title: It works \ntext: It works well and seems like a good product for the price', 'title: great \ntext: very good product kind of hard to hold, i recommend putting your fingers through the handle instead of holding it by the handle', 'title: Helps with dry winter scalp! \ntext: The product is great quality and seems pretty sturdy. The scrubby feels soft but is firm enough to get a good scrub going on :) I noticed help with dry skin and dandruff after just one use.', 'title: Great Product \ntext: Really like this product. Does an amazing job when washing and conditioning my hair. Great scalp/head massager without being rough. Would definitely recommend.']","The product is generally well-received for its quality and effectiveness. It is considered a good value for the price, performing well in its intended use [0]. Users appreciate its quality, although some find it slightly difficult to hold, suggesting an alternative grip method for better handling [1]. The product is noted for its sturdy construction and effectiveness in addressing dry scalp and dandruff issues, with noticeable improvements after just one use [2]. Additionally, it is praised for its performance in hair washing and conditioning, providing a gentle yet effective scalp massage [3].",7.75
How’s the quality of this product,"['▶ Improve Blood Circulation, Massager Scalp - Chialstar scalp massager provides gentle stimulation to increase the blood circulation for daily health care with comfortable and relaxing feeling. Massage your scalp, neck or body, relieving fatigue, pressure and muscles sore. Strengthen the roots of your hair and nourish the hair shafts.', '▶ Powerful Cleaning Ability - Using this shampoo brush to clean hair, or shower, your scalp will feel so much cleaner in the shower, good to remove dandruff and remove hardened sebum & dirt. What’s more it prevents hair loss by scalp stimulation and help to hair growth.', ""▶ Soft Silicone - The scalp brush is made of silicon, soft enough to use for kids, very gentle, doesn't irritate your scalp at all, sturdy, will not deformated. No need to worry about your long nails or sensitive scalp."", '▶ Works for Any Hair Texture - Scalp hair brush works appropriate for all types of hair, including dense, thick, coarse or curly hair. Manual with no battery required and Waterproof.', '▶ Refund And Warranty - Get two scalp massager for hair growth and start your scalp salon，1 years money back guarantee. If you have any question, send email to us, we will reply in 24 hours.']",1347,"['title: It works \ntext: It works well and seems like a good product for the price', 'title: great \ntext: very good product kind of hard to hold, i recommend putting your fingers through the handle instead of holding it by the handle', 'title: Helps with dry winter scalp! \ntext: The product is great quality and seems pretty sturdy. The scrubby feels soft but is firm enough to get a good scrub going on :) I noticed help with dry skin and dandruff after just one use.', 'title: Great value great product \ntext: This is such a great deal for a pack of two. I had originally bought a different brand that was more expensive but in comparison these are just as great. The bristles are stiff enough to actually make it feel like youre giving yourself a scalp massage during shower. Colors are vibrant and cute!']","The product is generally well-received for its quality and value. It is described as working well and being a good product for the price, indicating satisfaction with its performance and cost-effectiveness [0]. Users appreciate the product's quality, noting that it is sturdy and effective in addressing issues like dry skin and dandruff, with the scrubby being soft yet firm enough for a good scrub [2]. Additionally, the product is considered a great value, especially when compared to more expensive brands, with stiff bristles that enhance the experience of a scalp massage during a shower [3]. However, one user noted that it can be difficult to hold, suggesting an alternative way to grip it for better handling [1].",7.75
How’s the quality of this product,"['▶ Improve Blood Circulation, Massager Scalp - Chialstar scalp massager provides gentle stimulation to increase the blood circulation for daily health care with comfortable and relaxing feeling. Massage your scalp, neck or body, relieving fatigue, pressure and muscles sore. Strengthen the roots of your hair and nourish the hair shafts.', '▶ Powerful Cleaning Ability - Using this shampoo brush to clean hair, or shower, your scalp will feel so much cleaner in the shower, good to remove dandruff and remove hardened sebum & dirt. What’s more it prevents hair loss by scalp stimulation and help to hair growth.', ""▶ Soft Silicone - The scalp brush is made of silicon, soft enough to use for kids, very gentle, doesn't irritate your scalp at all, sturdy, will not deformated. No need to worry about your long nails or sensitive scalp."", '▶ Works for Any Hair Texture - Scalp hair brush works appropriate for all types of hair, including dense, thick, coarse or curly hair. Manual with no battery required and Waterproof.', '▶ Refund And Warranty - Get two scalp massager for hair growth and start your scalp salon，1 years money back guarantee. If you have any question, send email to us, we will reply in 24 hours.']",1356,"['title: It works \ntext: It works well and seems like a good product for the price', 'title: great \ntext: very good product kind of hard to hold, i recommend putting your fingers through the handle instead of holding it by the handle', 'title: Feels great \ntext: I have only used this once but so far I really liked it! It felt nice and worked well.  I am hopeful that it is good quality and lasts a long time.', 'title: Great Product \ntext: Really like this product. Does an amazing job when washing and conditioning my hair. Great scalp/head massager without being rough. Would definitely recommend.']","The product is generally well-received for its quality and performance. Users appreciate its effectiveness and value for money, noting that it works well and is a good product for the price [0]. Although one user mentions that it can be difficult to hold, they suggest a workaround by adjusting the grip [1]. Another user, who has only used it once, expresses satisfaction with its feel and performance, hoping for its durability [2]. Additionally, the product is praised for its excellent performance in washing and conditioning hair, as well as its gentle yet effective scalp massaging capabilities [3].",7.75
How’s the quality of this product,"['▶ Improve Blood Circulation, Massager Scalp - Chialstar scalp massager provides gentle stimulation to increase the blood circulation for daily health care with comfortable and relaxing feeling. Massage your scalp, neck or body, relieving fatigue, pressure and muscles sore. Strengthen the roots of your hair and nourish the hair shafts.', '▶ Powerful Cleaning Ability - Using this shampoo brush to clean hair, or shower, your scalp will feel so much cleaner in the shower, good to remove dandruff and remove hardened sebum & dirt. What’s more it prevents hair loss by scalp stimulation and help to hair growth.', ""▶ Soft Silicone - The scalp brush is made of silicon, soft enough to use for kids, very gentle, doesn't irritate your scalp at all, sturdy, will not deformated. No need to worry about your long nails or sensitive scalp."", '▶ Works for Any Hair Texture - Scalp hair brush works appropriate for all types of hair, including dense, thick, coarse or curly hair. Manual with no battery required and Waterproof.', '▶ Refund And Warranty - Get two scalp massager for hair growth and start your scalp salon，1 years money back guarantee. If you have any question, send email to us, we will reply in 24 hours.']",1357,"['title: It works \ntext: It works well and seems like a good product for the price', 'title: great \ntext: very good product kind of hard to hold, i recommend putting your fingers through the handle instead of holding it by the handle', 'title: Feels great \ntext: I have only used this once but so far I really liked it! It felt nice and worked well.  I am hopeful that it is good quality and lasts a long time.', 'title: Great value great product \ntext: This is such a great deal for a pack of two. I had originally bought a different brand that was more expensive but in comparison these are just as great. The bristles are stiff enough to actually make it feel like youre giving yourself a scalp massage during shower. Colors are vibrant and cute!']","The product is generally well-received for its performance and value. Users appreciate that it works well and is considered a good product for the price, indicating satisfaction with its functionality and cost-effectiveness [0]. Although one user finds it somewhat difficult to hold, they suggest a method to improve grip, which implies that the design could be improved for better usability [1]. Another user, who has only used it once, expresses optimism about its quality and durability, suggesting initial satisfaction with its performance [2]. Additionally, the product is praised for being a great deal, especially when compared to more expensive brands, with features like stiff bristles that enhance the user experience by providing a scalp massage effect during use [3].",7.75
How’s the quality of this product,"['▶ Improve Blood Circulation, Massager Scalp - Chialstar scalp massager provides gentle stimulation to increase the blood circulation for daily health care with comfortable and relaxing feeling. Massage your scalp, neck or body, relieving fatigue, pressure and muscles sore. Strengthen the roots of your hair and nourish the hair shafts.', '▶ Powerful Cleaning Ability - Using this shampoo brush to clean hair, or shower, your scalp will feel so much cleaner in the shower, good to remove dandruff and remove hardened sebum & dirt. What’s more it prevents hair loss by scalp stimulation and help to hair growth.', ""▶ Soft Silicone - The scalp brush is made of silicon, soft enough to use for kids, very gentle, doesn't irritate your scalp at all, sturdy, will not deformated. No need to worry about your long nails or sensitive scalp."", '▶ Works for Any Hair Texture - Scalp hair brush works appropriate for all types of hair, including dense, thick, coarse or curly hair. Manual with no battery required and Waterproof.', '▶ Refund And Warranty - Get two scalp massager for hair growth and start your scalp salon，1 years money back guarantee. If you have any question, send email to us, we will reply in 24 hours.']",1367,"['title: It works \ntext: It works well and seems like a good product for the price', 'title: great \ntext: very good product kind of hard to hold, i recommend putting your fingers through the handle instead of holding it by the handle', 'title: Great Product \ntext: Really like this product. Does an amazing job when washing and conditioning my hair. Great scalp/head massager without being rough. Would definitely recommend.', 'title: Great value great product \ntext: This is such a great deal for a pack of two. I had originally bought a different brand that was more expensive but in comparison these are just as great. The bristles are stiff enough to actually make it feel like youre giving yourself a scalp massage during shower. Colors are vibrant and cute!']","The product is generally well-received for its quality and value. Users appreciate its effectiveness, noting that it works well for the price and performs admirably in washing and conditioning hair[0][2]. It is described as a great scalp massager that is gentle yet effective, with stiff bristles that enhance the massaging experience[2][3]. Some users find it slightly difficult to hold, suggesting an alternative grip method for better handling[1]. Overall, the product is considered a great value, especially when compared to more expensive brands, and is recommended for its vibrant and appealing design[3].",7.75
How’s the quality of this product,"['▶ Improve Blood Circulation, Massager Scalp - Chialstar scalp massager provides gentle stimulation to increase the blood circulation for daily health care with comfortable and relaxing feeling. Massage your scalp, neck or body, relieving fatigue, pressure and muscles sore. Strengthen the roots of your hair and nourish the hair shafts.', '▶ Powerful Cleaning Ability - Using this shampoo brush to clean hair, or shower, your scalp will feel so much cleaner in the shower, good to remove dandruff and remove hardened sebum & dirt. What’s more it prevents hair loss by scalp stimulation and help to hair growth.', ""▶ Soft Silicone - The scalp brush is made of silicon, soft enough to use for kids, very gentle, doesn't irritate your scalp at all, sturdy, will not deformated. No need to worry about your long nails or sensitive scalp."", '▶ Works for Any Hair Texture - Scalp hair brush works appropriate for all types of hair, including dense, thick, coarse or curly hair. Manual with no battery required and Waterproof.', '▶ Refund And Warranty - Get two scalp massager for hair growth and start your scalp salon，1 years money back guarantee. If you have any question, send email to us, we will reply in 24 hours.']",1456,"['title: It works \ntext: It works well and seems like a good product for the price', 'title: Helps with dry winter scalp! \ntext: The product is great quality and seems pretty sturdy. The scrubby feels soft but is firm enough to get a good scrub going on :) I noticed help with dry skin and dandruff after just one use.', 'title: Feels great \ntext: I have only used this once but so far I really liked it! It felt nice and worked well.  I am hopeful that it is good quality and lasts a long time.', 'title: Great Product \ntext: Really like this product. Does an amazing job when washing and conditioning my hair. Great scalp/head massager without being rough. Would definitely recommend.']","The product is generally perceived as good quality and effective for its price. Users have noted that it works well and is sturdy, with one user highlighting its effectiveness in addressing dry skin and dandruff after just one use [0][1]. Another user expressed satisfaction with the product's feel and performance, hoping for its durability [2]. Additionally, the product is praised for its ability to massage the scalp effectively without being too harsh, making it highly recommendable [3].",7.75
How’s the quality of this product,"['▶ Improve Blood Circulation, Massager Scalp - Chialstar scalp massager provides gentle stimulation to increase the blood circulation for daily health care with comfortable and relaxing feeling. Massage your scalp, neck or body, relieving fatigue, pressure and muscles sore. Strengthen the roots of your hair and nourish the hair shafts.', '▶ Powerful Cleaning Ability - Using this shampoo brush to clean hair, or shower, your scalp will feel so much cleaner in the shower, good to remove dandruff and remove hardened sebum & dirt. What’s more it prevents hair loss by scalp stimulation and help to hair growth.', ""▶ Soft Silicone - The scalp brush is made of silicon, soft enough to use for kids, very gentle, doesn't irritate your scalp at all, sturdy, will not deformated. No need to worry about your long nails or sensitive scalp."", '▶ Works for Any Hair Texture - Scalp hair brush works appropriate for all types of hair, including dense, thick, coarse or curly hair. Manual with no battery required and Waterproof.', '▶ Refund And Warranty - Get two scalp massager for hair growth and start your scalp salon，1 years money back guarantee. If you have any question, send email to us, we will reply in 24 hours.']",1457,"['title: It works \ntext: It works well and seems like a good product for the price', 'title: Helps with dry winter scalp! \ntext: The product is great quality and seems pretty sturdy. The scrubby feels soft but is firm enough to get a good scrub going on :) I noticed help with dry skin and dandruff after just one use.', 'title: Feels great \ntext: I have only used this once but so far I really liked it! It felt nice and worked well.  I am hopeful that it is good quality and lasts a long time.', 'title: Great value great product \ntext: This is such a great deal for a pack of two. I had originally bought a different brand that was more expensive but in comparison these are just as great. The bristles are stiff enough to actually make it feel like youre giving yourself a scalp massage during shower. Colors are vibrant and cute!']","The product is generally perceived as being of good quality and offers value for money. Users have noted that it works well and is effective for its price point [0]. It is described as sturdy and beneficial for addressing dry skin and dandruff, with a soft yet firm texture that provides a good scrub [1]. Although one user has only used it once, they expressed satisfaction with its performance and are optimistic about its durability [2]. Additionally, the product is considered a great value, comparable to more expensive brands, with stiff bristles that enhance the scalp massage experience during use [3].",7.75
How’s the quality of this product,"['▶ Improve Blood Circulation, Massager Scalp - Chialstar scalp massager provides gentle stimulation to increase the blood circulation for daily health care with comfortable and relaxing feeling. Massage your scalp, neck or body, relieving fatigue, pressure and muscles sore. Strengthen the roots of your hair and nourish the hair shafts.', '▶ Powerful Cleaning Ability - Using this shampoo brush to clean hair, or shower, your scalp will feel so much cleaner in the shower, good to remove dandruff and remove hardened sebum & dirt. What’s more it prevents hair loss by scalp stimulation and help to hair growth.', ""▶ Soft Silicone - The scalp brush is made of silicon, soft enough to use for kids, very gentle, doesn't irritate your scalp at all, sturdy, will not deformated. No need to worry about your long nails or sensitive scalp."", '▶ Works for Any Hair Texture - Scalp hair brush works appropriate for all types of hair, including dense, thick, coarse or curly hair. Manual with no battery required and Waterproof.', '▶ Refund And Warranty - Get two scalp massager for hair growth and start your scalp salon，1 years money back guarantee. If you have any question, send email to us, we will reply in 24 hours.']",1467,"['title: It works \ntext: It works well and seems like a good product for the price', 'title: Helps with dry winter scalp! \ntext: The product is great quality and seems pretty sturdy. The scrubby feels soft but is firm enough to get a good scrub going on :) I noticed help with dry skin and dandruff after just one use.', 'title: Great Product \ntext: Really like this product. Does an amazing job when washing and conditioning my hair. Great scalp/head massager without being rough. Would definitely recommend.', 'title: Great value great product \ntext: This is such a great deal for a pack of two. I had originally bought a different brand that was more expensive but in comparison these are just as great. The bristles are stiff enough to actually make it feel like youre giving yourself a scalp massage during shower. Colors are vibrant and cute!']","The product is praised for its quality and effectiveness, with users noting that it works well and offers good value for the price [0]. It is described as sturdy and beneficial for addressing dry skin and dandruff, with a soft yet firm scrubby that enhances the scrubbing experience [1]. Users appreciate its performance in washing and conditioning hair, highlighting its gentle yet effective scalp massaging capabilities [2]. Additionally, the product is considered a great value, comparable to more expensive brands, with stiff bristles that enhance the scalp massage experience and vibrant, appealing colors [3].",7.75
How’s the quality of this product,"['▶ Improve Blood Circulation, Massager Scalp - Chialstar scalp massager provides gentle stimulation to increase the blood circulation for daily health care with comfortable and relaxing feeling. Massage your scalp, neck or body, relieving fatigue, pressure and muscles sore. Strengthen the roots of your hair and nourish the hair shafts.', '▶ Powerful Cleaning Ability - Using this shampoo brush to clean hair, or shower, your scalp will feel so much cleaner in the shower, good to remove dandruff and remove hardened sebum & dirt. What’s more it prevents hair loss by scalp stimulation and help to hair growth.', ""▶ Soft Silicone - The scalp brush is made of silicon, soft enough to use for kids, very gentle, doesn't irritate your scalp at all, sturdy, will not deformated. No need to worry about your long nails or sensitive scalp."", '▶ Works for Any Hair Texture - Scalp hair brush works appropriate for all types of hair, including dense, thick, coarse or curly hair. Manual with no battery required and Waterproof.', '▶ Refund And Warranty - Get two scalp massager for hair growth and start your scalp salon，1 years money back guarantee. If you have any question, send email to us, we will reply in 24 hours.']",1567,"['title: It works \ntext: It works well and seems like a good product for the price', 'title: Feels great \ntext: I have only used this once but so far I really liked it! It felt nice and worked well.  I am hopeful that it is good quality and lasts a long time.', 'title: Great Product \ntext: Really like this product. Does an amazing job when washing and conditioning my hair. Great scalp/head massager without being rough. Would definitely recommend.', 'title: Great value great product \ntext: This is such a great deal for a pack of two. I had originally bought a different brand that was more expensive but in comparison these are just as great. The bristles are stiff enough to actually make it feel like youre giving yourself a scalp massage during shower. Colors are vibrant and cute!']","The product is generally well-received for its performance and value. Users have noted that it works well and is considered a good product for the price, indicating satisfaction with its quality and functionality [0]. One user, who has only used it once, expressed optimism about its quality and longevity, highlighting that it felt nice and worked well during initial use [1]. Another user praised the product for its effectiveness in washing and conditioning hair, as well as its gentle yet effective scalp massaging capabilities, recommending it to others [2]. Additionally, the product is appreciated for being a great value, especially when compared to more expensive brands, with users noting the stiffness of the bristles and the vibrant colors as positive features [3].",7.75
How’s the quality of this product,"['▶ Improve Blood Circulation, Massager Scalp - Chialstar scalp massager provides gentle stimulation to increase the blood circulation for daily health care with comfortable and relaxing feeling. Massage your scalp, neck or body, relieving fatigue, pressure and muscles sore. Strengthen the roots of your hair and nourish the hair shafts.', '▶ Powerful Cleaning Ability - Using this shampoo brush to clean hair, or shower, your scalp will feel so much cleaner in the shower, good to remove dandruff and remove hardened sebum & dirt. What’s more it prevents hair loss by scalp stimulation and help to hair growth.', ""▶ Soft Silicone - The scalp brush is made of silicon, soft enough to use for kids, very gentle, doesn't irritate your scalp at all, sturdy, will not deformated. No need to worry about your long nails or sensitive scalp."", '▶ Works for Any Hair Texture - Scalp hair brush works appropriate for all types of hair, including dense, thick, coarse or curly hair. Manual with no battery required and Waterproof.', '▶ Refund And Warranty - Get two scalp massager for hair growth and start your scalp salon，1 years money back guarantee. If you have any question, send email to us, we will reply in 24 hours.']",2345,"['title: Great quality for the price \ntext: I was worried about quality for the price, but I am really impressed! I love mine.', 'title: great \ntext: very good product kind of hard to hold, i recommend putting your fingers through the handle instead of holding it by the handle', 'title: Helps with dry winter scalp! \ntext: The product is great quality and seems pretty sturdy. The scrubby feels soft but is firm enough to get a good scrub going on :) I noticed help with dry skin and dandruff after just one use.', 'title: Feels great \ntext: I have only used this once but so far I really liked it! It felt nice and worked well.  I am hopeful that it is good quality and lasts a long time.']","Several users have expressed satisfaction with the quality of the product, noting that it exceeds expectations given its price point. One user was initially concerned about the quality but found themselves impressed after using it, indicating that it offers great value for money [0]. Another user highlighted the product's sturdiness and effective performance, particularly in addressing dry skin and dandruff, which suggests a high level of quality [2]. Additionally, a user mentioned that the product felt nice and worked well during their initial use, expressing hope that it will prove to be durable over time [3]. Overall, the feedback suggests that the product is of good quality, with users appreciating its effectiveness and sturdiness.",7.75
How’s the quality of this product,"['▶ Improve Blood Circulation, Massager Scalp - Chialstar scalp massager provides gentle stimulation to increase the blood circulation for daily health care with comfortable and relaxing feeling. Massage your scalp, neck or body, relieving fatigue, pressure and muscles sore. Strengthen the roots of your hair and nourish the hair shafts.', '▶ Powerful Cleaning Ability - Using this shampoo brush to clean hair, or shower, your scalp will feel so much cleaner in the shower, good to remove dandruff and remove hardened sebum & dirt. What’s more it prevents hair loss by scalp stimulation and help to hair growth.', ""▶ Soft Silicone - The scalp brush is made of silicon, soft enough to use for kids, very gentle, doesn't irritate your scalp at all, sturdy, will not deformated. No need to worry about your long nails or sensitive scalp."", '▶ Works for Any Hair Texture - Scalp hair brush works appropriate for all types of hair, including dense, thick, coarse or curly hair. Manual with no battery required and Waterproof.', '▶ Refund And Warranty - Get two scalp massager for hair growth and start your scalp salon，1 years money back guarantee. If you have any question, send email to us, we will reply in 24 hours.']",2346,"['title: Great quality for the price \ntext: I was worried about quality for the price, but I am really impressed! I love mine.', 'title: great \ntext: very good product kind of hard to hold, i recommend putting your fingers through the handle instead of holding it by the handle', 'title: Helps with dry winter scalp! \ntext: The product is great quality and seems pretty sturdy. The scrubby feels soft but is firm enough to get a good scrub going on :) I noticed help with dry skin and dandruff after just one use.', 'title: Great Product \ntext: Really like this product. Does an amazing job when washing and conditioning my hair. Great scalp/head massager without being rough. Would definitely recommend.']","The product is praised for its impressive quality, especially considering its price point, with users expressing satisfaction and recommending it to others[0][3]. It is described as sturdy and effective, particularly in addressing dry scalp issues, while maintaining a balance between softness and firmness[2]. Despite some difficulty in handling, users suggest a different grip technique to improve usability[1]. Overall, the product is highly regarded for its performance in hair care and scalp massage[3].",7.75
How’s the quality of this product,"['▶ Improve Blood Circulation, Massager Scalp - Chialstar scalp massager provides gentle stimulation to increase the blood circulation for daily health care with comfortable and relaxing feeling. Massage your scalp, neck or body, relieving fatigue, pressure and muscles sore. Strengthen the roots of your hair and nourish the hair shafts.', '▶ Powerful Cleaning Ability - Using this shampoo brush to clean hair, or shower, your scalp will feel so much cleaner in the shower, good to remove dandruff and remove hardened sebum & dirt. What’s more it prevents hair loss by scalp stimulation and help to hair growth.', ""▶ Soft Silicone - The scalp brush is made of silicon, soft enough to use for kids, very gentle, doesn't irritate your scalp at all, sturdy, will not deformated. No need to worry about your long nails or sensitive scalp."", '▶ Works for Any Hair Texture - Scalp hair brush works appropriate for all types of hair, including dense, thick, coarse or curly hair. Manual with no battery required and Waterproof.', '▶ Refund And Warranty - Get two scalp massager for hair growth and start your scalp salon，1 years money back guarantee. If you have any question, send email to us, we will reply in 24 hours.']",2347,"['title: Great quality for the price \ntext: I was worried about quality for the price, but I am really impressed! I love mine.', 'title: great \ntext: very good product kind of hard to hold, i recommend putting your fingers through the handle instead of holding it by the handle', 'title: Helps with dry winter scalp! \ntext: The product is great quality and seems pretty sturdy. The scrubby feels soft but is firm enough to get a good scrub going on :) I noticed help with dry skin and dandruff after just one use.', 'title: Great value great product \ntext: This is such a great deal for a pack of two. I had originally bought a different brand that was more expensive but in comparison these are just as great. The bristles are stiff enough to actually make it feel like youre giving yourself a scalp massage during shower. Colors are vibrant and cute!']","The product is praised for its impressive quality, especially considering its price point, with users expressing satisfaction and surprise at the value received [0]. It is noted for being sturdy and effective, particularly in addressing issues like dry skin and dandruff, with users appreciating the firmness of the bristles for a good scrub [2]. Additionally, the product is considered a great deal, offering comparable quality to more expensive brands, with vibrant and appealing colors [3]. However, one user mentioned that it can be somewhat difficult to hold, suggesting an alternative grip method for better handling [1].",7.75
How’s the quality of this product,"['▶ Improve Blood Circulation, Massager Scalp - Chialstar scalp massager provides gentle stimulation to increase the blood circulation for daily health care with comfortable and relaxing feeling. Massage your scalp, neck or body, relieving fatigue, pressure and muscles sore. Strengthen the roots of your hair and nourish the hair shafts.', '▶ Powerful Cleaning Ability - Using this shampoo brush to clean hair, or shower, your scalp will feel so much cleaner in the shower, good to remove dandruff and remove hardened sebum & dirt. What’s more it prevents hair loss by scalp stimulation and help to hair growth.', ""▶ Soft Silicone - The scalp brush is made of silicon, soft enough to use for kids, very gentle, doesn't irritate your scalp at all, sturdy, will not deformated. No need to worry about your long nails or sensitive scalp."", '▶ Works for Any Hair Texture - Scalp hair brush works appropriate for all types of hair, including dense, thick, coarse or curly hair. Manual with no battery required and Waterproof.', '▶ Refund And Warranty - Get two scalp massager for hair growth and start your scalp salon，1 years money back guarantee. If you have any question, send email to us, we will reply in 24 hours.']",2356,"['title: Great quality for the price \ntext: I was worried about quality for the price, but I am really impressed! I love mine.', 'title: great \ntext: very good product kind of hard to hold, i recommend putting your fingers through the handle instead of holding it by the handle', 'title: Feels great \ntext: I have only used this once but so far I really liked it! It felt nice and worked well.  I am hopeful that it is good quality and lasts a long time.', 'title: Great Product \ntext: Really like this product. Does an amazing job when washing and conditioning my hair. Great scalp/head massager without being rough. Would definitely recommend.']","The product is praised for its impressive quality, especially considering its price point, with users expressing satisfaction and recommending it to others [0][3]. One user noted that while the product is very good, it can be somewhat difficult to hold, suggesting an alternative grip method for better handling [1]. Another user, who has only used the product once, reported a positive initial experience, expressing hope that the product's quality will endure over time [2]. Overall, the product is appreciated for its effectiveness, particularly in washing and conditioning hair, and its gentle yet effective scalp massaging capabilities [3].",7.75
How’s the quality of this product,"['▶ Improve Blood Circulation, Massager Scalp - Chialstar scalp massager provides gentle stimulation to increase the blood circulation for daily health care with comfortable and relaxing feeling. Massage your scalp, neck or body, relieving fatigue, pressure and muscles sore. Strengthen the roots of your hair and nourish the hair shafts.', '▶ Powerful Cleaning Ability - Using this shampoo brush to clean hair, or shower, your scalp will feel so much cleaner in the shower, good to remove dandruff and remove hardened sebum & dirt. What’s more it prevents hair loss by scalp stimulation and help to hair growth.', ""▶ Soft Silicone - The scalp brush is made of silicon, soft enough to use for kids, very gentle, doesn't irritate your scalp at all, sturdy, will not deformated. No need to worry about your long nails or sensitive scalp."", '▶ Works for Any Hair Texture - Scalp hair brush works appropriate for all types of hair, including dense, thick, coarse or curly hair. Manual with no battery required and Waterproof.', '▶ Refund And Warranty - Get two scalp massager for hair growth and start your scalp salon，1 years money back guarantee. If you have any question, send email to us, we will reply in 24 hours.']",2357,"['title: Great quality for the price \ntext: I was worried about quality for the price, but I am really impressed! I love mine.', 'title: great \ntext: very good product kind of hard to hold, i recommend putting your fingers through the handle instead of holding it by the handle', 'title: Feels great \ntext: I have only used this once but so far I really liked it! It felt nice and worked well.  I am hopeful that it is good quality and lasts a long time.', 'title: Great value great product \ntext: This is such a great deal for a pack of two. I had originally bought a different brand that was more expensive but in comparison these are just as great. The bristles are stiff enough to actually make it feel like youre giving yourself a scalp massage during shower. Colors are vibrant and cute!']","The product is praised for its impressive quality, especially considering its price, with users expressing satisfaction and surprise at its performance [0]. While one user notes that the product can be somewhat difficult to hold, they still recommend it, suggesting an alternative way to grip it for better handling [1]. Another user, who has only used the product once, reports a positive initial experience, noting that it feels nice and works well, and they are optimistic about its durability [2]. Additionally, the product is highlighted as a great value, with a user comparing it favorably to a more expensive brand, appreciating the stiff bristles and vibrant colors [3].",7.75
How’s the quality of this product,"['▶ Improve Blood Circulation, Massager Scalp - Chialstar scalp massager provides gentle stimulation to increase the blood circulation for daily health care with comfortable and relaxing feeling. Massage your scalp, neck or body, relieving fatigue, pressure and muscles sore. Strengthen the roots of your hair and nourish the hair shafts.', '▶ Powerful Cleaning Ability - Using this shampoo brush to clean hair, or shower, your scalp will feel so much cleaner in the shower, good to remove dandruff and remove hardened sebum & dirt. What’s more it prevents hair loss by scalp stimulation and help to hair growth.', ""▶ Soft Silicone - The scalp brush is made of silicon, soft enough to use for kids, very gentle, doesn't irritate your scalp at all, sturdy, will not deformated. No need to worry about your long nails or sensitive scalp."", '▶ Works for Any Hair Texture - Scalp hair brush works appropriate for all types of hair, including dense, thick, coarse or curly hair. Manual with no battery required and Waterproof.', '▶ Refund And Warranty - Get two scalp massager for hair growth and start your scalp salon，1 years money back guarantee. If you have any question, send email to us, we will reply in 24 hours.']",2367,"['title: Great quality for the price \ntext: I was worried about quality for the price, but I am really impressed! I love mine.', 'title: great \ntext: very good product kind of hard to hold, i recommend putting your fingers through the handle instead of holding it by the handle', 'title: Great Product \ntext: Really like this product. Does an amazing job when washing and conditioning my hair. Great scalp/head massager without being rough. Would definitely recommend.', 'title: Great value great product \ntext: This is such a great deal for a pack of two. I had originally bought a different brand that was more expensive but in comparison these are just as great. The bristles are stiff enough to actually make it feel like youre giving yourself a scalp massage during shower. Colors are vibrant and cute!']","The product is praised for its impressive quality, especially considering its price, with users expressing satisfaction and recommending it to others[0][2]. It is noted for its effectiveness in washing and conditioning hair, as well as its ability to massage the scalp without being too rough[2]. Additionally, the product is considered a great value, with users appreciating the vibrant colors and the stiffness of the bristles, which enhance the scalp massage experience[3]. However, one user mentioned that it can be somewhat difficult to hold, suggesting an alternative grip method for better handling[1].",7.75
How’s the quality of this product,"['▶ Improve Blood Circulation, Massager Scalp - Chialstar scalp massager provides gentle stimulation to increase the blood circulation for daily health care with comfortable and relaxing feeling. Massage your scalp, neck or body, relieving fatigue, pressure and muscles sore. Strengthen the roots of your hair and nourish the hair shafts.', '▶ Powerful Cleaning Ability - Using this shampoo brush to clean hair, or shower, your scalp will feel so much cleaner in the shower, good to remove dandruff and remove hardened sebum & dirt. What’s more it prevents hair loss by scalp stimulation and help to hair growth.', ""▶ Soft Silicone - The scalp brush is made of silicon, soft enough to use for kids, very gentle, doesn't irritate your scalp at all, sturdy, will not deformated. No need to worry about your long nails or sensitive scalp."", '▶ Works for Any Hair Texture - Scalp hair brush works appropriate for all types of hair, including dense, thick, coarse or curly hair. Manual with no battery required and Waterproof.', '▶ Refund And Warranty - Get two scalp massager for hair growth and start your scalp salon，1 years money back guarantee. If you have any question, send email to us, we will reply in 24 hours.']",2456,"['title: Great quality for the price \ntext: I was worried about quality for the price, but I am really impressed! I love mine.', 'title: Helps with dry winter scalp! \ntext: The product is great quality and seems pretty sturdy. The scrubby feels soft but is firm enough to get a good scrub going on :) I noticed help with dry skin and dandruff after just one use.', 'title: Feels great \ntext: I have only used this once but so far I really liked it! It felt nice and worked well.  I am hopeful that it is good quality and lasts a long time.', 'title: Great Product \ntext: Really like this product. Does an amazing job when washing and conditioning my hair. Great scalp/head massager without being rough. Would definitely recommend.']","Several users have expressed satisfaction with the quality of the product, noting that it exceeds expectations given its price point. One user was initially concerned about the quality but found it impressive after use, highlighting their satisfaction with the purchase [0]. Another user praised the product's sturdiness and effectiveness, particularly in addressing dry skin and dandruff, while also appreciating its soft yet firm texture [1]. A different user, after a single use, felt optimistic about the product's quality and durability, indicating a positive initial impression [2]. Additionally, the product is described as an excellent scalp and head massager that performs well without being harsh, further reinforcing its high quality [3].",7.75
How’s the quality of this product,"['▶ Improve Blood Circulation, Massager Scalp - Chialstar scalp massager provides gentle stimulation to increase the blood circulation for daily health care with comfortable and relaxing feeling. Massage your scalp, neck or body, relieving fatigue, pressure and muscles sore. Strengthen the roots of your hair and nourish the hair shafts.', '▶ Powerful Cleaning Ability - Using this shampoo brush to clean hair, or shower, your scalp will feel so much cleaner in the shower, good to remove dandruff and remove hardened sebum & dirt. What’s more it prevents hair loss by scalp stimulation and help to hair growth.', ""▶ Soft Silicone - The scalp brush is made of silicon, soft enough to use for kids, very gentle, doesn't irritate your scalp at all, sturdy, will not deformated. No need to worry about your long nails or sensitive scalp."", '▶ Works for Any Hair Texture - Scalp hair brush works appropriate for all types of hair, including dense, thick, coarse or curly hair. Manual with no battery required and Waterproof.', '▶ Refund And Warranty - Get two scalp massager for hair growth and start your scalp salon，1 years money back guarantee. If you have any question, send email to us, we will reply in 24 hours.']",2457,"['title: Great quality for the price \ntext: I was worried about quality for the price, but I am really impressed! I love mine.', 'title: Helps with dry winter scalp! \ntext: The product is great quality and seems pretty sturdy. The scrubby feels soft but is firm enough to get a good scrub going on :) I noticed help with dry skin and dandruff after just one use.', 'title: Feels great \ntext: I have only used this once but so far I really liked it! It felt nice and worked well.  I am hopeful that it is good quality and lasts a long time.', 'title: Great value great product \ntext: This is such a great deal for a pack of two. I had originally bought a different brand that was more expensive but in comparison these are just as great. The bristles are stiff enough to actually make it feel like youre giving yourself a scalp massage during shower. Colors are vibrant and cute!']","The product is praised for its impressive quality, especially considering its price, with users expressing satisfaction and surprise at its performance [0]. It is described as sturdy and effective, particularly in addressing dry skin and dandruff issues, with users noting its soft yet firm texture that provides a good scrub [1]. Although one user has only used it once, they are optimistic about its quality and durability [2]. Additionally, the product is considered a great value, comparable to more expensive brands, with stiff bristles that enhance the scalp massage experience during use [3].",7.75
How’s the quality of this product,"['▶ Improve Blood Circulation, Massager Scalp - Chialstar scalp massager provides gentle stimulation to increase the blood circulation for daily health care with comfortable and relaxing feeling. Massage your scalp, neck or body, relieving fatigue, pressure and muscles sore. Strengthen the roots of your hair and nourish the hair shafts.', '▶ Powerful Cleaning Ability - Using this shampoo brush to clean hair, or shower, your scalp will feel so much cleaner in the shower, good to remove dandruff and remove hardened sebum & dirt. What’s more it prevents hair loss by scalp stimulation and help to hair growth.', ""▶ Soft Silicone - The scalp brush is made of silicon, soft enough to use for kids, very gentle, doesn't irritate your scalp at all, sturdy, will not deformated. No need to worry about your long nails or sensitive scalp."", '▶ Works for Any Hair Texture - Scalp hair brush works appropriate for all types of hair, including dense, thick, coarse or curly hair. Manual with no battery required and Waterproof.', '▶ Refund And Warranty - Get two scalp massager for hair growth and start your scalp salon，1 years money back guarantee. If you have any question, send email to us, we will reply in 24 hours.']",2467,"['title: Great quality for the price \ntext: I was worried about quality for the price, but I am really impressed! I love mine.', 'title: Helps with dry winter scalp! \ntext: The product is great quality and seems pretty sturdy. The scrubby feels soft but is firm enough to get a good scrub going on :) I noticed help with dry skin and dandruff after just one use.', 'title: Great Product \ntext: Really like this product. Does an amazing job when washing and conditioning my hair. Great scalp/head massager without being rough. Would definitely recommend.', 'title: Great value great product \ntext: This is such a great deal for a pack of two. I had originally bought a different brand that was more expensive but in comparison these are just as great. The bristles are stiff enough to actually make it feel like youre giving yourself a scalp massage during shower. Colors are vibrant and cute!']","The product is praised for its impressive quality, especially considering its price, with users expressing satisfaction and surprise at the value they received [0]. It is noted for being sturdy and effective, particularly in addressing issues like dry skin and dandruff, with users appreciating its soft yet firm texture that provides a good scrub [1]. The product is also highlighted for its effectiveness in washing and conditioning hair, serving as a gentle yet effective scalp massager [2]. Additionally, it is considered a great value, with users comparing it favorably to more expensive brands, appreciating the stiff bristles for a satisfying scalp massage and the vibrant colors [3].",7.75
How’s the quality of this product,"['▶ Improve Blood Circulation, Massager Scalp - Chialstar scalp massager provides gentle stimulation to increase the blood circulation for daily health care with comfortable and relaxing feeling. Massage your scalp, neck or body, relieving fatigue, pressure and muscles sore. Strengthen the roots of your hair and nourish the hair shafts.', '▶ Powerful Cleaning Ability - Using this shampoo brush to clean hair, or shower, your scalp will feel so much cleaner in the shower, good to remove dandruff and remove hardened sebum & dirt. What’s more it prevents hair loss by scalp stimulation and help to hair growth.', ""▶ Soft Silicone - The scalp brush is made of silicon, soft enough to use for kids, very gentle, doesn't irritate your scalp at all, sturdy, will not deformated. No need to worry about your long nails or sensitive scalp."", '▶ Works for Any Hair Texture - Scalp hair brush works appropriate for all types of hair, including dense, thick, coarse or curly hair. Manual with no battery required and Waterproof.', '▶ Refund And Warranty - Get two scalp massager for hair growth and start your scalp salon，1 years money back guarantee. If you have any question, send email to us, we will reply in 24 hours.']",2567,"['title: Great quality for the price \ntext: I was worried about quality for the price, but I am really impressed! I love mine.', 'title: Feels great \ntext: I have only used this once but so far I really liked it! It felt nice and worked well.  I am hopeful that it is good quality and lasts a long time.', 'title: Great Product \ntext: Really like this product. Does an amazing job when washing and conditioning my hair. Great scalp/head massager without being rough. Would definitely recommend.', 'title: Great value great product \ntext: This is such a great deal for a pack of two. I had originally bought a different brand that was more expensive but in comparison these are just as great. The bristles are stiff enough to actually make it feel like youre giving yourself a scalp massage during shower. Colors are vibrant and cute!']","The product is praised for its impressive quality, especially considering its price, with users expressing satisfaction and surprise at its performance [0]. One user noted that the product felt nice and worked well during initial use, expressing hope that it will prove to be durable over time [1]. Another user highlighted its effectiveness in washing and conditioning hair, describing it as a great scalp massager that is gentle yet effective [2]. Additionally, the product is considered a great value, comparable to more expensive brands, with stiff bristles that enhance the scalp massage experience and vibrant, appealing colors [3].",7.75
How’s the quality of this product,"['▶ Improve Blood Circulation, Massager Scalp - Chialstar scalp massager provides gentle stimulation to increase the blood circulation for daily health care with comfortable and relaxing feeling. Massage your scalp, neck or body, relieving fatigue, pressure and muscles sore. Strengthen the roots of your hair and nourish the hair shafts.', '▶ Powerful Cleaning Ability - Using this shampoo brush to clean hair, or shower, your scalp will feel so much cleaner in the shower, good to remove dandruff and remove hardened sebum & dirt. What’s more it prevents hair loss by scalp stimulation and help to hair growth.', ""▶ Soft Silicone - The scalp brush is made of silicon, soft enough to use for kids, very gentle, doesn't irritate your scalp at all, sturdy, will not deformated. No need to worry about your long nails or sensitive scalp."", '▶ Works for Any Hair Texture - Scalp hair brush works appropriate for all types of hair, including dense, thick, coarse or curly hair. Manual with no battery required and Waterproof.', '▶ Refund And Warranty - Get two scalp massager for hair growth and start your scalp salon，1 years money back guarantee. If you have any question, send email to us, we will reply in 24 hours.']",3456,"['title: great \ntext: very good product kind of hard to hold, i recommend putting your fingers through the handle instead of holding it by the handle', 'title: Helps with dry winter scalp! \ntext: The product is great quality and seems pretty sturdy. The scrubby feels soft but is firm enough to get a good scrub going on :) I noticed help with dry skin and dandruff after just one use.', 'title: Feels great \ntext: I have only used this once but so far I really liked it! It felt nice and worked well.  I am hopeful that it is good quality and lasts a long time.', 'title: Great Product \ntext: Really like this product. Does an amazing job when washing and conditioning my hair. Great scalp/head massager without being rough. Would definitely recommend.']","The product is generally well-received for its quality and effectiveness. Users appreciate its sturdy construction and the soft yet firm texture that allows for a good scrub, which is beneficial for dry skin and dandruff[1]. Although one user has only used it once, they are optimistic about its quality and longevity[2]. Another user highlights its effectiveness in washing and conditioning hair, as well as its gentle massaging capability, making it highly recommendable[3]. However, one user notes that it can be difficult to hold, suggesting an alternative grip method for better handling[0].",7.75
How’s the quality of this product,"['▶ Improve Blood Circulation, Massager Scalp - Chialstar scalp massager provides gentle stimulation to increase the blood circulation for daily health care with comfortable and relaxing feeling. Massage your scalp, neck or body, relieving fatigue, pressure and muscles sore. Strengthen the roots of your hair and nourish the hair shafts.', '▶ Powerful Cleaning Ability - Using this shampoo brush to clean hair, or shower, your scalp will feel so much cleaner in the shower, good to remove dandruff and remove hardened sebum & dirt. What’s more it prevents hair loss by scalp stimulation and help to hair growth.', ""▶ Soft Silicone - The scalp brush is made of silicon, soft enough to use for kids, very gentle, doesn't irritate your scalp at all, sturdy, will not deformated. No need to worry about your long nails or sensitive scalp."", '▶ Works for Any Hair Texture - Scalp hair brush works appropriate for all types of hair, including dense, thick, coarse or curly hair. Manual with no battery required and Waterproof.', '▶ Refund And Warranty - Get two scalp massager for hair growth and start your scalp salon，1 years money back guarantee. If you have any question, send email to us, we will reply in 24 hours.']",3457,"['title: great \ntext: very good product kind of hard to hold, i recommend putting your fingers through the handle instead of holding it by the handle', 'title: Helps with dry winter scalp! \ntext: The product is great quality and seems pretty sturdy. The scrubby feels soft but is firm enough to get a good scrub going on :) I noticed help with dry skin and dandruff after just one use.', 'title: Feels great \ntext: I have only used this once but so far I really liked it! It felt nice and worked well.  I am hopeful that it is good quality and lasts a long time.', 'title: Great value great product \ntext: This is such a great deal for a pack of two. I had originally bought a different brand that was more expensive but in comparison these are just as great. The bristles are stiff enough to actually make it feel like youre giving yourself a scalp massage during shower. Colors are vibrant and cute!']","The product is generally perceived as high quality, with users noting its sturdiness and effectiveness in addressing dry skin and dandruff issues after just one use [1]. Although one user found it somewhat difficult to hold, they suggested an alternative grip method for better handling [0]. Another user expressed optimism about the product's durability after initial use [2]. Additionally, the product is considered a great value, offering comparable quality to more expensive brands, with stiff bristles that enhance the scalp massage experience [3].",7.75
How’s the quality of this product,"['▶ Improve Blood Circulation, Massager Scalp - Chialstar scalp massager provides gentle stimulation to increase the blood circulation for daily health care with comfortable and relaxing feeling. Massage your scalp, neck or body, relieving fatigue, pressure and muscles sore. Strengthen the roots of your hair and nourish the hair shafts.', '▶ Powerful Cleaning Ability - Using this shampoo brush to clean hair, or shower, your scalp will feel so much cleaner in the shower, good to remove dandruff and remove hardened sebum & dirt. What’s more it prevents hair loss by scalp stimulation and help to hair growth.', ""▶ Soft Silicone - The scalp brush is made of silicon, soft enough to use for kids, very gentle, doesn't irritate your scalp at all, sturdy, will not deformated. No need to worry about your long nails or sensitive scalp."", '▶ Works for Any Hair Texture - Scalp hair brush works appropriate for all types of hair, including dense, thick, coarse or curly hair. Manual with no battery required and Waterproof.', '▶ Refund And Warranty - Get two scalp massager for hair growth and start your scalp salon，1 years money back guarantee. If you have any question, send email to us, we will reply in 24 hours.']",3467,"['title: great \ntext: very good product kind of hard to hold, i recommend putting your fingers through the handle instead of holding it by the handle', 'title: Helps with dry winter scalp! \ntext: The product is great quality and seems pretty sturdy. The scrubby feels soft but is firm enough to get a good scrub going on :) I noticed help with dry skin and dandruff after just one use.', 'title: Great Product \ntext: Really like this product. Does an amazing job when washing and conditioning my hair. Great scalp/head massager without being rough. Would definitely recommend.', 'title: Great value great product \ntext: This is such a great deal for a pack of two. I had originally bought a different brand that was more expensive but in comparison these are just as great. The bristles are stiff enough to actually make it feel like youre giving yourself a scalp massage during shower. Colors are vibrant and cute!']","The product is praised for its quality and effectiveness in addressing dry scalp issues, with users noting its sturdiness and the soft yet firm texture of the scrubby, which provides a good scrub without being too rough [1][2]. It is also highlighted as a great value, offering a comparable experience to more expensive brands, with stiff bristles that enhance the scalp massage experience during use [3]. However, one user mentioned that the product can be somewhat difficult to hold, suggesting an alternative grip method for better handling [0].",7.75
How’s the quality of this product,"['▶ Improve Blood Circulation, Massager Scalp - Chialstar scalp massager provides gentle stimulation to increase the blood circulation for daily health care with comfortable and relaxing feeling. Massage your scalp, neck or body, relieving fatigue, pressure and muscles sore. Strengthen the roots of your hair and nourish the hair shafts.', '▶ Powerful Cleaning Ability - Using this shampoo brush to clean hair, or shower, your scalp will feel so much cleaner in the shower, good to remove dandruff and remove hardened sebum & dirt. What’s more it prevents hair loss by scalp stimulation and help to hair growth.', ""▶ Soft Silicone - The scalp brush is made of silicon, soft enough to use for kids, very gentle, doesn't irritate your scalp at all, sturdy, will not deformated. No need to worry about your long nails or sensitive scalp."", '▶ Works for Any Hair Texture - Scalp hair brush works appropriate for all types of hair, including dense, thick, coarse or curly hair. Manual with no battery required and Waterproof.', '▶ Refund And Warranty - Get two scalp massager for hair growth and start your scalp salon，1 years money back guarantee. If you have any question, send email to us, we will reply in 24 hours.']",3567,"['title: great \ntext: very good product kind of hard to hold, i recommend putting your fingers through the handle instead of holding it by the handle', 'title: Feels great \ntext: I have only used this once but so far I really liked it! It felt nice and worked well.  I am hopeful that it is good quality and lasts a long time.', 'title: Great Product \ntext: Really like this product. Does an amazing job when washing and conditioning my hair. Great scalp/head massager without being rough. Would definitely recommend.', 'title: Great value great product \ntext: This is such a great deal for a pack of two. I had originally bought a different brand that was more expensive but in comparison these are just as great. The bristles are stiff enough to actually make it feel like youre giving yourself a scalp massage during shower. Colors are vibrant and cute!']","The product is generally well-received for its quality and functionality. Users appreciate its effectiveness in washing and conditioning hair, as well as its ability to provide a gentle scalp massage without being too rough[0][2]. One user noted that while the product is very good, it can be somewhat difficult to hold, suggesting an alternative grip method for better handling[0]. Another user, who has only used the product once, expressed satisfaction with its initial performance and is optimistic about its durability[1]. Additionally, the product is considered a great value, especially when compared to more expensive brands, with users highlighting the vibrant colors and the satisfactory stiffness of the bristles[3].",7.75
How’s the quality of this product,"['▶ Improve Blood Circulation, Massager Scalp - Chialstar scalp massager provides gentle stimulation to increase the blood circulation for daily health care with comfortable and relaxing feeling. Massage your scalp, neck or body, relieving fatigue, pressure and muscles sore. Strengthen the roots of your hair and nourish the hair shafts.', '▶ Powerful Cleaning Ability - Using this shampoo brush to clean hair, or shower, your scalp will feel so much cleaner in the shower, good to remove dandruff and remove hardened sebum & dirt. What’s more it prevents hair loss by scalp stimulation and help to hair growth.', ""▶ Soft Silicone - The scalp brush is made of silicon, soft enough to use for kids, very gentle, doesn't irritate your scalp at all, sturdy, will not deformated. No need to worry about your long nails or sensitive scalp."", '▶ Works for Any Hair Texture - Scalp hair brush works appropriate for all types of hair, including dense, thick, coarse or curly hair. Manual with no battery required and Waterproof.', '▶ Refund And Warranty - Get two scalp massager for hair growth and start your scalp salon，1 years money back guarantee. If you have any question, send email to us, we will reply in 24 hours.']",4567,"['title: Helps with dry winter scalp! \ntext: The product is great quality and seems pretty sturdy. The scrubby feels soft but is firm enough to get a good scrub going on :) I noticed help with dry skin and dandruff after just one use.', 'title: Feels great \ntext: I have only used this once but so far I really liked it! It felt nice and worked well.  I am hopeful that it is good quality and lasts a long time.', 'title: Great Product \ntext: Really like this product. Does an amazing job when washing and conditioning my hair. Great scalp/head massager without being rough. Would definitely recommend.', 'title: Great value great product \ntext: This is such a great deal for a pack of two. I had originally bought a different brand that was more expensive but in comparison these are just as great. The bristles are stiff enough to actually make it feel like youre giving yourself a scalp massage during shower. Colors are vibrant and cute!']","The product is praised for its high quality and sturdiness, with users noting its effectiveness in addressing dry skin and dandruff after just one use [0]. It is described as feeling nice and working well, with hopes for its durability [1]. Users appreciate its performance in washing and conditioning hair, highlighting its gentle yet effective scalp massaging capabilities [2]. Additionally, the product is considered a great value, comparable to more expensive brands, with stiff bristles that enhance the scalp massage experience [3].",7.75
How’s the quality of this product,"['▶ Improve Blood Circulation, Massager Scalp - Chialstar scalp massager provides gentle stimulation to increase the blood circulation for daily health care with comfortable and relaxing feeling. Massage your scalp, neck or body, relieving fatigue, pressure and muscles sore. Strengthen the roots of your hair and nourish the hair shafts.', '▶ Powerful Cleaning Ability - Using this shampoo brush to clean hair, or shower, your scalp will feel so much cleaner in the shower, good to remove dandruff and remove hardened sebum & dirt. What’s more it prevents hair loss by scalp stimulation and help to hair growth.', ""▶ Soft Silicone - The scalp brush is made of silicon, soft enough to use for kids, very gentle, doesn't irritate your scalp at all, sturdy, will not deformated. No need to worry about your long nails or sensitive scalp."", '▶ Works for Any Hair Texture - Scalp hair brush works appropriate for all types of hair, including dense, thick, coarse or curly hair. Manual with no battery required and Waterproof.', '▶ Refund And Warranty - Get two scalp massager for hair growth and start your scalp salon，1 years money back guarantee. If you have any question, send email to us, we will reply in 24 hours.']",01234,"[""title: Good \ntext: Good product, doesn't tangle my hair and makes my scalp feel cleaner"", 'title: It works \ntext: It works well and seems like a good product for the price', 'title: Great quality for the price \ntext: I was worried about quality for the price, but I am really impressed! I love mine.', 'title: great \ntext: very good product kind of hard to hold, i recommend putting your fingers through the handle instead of holding it by the handle', 'title: Helps with dry winter scalp! \ntext: The product is great quality and seems pretty sturdy. The scrubby feels soft but is firm enough to get a good scrub going on :) I noticed help with dry skin and dandruff after just one use.']","The product is praised for its quality, with users noting that it effectively prevents hair tangling and leaves the scalp feeling cleaner [0]. It is considered a good value for the price, with users expressing satisfaction and surprise at the quality given the cost [1][2]. The product is described as sturdy and effective, particularly in addressing dry scalp and dandruff issues, while maintaining a soft yet firm texture for scrubbing [4]. However, some users find it slightly difficult to hold, suggesting an alternative grip method for better handling [3].",7.75
How’s the quality of this product,"['▶ Improve Blood Circulation, Massager Scalp - Chialstar scalp massager provides gentle stimulation to increase the blood circulation for daily health care with comfortable and relaxing feeling. Massage your scalp, neck or body, relieving fatigue, pressure and muscles sore. Strengthen the roots of your hair and nourish the hair shafts.', '▶ Powerful Cleaning Ability - Using this shampoo brush to clean hair, or shower, your scalp will feel so much cleaner in the shower, good to remove dandruff and remove hardened sebum & dirt. What’s more it prevents hair loss by scalp stimulation and help to hair growth.', ""▶ Soft Silicone - The scalp brush is made of silicon, soft enough to use for kids, very gentle, doesn't irritate your scalp at all, sturdy, will not deformated. No need to worry about your long nails or sensitive scalp."", '▶ Works for Any Hair Texture - Scalp hair brush works appropriate for all types of hair, including dense, thick, coarse or curly hair. Manual with no battery required and Waterproof.', '▶ Refund And Warranty - Get two scalp massager for hair growth and start your scalp salon，1 years money back guarantee. If you have any question, send email to us, we will reply in 24 hours.']",01235,"[""title: Good \ntext: Good product, doesn't tangle my hair and makes my scalp feel cleaner"", 'title: It works \ntext: It works well and seems like a good product for the price', 'title: Great quality for the price \ntext: I was worried about quality for the price, but I am really impressed! I love mine.', 'title: great \ntext: very good product kind of hard to hold, i recommend putting your fingers through the handle instead of holding it by the handle', 'title: Feels great \ntext: I have only used this once but so far I really liked it! It felt nice and worked well.  I am hopeful that it is good quality and lasts a long time.']","The product is generally well-received for its quality, with users noting that it effectively prevents hair tangling and leaves the scalp feeling cleaner [0]. It is considered a good value for the price, with some users expressing initial concerns about quality that were alleviated upon use [1][2]. Despite some difficulty in handling, the product is recommended for its performance [3]. Initial impressions suggest that it feels nice and works well, with hopes for long-term durability [4].",7.75
How’s the quality of this product,"['▶ Improve Blood Circulation, Massager Scalp - Chialstar scalp massager provides gentle stimulation to increase the blood circulation for daily health care with comfortable and relaxing feeling. Massage your scalp, neck or body, relieving fatigue, pressure and muscles sore. Strengthen the roots of your hair and nourish the hair shafts.', '▶ Powerful Cleaning Ability - Using this shampoo brush to clean hair, or shower, your scalp will feel so much cleaner in the shower, good to remove dandruff and remove hardened sebum & dirt. What’s more it prevents hair loss by scalp stimulation and help to hair growth.', ""▶ Soft Silicone - The scalp brush is made of silicon, soft enough to use for kids, very gentle, doesn't irritate your scalp at all, sturdy, will not deformated. No need to worry about your long nails or sensitive scalp."", '▶ Works for Any Hair Texture - Scalp hair brush works appropriate for all types of hair, including dense, thick, coarse or curly hair. Manual with no battery required and Waterproof.', '▶ Refund And Warranty - Get two scalp massager for hair growth and start your scalp salon，1 years money back guarantee. If you have any question, send email to us, we will reply in 24 hours.']",01236,"[""title: Good \ntext: Good product, doesn't tangle my hair and makes my scalp feel cleaner"", 'title: It works \ntext: It works well and seems like a good product for the price', 'title: Great quality for the price \ntext: I was worried about quality for the price, but I am really impressed! I love mine.', 'title: great \ntext: very good product kind of hard to hold, i recommend putting your fingers through the handle instead of holding it by the handle', 'title: Great Product \ntext: Really like this product. Does an amazing job when washing and conditioning my hair. Great scalp/head massager without being rough. Would definitely recommend.']","The product is praised for its quality, with users noting that it effectively cleans the scalp and prevents hair tangling, contributing to a cleaner and healthier feel [0]. It is considered a good value for the price, with users expressing satisfaction with its performance and quality [1][2]. Despite some difficulty in handling, the product is recommended for its effectiveness in washing and conditioning hair, as well as its gentle massaging capabilities [3][4]. Overall, the product is highly recommended by users for its quality and functionality [0][1][2][3][4].",7.75
How’s the quality of this product,"['▶ Improve Blood Circulation, Massager Scalp - Chialstar scalp massager provides gentle stimulation to increase the blood circulation for daily health care with comfortable and relaxing feeling. Massage your scalp, neck or body, relieving fatigue, pressure and muscles sore. Strengthen the roots of your hair and nourish the hair shafts.', '▶ Powerful Cleaning Ability - Using this shampoo brush to clean hair, or shower, your scalp will feel so much cleaner in the shower, good to remove dandruff and remove hardened sebum & dirt. What’s more it prevents hair loss by scalp stimulation and help to hair growth.', ""▶ Soft Silicone - The scalp brush is made of silicon, soft enough to use for kids, very gentle, doesn't irritate your scalp at all, sturdy, will not deformated. No need to worry about your long nails or sensitive scalp."", '▶ Works for Any Hair Texture - Scalp hair brush works appropriate for all types of hair, including dense, thick, coarse or curly hair. Manual with no battery required and Waterproof.', '▶ Refund And Warranty - Get two scalp massager for hair growth and start your scalp salon，1 years money back guarantee. If you have any question, send email to us, we will reply in 24 hours.']",01237,"[""title: Good \ntext: Good product, doesn't tangle my hair and makes my scalp feel cleaner"", 'title: It works \ntext: It works well and seems like a good product for the price', 'title: Great quality for the price \ntext: I was worried about quality for the price, but I am really impressed! I love mine.', 'title: great \ntext: very good product kind of hard to hold, i recommend putting your fingers through the handle instead of holding it by the handle', 'title: Great value great product \ntext: This is such a great deal for a pack of two. I had originally bought a different brand that was more expensive but in comparison these are just as great. The bristles are stiff enough to actually make it feel like youre giving yourself a scalp massage during shower. Colors are vibrant and cute!']","The product is praised for its quality, with users noting that it effectively prevents hair tangling and leaves the scalp feeling cleaner[0]. It is considered a good product for its price, with users expressing satisfaction with its performance[1][2]. Despite initial concerns about quality due to its affordability, users are impressed with the product, highlighting its value for money[2][4]. Some users find it slightly difficult to hold, suggesting an alternative grip method for better handling[3]. Overall, the product is seen as a great deal, comparable to more expensive brands, with stiff bristles that enhance the user experience by providing a scalp massage effect[4].",7.75
How’s the quality of this product,"['▶ Improve Blood Circulation, Massager Scalp - Chialstar scalp massager provides gentle stimulation to increase the blood circulation for daily health care with comfortable and relaxing feeling. Massage your scalp, neck or body, relieving fatigue, pressure and muscles sore. Strengthen the roots of your hair and nourish the hair shafts.', '▶ Powerful Cleaning Ability - Using this shampoo brush to clean hair, or shower, your scalp will feel so much cleaner in the shower, good to remove dandruff and remove hardened sebum & dirt. What’s more it prevents hair loss by scalp stimulation and help to hair growth.', ""▶ Soft Silicone - The scalp brush is made of silicon, soft enough to use for kids, very gentle, doesn't irritate your scalp at all, sturdy, will not deformated. No need to worry about your long nails or sensitive scalp."", '▶ Works for Any Hair Texture - Scalp hair brush works appropriate for all types of hair, including dense, thick, coarse or curly hair. Manual with no battery required and Waterproof.', '▶ Refund And Warranty - Get two scalp massager for hair growth and start your scalp salon，1 years money back guarantee. If you have any question, send email to us, we will reply in 24 hours.']",01245,"[""title: Good \ntext: Good product, doesn't tangle my hair and makes my scalp feel cleaner"", 'title: It works \ntext: It works well and seems like a good product for the price', 'title: Great quality for the price \ntext: I was worried about quality for the price, but I am really impressed! I love mine.', 'title: Helps with dry winter scalp! \ntext: The product is great quality and seems pretty sturdy. The scrubby feels soft but is firm enough to get a good scrub going on :) I noticed help with dry skin and dandruff after just one use.', 'title: Feels great \ntext: I have only used this once but so far I really liked it! It felt nice and worked well.  I am hopeful that it is good quality and lasts a long time.']","The product is praised for its quality, with users noting that it effectively detangles hair and leaves the scalp feeling cleaner [0]. It is considered a good value for the price, with users expressing satisfaction with its performance [1][2]. The product is described as sturdy and of great quality, with a soft yet firm texture that helps with dry skin and dandruff [3]. Although one user has only used it once, they are optimistic about its quality and longevity [4].",7.75
How’s the quality of this product,"['▶ Improve Blood Circulation, Massager Scalp - Chialstar scalp massager provides gentle stimulation to increase the blood circulation for daily health care with comfortable and relaxing feeling. Massage your scalp, neck or body, relieving fatigue, pressure and muscles sore. Strengthen the roots of your hair and nourish the hair shafts.', '▶ Powerful Cleaning Ability - Using this shampoo brush to clean hair, or shower, your scalp will feel so much cleaner in the shower, good to remove dandruff and remove hardened sebum & dirt. What’s more it prevents hair loss by scalp stimulation and help to hair growth.', ""▶ Soft Silicone - The scalp brush is made of silicon, soft enough to use for kids, very gentle, doesn't irritate your scalp at all, sturdy, will not deformated. No need to worry about your long nails or sensitive scalp."", '▶ Works for Any Hair Texture - Scalp hair brush works appropriate for all types of hair, including dense, thick, coarse or curly hair. Manual with no battery required and Waterproof.', '▶ Refund And Warranty - Get two scalp massager for hair growth and start your scalp salon，1 years money back guarantee. If you have any question, send email to us, we will reply in 24 hours.']",01246,"[""title: Good \ntext: Good product, doesn't tangle my hair and makes my scalp feel cleaner"", 'title: It works \ntext: It works well and seems like a good product for the price', 'title: Great quality for the price \ntext: I was worried about quality for the price, but I am really impressed! I love mine.', 'title: Helps with dry winter scalp! \ntext: The product is great quality and seems pretty sturdy. The scrubby feels soft but is firm enough to get a good scrub going on :) I noticed help with dry skin and dandruff after just one use.', 'title: Great Product \ntext: Really like this product. Does an amazing job when washing and conditioning my hair. Great scalp/head massager without being rough. Would definitely recommend.']","The product is praised for its quality, with users noting that it effectively prevents hair tangling and leaves the scalp feeling cleaner [0]. It is considered a good value for the price, with users expressing satisfaction with its performance [1][2]. The product is described as sturdy and effective in addressing dry skin and dandruff, with a soft yet firm texture that provides a good scrub [3]. Additionally, it is highlighted as an excellent scalp massager that is gentle yet effective, making it highly recommendable [4].",7.75
How’s the quality of this product,"['▶ Improve Blood Circulation, Massager Scalp - Chialstar scalp massager provides gentle stimulation to increase the blood circulation for daily health care with comfortable and relaxing feeling. Massage your scalp, neck or body, relieving fatigue, pressure and muscles sore. Strengthen the roots of your hair and nourish the hair shafts.', '▶ Powerful Cleaning Ability - Using this shampoo brush to clean hair, or shower, your scalp will feel so much cleaner in the shower, good to remove dandruff and remove hardened sebum & dirt. What’s more it prevents hair loss by scalp stimulation and help to hair growth.', ""▶ Soft Silicone - The scalp brush is made of silicon, soft enough to use for kids, very gentle, doesn't irritate your scalp at all, sturdy, will not deformated. No need to worry about your long nails or sensitive scalp."", '▶ Works for Any Hair Texture - Scalp hair brush works appropriate for all types of hair, including dense, thick, coarse or curly hair. Manual with no battery required and Waterproof.', '▶ Refund And Warranty - Get two scalp massager for hair growth and start your scalp salon，1 years money back guarantee. If you have any question, send email to us, we will reply in 24 hours.']",01247,"[""title: Good \ntext: Good product, doesn't tangle my hair and makes my scalp feel cleaner"", 'title: It works \ntext: It works well and seems like a good product for the price', 'title: Great quality for the price \ntext: I was worried about quality for the price, but I am really impressed! I love mine.', 'title: Helps with dry winter scalp! \ntext: The product is great quality and seems pretty sturdy. The scrubby feels soft but is firm enough to get a good scrub going on :) I noticed help with dry skin and dandruff after just one use.', 'title: Great value great product \ntext: This is such a great deal for a pack of two. I had originally bought a different brand that was more expensive but in comparison these are just as great. The bristles are stiff enough to actually make it feel like youre giving yourself a scalp massage during shower. Colors are vibrant and cute!']","The product is praised for its quality, with users noting that it effectively detangles hair and leaves the scalp feeling cleaner[0]. It is considered a good product for its price, with users expressing satisfaction with its performance[1][2]. The quality is described as impressive, especially given the affordable price, and users appreciate its sturdiness and effectiveness in addressing dry scalp and dandruff issues[3]. Additionally, the product is seen as a great value, comparable to more expensive brands, with stiff bristles that enhance the scalp massage experience during use[4].",7.75
How’s the quality of this product,"['▶ Improve Blood Circulation, Massager Scalp - Chialstar scalp massager provides gentle stimulation to increase the blood circulation for daily health care with comfortable and relaxing feeling. Massage your scalp, neck or body, relieving fatigue, pressure and muscles sore. Strengthen the roots of your hair and nourish the hair shafts.', '▶ Powerful Cleaning Ability - Using this shampoo brush to clean hair, or shower, your scalp will feel so much cleaner in the shower, good to remove dandruff and remove hardened sebum & dirt. What’s more it prevents hair loss by scalp stimulation and help to hair growth.', ""▶ Soft Silicone - The scalp brush is made of silicon, soft enough to use for kids, very gentle, doesn't irritate your scalp at all, sturdy, will not deformated. No need to worry about your long nails or sensitive scalp."", '▶ Works for Any Hair Texture - Scalp hair brush works appropriate for all types of hair, including dense, thick, coarse or curly hair. Manual with no battery required and Waterproof.', '▶ Refund And Warranty - Get two scalp massager for hair growth and start your scalp salon，1 years money back guarantee. If you have any question, send email to us, we will reply in 24 hours.']",01256,"[""title: Good \ntext: Good product, doesn't tangle my hair and makes my scalp feel cleaner"", 'title: It works \ntext: It works well and seems like a good product for the price', 'title: Great quality for the price \ntext: I was worried about quality for the price, but I am really impressed! I love mine.', 'title: Feels great \ntext: I have only used this once but so far I really liked it! It felt nice and worked well.  I am hopeful that it is good quality and lasts a long time.', 'title: Great Product \ntext: Really like this product. Does an amazing job when washing and conditioning my hair. Great scalp/head massager without being rough. Would definitely recommend.']","The product is praised for its quality, with users noting that it effectively cleans the scalp and prevents hair tangling, contributing to a cleaner and more pleasant experience [0]. It is considered a good value for the price, with users expressing satisfaction with its performance [1][2]. Despite initial concerns about quality due to its price, users are impressed with the product's performance and durability [2]. The product is described as feeling nice and working well, with users hopeful about its long-term quality [3]. Additionally, it is highlighted for its effectiveness in washing and conditioning hair, as well as its gentle yet effective scalp massaging capabilities, making it highly recommended by users [4].",7.75
How’s the quality of this product,"['▶ Improve Blood Circulation, Massager Scalp - Chialstar scalp massager provides gentle stimulation to increase the blood circulation for daily health care with comfortable and relaxing feeling. Massage your scalp, neck or body, relieving fatigue, pressure and muscles sore. Strengthen the roots of your hair and nourish the hair shafts.', '▶ Powerful Cleaning Ability - Using this shampoo brush to clean hair, or shower, your scalp will feel so much cleaner in the shower, good to remove dandruff and remove hardened sebum & dirt. What’s more it prevents hair loss by scalp stimulation and help to hair growth.', ""▶ Soft Silicone - The scalp brush is made of silicon, soft enough to use for kids, very gentle, doesn't irritate your scalp at all, sturdy, will not deformated. No need to worry about your long nails or sensitive scalp."", '▶ Works for Any Hair Texture - Scalp hair brush works appropriate for all types of hair, including dense, thick, coarse or curly hair. Manual with no battery required and Waterproof.', '▶ Refund And Warranty - Get two scalp massager for hair growth and start your scalp salon，1 years money back guarantee. If you have any question, send email to us, we will reply in 24 hours.']",01257,"[""title: Good \ntext: Good product, doesn't tangle my hair and makes my scalp feel cleaner"", 'title: It works \ntext: It works well and seems like a good product for the price', 'title: Great quality for the price \ntext: I was worried about quality for the price, but I am really impressed! I love mine.', 'title: Feels great \ntext: I have only used this once but so far I really liked it! It felt nice and worked well.  I am hopeful that it is good quality and lasts a long time.', 'title: Great value great product \ntext: This is such a great deal for a pack of two. I had originally bought a different brand that was more expensive but in comparison these are just as great. The bristles are stiff enough to actually make it feel like youre giving yourself a scalp massage during shower. Colors are vibrant and cute!']","The product is praised for its quality, with users noting that it effectively prevents hair tangling and leaves the scalp feeling cleaner, indicating a positive impact on hair care routines [0]. Customers appreciate the product's performance relative to its price, describing it as a good value purchase [1][2]. Despite initial concerns about quality due to the low price, users express satisfaction and are impressed with the product's performance [2]. One user, after limited use, is optimistic about the product's durability and quality [3]. Additionally, the product is highlighted for its value, with a comparison to a more expensive brand showing similar quality, and features such as stiff bristles that enhance the user experience by providing a scalp massage effect [4].",7.75
How’s the quality of this product,"['▶ Improve Blood Circulation, Massager Scalp - Chialstar scalp massager provides gentle stimulation to increase the blood circulation for daily health care with comfortable and relaxing feeling. Massage your scalp, neck or body, relieving fatigue, pressure and muscles sore. Strengthen the roots of your hair and nourish the hair shafts.', '▶ Powerful Cleaning Ability - Using this shampoo brush to clean hair, or shower, your scalp will feel so much cleaner in the shower, good to remove dandruff and remove hardened sebum & dirt. What’s more it prevents hair loss by scalp stimulation and help to hair growth.', ""▶ Soft Silicone - The scalp brush is made of silicon, soft enough to use for kids, very gentle, doesn't irritate your scalp at all, sturdy, will not deformated. No need to worry about your long nails or sensitive scalp."", '▶ Works for Any Hair Texture - Scalp hair brush works appropriate for all types of hair, including dense, thick, coarse or curly hair. Manual with no battery required and Waterproof.', '▶ Refund And Warranty - Get two scalp massager for hair growth and start your scalp salon，1 years money back guarantee. If you have any question, send email to us, we will reply in 24 hours.']",01267,"[""title: Good \ntext: Good product, doesn't tangle my hair and makes my scalp feel cleaner"", 'title: It works \ntext: It works well and seems like a good product for the price', 'title: Great quality for the price \ntext: I was worried about quality for the price, but I am really impressed! I love mine.', 'title: Great Product \ntext: Really like this product. Does an amazing job when washing and conditioning my hair. Great scalp/head massager without being rough. Would definitely recommend.', 'title: Great value great product \ntext: This is such a great deal for a pack of two. I had originally bought a different brand that was more expensive but in comparison these are just as great. The bristles are stiff enough to actually make it feel like youre giving yourself a scalp massage during shower. Colors are vibrant and cute!']","The product is praised for its quality, with users noting that it effectively cleans the scalp and prevents hair tangling, contributing to a cleaner feel overall [0]. It is considered a good value for the price, with users expressing satisfaction with its performance relative to cost [1][2]. The product is described as doing an excellent job in washing and conditioning hair, and it functions well as a scalp massager without being too harsh [3]. Additionally, it is highlighted as a great deal, especially when compared to more expensive brands, with users appreciating the vibrant and appealing colors of the product [4].",7.75
How’s the quality of this product,"['▶ Improve Blood Circulation, Massager Scalp - Chialstar scalp massager provides gentle stimulation to increase the blood circulation for daily health care with comfortable and relaxing feeling. Massage your scalp, neck or body, relieving fatigue, pressure and muscles sore. Strengthen the roots of your hair and nourish the hair shafts.', '▶ Powerful Cleaning Ability - Using this shampoo brush to clean hair, or shower, your scalp will feel so much cleaner in the shower, good to remove dandruff and remove hardened sebum & dirt. What’s more it prevents hair loss by scalp stimulation and help to hair growth.', ""▶ Soft Silicone - The scalp brush is made of silicon, soft enough to use for kids, very gentle, doesn't irritate your scalp at all, sturdy, will not deformated. No need to worry about your long nails or sensitive scalp."", '▶ Works for Any Hair Texture - Scalp hair brush works appropriate for all types of hair, including dense, thick, coarse or curly hair. Manual with no battery required and Waterproof.', '▶ Refund And Warranty - Get two scalp massager for hair growth and start your scalp salon，1 years money back guarantee. If you have any question, send email to us, we will reply in 24 hours.']",01345,"[""title: Good \ntext: Good product, doesn't tangle my hair and makes my scalp feel cleaner"", 'title: It works \ntext: It works well and seems like a good product for the price', 'title: great \ntext: very good product kind of hard to hold, i recommend putting your fingers through the handle instead of holding it by the handle', 'title: Helps with dry winter scalp! \ntext: The product is great quality and seems pretty sturdy. The scrubby feels soft but is firm enough to get a good scrub going on :) I noticed help with dry skin and dandruff after just one use.', 'title: Feels great \ntext: I have only used this once but so far I really liked it! It felt nice and worked well.  I am hopeful that it is good quality and lasts a long time.']","The product is generally well-received for its quality, with users noting that it effectively prevents hair tangling and leaves the scalp feeling cleaner [0]. It is considered a good value for the price, indicating satisfaction with its performance [1]. While some users find it slightly difficult to hold, they suggest an alternative grip method to improve usability [2]. The product is praised for its sturdy construction and effectiveness in addressing dry scalp and dandruff issues, with noticeable improvements after just one use [3]. Initial impressions from users are positive, with expectations of durability and long-term quality [4].",7.75
How’s the quality of this product,"['▶ Improve Blood Circulation, Massager Scalp - Chialstar scalp massager provides gentle stimulation to increase the blood circulation for daily health care with comfortable and relaxing feeling. Massage your scalp, neck or body, relieving fatigue, pressure and muscles sore. Strengthen the roots of your hair and nourish the hair shafts.', '▶ Powerful Cleaning Ability - Using this shampoo brush to clean hair, or shower, your scalp will feel so much cleaner in the shower, good to remove dandruff and remove hardened sebum & dirt. What’s more it prevents hair loss by scalp stimulation and help to hair growth.', ""▶ Soft Silicone - The scalp brush is made of silicon, soft enough to use for kids, very gentle, doesn't irritate your scalp at all, sturdy, will not deformated. No need to worry about your long nails or sensitive scalp."", '▶ Works for Any Hair Texture - Scalp hair brush works appropriate for all types of hair, including dense, thick, coarse or curly hair. Manual with no battery required and Waterproof.', '▶ Refund And Warranty - Get two scalp massager for hair growth and start your scalp salon，1 years money back guarantee. If you have any question, send email to us, we will reply in 24 hours.']",01346,"[""title: Good \ntext: Good product, doesn't tangle my hair and makes my scalp feel cleaner"", 'title: It works \ntext: It works well and seems like a good product for the price', 'title: great \ntext: very good product kind of hard to hold, i recommend putting your fingers through the handle instead of holding it by the handle', 'title: Helps with dry winter scalp! \ntext: The product is great quality and seems pretty sturdy. The scrubby feels soft but is firm enough to get a good scrub going on :) I noticed help with dry skin and dandruff after just one use.', 'title: Great Product \ntext: Really like this product. Does an amazing job when washing and conditioning my hair. Great scalp/head massager without being rough. Would definitely recommend.']","The product is generally well-received for its quality, with users noting that it effectively cleans the scalp and prevents hair tangling, contributing to a cleaner feel overall [0]. It is considered a good value for the price, performing well in its intended function [1]. While some users find it slightly difficult to hold, they suggest an alternative grip method to improve usability [2]. The product is praised for its sturdy construction and effectiveness in addressing dry scalp and dandruff issues, with noticeable improvements after just one use [3]. Additionally, it is highlighted as an excellent scalp massager that is gentle yet effective, making it highly recommended by users [4].",7.75
How’s the quality of this product,"['▶ Improve Blood Circulation, Massager Scalp - Chialstar scalp massager provides gentle stimulation to increase the blood circulation for daily health care with comfortable and relaxing feeling. Massage your scalp, neck or body, relieving fatigue, pressure and muscles sore. Strengthen the roots of your hair and nourish the hair shafts.', '▶ Powerful Cleaning Ability - Using this shampoo brush to clean hair, or shower, your scalp will feel so much cleaner in the shower, good to remove dandruff and remove hardened sebum & dirt. What’s more it prevents hair loss by scalp stimulation and help to hair growth.', ""▶ Soft Silicone - The scalp brush is made of silicon, soft enough to use for kids, very gentle, doesn't irritate your scalp at all, sturdy, will not deformated. No need to worry about your long nails or sensitive scalp."", '▶ Works for Any Hair Texture - Scalp hair brush works appropriate for all types of hair, including dense, thick, coarse or curly hair. Manual with no battery required and Waterproof.', '▶ Refund And Warranty - Get two scalp massager for hair growth and start your scalp salon，1 years money back guarantee. If you have any question, send email to us, we will reply in 24 hours.']",01347,"[""title: Good \ntext: Good product, doesn't tangle my hair and makes my scalp feel cleaner"", 'title: It works \ntext: It works well and seems like a good product for the price', 'title: great \ntext: very good product kind of hard to hold, i recommend putting your fingers through the handle instead of holding it by the handle', 'title: Helps with dry winter scalp! \ntext: The product is great quality and seems pretty sturdy. The scrubby feels soft but is firm enough to get a good scrub going on :) I noticed help with dry skin and dandruff after just one use.', 'title: Great value great product \ntext: This is such a great deal for a pack of two. I had originally bought a different brand that was more expensive but in comparison these are just as great. The bristles are stiff enough to actually make it feel like youre giving yourself a scalp massage during shower. Colors are vibrant and cute!']","The product is praised for its quality, with users noting that it effectively prevents hair tangling and leaves the scalp feeling cleaner [0]. It is considered a good value for the price, performing well compared to more expensive alternatives [1][4]. The product is described as sturdy and of great quality, with soft yet firm bristles that help with dry skin and dandruff [3]. Some users find it slightly difficult to hold, suggesting an alternative grip method for better handling [2]. Overall, the product is appreciated for its effectiveness and value, with vibrant and appealing colors [4].",7.75
How’s the quality of this product,"['▶ Improve Blood Circulation, Massager Scalp - Chialstar scalp massager provides gentle stimulation to increase the blood circulation for daily health care with comfortable and relaxing feeling. Massage your scalp, neck or body, relieving fatigue, pressure and muscles sore. Strengthen the roots of your hair and nourish the hair shafts.', '▶ Powerful Cleaning Ability - Using this shampoo brush to clean hair, or shower, your scalp will feel so much cleaner in the shower, good to remove dandruff and remove hardened sebum & dirt. What’s more it prevents hair loss by scalp stimulation and help to hair growth.', ""▶ Soft Silicone - The scalp brush is made of silicon, soft enough to use for kids, very gentle, doesn't irritate your scalp at all, sturdy, will not deformated. No need to worry about your long nails or sensitive scalp."", '▶ Works for Any Hair Texture - Scalp hair brush works appropriate for all types of hair, including dense, thick, coarse or curly hair. Manual with no battery required and Waterproof.', '▶ Refund And Warranty - Get two scalp massager for hair growth and start your scalp salon，1 years money back guarantee. If you have any question, send email to us, we will reply in 24 hours.']",01356,"[""title: Good \ntext: Good product, doesn't tangle my hair and makes my scalp feel cleaner"", 'title: It works \ntext: It works well and seems like a good product for the price', 'title: great \ntext: very good product kind of hard to hold, i recommend putting your fingers through the handle instead of holding it by the handle', 'title: Feels great \ntext: I have only used this once but so far I really liked it! It felt nice and worked well.  I am hopeful that it is good quality and lasts a long time.', 'title: Great Product \ntext: Really like this product. Does an amazing job when washing and conditioning my hair. Great scalp/head massager without being rough. Would definitely recommend.']","The product is generally well-received for its quality, with users noting that it effectively cleans the scalp and prevents hair tangling, contributing to a cleaner feel overall [0]. It is considered a good value for the price, indicating satisfaction with its performance relative to cost [1]. While some users find it slightly difficult to hold, they suggest a workaround by adjusting the grip, which does not detract from its overall positive reception [2]. Initial impressions suggest that the product feels nice and works well, with users hopeful about its durability and long-term quality [3]. Additionally, it is praised for its effectiveness in washing and conditioning hair, as well as its gentle yet effective scalp massaging capabilities, making it a recommended choice [4].",7.75
How’s the quality of this product,"['▶ Improve Blood Circulation, Massager Scalp - Chialstar scalp massager provides gentle stimulation to increase the blood circulation for daily health care with comfortable and relaxing feeling. Massage your scalp, neck or body, relieving fatigue, pressure and muscles sore. Strengthen the roots of your hair and nourish the hair shafts.', '▶ Powerful Cleaning Ability - Using this shampoo brush to clean hair, or shower, your scalp will feel so much cleaner in the shower, good to remove dandruff and remove hardened sebum & dirt. What’s more it prevents hair loss by scalp stimulation and help to hair growth.', ""▶ Soft Silicone - The scalp brush is made of silicon, soft enough to use for kids, very gentle, doesn't irritate your scalp at all, sturdy, will not deformated. No need to worry about your long nails or sensitive scalp."", '▶ Works for Any Hair Texture - Scalp hair brush works appropriate for all types of hair, including dense, thick, coarse or curly hair. Manual with no battery required and Waterproof.', '▶ Refund And Warranty - Get two scalp massager for hair growth and start your scalp salon，1 years money back guarantee. If you have any question, send email to us, we will reply in 24 hours.']",01357,"[""title: Good \ntext: Good product, doesn't tangle my hair and makes my scalp feel cleaner"", 'title: It works \ntext: It works well and seems like a good product for the price', 'title: great \ntext: very good product kind of hard to hold, i recommend putting your fingers through the handle instead of holding it by the handle', 'title: Feels great \ntext: I have only used this once but so far I really liked it! It felt nice and worked well.  I am hopeful that it is good quality and lasts a long time.', 'title: Great value great product \ntext: This is such a great deal for a pack of two. I had originally bought a different brand that was more expensive but in comparison these are just as great. The bristles are stiff enough to actually make it feel like youre giving yourself a scalp massage during shower. Colors are vibrant and cute!']","The product is generally well-received, with users noting that it effectively prevents hair tangling and leaves the scalp feeling cleaner, indicating a positive quality aspect [0]. It is considered a good product for its price, suggesting it offers value for money [1]. While some users find it slightly difficult to hold, they recommend a different grip technique to improve usability, which does not detract from the overall quality [2]. Initial impressions from users are positive, with expectations of durability and long-lasting quality [3]. Additionally, the product is praised for its value, with users comparing it favorably to more expensive brands, highlighting the quality of the bristles and the appealing design [4].",7.75
How’s the quality of this product,"['▶ Improve Blood Circulation, Massager Scalp - Chialstar scalp massager provides gentle stimulation to increase the blood circulation for daily health care with comfortable and relaxing feeling. Massage your scalp, neck or body, relieving fatigue, pressure and muscles sore. Strengthen the roots of your hair and nourish the hair shafts.', '▶ Powerful Cleaning Ability - Using this shampoo brush to clean hair, or shower, your scalp will feel so much cleaner in the shower, good to remove dandruff and remove hardened sebum & dirt. What’s more it prevents hair loss by scalp stimulation and help to hair growth.', ""▶ Soft Silicone - The scalp brush is made of silicon, soft enough to use for kids, very gentle, doesn't irritate your scalp at all, sturdy, will not deformated. No need to worry about your long nails or sensitive scalp."", '▶ Works for Any Hair Texture - Scalp hair brush works appropriate for all types of hair, including dense, thick, coarse or curly hair. Manual with no battery required and Waterproof.', '▶ Refund And Warranty - Get two scalp massager for hair growth and start your scalp salon，1 years money back guarantee. If you have any question, send email to us, we will reply in 24 hours.']",01367,"[""title: Good \ntext: Good product, doesn't tangle my hair and makes my scalp feel cleaner"", 'title: It works \ntext: It works well and seems like a good product for the price', 'title: great \ntext: very good product kind of hard to hold, i recommend putting your fingers through the handle instead of holding it by the handle', 'title: Great Product \ntext: Really like this product. Does an amazing job when washing and conditioning my hair. Great scalp/head massager without being rough. Would definitely recommend.', 'title: Great value great product \ntext: This is such a great deal for a pack of two. I had originally bought a different brand that was more expensive but in comparison these are just as great. The bristles are stiff enough to actually make it feel like youre giving yourself a scalp massage during shower. Colors are vibrant and cute!']","The product is praised for its quality, as it effectively detangles hair and leaves the scalp feeling cleaner, making it a good choice for hair care[0]. Users find it to be a good product for its price, indicating a positive balance between cost and performance[1]. While the product is noted to be somewhat difficult to hold, a recommendation is made to use the handle differently for better grip[2]. It is highly regarded for its performance in washing and conditioning hair, providing a gentle yet effective scalp massage[3]. Additionally, the product is considered a great value, especially when compared to more expensive brands, with stiff bristles that enhance the scalp massage experience and vibrant, appealing colors[4].",7.75
How’s the quality of this product,"['▶ Improve Blood Circulation, Massager Scalp - Chialstar scalp massager provides gentle stimulation to increase the blood circulation for daily health care with comfortable and relaxing feeling. Massage your scalp, neck or body, relieving fatigue, pressure and muscles sore. Strengthen the roots of your hair and nourish the hair shafts.', '▶ Powerful Cleaning Ability - Using this shampoo brush to clean hair, or shower, your scalp will feel so much cleaner in the shower, good to remove dandruff and remove hardened sebum & dirt. What’s more it prevents hair loss by scalp stimulation and help to hair growth.', ""▶ Soft Silicone - The scalp brush is made of silicon, soft enough to use for kids, very gentle, doesn't irritate your scalp at all, sturdy, will not deformated. No need to worry about your long nails or sensitive scalp."", '▶ Works for Any Hair Texture - Scalp hair brush works appropriate for all types of hair, including dense, thick, coarse or curly hair. Manual with no battery required and Waterproof.', '▶ Refund And Warranty - Get two scalp massager for hair growth and start your scalp salon，1 years money back guarantee. If you have any question, send email to us, we will reply in 24 hours.']",01456,"[""title: Good \ntext: Good product, doesn't tangle my hair and makes my scalp feel cleaner"", 'title: It works \ntext: It works well and seems like a good product for the price', 'title: Helps with dry winter scalp! \ntext: The product is great quality and seems pretty sturdy. The scrubby feels soft but is firm enough to get a good scrub going on :) I noticed help with dry skin and dandruff after just one use.', 'title: Feels great \ntext: I have only used this once but so far I really liked it! It felt nice and worked well.  I am hopeful that it is good quality and lasts a long time.', 'title: Great Product \ntext: Really like this product. Does an amazing job when washing and conditioning my hair. Great scalp/head massager without being rough. Would definitely recommend.']","The product is praised for its quality, with users noting that it effectively cleans the scalp and prevents hair tangling, contributing to a cleaner feel [0]. It is considered a good value for the price, indicating satisfaction with its performance [1]. Users appreciate its sturdy construction and the balance between softness and firmness, which helps with dry skin and dandruff after just one use [2]. Although one user has only used it once, they are optimistic about its quality and longevity [3]. Overall, the product is highly recommended for its effectiveness in washing and conditioning hair, as well as its gentle yet effective scalp massaging capabilities [4].",7.75
How’s the quality of this product,"['▶ Improve Blood Circulation, Massager Scalp - Chialstar scalp massager provides gentle stimulation to increase the blood circulation for daily health care with comfortable and relaxing feeling. Massage your scalp, neck or body, relieving fatigue, pressure and muscles sore. Strengthen the roots of your hair and nourish the hair shafts.', '▶ Powerful Cleaning Ability - Using this shampoo brush to clean hair, or shower, your scalp will feel so much cleaner in the shower, good to remove dandruff and remove hardened sebum & dirt. What’s more it prevents hair loss by scalp stimulation and help to hair growth.', ""▶ Soft Silicone - The scalp brush is made of silicon, soft enough to use for kids, very gentle, doesn't irritate your scalp at all, sturdy, will not deformated. No need to worry about your long nails or sensitive scalp."", '▶ Works for Any Hair Texture - Scalp hair brush works appropriate for all types of hair, including dense, thick, coarse or curly hair. Manual with no battery required and Waterproof.', '▶ Refund And Warranty - Get two scalp massager for hair growth and start your scalp salon，1 years money back guarantee. If you have any question, send email to us, we will reply in 24 hours.']",01457,"[""title: Good \ntext: Good product, doesn't tangle my hair and makes my scalp feel cleaner"", 'title: It works \ntext: It works well and seems like a good product for the price', 'title: Helps with dry winter scalp! \ntext: The product is great quality and seems pretty sturdy. The scrubby feels soft but is firm enough to get a good scrub going on :) I noticed help with dry skin and dandruff after just one use.', 'title: Feels great \ntext: I have only used this once but so far I really liked it! It felt nice and worked well.  I am hopeful that it is good quality and lasts a long time.', 'title: Great value great product \ntext: This is such a great deal for a pack of two. I had originally bought a different brand that was more expensive but in comparison these are just as great. The bristles are stiff enough to actually make it feel like youre giving yourself a scalp massage during shower. Colors are vibrant and cute!']","The product is praised for its quality, with users noting that it effectively prevents hair tangling and leaves the scalp feeling cleaner[0]. It is considered a good value for the price, performing well in comparison to more expensive alternatives[1][4]. Users appreciate its sturdy construction and the balance of softness and firmness in the scrubby, which helps with dry skin and dandruff[2]. Although one user has only used it once, they are optimistic about its quality and longevity[3]. Overall, the product is seen as a great deal, with vibrant and appealing colors[4].",7.75
How’s the quality of this product,"['▶ Improve Blood Circulation, Massager Scalp - Chialstar scalp massager provides gentle stimulation to increase the blood circulation for daily health care with comfortable and relaxing feeling. Massage your scalp, neck or body, relieving fatigue, pressure and muscles sore. Strengthen the roots of your hair and nourish the hair shafts.', '▶ Powerful Cleaning Ability - Using this shampoo brush to clean hair, or shower, your scalp will feel so much cleaner in the shower, good to remove dandruff and remove hardened sebum & dirt. What’s more it prevents hair loss by scalp stimulation and help to hair growth.', ""▶ Soft Silicone - The scalp brush is made of silicon, soft enough to use for kids, very gentle, doesn't irritate your scalp at all, sturdy, will not deformated. No need to worry about your long nails or sensitive scalp."", '▶ Works for Any Hair Texture - Scalp hair brush works appropriate for all types of hair, including dense, thick, coarse or curly hair. Manual with no battery required and Waterproof.', '▶ Refund And Warranty - Get two scalp massager for hair growth and start your scalp salon，1 years money back guarantee. If you have any question, send email to us, we will reply in 24 hours.']",01467,"[""title: Good \ntext: Good product, doesn't tangle my hair and makes my scalp feel cleaner"", 'title: It works \ntext: It works well and seems like a good product for the price', 'title: Helps with dry winter scalp! \ntext: The product is great quality and seems pretty sturdy. The scrubby feels soft but is firm enough to get a good scrub going on :) I noticed help with dry skin and dandruff after just one use.', 'title: Great Product \ntext: Really like this product. Does an amazing job when washing and conditioning my hair. Great scalp/head massager without being rough. Would definitely recommend.', 'title: Great value great product \ntext: This is such a great deal for a pack of two. I had originally bought a different brand that was more expensive but in comparison these are just as great. The bristles are stiff enough to actually make it feel like youre giving yourself a scalp massage during shower. Colors are vibrant and cute!']","The product is praised for its quality, with users noting that it effectively cleans the scalp and prevents hair tangling, contributing to a cleaner and healthier scalp feel [0]. It is considered a good product for its price, indicating a positive balance between cost and performance [1]. Users appreciate its sturdy construction and the effectiveness of its soft yet firm scrubby, which helps with dry skin and dandruff after just one use [2]. The product is also highlighted for its excellent performance in washing and conditioning hair, providing a gentle yet effective scalp massage [3]. Additionally, it is noted for being a great value, with vibrant and appealing colors, and bristles that are stiff enough to enhance the scalp massage experience [4].",7.75
How’s the quality of this product,"['▶ Improve Blood Circulation, Massager Scalp - Chialstar scalp massager provides gentle stimulation to increase the blood circulation for daily health care with comfortable and relaxing feeling. Massage your scalp, neck or body, relieving fatigue, pressure and muscles sore. Strengthen the roots of your hair and nourish the hair shafts.', '▶ Powerful Cleaning Ability - Using this shampoo brush to clean hair, or shower, your scalp will feel so much cleaner in the shower, good to remove dandruff and remove hardened sebum & dirt. What’s more it prevents hair loss by scalp stimulation and help to hair growth.', ""▶ Soft Silicone - The scalp brush is made of silicon, soft enough to use for kids, very gentle, doesn't irritate your scalp at all, sturdy, will not deformated. No need to worry about your long nails or sensitive scalp."", '▶ Works for Any Hair Texture - Scalp hair brush works appropriate for all types of hair, including dense, thick, coarse or curly hair. Manual with no battery required and Waterproof.', '▶ Refund And Warranty - Get two scalp massager for hair growth and start your scalp salon，1 years money back guarantee. If you have any question, send email to us, we will reply in 24 hours.']",01567,"[""title: Good \ntext: Good product, doesn't tangle my hair and makes my scalp feel cleaner"", 'title: It works \ntext: It works well and seems like a good product for the price', 'title: Feels great \ntext: I have only used this once but so far I really liked it! It felt nice and worked well.  I am hopeful that it is good quality and lasts a long time.', 'title: Great Product \ntext: Really like this product. Does an amazing job when washing and conditioning my hair. Great scalp/head massager without being rough. Would definitely recommend.', 'title: Great value great product \ntext: This is such a great deal for a pack of two. I had originally bought a different brand that was more expensive but in comparison these are just as great. The bristles are stiff enough to actually make it feel like youre giving yourself a scalp massage during shower. Colors are vibrant and cute!']","The product is praised for its quality, with users noting that it effectively cleans the scalp and prevents hair tangling, contributing to a cleaner and more pleasant hair care experience [0]. It is considered a good value for the price, performing well and meeting expectations [1]. Users appreciate its effectiveness and the pleasant sensation it provides, with hopes for its durability and long-lasting quality [2]. The product is highly recommended for its excellent performance in washing and conditioning hair, as well as its gentle yet effective scalp massaging capabilities [3]. Additionally, it is noted for being a great value, comparable to more expensive brands, with vibrant and appealing colors [4].",7.75
How’s the quality of this product,"['▶ Improve Blood Circulation, Massager Scalp - Chialstar scalp massager provides gentle stimulation to increase the blood circulation for daily health care with comfortable and relaxing feeling. Massage your scalp, neck or body, relieving fatigue, pressure and muscles sore. Strengthen the roots of your hair and nourish the hair shafts.', '▶ Powerful Cleaning Ability - Using this shampoo brush to clean hair, or shower, your scalp will feel so much cleaner in the shower, good to remove dandruff and remove hardened sebum & dirt. What’s more it prevents hair loss by scalp stimulation and help to hair growth.', ""▶ Soft Silicone - The scalp brush is made of silicon, soft enough to use for kids, very gentle, doesn't irritate your scalp at all, sturdy, will not deformated. No need to worry about your long nails or sensitive scalp."", '▶ Works for Any Hair Texture - Scalp hair brush works appropriate for all types of hair, including dense, thick, coarse or curly hair. Manual with no battery required and Waterproof.', '▶ Refund And Warranty - Get two scalp massager for hair growth and start your scalp salon，1 years money back guarantee. If you have any question, send email to us, we will reply in 24 hours.']",02345,"[""title: Good \ntext: Good product, doesn't tangle my hair and makes my scalp feel cleaner"", 'title: Great quality for the price \ntext: I was worried about quality for the price, but I am really impressed! I love mine.', 'title: great \ntext: very good product kind of hard to hold, i recommend putting your fingers through the handle instead of holding it by the handle', 'title: Helps with dry winter scalp! \ntext: The product is great quality and seems pretty sturdy. The scrubby feels soft but is firm enough to get a good scrub going on :) I noticed help with dry skin and dandruff after just one use.', 'title: Feels great \ntext: I have only used this once but so far I really liked it! It felt nice and worked well.  I am hopeful that it is good quality and lasts a long time.']","The product is praised for its quality, with users noting that it effectively prevents hair tangling and leaves the scalp feeling cleaner [0]. Despite initial concerns about the price, customers are impressed with the quality, describing it as great for the cost [1]. The product is noted to be somewhat difficult to hold, but users suggest a handling technique to improve usability [2]. It is described as sturdy and effective in addressing dry skin and dandruff, with a soft yet firm texture that provides a good scrub [3]. Although one user has only used it once, they are optimistic about its quality and durability [4].",7.75
How’s the quality of this product,"['▶ Improve Blood Circulation, Massager Scalp - Chialstar scalp massager provides gentle stimulation to increase the blood circulation for daily health care with comfortable and relaxing feeling. Massage your scalp, neck or body, relieving fatigue, pressure and muscles sore. Strengthen the roots of your hair and nourish the hair shafts.', '▶ Powerful Cleaning Ability - Using this shampoo brush to clean hair, or shower, your scalp will feel so much cleaner in the shower, good to remove dandruff and remove hardened sebum & dirt. What’s more it prevents hair loss by scalp stimulation and help to hair growth.', ""▶ Soft Silicone - The scalp brush is made of silicon, soft enough to use for kids, very gentle, doesn't irritate your scalp at all, sturdy, will not deformated. No need to worry about your long nails or sensitive scalp."", '▶ Works for Any Hair Texture - Scalp hair brush works appropriate for all types of hair, including dense, thick, coarse or curly hair. Manual with no battery required and Waterproof.', '▶ Refund And Warranty - Get two scalp massager for hair growth and start your scalp salon，1 years money back guarantee. If you have any question, send email to us, we will reply in 24 hours.']",02346,"[""title: Good \ntext: Good product, doesn't tangle my hair and makes my scalp feel cleaner"", 'title: Great quality for the price \ntext: I was worried about quality for the price, but I am really impressed! I love mine.', 'title: great \ntext: very good product kind of hard to hold, i recommend putting your fingers through the handle instead of holding it by the handle', 'title: Helps with dry winter scalp! \ntext: The product is great quality and seems pretty sturdy. The scrubby feels soft but is firm enough to get a good scrub going on :) I noticed help with dry skin and dandruff after just one use.', 'title: Great Product \ntext: Really like this product. Does an amazing job when washing and conditioning my hair. Great scalp/head massager without being rough. Would definitely recommend.']","The product is praised for its quality, with users noting that it effectively prevents hair tangling and leaves the scalp feeling cleaner [0]. Despite initial concerns about the price, customers are impressed with the quality, describing it as great for the cost [1]. Some users find the product slightly difficult to hold, suggesting an alternative grip method for better handling [2]. It is also noted for its sturdiness and effectiveness in addressing dry scalp and dandruff issues, with a soft yet firm texture that provides a good scrub [3]. Overall, the product is highly recommended for its performance in washing and conditioning hair, as well as its gentle yet effective scalp massaging capabilities [4].",7.75
How’s the quality of this product,"['▶ Improve Blood Circulation, Massager Scalp - Chialstar scalp massager provides gentle stimulation to increase the blood circulation for daily health care with comfortable and relaxing feeling. Massage your scalp, neck or body, relieving fatigue, pressure and muscles sore. Strengthen the roots of your hair and nourish the hair shafts.', '▶ Powerful Cleaning Ability - Using this shampoo brush to clean hair, or shower, your scalp will feel so much cleaner in the shower, good to remove dandruff and remove hardened sebum & dirt. What’s more it prevents hair loss by scalp stimulation and help to hair growth.', ""▶ Soft Silicone - The scalp brush is made of silicon, soft enough to use for kids, very gentle, doesn't irritate your scalp at all, sturdy, will not deformated. No need to worry about your long nails or sensitive scalp."", '▶ Works for Any Hair Texture - Scalp hair brush works appropriate for all types of hair, including dense, thick, coarse or curly hair. Manual with no battery required and Waterproof.', '▶ Refund And Warranty - Get two scalp massager for hair growth and start your scalp salon，1 years money back guarantee. If you have any question, send email to us, we will reply in 24 hours.']",02347,"[""title: Good \ntext: Good product, doesn't tangle my hair and makes my scalp feel cleaner"", 'title: Great quality for the price \ntext: I was worried about quality for the price, but I am really impressed! I love mine.', 'title: great \ntext: very good product kind of hard to hold, i recommend putting your fingers through the handle instead of holding it by the handle', 'title: Helps with dry winter scalp! \ntext: The product is great quality and seems pretty sturdy. The scrubby feels soft but is firm enough to get a good scrub going on :) I noticed help with dry skin and dandruff after just one use.', 'title: Great value great product \ntext: This is such a great deal for a pack of two. I had originally bought a different brand that was more expensive but in comparison these are just as great. The bristles are stiff enough to actually make it feel like youre giving yourself a scalp massage during shower. Colors are vibrant and cute!']","The product is praised for its quality, with users noting that it effectively prevents hair tangling and leaves the scalp feeling cleaner [0]. Despite initial concerns about the price, customers are impressed with the product's quality, describing it as great value for money [1][4]. Some users find the product slightly difficult to hold, suggesting an alternative grip method for better handling [2]. The product is described as sturdy and effective in addressing dry skin and dandruff, with its soft yet firm texture providing a satisfying scrub [3]. Additionally, the vibrant colors and stiff bristles enhance the user experience by offering a pleasant scalp massage [4].",7.75
How’s the quality of this product,"['▶ Improve Blood Circulation, Massager Scalp - Chialstar scalp massager provides gentle stimulation to increase the blood circulation for daily health care with comfortable and relaxing feeling. Massage your scalp, neck or body, relieving fatigue, pressure and muscles sore. Strengthen the roots of your hair and nourish the hair shafts.', '▶ Powerful Cleaning Ability - Using this shampoo brush to clean hair, or shower, your scalp will feel so much cleaner in the shower, good to remove dandruff and remove hardened sebum & dirt. What’s more it prevents hair loss by scalp stimulation and help to hair growth.', ""▶ Soft Silicone - The scalp brush is made of silicon, soft enough to use for kids, very gentle, doesn't irritate your scalp at all, sturdy, will not deformated. No need to worry about your long nails or sensitive scalp."", '▶ Works for Any Hair Texture - Scalp hair brush works appropriate for all types of hair, including dense, thick, coarse or curly hair. Manual with no battery required and Waterproof.', '▶ Refund And Warranty - Get two scalp massager for hair growth and start your scalp salon，1 years money back guarantee. If you have any question, send email to us, we will reply in 24 hours.']",02356,"[""title: Good \ntext: Good product, doesn't tangle my hair and makes my scalp feel cleaner"", 'title: Great quality for the price \ntext: I was worried about quality for the price, but I am really impressed! I love mine.', 'title: great \ntext: very good product kind of hard to hold, i recommend putting your fingers through the handle instead of holding it by the handle', 'title: Feels great \ntext: I have only used this once but so far I really liked it! It felt nice and worked well.  I am hopeful that it is good quality and lasts a long time.', 'title: Great Product \ntext: Really like this product. Does an amazing job when washing and conditioning my hair. Great scalp/head massager without being rough. Would definitely recommend.']","The product is praised for its quality, with users noting that it effectively detangles hair and leaves the scalp feeling cleaner, which suggests a high level of performance and satisfaction [0]. Despite initial concerns about the price, users are impressed with the quality, indicating that it offers great value [1]. Some users find it slightly difficult to hold, but they recommend a different grip technique to improve usability, which does not detract from the overall positive perception of the product's quality [2]. Initial use has been positive, with users hopeful about its durability and long-term quality [3]. Additionally, the product is highlighted for its effectiveness in washing and conditioning hair, as well as its gentle massaging capability, further underscoring its quality [4].",7.75
How’s the quality of this product,"['▶ Improve Blood Circulation, Massager Scalp - Chialstar scalp massager provides gentle stimulation to increase the blood circulation for daily health care with comfortable and relaxing feeling. Massage your scalp, neck or body, relieving fatigue, pressure and muscles sore. Strengthen the roots of your hair and nourish the hair shafts.', '▶ Powerful Cleaning Ability - Using this shampoo brush to clean hair, or shower, your scalp will feel so much cleaner in the shower, good to remove dandruff and remove hardened sebum & dirt. What’s more it prevents hair loss by scalp stimulation and help to hair growth.', ""▶ Soft Silicone - The scalp brush is made of silicon, soft enough to use for kids, very gentle, doesn't irritate your scalp at all, sturdy, will not deformated. No need to worry about your long nails or sensitive scalp."", '▶ Works for Any Hair Texture - Scalp hair brush works appropriate for all types of hair, including dense, thick, coarse or curly hair. Manual with no battery required and Waterproof.', '▶ Refund And Warranty - Get two scalp massager for hair growth and start your scalp salon，1 years money back guarantee. If you have any question, send email to us, we will reply in 24 hours.']",02357,"[""title: Good \ntext: Good product, doesn't tangle my hair and makes my scalp feel cleaner"", 'title: Great quality for the price \ntext: I was worried about quality for the price, but I am really impressed! I love mine.', 'title: great \ntext: very good product kind of hard to hold, i recommend putting your fingers through the handle instead of holding it by the handle', 'title: Feels great \ntext: I have only used this once but so far I really liked it! It felt nice and worked well.  I am hopeful that it is good quality and lasts a long time.', 'title: Great value great product \ntext: This is such a great deal for a pack of two. I had originally bought a different brand that was more expensive but in comparison these are just as great. The bristles are stiff enough to actually make it feel like youre giving yourself a scalp massage during shower. Colors are vibrant and cute!']","The product is praised for its quality, with users noting that it effectively prevents hair tangling and leaves the scalp feeling cleaner [0]. Despite initial concerns about the price, customers are impressed with the quality, describing it as great value for money [1]. Some users find the product slightly difficult to hold, suggesting an alternative grip method for better handling [2]. Initial use has been positive, with users hopeful about its durability and long-term quality [3]. Additionally, the product is considered a great deal, offering comparable quality to more expensive brands, with features like stiff bristles for a scalp massage and vibrant colors [4].",7.75
How’s the quality of this product,"['▶ Improve Blood Circulation, Massager Scalp - Chialstar scalp massager provides gentle stimulation to increase the blood circulation for daily health care with comfortable and relaxing feeling. Massage your scalp, neck or body, relieving fatigue, pressure and muscles sore. Strengthen the roots of your hair and nourish the hair shafts.', '▶ Powerful Cleaning Ability - Using this shampoo brush to clean hair, or shower, your scalp will feel so much cleaner in the shower, good to remove dandruff and remove hardened sebum & dirt. What’s more it prevents hair loss by scalp stimulation and help to hair growth.', ""▶ Soft Silicone - The scalp brush is made of silicon, soft enough to use for kids, very gentle, doesn't irritate your scalp at all, sturdy, will not deformated. No need to worry about your long nails or sensitive scalp."", '▶ Works for Any Hair Texture - Scalp hair brush works appropriate for all types of hair, including dense, thick, coarse or curly hair. Manual with no battery required and Waterproof.', '▶ Refund And Warranty - Get two scalp massager for hair growth and start your scalp salon，1 years money back guarantee. If you have any question, send email to us, we will reply in 24 hours.']",02367,"[""title: Good \ntext: Good product, doesn't tangle my hair and makes my scalp feel cleaner"", 'title: Great quality for the price \ntext: I was worried about quality for the price, but I am really impressed! I love mine.', 'title: great \ntext: very good product kind of hard to hold, i recommend putting your fingers through the handle instead of holding it by the handle', 'title: Great Product \ntext: Really like this product. Does an amazing job when washing and conditioning my hair. Great scalp/head massager without being rough. Would definitely recommend.', 'title: Great value great product \ntext: This is such a great deal for a pack of two. I had originally bought a different brand that was more expensive but in comparison these are just as great. The bristles are stiff enough to actually make it feel like youre giving yourself a scalp massage during shower. Colors are vibrant and cute!']","The product is praised for its quality, with users noting that it effectively prevents hair tangling and leaves the scalp feeling cleaner[0]. Despite initial concerns about the price, customers are impressed with the product's quality, finding it to be a great value[1]. While some users find it slightly difficult to hold, they recommend adjusting the grip for better handling[2]. The product is also highlighted for its effectiveness in washing and conditioning hair, serving as a gentle yet effective scalp massager[3]. Additionally, it is considered a great deal, comparable to more expensive brands, with stiff bristles that enhance the scalp massage experience and vibrant, appealing colors[4].",7.75
How’s the quality of this product,"['▶ Improve Blood Circulation, Massager Scalp - Chialstar scalp massager provides gentle stimulation to increase the blood circulation for daily health care with comfortable and relaxing feeling. Massage your scalp, neck or body, relieving fatigue, pressure and muscles sore. Strengthen the roots of your hair and nourish the hair shafts.', '▶ Powerful Cleaning Ability - Using this shampoo brush to clean hair, or shower, your scalp will feel so much cleaner in the shower, good to remove dandruff and remove hardened sebum & dirt. What’s more it prevents hair loss by scalp stimulation and help to hair growth.', ""▶ Soft Silicone - The scalp brush is made of silicon, soft enough to use for kids, very gentle, doesn't irritate your scalp at all, sturdy, will not deformated. No need to worry about your long nails or sensitive scalp."", '▶ Works for Any Hair Texture - Scalp hair brush works appropriate for all types of hair, including dense, thick, coarse or curly hair. Manual with no battery required and Waterproof.', '▶ Refund And Warranty - Get two scalp massager for hair growth and start your scalp salon，1 years money back guarantee. If you have any question, send email to us, we will reply in 24 hours.']",02456,"[""title: Good \ntext: Good product, doesn't tangle my hair and makes my scalp feel cleaner"", 'title: Great quality for the price \ntext: I was worried about quality for the price, but I am really impressed! I love mine.', 'title: Helps with dry winter scalp! \ntext: The product is great quality and seems pretty sturdy. The scrubby feels soft but is firm enough to get a good scrub going on :) I noticed help with dry skin and dandruff after just one use.', 'title: Feels great \ntext: I have only used this once but so far I really liked it! It felt nice and worked well.  I am hopeful that it is good quality and lasts a long time.', 'title: Great Product \ntext: Really like this product. Does an amazing job when washing and conditioning my hair. Great scalp/head massager without being rough. Would definitely recommend.']","The product is praised for its quality, with users noting that it effectively prevents hair tangling and leaves the scalp feeling cleaner [0]. Customers express satisfaction with the product's quality, especially considering its price, and are impressed with its performance [1]. It is described as sturdy and beneficial for dry winter scalp conditions, providing relief from dry skin and dandruff after just one use [2]. Although one user has only used it once, they are optimistic about its quality and longevity [3]. Overall, the product is highly recommended for its effectiveness in washing and conditioning hair, as well as its gentle yet effective scalp massaging capabilities [4].",7.75
How’s the quality of this product,"['▶ Improve Blood Circulation, Massager Scalp - Chialstar scalp massager provides gentle stimulation to increase the blood circulation for daily health care with comfortable and relaxing feeling. Massage your scalp, neck or body, relieving fatigue, pressure and muscles sore. Strengthen the roots of your hair and nourish the hair shafts.', '▶ Powerful Cleaning Ability - Using this shampoo brush to clean hair, or shower, your scalp will feel so much cleaner in the shower, good to remove dandruff and remove hardened sebum & dirt. What’s more it prevents hair loss by scalp stimulation and help to hair growth.', ""▶ Soft Silicone - The scalp brush is made of silicon, soft enough to use for kids, very gentle, doesn't irritate your scalp at all, sturdy, will not deformated. No need to worry about your long nails or sensitive scalp."", '▶ Works for Any Hair Texture - Scalp hair brush works appropriate for all types of hair, including dense, thick, coarse or curly hair. Manual with no battery required and Waterproof.', '▶ Refund And Warranty - Get two scalp massager for hair growth and start your scalp salon，1 years money back guarantee. If you have any question, send email to us, we will reply in 24 hours.']",02457,"[""title: Good \ntext: Good product, doesn't tangle my hair and makes my scalp feel cleaner"", 'title: Great quality for the price \ntext: I was worried about quality for the price, but I am really impressed! I love mine.', 'title: Helps with dry winter scalp! \ntext: The product is great quality and seems pretty sturdy. The scrubby feels soft but is firm enough to get a good scrub going on :) I noticed help with dry skin and dandruff after just one use.', 'title: Feels great \ntext: I have only used this once but so far I really liked it! It felt nice and worked well.  I am hopeful that it is good quality and lasts a long time.', 'title: Great value great product \ntext: This is such a great deal for a pack of two. I had originally bought a different brand that was more expensive but in comparison these are just as great. The bristles are stiff enough to actually make it feel like youre giving yourself a scalp massage during shower. Colors are vibrant and cute!']","The product is praised for its quality, with users noting that it effectively prevents hair tangling and leaves the scalp feeling cleaner[0]. Despite initial concerns about the price, customers are impressed with the quality, finding it to be a great value[1]. The product is described as sturdy and beneficial for dry scalp and dandruff, with a scrubby that is both soft and firm enough for effective use[2]. Although one user has only used it once, they are optimistic about its quality and longevity[3]. Additionally, the product is considered a great deal, comparable to more expensive brands, with stiff bristles that enhance the scalp massage experience and vibrant, appealing colors[4].",7.75
How’s the quality of this product,"['▶ Improve Blood Circulation, Massager Scalp - Chialstar scalp massager provides gentle stimulation to increase the blood circulation for daily health care with comfortable and relaxing feeling. Massage your scalp, neck or body, relieving fatigue, pressure and muscles sore. Strengthen the roots of your hair and nourish the hair shafts.', '▶ Powerful Cleaning Ability - Using this shampoo brush to clean hair, or shower, your scalp will feel so much cleaner in the shower, good to remove dandruff and remove hardened sebum & dirt. What’s more it prevents hair loss by scalp stimulation and help to hair growth.', ""▶ Soft Silicone - The scalp brush is made of silicon, soft enough to use for kids, very gentle, doesn't irritate your scalp at all, sturdy, will not deformated. No need to worry about your long nails or sensitive scalp."", '▶ Works for Any Hair Texture - Scalp hair brush works appropriate for all types of hair, including dense, thick, coarse or curly hair. Manual with no battery required and Waterproof.', '▶ Refund And Warranty - Get two scalp massager for hair growth and start your scalp salon，1 years money back guarantee. If you have any question, send email to us, we will reply in 24 hours.']",02467,"[""title: Good \ntext: Good product, doesn't tangle my hair and makes my scalp feel cleaner"", 'title: Great quality for the price \ntext: I was worried about quality for the price, but I am really impressed! I love mine.', 'title: Helps with dry winter scalp! \ntext: The product is great quality and seems pretty sturdy. The scrubby feels soft but is firm enough to get a good scrub going on :) I noticed help with dry skin and dandruff after just one use.', 'title: Great Product \ntext: Really like this product. Does an amazing job when washing and conditioning my hair. Great scalp/head massager without being rough. Would definitely recommend.', 'title: Great value great product \ntext: This is such a great deal for a pack of two. I had originally bought a different brand that was more expensive but in comparison these are just as great. The bristles are stiff enough to actually make it feel like youre giving yourself a scalp massage during shower. Colors are vibrant and cute!']","The product is praised for its quality, with users noting that it effectively prevents hair tangling and leaves the scalp feeling cleaner [0]. Customers express satisfaction with the quality relative to the price, highlighting that it exceeds expectations [1]. The product is described as sturdy and beneficial for dry winter scalp, providing relief from dry skin and dandruff after just one use [2]. Users appreciate its effectiveness in washing and conditioning hair, as well as its gentle yet effective scalp massaging capabilities [3]. Additionally, the product is considered a great value, with stiff bristles that enhance the scalp massage experience, and vibrant, appealing colors [4].",7.75
How’s the quality of this product,"['▶ Improve Blood Circulation, Massager Scalp - Chialstar scalp massager provides gentle stimulation to increase the blood circulation for daily health care with comfortable and relaxing feeling. Massage your scalp, neck or body, relieving fatigue, pressure and muscles sore. Strengthen the roots of your hair and nourish the hair shafts.', '▶ Powerful Cleaning Ability - Using this shampoo brush to clean hair, or shower, your scalp will feel so much cleaner in the shower, good to remove dandruff and remove hardened sebum & dirt. What’s more it prevents hair loss by scalp stimulation and help to hair growth.', ""▶ Soft Silicone - The scalp brush is made of silicon, soft enough to use for kids, very gentle, doesn't irritate your scalp at all, sturdy, will not deformated. No need to worry about your long nails or sensitive scalp."", '▶ Works for Any Hair Texture - Scalp hair brush works appropriate for all types of hair, including dense, thick, coarse or curly hair. Manual with no battery required and Waterproof.', '▶ Refund And Warranty - Get two scalp massager for hair growth and start your scalp salon，1 years money back guarantee. If you have any question, send email to us, we will reply in 24 hours.']",02567,"[""title: Good \ntext: Good product, doesn't tangle my hair and makes my scalp feel cleaner"", 'title: Great quality for the price \ntext: I was worried about quality for the price, but I am really impressed! I love mine.', 'title: Feels great \ntext: I have only used this once but so far I really liked it! It felt nice and worked well.  I am hopeful that it is good quality and lasts a long time.', 'title: Great Product \ntext: Really like this product. Does an amazing job when washing and conditioning my hair. Great scalp/head massager without being rough. Would definitely recommend.', 'title: Great value great product \ntext: This is such a great deal for a pack of two. I had originally bought a different brand that was more expensive but in comparison these are just as great. The bristles are stiff enough to actually make it feel like youre giving yourself a scalp massage during shower. Colors are vibrant and cute!']","The product is praised for its quality, with users noting that it effectively prevents hair tangling and leaves the scalp feeling cleaner [0]. Despite initial concerns about the price, customers are impressed with the product's quality, considering it a great value [1]. Users have reported positive initial experiences, expressing hope that the product will maintain its quality over time [2]. It is highlighted for its effectiveness in washing and conditioning hair, as well as its gentle yet effective scalp massaging capabilities [3]. Additionally, the product is considered a great deal, comparable to more expensive brands, with vibrant and appealing colors [4].",7.75
How’s the quality of this product,"['▶ Improve Blood Circulation, Massager Scalp - Chialstar scalp massager provides gentle stimulation to increase the blood circulation for daily health care with comfortable and relaxing feeling. Massage your scalp, neck or body, relieving fatigue, pressure and muscles sore. Strengthen the roots of your hair and nourish the hair shafts.', '▶ Powerful Cleaning Ability - Using this shampoo brush to clean hair, or shower, your scalp will feel so much cleaner in the shower, good to remove dandruff and remove hardened sebum & dirt. What’s more it prevents hair loss by scalp stimulation and help to hair growth.', ""▶ Soft Silicone - The scalp brush is made of silicon, soft enough to use for kids, very gentle, doesn't irritate your scalp at all, sturdy, will not deformated. No need to worry about your long nails or sensitive scalp."", '▶ Works for Any Hair Texture - Scalp hair brush works appropriate for all types of hair, including dense, thick, coarse or curly hair. Manual with no battery required and Waterproof.', '▶ Refund And Warranty - Get two scalp massager for hair growth and start your scalp salon，1 years money back guarantee. If you have any question, send email to us, we will reply in 24 hours.']",03456,"[""title: Good \ntext: Good product, doesn't tangle my hair and makes my scalp feel cleaner"", 'title: great \ntext: very good product kind of hard to hold, i recommend putting your fingers through the handle instead of holding it by the handle', 'title: Helps with dry winter scalp! \ntext: The product is great quality and seems pretty sturdy. The scrubby feels soft but is firm enough to get a good scrub going on :) I noticed help with dry skin and dandruff after just one use.', 'title: Feels great \ntext: I have only used this once but so far I really liked it! It felt nice and worked well.  I am hopeful that it is good quality and lasts a long time.', 'title: Great Product \ntext: Really like this product. Does an amazing job when washing and conditioning my hair. Great scalp/head massager without being rough. Would definitely recommend.']","The product is praised for its quality, with users noting that it effectively cleans the scalp and prevents hair tangling, contributing to a cleaner and healthier scalp feel [0]. Despite some difficulty in handling, the product is recommended for its effectiveness, suggesting an alternative grip method for better use [1]. It is described as sturdy and of great quality, with a soft yet firm texture that aids in scrubbing, helping with dry skin and dandruff after just one use [2]. Users express satisfaction with the product's performance, indicating that it feels nice and works well, with hopes for its durability [3]. Additionally, it is highlighted as an excellent scalp massager that is gentle yet effective, enhancing the hair washing and conditioning experience [4].",7.75
How’s the quality of this product,"['▶ Improve Blood Circulation, Massager Scalp - Chialstar scalp massager provides gentle stimulation to increase the blood circulation for daily health care with comfortable and relaxing feeling. Massage your scalp, neck or body, relieving fatigue, pressure and muscles sore. Strengthen the roots of your hair and nourish the hair shafts.', '▶ Powerful Cleaning Ability - Using this shampoo brush to clean hair, or shower, your scalp will feel so much cleaner in the shower, good to remove dandruff and remove hardened sebum & dirt. What’s more it prevents hair loss by scalp stimulation and help to hair growth.', ""▶ Soft Silicone - The scalp brush is made of silicon, soft enough to use for kids, very gentle, doesn't irritate your scalp at all, sturdy, will not deformated. No need to worry about your long nails or sensitive scalp."", '▶ Works for Any Hair Texture - Scalp hair brush works appropriate for all types of hair, including dense, thick, coarse or curly hair. Manual with no battery required and Waterproof.', '▶ Refund And Warranty - Get two scalp massager for hair growth and start your scalp salon，1 years money back guarantee. If you have any question, send email to us, we will reply in 24 hours.']",03457,"[""title: Good \ntext: Good product, doesn't tangle my hair and makes my scalp feel cleaner"", 'title: great \ntext: very good product kind of hard to hold, i recommend putting your fingers through the handle instead of holding it by the handle', 'title: Helps with dry winter scalp! \ntext: The product is great quality and seems pretty sturdy. The scrubby feels soft but is firm enough to get a good scrub going on :) I noticed help with dry skin and dandruff after just one use.', 'title: Feels great \ntext: I have only used this once but so far I really liked it! It felt nice and worked well.  I am hopeful that it is good quality and lasts a long time.', 'title: Great value great product \ntext: This is such a great deal for a pack of two. I had originally bought a different brand that was more expensive but in comparison these are just as great. The bristles are stiff enough to actually make it feel like youre giving yourself a scalp massage during shower. Colors are vibrant and cute!']","The product is praised for its quality, with users noting that it effectively cleans the scalp and does not tangle hair, contributing to a cleaner scalp feeling [0]. It is described as sturdy and of great quality, with a soft yet firm texture that aids in scrubbing, helping with dry skin and dandruff after just one use [2]. Although one user found it somewhat difficult to hold, they suggested a method to improve grip, indicating that the design could be improved [1]. Another user expressed optimism about the product's durability after initial use [3]. Additionally, the product is considered a great value, comparable to more expensive brands, with stiff bristles that enhance the scalp massage experience, and vibrant, appealing colors [4].",7.75
How’s the quality of this product,"['▶ Improve Blood Circulation, Massager Scalp - Chialstar scalp massager provides gentle stimulation to increase the blood circulation for daily health care with comfortable and relaxing feeling. Massage your scalp, neck or body, relieving fatigue, pressure and muscles sore. Strengthen the roots of your hair and nourish the hair shafts.', '▶ Powerful Cleaning Ability - Using this shampoo brush to clean hair, or shower, your scalp will feel so much cleaner in the shower, good to remove dandruff and remove hardened sebum & dirt. What’s more it prevents hair loss by scalp stimulation and help to hair growth.', ""▶ Soft Silicone - The scalp brush is made of silicon, soft enough to use for kids, very gentle, doesn't irritate your scalp at all, sturdy, will not deformated. No need to worry about your long nails or sensitive scalp."", '▶ Works for Any Hair Texture - Scalp hair brush works appropriate for all types of hair, including dense, thick, coarse or curly hair. Manual with no battery required and Waterproof.', '▶ Refund And Warranty - Get two scalp massager for hair growth and start your scalp salon，1 years money back guarantee. If you have any question, send email to us, we will reply in 24 hours.']",03467,"[""title: Good \ntext: Good product, doesn't tangle my hair and makes my scalp feel cleaner"", 'title: great \ntext: very good product kind of hard to hold, i recommend putting your fingers through the handle instead of holding it by the handle', 'title: Helps with dry winter scalp! \ntext: The product is great quality and seems pretty sturdy. The scrubby feels soft but is firm enough to get a good scrub going on :) I noticed help with dry skin and dandruff after just one use.', 'title: Great Product \ntext: Really like this product. Does an amazing job when washing and conditioning my hair. Great scalp/head massager without being rough. Would definitely recommend.', 'title: Great value great product \ntext: This is such a great deal for a pack of two. I had originally bought a different brand that was more expensive but in comparison these are just as great. The bristles are stiff enough to actually make it feel like youre giving yourself a scalp massage during shower. Colors are vibrant and cute!']","The product is praised for its quality, with users noting that it effectively cleans the scalp and prevents hair tangling, contributing to a cleaner and healthier scalp feel [0]. Despite being somewhat difficult to hold, the product is recommended for its functionality, with a suggestion to use the handle differently for better grip [1]. It is described as sturdy and of great quality, with soft yet firm bristles that help alleviate dry skin and dandruff after just one use [2]. Users appreciate its effectiveness in washing and conditioning hair, highlighting its gentle yet effective scalp massaging capabilities [3]. Additionally, the product is considered a great value, offering a pack of two at a competitive price while maintaining quality comparable to more expensive brands. The vibrant and cute colors of the product are also noted as a positive feature [4].",7.75
How’s the quality of this product,"['▶ Improve Blood Circulation, Massager Scalp - Chialstar scalp massager provides gentle stimulation to increase the blood circulation for daily health care with comfortable and relaxing feeling. Massage your scalp, neck or body, relieving fatigue, pressure and muscles sore. Strengthen the roots of your hair and nourish the hair shafts.', '▶ Powerful Cleaning Ability - Using this shampoo brush to clean hair, or shower, your scalp will feel so much cleaner in the shower, good to remove dandruff and remove hardened sebum & dirt. What’s more it prevents hair loss by scalp stimulation and help to hair growth.', ""▶ Soft Silicone - The scalp brush is made of silicon, soft enough to use for kids, very gentle, doesn't irritate your scalp at all, sturdy, will not deformated. No need to worry about your long nails or sensitive scalp."", '▶ Works for Any Hair Texture - Scalp hair brush works appropriate for all types of hair, including dense, thick, coarse or curly hair. Manual with no battery required and Waterproof.', '▶ Refund And Warranty - Get two scalp massager for hair growth and start your scalp salon，1 years money back guarantee. If you have any question, send email to us, we will reply in 24 hours.']",03567,"[""title: Good \ntext: Good product, doesn't tangle my hair and makes my scalp feel cleaner"", 'title: great \ntext: very good product kind of hard to hold, i recommend putting your fingers through the handle instead of holding it by the handle', 'title: Feels great \ntext: I have only used this once but so far I really liked it! It felt nice and worked well.  I am hopeful that it is good quality and lasts a long time.', 'title: Great Product \ntext: Really like this product. Does an amazing job when washing and conditioning my hair. Great scalp/head massager without being rough. Would definitely recommend.', 'title: Great value great product \ntext: This is such a great deal for a pack of two. I had originally bought a different brand that was more expensive but in comparison these are just as great. The bristles are stiff enough to actually make it feel like youre giving yourself a scalp massage during shower. Colors are vibrant and cute!']","The product is praised for its ability to prevent hair tangling and leave the scalp feeling cleaner, indicating a positive impact on hair care quality [0]. Users appreciate its effectiveness in washing and conditioning hair, as well as its gentle yet effective scalp massaging capabilities, which contribute to its high quality [3]. Although one user noted that the product can be difficult to hold, they suggested a method to improve handling, which does not detract from the overall quality [1]. Another user expressed optimism about the product's durability after initial use, suggesting confidence in its quality [2]. Additionally, the product is considered a great value, with its performance comparable to more expensive brands, further highlighting its quality [4].",7.75
How’s the quality of this product,"['▶ Improve Blood Circulation, Massager Scalp - Chialstar scalp massager provides gentle stimulation to increase the blood circulation for daily health care with comfortable and relaxing feeling. Massage your scalp, neck or body, relieving fatigue, pressure and muscles sore. Strengthen the roots of your hair and nourish the hair shafts.', '▶ Powerful Cleaning Ability - Using this shampoo brush to clean hair, or shower, your scalp will feel so much cleaner in the shower, good to remove dandruff and remove hardened sebum & dirt. What’s more it prevents hair loss by scalp stimulation and help to hair growth.', ""▶ Soft Silicone - The scalp brush is made of silicon, soft enough to use for kids, very gentle, doesn't irritate your scalp at all, sturdy, will not deformated. No need to worry about your long nails or sensitive scalp."", '▶ Works for Any Hair Texture - Scalp hair brush works appropriate for all types of hair, including dense, thick, coarse or curly hair. Manual with no battery required and Waterproof.', '▶ Refund And Warranty - Get two scalp massager for hair growth and start your scalp salon，1 years money back guarantee. If you have any question, send email to us, we will reply in 24 hours.']",04567,"[""title: Good \ntext: Good product, doesn't tangle my hair and makes my scalp feel cleaner"", 'title: Helps with dry winter scalp! \ntext: The product is great quality and seems pretty sturdy. The scrubby feels soft but is firm enough to get a good scrub going on :) I noticed help with dry skin and dandruff after just one use.', 'title: Feels great \ntext: I have only used this once but so far I really liked it! It felt nice and worked well.  I am hopeful that it is good quality and lasts a long time.', 'title: Great Product \ntext: Really like this product. Does an amazing job when washing and conditioning my hair. Great scalp/head massager without being rough. Would definitely recommend.', 'title: Great value great product \ntext: This is such a great deal for a pack of two. I had originally bought a different brand that was more expensive but in comparison these are just as great. The bristles are stiff enough to actually make it feel like youre giving yourself a scalp massage during shower. Colors are vibrant and cute!']","The product is praised for its quality, with users noting that it effectively cleans the scalp and prevents hair tangling, contributing to a cleaner feel overall [0]. It is described as sturdy and of great quality, with a soft yet firm scrubby that helps alleviate dry skin and dandruff after just one use [1]. Users express satisfaction with the product's performance, highlighting its pleasant feel and effectiveness, and they are optimistic about its durability [2]. The product is also commended for its ability to wash and condition hair effectively, providing a gentle yet effective scalp massage [3]. Additionally, it is considered a great value, comparable to more expensive brands, with vibrant and appealing colors [4].",7.75
How’s the quality of this product,"['▶ Improve Blood Circulation, Massager Scalp - Chialstar scalp massager provides gentle stimulation to increase the blood circulation for daily health care with comfortable and relaxing feeling. Massage your scalp, neck or body, relieving fatigue, pressure and muscles sore. Strengthen the roots of your hair and nourish the hair shafts.', '▶ Powerful Cleaning Ability - Using this shampoo brush to clean hair, or shower, your scalp will feel so much cleaner in the shower, good to remove dandruff and remove hardened sebum & dirt. What’s more it prevents hair loss by scalp stimulation and help to hair growth.', ""▶ Soft Silicone - The scalp brush is made of silicon, soft enough to use for kids, very gentle, doesn't irritate your scalp at all, sturdy, will not deformated. No need to worry about your long nails or sensitive scalp."", '▶ Works for Any Hair Texture - Scalp hair brush works appropriate for all types of hair, including dense, thick, coarse or curly hair. Manual with no battery required and Waterproof.', '▶ Refund And Warranty - Get two scalp massager for hair growth and start your scalp salon，1 years money back guarantee. If you have any question, send email to us, we will reply in 24 hours.']",12345,"['title: It works \ntext: It works well and seems like a good product for the price', 'title: Great quality for the price \ntext: I was worried about quality for the price, but I am really impressed! I love mine.', 'title: great \ntext: very good product kind of hard to hold, i recommend putting your fingers through the handle instead of holding it by the handle', 'title: Helps with dry winter scalp! \ntext: The product is great quality and seems pretty sturdy. The scrubby feels soft but is firm enough to get a good scrub going on :) I noticed help with dry skin and dandruff after just one use.', 'title: Feels great \ntext: I have only used this once but so far I really liked it! It felt nice and worked well.  I am hopeful that it is good quality and lasts a long time.']","The product is generally perceived as having good quality, especially considering its price point. Users have expressed satisfaction with its performance, noting that it works well and is a good value for the cost [0][1]. Some users have mentioned that while the product is effective, it can be somewhat difficult to hold, suggesting an alternative grip method for better handling [2]. The product is described as sturdy and beneficial for addressing dry skin and dandruff, indicating its effectiveness and durability [3]. Although one user has only used it once, they are optimistic about its quality and longevity [4].",7.75
How’s the quality of this product,"['▶ Improve Blood Circulation, Massager Scalp - Chialstar scalp massager provides gentle stimulation to increase the blood circulation for daily health care with comfortable and relaxing feeling. Massage your scalp, neck or body, relieving fatigue, pressure and muscles sore. Strengthen the roots of your hair and nourish the hair shafts.', '▶ Powerful Cleaning Ability - Using this shampoo brush to clean hair, or shower, your scalp will feel so much cleaner in the shower, good to remove dandruff and remove hardened sebum & dirt. What’s more it prevents hair loss by scalp stimulation and help to hair growth.', ""▶ Soft Silicone - The scalp brush is made of silicon, soft enough to use for kids, very gentle, doesn't irritate your scalp at all, sturdy, will not deformated. No need to worry about your long nails or sensitive scalp."", '▶ Works for Any Hair Texture - Scalp hair brush works appropriate for all types of hair, including dense, thick, coarse or curly hair. Manual with no battery required and Waterproof.', '▶ Refund And Warranty - Get two scalp massager for hair growth and start your scalp salon，1 years money back guarantee. If you have any question, send email to us, we will reply in 24 hours.']",12346,"['title: It works \ntext: It works well and seems like a good product for the price', 'title: Great quality for the price \ntext: I was worried about quality for the price, but I am really impressed! I love mine.', 'title: great \ntext: very good product kind of hard to hold, i recommend putting your fingers through the handle instead of holding it by the handle', 'title: Helps with dry winter scalp! \ntext: The product is great quality and seems pretty sturdy. The scrubby feels soft but is firm enough to get a good scrub going on :) I noticed help with dry skin and dandruff after just one use.', 'title: Great Product \ntext: Really like this product. Does an amazing job when washing and conditioning my hair. Great scalp/head massager without being rough. Would definitely recommend.']","The product is generally perceived as having good quality, especially considering its price point. Users have expressed satisfaction with its performance, noting that it works well and is a good value for the cost [0][1]. Despite some difficulty in handling, the product is recommended for its effectiveness [2]. It is described as sturdy and beneficial for addressing dry skin and dandruff, with a soft yet firm texture that enhances its functionality [3]. Additionally, it is praised for its ability to effectively wash and condition hair while providing a gentle scalp massage [4].",7.75
How’s the quality of this product,"['▶ Improve Blood Circulation, Massager Scalp - Chialstar scalp massager provides gentle stimulation to increase the blood circulation for daily health care with comfortable and relaxing feeling. Massage your scalp, neck or body, relieving fatigue, pressure and muscles sore. Strengthen the roots of your hair and nourish the hair shafts.', '▶ Powerful Cleaning Ability - Using this shampoo brush to clean hair, or shower, your scalp will feel so much cleaner in the shower, good to remove dandruff and remove hardened sebum & dirt. What’s more it prevents hair loss by scalp stimulation and help to hair growth.', ""▶ Soft Silicone - The scalp brush is made of silicon, soft enough to use for kids, very gentle, doesn't irritate your scalp at all, sturdy, will not deformated. No need to worry about your long nails or sensitive scalp."", '▶ Works for Any Hair Texture - Scalp hair brush works appropriate for all types of hair, including dense, thick, coarse or curly hair. Manual with no battery required and Waterproof.', '▶ Refund And Warranty - Get two scalp massager for hair growth and start your scalp salon，1 years money back guarantee. If you have any question, send email to us, we will reply in 24 hours.']",12347,"['title: It works \ntext: It works well and seems like a good product for the price', 'title: Great quality for the price \ntext: I was worried about quality for the price, but I am really impressed! I love mine.', 'title: great \ntext: very good product kind of hard to hold, i recommend putting your fingers through the handle instead of holding it by the handle', 'title: Helps with dry winter scalp! \ntext: The product is great quality and seems pretty sturdy. The scrubby feels soft but is firm enough to get a good scrub going on :) I noticed help with dry skin and dandruff after just one use.', 'title: Great value great product \ntext: This is such a great deal for a pack of two. I had originally bought a different brand that was more expensive but in comparison these are just as great. The bristles are stiff enough to actually make it feel like youre giving yourself a scalp massage during shower. Colors are vibrant and cute!']","The product is generally perceived as having good quality for its price, with several users expressing satisfaction with their purchase. One user noted that the product works well and is a good value for the price, indicating a positive experience with its functionality [0]. Another user was initially concerned about the quality due to the low price but ended up being impressed, highlighting their satisfaction with the product [1]. Despite some difficulty in handling, the product is recommended for its effectiveness [2]. It is described as sturdy and beneficial for addressing dry scalp issues, with a good balance of softness and firmness in its design [3]. Additionally, the product is considered a great value, especially when compared to more expensive brands, with features like vibrant colors and effective bristles enhancing the user experience [4].",7.75
How’s the quality of this product,"['▶ Improve Blood Circulation, Massager Scalp - Chialstar scalp massager provides gentle stimulation to increase the blood circulation for daily health care with comfortable and relaxing feeling. Massage your scalp, neck or body, relieving fatigue, pressure and muscles sore. Strengthen the roots of your hair and nourish the hair shafts.', '▶ Powerful Cleaning Ability - Using this shampoo brush to clean hair, or shower, your scalp will feel so much cleaner in the shower, good to remove dandruff and remove hardened sebum & dirt. What’s more it prevents hair loss by scalp stimulation and help to hair growth.', ""▶ Soft Silicone - The scalp brush is made of silicon, soft enough to use for kids, very gentle, doesn't irritate your scalp at all, sturdy, will not deformated. No need to worry about your long nails or sensitive scalp."", '▶ Works for Any Hair Texture - Scalp hair brush works appropriate for all types of hair, including dense, thick, coarse or curly hair. Manual with no battery required and Waterproof.', '▶ Refund And Warranty - Get two scalp massager for hair growth and start your scalp salon，1 years money back guarantee. If you have any question, send email to us, we will reply in 24 hours.']",12356,"['title: It works \ntext: It works well and seems like a good product for the price', 'title: Great quality for the price \ntext: I was worried about quality for the price, but I am really impressed! I love mine.', 'title: great \ntext: very good product kind of hard to hold, i recommend putting your fingers through the handle instead of holding it by the handle', 'title: Feels great \ntext: I have only used this once but so far I really liked it! It felt nice and worked well.  I am hopeful that it is good quality and lasts a long time.', 'title: Great Product \ntext: Really like this product. Does an amazing job when washing and conditioning my hair. Great scalp/head massager without being rough. Would definitely recommend.']","The product is generally perceived as having good quality, especially considering its price point. One user noted that it works well and is a good value for the price [0]. Another user expressed initial concerns about quality due to the low price but was ultimately impressed with the product [1]. While one user found the product somewhat difficult to hold, they still described it as very good [2]. Another user, after a single use, felt optimistic about the product's quality and longevity [3]. Additionally, the product is praised for its effectiveness in washing and conditioning hair, as well as its gentle yet effective scalp massaging capabilities [4].",7.75
How’s the quality of this product,"['▶ Improve Blood Circulation, Massager Scalp - Chialstar scalp massager provides gentle stimulation to increase the blood circulation for daily health care with comfortable and relaxing feeling. Massage your scalp, neck or body, relieving fatigue, pressure and muscles sore. Strengthen the roots of your hair and nourish the hair shafts.', '▶ Powerful Cleaning Ability - Using this shampoo brush to clean hair, or shower, your scalp will feel so much cleaner in the shower, good to remove dandruff and remove hardened sebum & dirt. What’s more it prevents hair loss by scalp stimulation and help to hair growth.', ""▶ Soft Silicone - The scalp brush is made of silicon, soft enough to use for kids, very gentle, doesn't irritate your scalp at all, sturdy, will not deformated. No need to worry about your long nails or sensitive scalp."", '▶ Works for Any Hair Texture - Scalp hair brush works appropriate for all types of hair, including dense, thick, coarse or curly hair. Manual with no battery required and Waterproof.', '▶ Refund And Warranty - Get two scalp massager for hair growth and start your scalp salon，1 years money back guarantee. If you have any question, send email to us, we will reply in 24 hours.']",12357,"['title: It works \ntext: It works well and seems like a good product for the price', 'title: Great quality for the price \ntext: I was worried about quality for the price, but I am really impressed! I love mine.', 'title: great \ntext: very good product kind of hard to hold, i recommend putting your fingers through the handle instead of holding it by the handle', 'title: Feels great \ntext: I have only used this once but so far I really liked it! It felt nice and worked well.  I am hopeful that it is good quality and lasts a long time.', 'title: Great value great product \ntext: This is such a great deal for a pack of two. I had originally bought a different brand that was more expensive but in comparison these are just as great. The bristles are stiff enough to actually make it feel like youre giving yourself a scalp massage during shower. Colors are vibrant and cute!']","The product is generally perceived as offering good quality for its price, with several users expressing satisfaction with its performance and value. One user noted that it works well and seems like a good product for the price, indicating a positive initial impression of its quality [0]. Another user, who was initially concerned about the quality due to the low price, found themselves impressed and expressed love for the product [1]. While one user mentioned that the product is somewhat difficult to hold, they still described it as very good and offered a suggestion for better handling [2]. Another user, after a single use, reported that the product felt nice and worked well, expressing hope that it would prove to be durable [3]. Lastly, a user highlighted the product's value, comparing it favorably to a more expensive brand and appreciating the vibrant colors and effective bristles [4].",7.75
How’s the quality of this product,"['▶ Improve Blood Circulation, Massager Scalp - Chialstar scalp massager provides gentle stimulation to increase the blood circulation for daily health care with comfortable and relaxing feeling. Massage your scalp, neck or body, relieving fatigue, pressure and muscles sore. Strengthen the roots of your hair and nourish the hair shafts.', '▶ Powerful Cleaning Ability - Using this shampoo brush to clean hair, or shower, your scalp will feel so much cleaner in the shower, good to remove dandruff and remove hardened sebum & dirt. What’s more it prevents hair loss by scalp stimulation and help to hair growth.', ""▶ Soft Silicone - The scalp brush is made of silicon, soft enough to use for kids, very gentle, doesn't irritate your scalp at all, sturdy, will not deformated. No need to worry about your long nails or sensitive scalp."", '▶ Works for Any Hair Texture - Scalp hair brush works appropriate for all types of hair, including dense, thick, coarse or curly hair. Manual with no battery required and Waterproof.', '▶ Refund And Warranty - Get two scalp massager for hair growth and start your scalp salon，1 years money back guarantee. If you have any question, send email to us, we will reply in 24 hours.']",12367,"['title: It works \ntext: It works well and seems like a good product for the price', 'title: Great quality for the price \ntext: I was worried about quality for the price, but I am really impressed! I love mine.', 'title: great \ntext: very good product kind of hard to hold, i recommend putting your fingers through the handle instead of holding it by the handle', 'title: Great Product \ntext: Really like this product. Does an amazing job when washing and conditioning my hair. Great scalp/head massager without being rough. Would definitely recommend.', 'title: Great value great product \ntext: This is such a great deal for a pack of two. I had originally bought a different brand that was more expensive but in comparison these are just as great. The bristles are stiff enough to actually make it feel like youre giving yourself a scalp massage during shower. Colors are vibrant and cute!']","The product is generally well-received for its quality, especially considering its price point. Users have expressed satisfaction with its performance, noting that it works well and is a good value for the cost[0][1]. Some users have mentioned that the product is a bit difficult to hold, suggesting an alternative grip method for better handling[2]. It is praised for its effectiveness in washing and conditioning hair, serving as a great scalp massager without being too harsh[3]. Additionally, the product is considered a great deal, with vibrant colors and stiff bristles that enhance the scalp massage experience[4].",7.75
How’s the quality of this product,"['▶ Improve Blood Circulation, Massager Scalp - Chialstar scalp massager provides gentle stimulation to increase the blood circulation for daily health care with comfortable and relaxing feeling. Massage your scalp, neck or body, relieving fatigue, pressure and muscles sore. Strengthen the roots of your hair and nourish the hair shafts.', '▶ Powerful Cleaning Ability - Using this shampoo brush to clean hair, or shower, your scalp will feel so much cleaner in the shower, good to remove dandruff and remove hardened sebum & dirt. What’s more it prevents hair loss by scalp stimulation and help to hair growth.', ""▶ Soft Silicone - The scalp brush is made of silicon, soft enough to use for kids, very gentle, doesn't irritate your scalp at all, sturdy, will not deformated. No need to worry about your long nails or sensitive scalp."", '▶ Works for Any Hair Texture - Scalp hair brush works appropriate for all types of hair, including dense, thick, coarse or curly hair. Manual with no battery required and Waterproof.', '▶ Refund And Warranty - Get two scalp massager for hair growth and start your scalp salon，1 years money back guarantee. If you have any question, send email to us, we will reply in 24 hours.']",12456,"['title: It works \ntext: It works well and seems like a good product for the price', 'title: Great quality for the price \ntext: I was worried about quality for the price, but I am really impressed! I love mine.', 'title: Helps with dry winter scalp! \ntext: The product is great quality and seems pretty sturdy. The scrubby feels soft but is firm enough to get a good scrub going on :) I noticed help with dry skin and dandruff after just one use.', 'title: Feels great \ntext: I have only used this once but so far I really liked it! It felt nice and worked well.  I am hopeful that it is good quality and lasts a long time.', 'title: Great Product \ntext: Really like this product. Does an amazing job when washing and conditioning my hair. Great scalp/head massager without being rough. Would definitely recommend.']","The product is generally perceived as high quality, especially considering its price point. Users have expressed satisfaction with its performance, noting that it works well and is a good value for the cost [0][1]. The product is described as sturdy and effective, particularly in addressing issues like dry skin and dandruff, with noticeable results after just one use [2]. Although one user has only used it once, they are optimistic about its quality and durability [3]. Overall, the product is praised for its effectiveness in washing and conditioning hair, as well as its gentle yet effective scalp massaging capabilities [4].",7.75
How’s the quality of this product,"['▶ Improve Blood Circulation, Massager Scalp - Chialstar scalp massager provides gentle stimulation to increase the blood circulation for daily health care with comfortable and relaxing feeling. Massage your scalp, neck or body, relieving fatigue, pressure and muscles sore. Strengthen the roots of your hair and nourish the hair shafts.', '▶ Powerful Cleaning Ability - Using this shampoo brush to clean hair, or shower, your scalp will feel so much cleaner in the shower, good to remove dandruff and remove hardened sebum & dirt. What’s more it prevents hair loss by scalp stimulation and help to hair growth.', ""▶ Soft Silicone - The scalp brush is made of silicon, soft enough to use for kids, very gentle, doesn't irritate your scalp at all, sturdy, will not deformated. No need to worry about your long nails or sensitive scalp."", '▶ Works for Any Hair Texture - Scalp hair brush works appropriate for all types of hair, including dense, thick, coarse or curly hair. Manual with no battery required and Waterproof.', '▶ Refund And Warranty - Get two scalp massager for hair growth and start your scalp salon，1 years money back guarantee. If you have any question, send email to us, we will reply in 24 hours.']",12457,"['title: It works \ntext: It works well and seems like a good product for the price', 'title: Great quality for the price \ntext: I was worried about quality for the price, but I am really impressed! I love mine.', 'title: Helps with dry winter scalp! \ntext: The product is great quality and seems pretty sturdy. The scrubby feels soft but is firm enough to get a good scrub going on :) I noticed help with dry skin and dandruff after just one use.', 'title: Feels great \ntext: I have only used this once but so far I really liked it! It felt nice and worked well.  I am hopeful that it is good quality and lasts a long time.', 'title: Great value great product \ntext: This is such a great deal for a pack of two. I had originally bought a different brand that was more expensive but in comparison these are just as great. The bristles are stiff enough to actually make it feel like youre giving yourself a scalp massage during shower. Colors are vibrant and cute!']","The product is generally perceived as being of good quality, especially considering its price point. Users have expressed satisfaction with its performance, noting that it works well and is a good value for the cost [0][1]. The product is described as sturdy and effective, particularly in addressing issues like dry skin and dandruff, with users appreciating the balance between softness and firmness of the scrubby [2]. Although one user has only used it once, they are optimistic about its quality and longevity [3]. Additionally, the product is compared favorably to more expensive brands, with users highlighting the effectiveness of the bristles and the appealing design [4].",7.75
How’s the quality of this product,"['▶ Improve Blood Circulation, Massager Scalp - Chialstar scalp massager provides gentle stimulation to increase the blood circulation for daily health care with comfortable and relaxing feeling. Massage your scalp, neck or body, relieving fatigue, pressure and muscles sore. Strengthen the roots of your hair and nourish the hair shafts.', '▶ Powerful Cleaning Ability - Using this shampoo brush to clean hair, or shower, your scalp will feel so much cleaner in the shower, good to remove dandruff and remove hardened sebum & dirt. What’s more it prevents hair loss by scalp stimulation and help to hair growth.', ""▶ Soft Silicone - The scalp brush is made of silicon, soft enough to use for kids, very gentle, doesn't irritate your scalp at all, sturdy, will not deformated. No need to worry about your long nails or sensitive scalp."", '▶ Works for Any Hair Texture - Scalp hair brush works appropriate for all types of hair, including dense, thick, coarse or curly hair. Manual with no battery required and Waterproof.', '▶ Refund And Warranty - Get two scalp massager for hair growth and start your scalp salon，1 years money back guarantee. If you have any question, send email to us, we will reply in 24 hours.']",12467,"['title: It works \ntext: It works well and seems like a good product for the price', 'title: Great quality for the price \ntext: I was worried about quality for the price, but I am really impressed! I love mine.', 'title: Helps with dry winter scalp! \ntext: The product is great quality and seems pretty sturdy. The scrubby feels soft but is firm enough to get a good scrub going on :) I noticed help with dry skin and dandruff after just one use.', 'title: Great Product \ntext: Really like this product. Does an amazing job when washing and conditioning my hair. Great scalp/head massager without being rough. Would definitely recommend.', 'title: Great value great product \ntext: This is such a great deal for a pack of two. I had originally bought a different brand that was more expensive but in comparison these are just as great. The bristles are stiff enough to actually make it feel like youre giving yourself a scalp massage during shower. Colors are vibrant and cute!']","The product is praised for its quality, especially considering its price point, with users expressing satisfaction and surprise at its performance[0][1]. It is noted for being sturdy and effective in addressing issues like dry skin and dandruff, with users appreciating its soft yet firm scrubby texture[2]. Additionally, the product is highlighted for its effectiveness in washing and conditioning hair, providing a gentle yet effective scalp massage[3]. Users also commend the value of the product, noting that it compares favorably to more expensive alternatives, with vibrant and appealing colors[4].",7.75
How’s the quality of this product,"['▶ Improve Blood Circulation, Massager Scalp - Chialstar scalp massager provides gentle stimulation to increase the blood circulation for daily health care with comfortable and relaxing feeling. Massage your scalp, neck or body, relieving fatigue, pressure and muscles sore. Strengthen the roots of your hair and nourish the hair shafts.', '▶ Powerful Cleaning Ability - Using this shampoo brush to clean hair, or shower, your scalp will feel so much cleaner in the shower, good to remove dandruff and remove hardened sebum & dirt. What’s more it prevents hair loss by scalp stimulation and help to hair growth.', ""▶ Soft Silicone - The scalp brush is made of silicon, soft enough to use for kids, very gentle, doesn't irritate your scalp at all, sturdy, will not deformated. No need to worry about your long nails or sensitive scalp."", '▶ Works for Any Hair Texture - Scalp hair brush works appropriate for all types of hair, including dense, thick, coarse or curly hair. Manual with no battery required and Waterproof.', '▶ Refund And Warranty - Get two scalp massager for hair growth and start your scalp salon，1 years money back guarantee. If you have any question, send email to us, we will reply in 24 hours.']",12567,"['title: It works \ntext: It works well and seems like a good product for the price', 'title: Great quality for the price \ntext: I was worried about quality for the price, but I am really impressed! I love mine.', 'title: Feels great \ntext: I have only used this once but so far I really liked it! It felt nice and worked well.  I am hopeful that it is good quality and lasts a long time.', 'title: Great Product \ntext: Really like this product. Does an amazing job when washing and conditioning my hair. Great scalp/head massager without being rough. Would definitely recommend.', 'title: Great value great product \ntext: This is such a great deal for a pack of two. I had originally bought a different brand that was more expensive but in comparison these are just as great. The bristles are stiff enough to actually make it feel like youre giving yourself a scalp massage during shower. Colors are vibrant and cute!']","The product is generally perceived as offering good quality for its price. Users have expressed satisfaction with its performance, noting that it works well and is a good value for the cost[0][1]. One user mentioned being initially concerned about the quality due to the low price but was ultimately impressed with the product[1]. Another user, who has only used it once, reported a positive experience and is hopeful about its durability[2]. The product is praised for its effectiveness in washing and conditioning hair, as well as its gentle yet effective scalp massaging capabilities[3]. Additionally, the product is considered a great deal, with vibrant and appealing colors, and is comparable to more expensive brands[4].",7.75
How’s the quality of this product,"['▶ Improve Blood Circulation, Massager Scalp - Chialstar scalp massager provides gentle stimulation to increase the blood circulation for daily health care with comfortable and relaxing feeling. Massage your scalp, neck or body, relieving fatigue, pressure and muscles sore. Strengthen the roots of your hair and nourish the hair shafts.', '▶ Powerful Cleaning Ability - Using this shampoo brush to clean hair, or shower, your scalp will feel so much cleaner in the shower, good to remove dandruff and remove hardened sebum & dirt. What’s more it prevents hair loss by scalp stimulation and help to hair growth.', ""▶ Soft Silicone - The scalp brush is made of silicon, soft enough to use for kids, very gentle, doesn't irritate your scalp at all, sturdy, will not deformated. No need to worry about your long nails or sensitive scalp."", '▶ Works for Any Hair Texture - Scalp hair brush works appropriate for all types of hair, including dense, thick, coarse or curly hair. Manual with no battery required and Waterproof.', '▶ Refund And Warranty - Get two scalp massager for hair growth and start your scalp salon，1 years money back guarantee. If you have any question, send email to us, we will reply in 24 hours.']",13456,"['title: It works \ntext: It works well and seems like a good product for the price', 'title: great \ntext: very good product kind of hard to hold, i recommend putting your fingers through the handle instead of holding it by the handle', 'title: Helps with dry winter scalp! \ntext: The product is great quality and seems pretty sturdy. The scrubby feels soft but is firm enough to get a good scrub going on :) I noticed help with dry skin and dandruff after just one use.', 'title: Feels great \ntext: I have only used this once but so far I really liked it! It felt nice and worked well.  I am hopeful that it is good quality and lasts a long time.', 'title: Great Product \ntext: Really like this product. Does an amazing job when washing and conditioning my hair. Great scalp/head massager without being rough. Would definitely recommend.']","The product is generally well-received for its quality and effectiveness. Users appreciate its performance, noting that it works well and offers good value for the price [0]. Despite some difficulty in handling, it is recommended to use the handle differently for better grip [1]. The product is praised for its sturdy build and effectiveness in addressing dry scalp and dandruff issues, with noticeable improvements after just one use [2]. Initial impressions are positive, with users hopeful about its durability and long-term quality [3]. It is also highlighted as an excellent tool for washing and conditioning hair, providing a gentle yet effective scalp massage [4].",7.75
How’s the quality of this product,"['▶ Improve Blood Circulation, Massager Scalp - Chialstar scalp massager provides gentle stimulation to increase the blood circulation for daily health care with comfortable and relaxing feeling. Massage your scalp, neck or body, relieving fatigue, pressure and muscles sore. Strengthen the roots of your hair and nourish the hair shafts.', '▶ Powerful Cleaning Ability - Using this shampoo brush to clean hair, or shower, your scalp will feel so much cleaner in the shower, good to remove dandruff and remove hardened sebum & dirt. What’s more it prevents hair loss by scalp stimulation and help to hair growth.', ""▶ Soft Silicone - The scalp brush is made of silicon, soft enough to use for kids, very gentle, doesn't irritate your scalp at all, sturdy, will not deformated. No need to worry about your long nails or sensitive scalp."", '▶ Works for Any Hair Texture - Scalp hair brush works appropriate for all types of hair, including dense, thick, coarse or curly hair. Manual with no battery required and Waterproof.', '▶ Refund And Warranty - Get two scalp massager for hair growth and start your scalp salon，1 years money back guarantee. If you have any question, send email to us, we will reply in 24 hours.']",13457,"['title: It works \ntext: It works well and seems like a good product for the price', 'title: great \ntext: very good product kind of hard to hold, i recommend putting your fingers through the handle instead of holding it by the handle', 'title: Helps with dry winter scalp! \ntext: The product is great quality and seems pretty sturdy. The scrubby feels soft but is firm enough to get a good scrub going on :) I noticed help with dry skin and dandruff after just one use.', 'title: Feels great \ntext: I have only used this once but so far I really liked it! It felt nice and worked well.  I am hopeful that it is good quality and lasts a long time.', 'title: Great value great product \ntext: This is such a great deal for a pack of two. I had originally bought a different brand that was more expensive but in comparison these are just as great. The bristles are stiff enough to actually make it feel like youre giving yourself a scalp massage during shower. Colors are vibrant and cute!']","The product is generally perceived as being of good quality and offers value for its price. Users have noted that it works well and is a good deal, especially when compared to more expensive brands, as it provides similar benefits[0][4]. The product is described as sturdy and effective, particularly in addressing dry skin and dandruff issues, with a balance of softness and firmness in its design[2]. While some users find it slightly challenging to hold, they suggest alternative ways to grip it for better handling[1]. Overall, the product is appreciated for its effectiveness and durability, with users expressing hope that it will last a long time[3].",7.75
How’s the quality of this product,"['▶ Improve Blood Circulation, Massager Scalp - Chialstar scalp massager provides gentle stimulation to increase the blood circulation for daily health care with comfortable and relaxing feeling. Massage your scalp, neck or body, relieving fatigue, pressure and muscles sore. Strengthen the roots of your hair and nourish the hair shafts.', '▶ Powerful Cleaning Ability - Using this shampoo brush to clean hair, or shower, your scalp will feel so much cleaner in the shower, good to remove dandruff and remove hardened sebum & dirt. What’s more it prevents hair loss by scalp stimulation and help to hair growth.', ""▶ Soft Silicone - The scalp brush is made of silicon, soft enough to use for kids, very gentle, doesn't irritate your scalp at all, sturdy, will not deformated. No need to worry about your long nails or sensitive scalp."", '▶ Works for Any Hair Texture - Scalp hair brush works appropriate for all types of hair, including dense, thick, coarse or curly hair. Manual with no battery required and Waterproof.', '▶ Refund And Warranty - Get two scalp massager for hair growth and start your scalp salon，1 years money back guarantee. If you have any question, send email to us, we will reply in 24 hours.']",13467,"['title: It works \ntext: It works well and seems like a good product for the price', 'title: great \ntext: very good product kind of hard to hold, i recommend putting your fingers through the handle instead of holding it by the handle', 'title: Helps with dry winter scalp! \ntext: The product is great quality and seems pretty sturdy. The scrubby feels soft but is firm enough to get a good scrub going on :) I noticed help with dry skin and dandruff after just one use.', 'title: Great Product \ntext: Really like this product. Does an amazing job when washing and conditioning my hair. Great scalp/head massager without being rough. Would definitely recommend.', 'title: Great value great product \ntext: This is such a great deal for a pack of two. I had originally bought a different brand that was more expensive but in comparison these are just as great. The bristles are stiff enough to actually make it feel like youre giving yourself a scalp massage during shower. Colors are vibrant and cute!']","The product is generally well-received for its quality and effectiveness. Users appreciate its performance, noting that it works well and is a good value for the price [0]. Some users find it slightly difficult to hold, suggesting an alternative grip method for better handling [1]. The product is praised for its sturdy build and effectiveness in addressing dry scalp and dandruff issues, with noticeable improvements after just one use [2]. It is also highlighted as an excellent scalp massager that is gentle yet effective, making it highly recommendable [3]. Additionally, the product is considered a great value, especially when compared to more expensive brands, with users appreciating the vibrant colors and effective bristle design [4].",7.75
How’s the quality of this product,"['▶ Improve Blood Circulation, Massager Scalp - Chialstar scalp massager provides gentle stimulation to increase the blood circulation for daily health care with comfortable and relaxing feeling. Massage your scalp, neck or body, relieving fatigue, pressure and muscles sore. Strengthen the roots of your hair and nourish the hair shafts.', '▶ Powerful Cleaning Ability - Using this shampoo brush to clean hair, or shower, your scalp will feel so much cleaner in the shower, good to remove dandruff and remove hardened sebum & dirt. What’s more it prevents hair loss by scalp stimulation and help to hair growth.', ""▶ Soft Silicone - The scalp brush is made of silicon, soft enough to use for kids, very gentle, doesn't irritate your scalp at all, sturdy, will not deformated. No need to worry about your long nails or sensitive scalp."", '▶ Works for Any Hair Texture - Scalp hair brush works appropriate for all types of hair, including dense, thick, coarse or curly hair. Manual with no battery required and Waterproof.', '▶ Refund And Warranty - Get two scalp massager for hair growth and start your scalp salon，1 years money back guarantee. If you have any question, send email to us, we will reply in 24 hours.']",13567,"['title: It works \ntext: It works well and seems like a good product for the price', 'title: great \ntext: very good product kind of hard to hold, i recommend putting your fingers through the handle instead of holding it by the handle', 'title: Feels great \ntext: I have only used this once but so far I really liked it! It felt nice and worked well.  I am hopeful that it is good quality and lasts a long time.', 'title: Great Product \ntext: Really like this product. Does an amazing job when washing and conditioning my hair. Great scalp/head massager without being rough. Would definitely recommend.', 'title: Great value great product \ntext: This is such a great deal for a pack of two. I had originally bought a different brand that was more expensive but in comparison these are just as great. The bristles are stiff enough to actually make it feel like youre giving yourself a scalp massage during shower. Colors are vibrant and cute!']","The product is generally well-received for its quality and performance. Users appreciate its effectiveness and value for money, noting that it works well and is a good product for the price [0]. Some users find it slightly difficult to hold but suggest a workaround by adjusting the grip [1]. Initial impressions are positive, with users hopeful about its durability and long-term quality [2]. It is praised for its performance in washing and conditioning hair, as well as its gentle yet effective scalp massaging capabilities [3]. Additionally, the product is considered a great value, especially when compared to more expensive brands, with users appreciating the vibrant colors and the quality of the bristles [4].",7.75
How’s the quality of this product,"['▶ Improve Blood Circulation, Massager Scalp - Chialstar scalp massager provides gentle stimulation to increase the blood circulation for daily health care with comfortable and relaxing feeling. Massage your scalp, neck or body, relieving fatigue, pressure and muscles sore. Strengthen the roots of your hair and nourish the hair shafts.', '▶ Powerful Cleaning Ability - Using this shampoo brush to clean hair, or shower, your scalp will feel so much cleaner in the shower, good to remove dandruff and remove hardened sebum & dirt. What’s more it prevents hair loss by scalp stimulation and help to hair growth.', ""▶ Soft Silicone - The scalp brush is made of silicon, soft enough to use for kids, very gentle, doesn't irritate your scalp at all, sturdy, will not deformated. No need to worry about your long nails or sensitive scalp."", '▶ Works for Any Hair Texture - Scalp hair brush works appropriate for all types of hair, including dense, thick, coarse or curly hair. Manual with no battery required and Waterproof.', '▶ Refund And Warranty - Get two scalp massager for hair growth and start your scalp salon，1 years money back guarantee. If you have any question, send email to us, we will reply in 24 hours.']",14567,"['title: It works \ntext: It works well and seems like a good product for the price', 'title: Helps with dry winter scalp! \ntext: The product is great quality and seems pretty sturdy. The scrubby feels soft but is firm enough to get a good scrub going on :) I noticed help with dry skin and dandruff after just one use.', 'title: Feels great \ntext: I have only used this once but so far I really liked it! It felt nice and worked well.  I am hopeful that it is good quality and lasts a long time.', 'title: Great Product \ntext: Really like this product. Does an amazing job when washing and conditioning my hair. Great scalp/head massager without being rough. Would definitely recommend.', 'title: Great value great product \ntext: This is such a great deal for a pack of two. I had originally bought a different brand that was more expensive but in comparison these are just as great. The bristles are stiff enough to actually make it feel like youre giving yourself a scalp massage during shower. Colors are vibrant and cute!']","The product is generally perceived as high quality and effective for its price. Users appreciate its sturdiness and the soft yet firm texture of the scrubby, which is effective in addressing dry skin and dandruff issues after just one use [1]. It is noted for providing a pleasant experience and is expected to be durable [2]. The product is praised for its performance in washing and conditioning hair, serving as a gentle yet effective scalp massager [3]. Additionally, it is considered a great value, comparable to more expensive brands, with vibrant and appealing colors [4].",7.75
How’s the quality of this product,"['▶ Improve Blood Circulation, Massager Scalp - Chialstar scalp massager provides gentle stimulation to increase the blood circulation for daily health care with comfortable and relaxing feeling. Massage your scalp, neck or body, relieving fatigue, pressure and muscles sore. Strengthen the roots of your hair and nourish the hair shafts.', '▶ Powerful Cleaning Ability - Using this shampoo brush to clean hair, or shower, your scalp will feel so much cleaner in the shower, good to remove dandruff and remove hardened sebum & dirt. What’s more it prevents hair loss by scalp stimulation and help to hair growth.', ""▶ Soft Silicone - The scalp brush is made of silicon, soft enough to use for kids, very gentle, doesn't irritate your scalp at all, sturdy, will not deformated. No need to worry about your long nails or sensitive scalp."", '▶ Works for Any Hair Texture - Scalp hair brush works appropriate for all types of hair, including dense, thick, coarse or curly hair. Manual with no battery required and Waterproof.', '▶ Refund And Warranty - Get two scalp massager for hair growth and start your scalp salon，1 years money back guarantee. If you have any question, send email to us, we will reply in 24 hours.']",23456,"['title: Great quality for the price \ntext: I was worried about quality for the price, but I am really impressed! I love mine.', 'title: great \ntext: very good product kind of hard to hold, i recommend putting your fingers through the handle instead of holding it by the handle', 'title: Helps with dry winter scalp! \ntext: The product is great quality and seems pretty sturdy. The scrubby feels soft but is firm enough to get a good scrub going on :) I noticed help with dry skin and dandruff after just one use.', 'title: Feels great \ntext: I have only used this once but so far I really liked it! It felt nice and worked well.  I am hopeful that it is good quality and lasts a long time.', 'title: Great Product \ntext: Really like this product. Does an amazing job when washing and conditioning my hair. Great scalp/head massager without being rough. Would definitely recommend.']","The product is praised for its impressive quality, especially considering its price, with users expressing satisfaction and recommending it to others[0][1]. It is described as sturdy and effective, particularly in addressing dry scalp and dandruff issues, with a soft yet firm texture that provides a good scrub[2]. Users have noted that it feels nice and works well, with hopes for its durability[3]. Additionally, it is highlighted as an excellent scalp and head massager that performs well during hair washing and conditioning without being too rough[4].",7.75
How’s the quality of this product,"['▶ Improve Blood Circulation, Massager Scalp - Chialstar scalp massager provides gentle stimulation to increase the blood circulation for daily health care with comfortable and relaxing feeling. Massage your scalp, neck or body, relieving fatigue, pressure and muscles sore. Strengthen the roots of your hair and nourish the hair shafts.', '▶ Powerful Cleaning Ability - Using this shampoo brush to clean hair, or shower, your scalp will feel so much cleaner in the shower, good to remove dandruff and remove hardened sebum & dirt. What’s more it prevents hair loss by scalp stimulation and help to hair growth.', ""▶ Soft Silicone - The scalp brush is made of silicon, soft enough to use for kids, very gentle, doesn't irritate your scalp at all, sturdy, will not deformated. No need to worry about your long nails or sensitive scalp."", '▶ Works for Any Hair Texture - Scalp hair brush works appropriate for all types of hair, including dense, thick, coarse or curly hair. Manual with no battery required and Waterproof.', '▶ Refund And Warranty - Get two scalp massager for hair growth and start your scalp salon，1 years money back guarantee. If you have any question, send email to us, we will reply in 24 hours.']",23457,"['title: Great quality for the price \ntext: I was worried about quality for the price, but I am really impressed! I love mine.', 'title: great \ntext: very good product kind of hard to hold, i recommend putting your fingers through the handle instead of holding it by the handle', 'title: Helps with dry winter scalp! \ntext: The product is great quality and seems pretty sturdy. The scrubby feels soft but is firm enough to get a good scrub going on :) I noticed help with dry skin and dandruff after just one use.', 'title: Feels great \ntext: I have only used this once but so far I really liked it! It felt nice and worked well.  I am hopeful that it is good quality and lasts a long time.', 'title: Great value great product \ntext: This is such a great deal for a pack of two. I had originally bought a different brand that was more expensive but in comparison these are just as great. The bristles are stiff enough to actually make it feel like youre giving yourself a scalp massage during shower. Colors are vibrant and cute!']","The product is praised for its impressive quality, especially considering its price, with users expressing satisfaction and surprise at its performance [0]. It is described as a very good product, although some users find it slightly difficult to hold, suggesting an alternative grip method for better handling [1]. The product is noted for its sturdy construction and effectiveness in addressing dry scalp issues, with users appreciating the balance between softness and firmness of the scrubby [2]. Initial impressions from users are positive, with hopes for long-lasting quality [3]. Additionally, the product is considered a great value, comparable to more expensive brands, with stiff bristles that enhance the user experience during use [4].",7.75
How’s the quality of this product,"['▶ Improve Blood Circulation, Massager Scalp - Chialstar scalp massager provides gentle stimulation to increase the blood circulation for daily health care with comfortable and relaxing feeling. Massage your scalp, neck or body, relieving fatigue, pressure and muscles sore. Strengthen the roots of your hair and nourish the hair shafts.', '▶ Powerful Cleaning Ability - Using this shampoo brush to clean hair, or shower, your scalp will feel so much cleaner in the shower, good to remove dandruff and remove hardened sebum & dirt. What’s more it prevents hair loss by scalp stimulation and help to hair growth.', ""▶ Soft Silicone - The scalp brush is made of silicon, soft enough to use for kids, very gentle, doesn't irritate your scalp at all, sturdy, will not deformated. No need to worry about your long nails or sensitive scalp."", '▶ Works for Any Hair Texture - Scalp hair brush works appropriate for all types of hair, including dense, thick, coarse or curly hair. Manual with no battery required and Waterproof.', '▶ Refund And Warranty - Get two scalp massager for hair growth and start your scalp salon，1 years money back guarantee. If you have any question, send email to us, we will reply in 24 hours.']",23467,"['title: Great quality for the price \ntext: I was worried about quality for the price, but I am really impressed! I love mine.', 'title: great \ntext: very good product kind of hard to hold, i recommend putting your fingers through the handle instead of holding it by the handle', 'title: Helps with dry winter scalp! \ntext: The product is great quality and seems pretty sturdy. The scrubby feels soft but is firm enough to get a good scrub going on :) I noticed help with dry skin and dandruff after just one use.', 'title: Great Product \ntext: Really like this product. Does an amazing job when washing and conditioning my hair. Great scalp/head massager without being rough. Would definitely recommend.', 'title: Great value great product \ntext: This is such a great deal for a pack of two. I had originally bought a different brand that was more expensive but in comparison these are just as great. The bristles are stiff enough to actually make it feel like youre giving yourself a scalp massage during shower. Colors are vibrant and cute!']","The product is praised for its impressive quality, especially considering its price point, with users expressing satisfaction and surprise at the value they received [0]. It is noted for being sturdy and effective, particularly in addressing issues like dry scalp and dandruff, while maintaining a soft yet firm texture for a good scrub [2]. Users appreciate its performance in washing and conditioning hair, highlighting its effectiveness as a scalp massager without being too harsh [3]. Additionally, the product is considered a great deal, comparable to more expensive brands, with stiff bristles that enhance the scalp massage experience and vibrant, appealing colors [4].",7.75
How’s the quality of this product,"['▶ Improve Blood Circulation, Massager Scalp - Chialstar scalp massager provides gentle stimulation to increase the blood circulation for daily health care with comfortable and relaxing feeling. Massage your scalp, neck or body, relieving fatigue, pressure and muscles sore. Strengthen the roots of your hair and nourish the hair shafts.', '▶ Powerful Cleaning Ability - Using this shampoo brush to clean hair, or shower, your scalp will feel so much cleaner in the shower, good to remove dandruff and remove hardened sebum & dirt. What’s more it prevents hair loss by scalp stimulation and help to hair growth.', ""▶ Soft Silicone - The scalp brush is made of silicon, soft enough to use for kids, very gentle, doesn't irritate your scalp at all, sturdy, will not deformated. No need to worry about your long nails or sensitive scalp."", '▶ Works for Any Hair Texture - Scalp hair brush works appropriate for all types of hair, including dense, thick, coarse or curly hair. Manual with no battery required and Waterproof.', '▶ Refund And Warranty - Get two scalp massager for hair growth and start your scalp salon，1 years money back guarantee. If you have any question, send email to us, we will reply in 24 hours.']",23567,"['title: Great quality for the price \ntext: I was worried about quality for the price, but I am really impressed! I love mine.', 'title: great \ntext: very good product kind of hard to hold, i recommend putting your fingers through the handle instead of holding it by the handle', 'title: Feels great \ntext: I have only used this once but so far I really liked it! It felt nice and worked well.  I am hopeful that it is good quality and lasts a long time.', 'title: Great Product \ntext: Really like this product. Does an amazing job when washing and conditioning my hair. Great scalp/head massager without being rough. Would definitely recommend.', 'title: Great value great product \ntext: This is such a great deal for a pack of two. I had originally bought a different brand that was more expensive but in comparison these are just as great. The bristles are stiff enough to actually make it feel like youre giving yourself a scalp massage during shower. Colors are vibrant and cute!']","The product is praised for its impressive quality, especially considering its price, with users expressing satisfaction and surprise at its performance [0]. While one user notes that the product can be somewhat difficult to hold, they suggest a handling technique to improve usability [1]. Another user, having used the product only once, reports a positive initial experience and expresses hope for its durability and long-lasting quality [2]. The product is also highlighted for its effectiveness in washing and conditioning hair, serving as a gentle yet effective scalp massager [3]. Additionally, the product is considered a great value, with users appreciating the vibrant colors and the quality of the bristles, which enhance the scalp massage experience [4].",7.75
How’s the quality of this product,"['▶ Improve Blood Circulation, Massager Scalp - Chialstar scalp massager provides gentle stimulation to increase the blood circulation for daily health care with comfortable and relaxing feeling. Massage your scalp, neck or body, relieving fatigue, pressure and muscles sore. Strengthen the roots of your hair and nourish the hair shafts.', '▶ Powerful Cleaning Ability - Using this shampoo brush to clean hair, or shower, your scalp will feel so much cleaner in the shower, good to remove dandruff and remove hardened sebum & dirt. What’s more it prevents hair loss by scalp stimulation and help to hair growth.', ""▶ Soft Silicone - The scalp brush is made of silicon, soft enough to use for kids, very gentle, doesn't irritate your scalp at all, sturdy, will not deformated. No need to worry about your long nails or sensitive scalp."", '▶ Works for Any Hair Texture - Scalp hair brush works appropriate for all types of hair, including dense, thick, coarse or curly hair. Manual with no battery required and Waterproof.', '▶ Refund And Warranty - Get two scalp massager for hair growth and start your scalp salon，1 years money back guarantee. If you have any question, send email to us, we will reply in 24 hours.']",24567,"['title: Great quality for the price \ntext: I was worried about quality for the price, but I am really impressed! I love mine.', 'title: Helps with dry winter scalp! \ntext: The product is great quality and seems pretty sturdy. The scrubby feels soft but is firm enough to get a good scrub going on :) I noticed help with dry skin and dandruff after just one use.', 'title: Feels great \ntext: I have only used this once but so far I really liked it! It felt nice and worked well.  I am hopeful that it is good quality and lasts a long time.', 'title: Great Product \ntext: Really like this product. Does an amazing job when washing and conditioning my hair. Great scalp/head massager without being rough. Would definitely recommend.', 'title: Great value great product \ntext: This is such a great deal for a pack of two. I had originally bought a different brand that was more expensive but in comparison these are just as great. The bristles are stiff enough to actually make it feel like youre giving yourself a scalp massage during shower. Colors are vibrant and cute!']","The product is praised for its impressive quality, especially considering its price point, with users expressing satisfaction and surprise at the value they received [0]. It is described as sturdy and effective, particularly in addressing issues like dry skin and dandruff, with users noting its soft yet firm texture that provides a good scrub [1]. Although one user has only used it once, they are optimistic about its quality and longevity [2]. The product is also highlighted for its effectiveness in washing and conditioning hair, serving as a gentle yet effective scalp massager [3]. Additionally, it is noted for being a great value, comparable to more expensive brands, with vibrant and appealing colors [4].",7.75
How’s the quality of this product,"['▶ Improve Blood Circulation, Massager Scalp - Chialstar scalp massager provides gentle stimulation to increase the blood circulation for daily health care with comfortable and relaxing feeling. Massage your scalp, neck or body, relieving fatigue, pressure and muscles sore. Strengthen the roots of your hair and nourish the hair shafts.', '▶ Powerful Cleaning Ability - Using this shampoo brush to clean hair, or shower, your scalp will feel so much cleaner in the shower, good to remove dandruff and remove hardened sebum & dirt. What’s more it prevents hair loss by scalp stimulation and help to hair growth.', ""▶ Soft Silicone - The scalp brush is made of silicon, soft enough to use for kids, very gentle, doesn't irritate your scalp at all, sturdy, will not deformated. No need to worry about your long nails or sensitive scalp."", '▶ Works for Any Hair Texture - Scalp hair brush works appropriate for all types of hair, including dense, thick, coarse or curly hair. Manual with no battery required and Waterproof.', '▶ Refund And Warranty - Get two scalp massager for hair growth and start your scalp salon，1 years money back guarantee. If you have any question, send email to us, we will reply in 24 hours.']",34567,"['title: great \ntext: very good product kind of hard to hold, i recommend putting your fingers through the handle instead of holding it by the handle', 'title: Helps with dry winter scalp! \ntext: The product is great quality and seems pretty sturdy. The scrubby feels soft but is firm enough to get a good scrub going on :) I noticed help with dry skin and dandruff after just one use.', 'title: Feels great \ntext: I have only used this once but so far I really liked it! It felt nice and worked well.  I am hopeful that it is good quality and lasts a long time.', 'title: Great Product \ntext: Really like this product. Does an amazing job when washing and conditioning my hair. Great scalp/head massager without being rough. Would definitely recommend.', 'title: Great value great product \ntext: This is such a great deal for a pack of two. I had originally bought a different brand that was more expensive but in comparison these are just as great. The bristles are stiff enough to actually make it feel like youre giving yourself a scalp massage during shower. Colors are vibrant and cute!']","The product is generally well-received for its quality, with users noting its sturdiness and effectiveness in addressing dry skin and dandruff issues after just one use[1]. It is described as feeling nice and working well, with hopes for long-lasting quality[2]. Users appreciate its performance in washing and conditioning hair, highlighting its gentle yet effective scalp massaging capabilities[3]. Additionally, the product is considered a great value, comparable to more expensive brands, with vibrant and appealing colors[4]. However, one user mentioned that it can be somewhat difficult to hold, suggesting an alternative grip method for better handling[0].",7.75
How’s the quality of this product,"['▶ Improve Blood Circulation, Massager Scalp - Chialstar scalp massager provides gentle stimulation to increase the blood circulation for daily health care with comfortable and relaxing feeling. Massage your scalp, neck or body, relieving fatigue, pressure and muscles sore. Strengthen the roots of your hair and nourish the hair shafts.', '▶ Powerful Cleaning Ability - Using this shampoo brush to clean hair, or shower, your scalp will feel so much cleaner in the shower, good to remove dandruff and remove hardened sebum & dirt. What’s more it prevents hair loss by scalp stimulation and help to hair growth.', ""▶ Soft Silicone - The scalp brush is made of silicon, soft enough to use for kids, very gentle, doesn't irritate your scalp at all, sturdy, will not deformated. No need to worry about your long nails or sensitive scalp."", '▶ Works for Any Hair Texture - Scalp hair brush works appropriate for all types of hair, including dense, thick, coarse or curly hair. Manual with no battery required and Waterproof.', '▶ Refund And Warranty - Get two scalp massager for hair growth and start your scalp salon，1 years money back guarantee. If you have any question, send email to us, we will reply in 24 hours.']",012345,"[""title: Good \ntext: Good product, doesn't tangle my hair and makes my scalp feel cleaner"", 'title: It works \ntext: It works well and seems like a good product for the price', 'title: Great quality for the price \ntext: I was worried about quality for the price, but I am really impressed! I love mine.', 'title: great \ntext: very good product kind of hard to hold, i recommend putting your fingers through the handle instead of holding it by the handle', 'title: Helps with dry winter scalp! \ntext: The product is great quality and seems pretty sturdy. The scrubby feels soft but is firm enough to get a good scrub going on :) I noticed help with dry skin and dandruff after just one use.', 'title: Feels great \ntext: I have only used this once but so far I really liked it! It felt nice and worked well.  I am hopeful that it is good quality and lasts a long time.']","The product is generally well-received for its quality, with users noting that it effectively cleans the scalp and does not tangle hair, contributing to a cleaner feel[0]. It is considered a good value for the price, with some users expressing initial concerns about quality that were alleviated after use[1][2]. The product is described as sturdy and of great quality, with a soft yet firm texture that aids in scrubbing, particularly beneficial for dry skin and dandruff[4]. While one user found it slightly difficult to hold, they recommended an alternative grip method[3]. Another user, after a single use, expressed optimism about the product's quality and durability[5].",7.75
How’s the quality of this product,"['▶ Improve Blood Circulation, Massager Scalp - Chialstar scalp massager provides gentle stimulation to increase the blood circulation for daily health care with comfortable and relaxing feeling. Massage your scalp, neck or body, relieving fatigue, pressure and muscles sore. Strengthen the roots of your hair and nourish the hair shafts.', '▶ Powerful Cleaning Ability - Using this shampoo brush to clean hair, or shower, your scalp will feel so much cleaner in the shower, good to remove dandruff and remove hardened sebum & dirt. What’s more it prevents hair loss by scalp stimulation and help to hair growth.', ""▶ Soft Silicone - The scalp brush is made of silicon, soft enough to use for kids, very gentle, doesn't irritate your scalp at all, sturdy, will not deformated. No need to worry about your long nails or sensitive scalp."", '▶ Works for Any Hair Texture - Scalp hair brush works appropriate for all types of hair, including dense, thick, coarse or curly hair. Manual with no battery required and Waterproof.', '▶ Refund And Warranty - Get two scalp massager for hair growth and start your scalp salon，1 years money back guarantee. If you have any question, send email to us, we will reply in 24 hours.']",012346,"[""title: Good \ntext: Good product, doesn't tangle my hair and makes my scalp feel cleaner"", 'title: It works \ntext: It works well and seems like a good product for the price', 'title: Great quality for the price \ntext: I was worried about quality for the price, but I am really impressed! I love mine.', 'title: great \ntext: very good product kind of hard to hold, i recommend putting your fingers through the handle instead of holding it by the handle', 'title: Helps with dry winter scalp! \ntext: The product is great quality and seems pretty sturdy. The scrubby feels soft but is firm enough to get a good scrub going on :) I noticed help with dry skin and dandruff after just one use.', 'title: Great Product \ntext: Really like this product. Does an amazing job when washing and conditioning my hair. Great scalp/head massager without being rough. Would definitely recommend.']","The product is praised for its quality, with users noting that it effectively cleans the scalp and prevents hair tangling, contributing to a cleaner and healthier scalp feel [0]. It is considered a good value for the price, with users expressing satisfaction and surprise at the quality given the cost [1][2]. The product is described as sturdy and effective in addressing dry skin and dandruff, with a soft yet firm texture that provides a good scrub [4]. Additionally, it is highlighted as an excellent tool for washing and conditioning hair, offering a gentle yet effective scalp massage [5]. However, one user mentioned that the product can be somewhat difficult to hold, suggesting an alternative grip method for better handling [3].",7.75
How’s the quality of this product,"['▶ Improve Blood Circulation, Massager Scalp - Chialstar scalp massager provides gentle stimulation to increase the blood circulation for daily health care with comfortable and relaxing feeling. Massage your scalp, neck or body, relieving fatigue, pressure and muscles sore. Strengthen the roots of your hair and nourish the hair shafts.', '▶ Powerful Cleaning Ability - Using this shampoo brush to clean hair, or shower, your scalp will feel so much cleaner in the shower, good to remove dandruff and remove hardened sebum & dirt. What’s more it prevents hair loss by scalp stimulation and help to hair growth.', ""▶ Soft Silicone - The scalp brush is made of silicon, soft enough to use for kids, very gentle, doesn't irritate your scalp at all, sturdy, will not deformated. No need to worry about your long nails or sensitive scalp."", '▶ Works for Any Hair Texture - Scalp hair brush works appropriate for all types of hair, including dense, thick, coarse or curly hair. Manual with no battery required and Waterproof.', '▶ Refund And Warranty - Get two scalp massager for hair growth and start your scalp salon，1 years money back guarantee. If you have any question, send email to us, we will reply in 24 hours.']",012347,"[""title: Good \ntext: Good product, doesn't tangle my hair and makes my scalp feel cleaner"", 'title: It works \ntext: It works well and seems like a good product for the price', 'title: Great quality for the price \ntext: I was worried about quality for the price, but I am really impressed! I love mine.', 'title: great \ntext: very good product kind of hard to hold, i recommend putting your fingers through the handle instead of holding it by the handle', 'title: Helps with dry winter scalp! \ntext: The product is great quality and seems pretty sturdy. The scrubby feels soft but is firm enough to get a good scrub going on :) I noticed help with dry skin and dandruff after just one use.', 'title: Great value great product \ntext: This is such a great deal for a pack of two. I had originally bought a different brand that was more expensive but in comparison these are just as great. The bristles are stiff enough to actually make it feel like youre giving yourself a scalp massage during shower. Colors are vibrant and cute!']","The product is praised for its ability to prevent hair tangling and leave the scalp feeling cleaner, indicating a positive quality experience for users[0]. It is considered effective and offers good value for its price, suggesting that the quality meets or exceeds expectations given its cost[1][2]. Users are impressed with the quality, especially considering the price, and find the product to be sturdy and effective in addressing issues like dry skin and dandruff[3][4]. Additionally, the product is noted for its vibrant colors and the effectiveness of its bristles, which provide a satisfying scalp massage, further highlighting its quality and value[5].",7.75
How’s the quality of this product,"['▶ Improve Blood Circulation, Massager Scalp - Chialstar scalp massager provides gentle stimulation to increase the blood circulation for daily health care with comfortable and relaxing feeling. Massage your scalp, neck or body, relieving fatigue, pressure and muscles sore. Strengthen the roots of your hair and nourish the hair shafts.', '▶ Powerful Cleaning Ability - Using this shampoo brush to clean hair, or shower, your scalp will feel so much cleaner in the shower, good to remove dandruff and remove hardened sebum & dirt. What’s more it prevents hair loss by scalp stimulation and help to hair growth.', ""▶ Soft Silicone - The scalp brush is made of silicon, soft enough to use for kids, very gentle, doesn't irritate your scalp at all, sturdy, will not deformated. No need to worry about your long nails or sensitive scalp."", '▶ Works for Any Hair Texture - Scalp hair brush works appropriate for all types of hair, including dense, thick, coarse or curly hair. Manual with no battery required and Waterproof.', '▶ Refund And Warranty - Get two scalp massager for hair growth and start your scalp salon，1 years money back guarantee. If you have any question, send email to us, we will reply in 24 hours.']",012356,"[""title: Good \ntext: Good product, doesn't tangle my hair and makes my scalp feel cleaner"", 'title: It works \ntext: It works well and seems like a good product for the price', 'title: Great quality for the price \ntext: I was worried about quality for the price, but I am really impressed! I love mine.', 'title: great \ntext: very good product kind of hard to hold, i recommend putting your fingers through the handle instead of holding it by the handle', 'title: Feels great \ntext: I have only used this once but so far I really liked it! It felt nice and worked well.  I am hopeful that it is good quality and lasts a long time.', 'title: Great Product \ntext: Really like this product. Does an amazing job when washing and conditioning my hair. Great scalp/head massager without being rough. Would definitely recommend.']","The product is generally well-received for its quality, with users noting that it effectively prevents hair tangling and leaves the scalp feeling cleaner [0]. It is considered a good value for the price, with some users expressing initial concerns about quality that were alleviated upon use [1][2]. Despite being slightly difficult to hold, the product is recommended for its functionality, with suggestions on how to handle it more comfortably [3]. Users appreciate its performance as a scalp massager and its gentle yet effective washing and conditioning capabilities [5]. Although one user has only used it once, they are optimistic about its quality and longevity [4].",7.75
How’s the quality of this product,"['▶ Improve Blood Circulation, Massager Scalp - Chialstar scalp massager provides gentle stimulation to increase the blood circulation for daily health care with comfortable and relaxing feeling. Massage your scalp, neck or body, relieving fatigue, pressure and muscles sore. Strengthen the roots of your hair and nourish the hair shafts.', '▶ Powerful Cleaning Ability - Using this shampoo brush to clean hair, or shower, your scalp will feel so much cleaner in the shower, good to remove dandruff and remove hardened sebum & dirt. What’s more it prevents hair loss by scalp stimulation and help to hair growth.', ""▶ Soft Silicone - The scalp brush is made of silicon, soft enough to use for kids, very gentle, doesn't irritate your scalp at all, sturdy, will not deformated. No need to worry about your long nails or sensitive scalp."", '▶ Works for Any Hair Texture - Scalp hair brush works appropriate for all types of hair, including dense, thick, coarse or curly hair. Manual with no battery required and Waterproof.', '▶ Refund And Warranty - Get two scalp massager for hair growth and start your scalp salon，1 years money back guarantee. If you have any question, send email to us, we will reply in 24 hours.']",012357,"[""title: Good \ntext: Good product, doesn't tangle my hair and makes my scalp feel cleaner"", 'title: It works \ntext: It works well and seems like a good product for the price', 'title: Great quality for the price \ntext: I was worried about quality for the price, but I am really impressed! I love mine.', 'title: great \ntext: very good product kind of hard to hold, i recommend putting your fingers through the handle instead of holding it by the handle', 'title: Feels great \ntext: I have only used this once but so far I really liked it! It felt nice and worked well.  I am hopeful that it is good quality and lasts a long time.', 'title: Great value great product \ntext: This is such a great deal for a pack of two. I had originally bought a different brand that was more expensive but in comparison these are just as great. The bristles are stiff enough to actually make it feel like youre giving yourself a scalp massage during shower. Colors are vibrant and cute!']","The product is praised for its quality, with users noting that it effectively detangles hair and leaves the scalp feeling cleaner, indicating a high level of satisfaction with its performance [0]. Customers appreciate the product's value for money, highlighting that it works well and is a good purchase for the price [1][2]. Despite initial concerns about quality due to its affordability, users are impressed with the product, suggesting it exceeds expectations [2]. Some users mention that the product is slightly difficult to hold, recommending a specific way to grip it for better handling [3]. Initial impressions are positive, with users hopeful about the product's durability and long-term quality [4]. Additionally, the product is considered a great value, especially when compared to more expensive brands, with features like stiff bristles enhancing the user experience [5].",7.75
How’s the quality of this product,"['▶ Improve Blood Circulation, Massager Scalp - Chialstar scalp massager provides gentle stimulation to increase the blood circulation for daily health care with comfortable and relaxing feeling. Massage your scalp, neck or body, relieving fatigue, pressure and muscles sore. Strengthen the roots of your hair and nourish the hair shafts.', '▶ Powerful Cleaning Ability - Using this shampoo brush to clean hair, or shower, your scalp will feel so much cleaner in the shower, good to remove dandruff and remove hardened sebum & dirt. What’s more it prevents hair loss by scalp stimulation and help to hair growth.', ""▶ Soft Silicone - The scalp brush is made of silicon, soft enough to use for kids, very gentle, doesn't irritate your scalp at all, sturdy, will not deformated. No need to worry about your long nails or sensitive scalp."", '▶ Works for Any Hair Texture - Scalp hair brush works appropriate for all types of hair, including dense, thick, coarse or curly hair. Manual with no battery required and Waterproof.', '▶ Refund And Warranty - Get two scalp massager for hair growth and start your scalp salon，1 years money back guarantee. If you have any question, send email to us, we will reply in 24 hours.']",012367,"[""title: Good \ntext: Good product, doesn't tangle my hair and makes my scalp feel cleaner"", 'title: It works \ntext: It works well and seems like a good product for the price', 'title: Great quality for the price \ntext: I was worried about quality for the price, but I am really impressed! I love mine.', 'title: great \ntext: very good product kind of hard to hold, i recommend putting your fingers through the handle instead of holding it by the handle', 'title: Great Product \ntext: Really like this product. Does an amazing job when washing and conditioning my hair. Great scalp/head massager without being rough. Would definitely recommend.', 'title: Great value great product \ntext: This is such a great deal for a pack of two. I had originally bought a different brand that was more expensive but in comparison these are just as great. The bristles are stiff enough to actually make it feel like youre giving yourself a scalp massage during shower. Colors are vibrant and cute!']","The product is praised for its quality, with users noting that it effectively prevents hair tangling and leaves the scalp feeling cleaner[0]. It is considered a good value for the price, with users expressing satisfaction and surprise at the quality given the cost[1][2]. The product is described as a great scalp massager that is gentle yet effective, enhancing the hair washing and conditioning experience[4]. Additionally, it is noted for its vibrant colors and sturdy bristles, which contribute to a satisfying scalp massage[5]. However, one user mentioned that the product can be somewhat difficult to hold, suggesting an alternative grip method for ease of use[3].",7.75
How’s the quality of this product,"['▶ Improve Blood Circulation, Massager Scalp - Chialstar scalp massager provides gentle stimulation to increase the blood circulation for daily health care with comfortable and relaxing feeling. Massage your scalp, neck or body, relieving fatigue, pressure and muscles sore. Strengthen the roots of your hair and nourish the hair shafts.', '▶ Powerful Cleaning Ability - Using this shampoo brush to clean hair, or shower, your scalp will feel so much cleaner in the shower, good to remove dandruff and remove hardened sebum & dirt. What’s more it prevents hair loss by scalp stimulation and help to hair growth.', ""▶ Soft Silicone - The scalp brush is made of silicon, soft enough to use for kids, very gentle, doesn't irritate your scalp at all, sturdy, will not deformated. No need to worry about your long nails or sensitive scalp."", '▶ Works for Any Hair Texture - Scalp hair brush works appropriate for all types of hair, including dense, thick, coarse or curly hair. Manual with no battery required and Waterproof.', '▶ Refund And Warranty - Get two scalp massager for hair growth and start your scalp salon，1 years money back guarantee. If you have any question, send email to us, we will reply in 24 hours.']",012456,"[""title: Good \ntext: Good product, doesn't tangle my hair and makes my scalp feel cleaner"", 'title: It works \ntext: It works well and seems like a good product for the price', 'title: Great quality for the price \ntext: I was worried about quality for the price, but I am really impressed! I love mine.', 'title: Helps with dry winter scalp! \ntext: The product is great quality and seems pretty sturdy. The scrubby feels soft but is firm enough to get a good scrub going on :) I noticed help with dry skin and dandruff after just one use.', 'title: Feels great \ntext: I have only used this once but so far I really liked it! It felt nice and worked well.  I am hopeful that it is good quality and lasts a long time.', 'title: Great Product \ntext: Really like this product. Does an amazing job when washing and conditioning my hair. Great scalp/head massager without being rough. Would definitely recommend.']","The product is praised for its quality, with users noting that it effectively prevents hair tangling and leaves the scalp feeling cleaner[0]. It is considered a good value for the price, with several users expressing satisfaction with the quality despite initial concerns about affordability[1][2]. The product is described as sturdy and beneficial for addressing dry scalp and dandruff, with its soft yet firm texture providing an effective scrub[3]. Although one user has only used it once, they are optimistic about its quality and longevity[4]. Overall, the product is highly recommended for its performance in washing and conditioning hair, as well as its gentle yet effective scalp massaging capabilities[5].",7.75
How’s the quality of this product,"['▶ Improve Blood Circulation, Massager Scalp - Chialstar scalp massager provides gentle stimulation to increase the blood circulation for daily health care with comfortable and relaxing feeling. Massage your scalp, neck or body, relieving fatigue, pressure and muscles sore. Strengthen the roots of your hair and nourish the hair shafts.', '▶ Powerful Cleaning Ability - Using this shampoo brush to clean hair, or shower, your scalp will feel so much cleaner in the shower, good to remove dandruff and remove hardened sebum & dirt. What’s more it prevents hair loss by scalp stimulation and help to hair growth.', ""▶ Soft Silicone - The scalp brush is made of silicon, soft enough to use for kids, very gentle, doesn't irritate your scalp at all, sturdy, will not deformated. No need to worry about your long nails or sensitive scalp."", '▶ Works for Any Hair Texture - Scalp hair brush works appropriate for all types of hair, including dense, thick, coarse or curly hair. Manual with no battery required and Waterproof.', '▶ Refund And Warranty - Get two scalp massager for hair growth and start your scalp salon，1 years money back guarantee. If you have any question, send email to us, we will reply in 24 hours.']",012457,"[""title: Good \ntext: Good product, doesn't tangle my hair and makes my scalp feel cleaner"", 'title: It works \ntext: It works well and seems like a good product for the price', 'title: Great quality for the price \ntext: I was worried about quality for the price, but I am really impressed! I love mine.', 'title: Helps with dry winter scalp! \ntext: The product is great quality and seems pretty sturdy. The scrubby feels soft but is firm enough to get a good scrub going on :) I noticed help with dry skin and dandruff after just one use.', 'title: Feels great \ntext: I have only used this once but so far I really liked it! It felt nice and worked well.  I am hopeful that it is good quality and lasts a long time.', 'title: Great value great product \ntext: This is such a great deal for a pack of two. I had originally bought a different brand that was more expensive but in comparison these are just as great. The bristles are stiff enough to actually make it feel like youre giving yourself a scalp massage during shower. Colors are vibrant and cute!']","The product is praised for its quality, with users noting that it effectively detangles hair and leaves the scalp feeling cleaner[0]. It is considered a good product for its price, with several users expressing satisfaction with its performance and value[1][2]. The product is described as sturdy and effective in addressing dry skin and dandruff, with a soft yet firm texture that enhances its usability[3]. Although one user has only used it once, they are optimistic about its quality and durability[4]. Additionally, the product is highlighted as a great value, comparable to more expensive brands, with vibrant colors and effective bristles that provide a satisfying scalp massage[5].",7.75
How’s the quality of this product,"['▶ Improve Blood Circulation, Massager Scalp - Chialstar scalp massager provides gentle stimulation to increase the blood circulation for daily health care with comfortable and relaxing feeling. Massage your scalp, neck or body, relieving fatigue, pressure and muscles sore. Strengthen the roots of your hair and nourish the hair shafts.', '▶ Powerful Cleaning Ability - Using this shampoo brush to clean hair, or shower, your scalp will feel so much cleaner in the shower, good to remove dandruff and remove hardened sebum & dirt. What’s more it prevents hair loss by scalp stimulation and help to hair growth.', ""▶ Soft Silicone - The scalp brush is made of silicon, soft enough to use for kids, very gentle, doesn't irritate your scalp at all, sturdy, will not deformated. No need to worry about your long nails or sensitive scalp."", '▶ Works for Any Hair Texture - Scalp hair brush works appropriate for all types of hair, including dense, thick, coarse or curly hair. Manual with no battery required and Waterproof.', '▶ Refund And Warranty - Get two scalp massager for hair growth and start your scalp salon，1 years money back guarantee. If you have any question, send email to us, we will reply in 24 hours.']",012467,"[""title: Good \ntext: Good product, doesn't tangle my hair and makes my scalp feel cleaner"", 'title: It works \ntext: It works well and seems like a good product for the price', 'title: Great quality for the price \ntext: I was worried about quality for the price, but I am really impressed! I love mine.', 'title: Helps with dry winter scalp! \ntext: The product is great quality and seems pretty sturdy. The scrubby feels soft but is firm enough to get a good scrub going on :) I noticed help with dry skin and dandruff after just one use.', 'title: Great Product \ntext: Really like this product. Does an amazing job when washing and conditioning my hair. Great scalp/head massager without being rough. Would definitely recommend.', 'title: Great value great product \ntext: This is such a great deal for a pack of two. I had originally bought a different brand that was more expensive but in comparison these are just as great. The bristles are stiff enough to actually make it feel like youre giving yourself a scalp massage during shower. Colors are vibrant and cute!']","The product is praised for its quality, with users noting that it effectively prevents hair tangling and leaves the scalp feeling cleaner[0]. It is considered a good value for the price, with several users expressing satisfaction with its performance relative to cost[1][2]. The product is described as sturdy and beneficial for addressing dry scalp and dandruff, with its soft yet firm texture providing a good scrub[3]. Users appreciate its effectiveness in washing and conditioning hair, highlighting its gentle massaging capability[4]. Additionally, the product is noted for its vibrant colors and competitive pricing compared to more expensive brands, offering a great deal for a pack of two[5].",7.75
How’s the quality of this product,"['▶ Improve Blood Circulation, Massager Scalp - Chialstar scalp massager provides gentle stimulation to increase the blood circulation for daily health care with comfortable and relaxing feeling. Massage your scalp, neck or body, relieving fatigue, pressure and muscles sore. Strengthen the roots of your hair and nourish the hair shafts.', '▶ Powerful Cleaning Ability - Using this shampoo brush to clean hair, or shower, your scalp will feel so much cleaner in the shower, good to remove dandruff and remove hardened sebum & dirt. What’s more it prevents hair loss by scalp stimulation and help to hair growth.', ""▶ Soft Silicone - The scalp brush is made of silicon, soft enough to use for kids, very gentle, doesn't irritate your scalp at all, sturdy, will not deformated. No need to worry about your long nails or sensitive scalp."", '▶ Works for Any Hair Texture - Scalp hair brush works appropriate for all types of hair, including dense, thick, coarse or curly hair. Manual with no battery required and Waterproof.', '▶ Refund And Warranty - Get two scalp massager for hair growth and start your scalp salon，1 years money back guarantee. If you have any question, send email to us, we will reply in 24 hours.']",012567,"[""title: Good \ntext: Good product, doesn't tangle my hair and makes my scalp feel cleaner"", 'title: It works \ntext: It works well and seems like a good product for the price', 'title: Great quality for the price \ntext: I was worried about quality for the price, but I am really impressed! I love mine.', 'title: Feels great \ntext: I have only used this once but so far I really liked it! It felt nice and worked well.  I am hopeful that it is good quality and lasts a long time.', 'title: Great Product \ntext: Really like this product. Does an amazing job when washing and conditioning my hair. Great scalp/head massager without being rough. Would definitely recommend.', 'title: Great value great product \ntext: This is such a great deal for a pack of two. I had originally bought a different brand that was more expensive but in comparison these are just as great. The bristles are stiff enough to actually make it feel like youre giving yourself a scalp massage during shower. Colors are vibrant and cute!']","The product is praised for its quality, with users noting that it effectively cleans the scalp and prevents hair tangling, contributing to a cleaner feel overall [0]. It is considered a good value for the price, with users expressing satisfaction with its performance and quality [1][2]. Despite initial concerns about quality due to its affordability, users are impressed with the product's performance [2]. The product is described as a great scalp massager that is gentle yet effective, making it highly recommended by users [4]. Additionally, the product is noted for its vibrant colors and the value offered by purchasing a pack of two, which compares favorably to more expensive brands [5].",7.75
How’s the quality of this product,"['▶ Improve Blood Circulation, Massager Scalp - Chialstar scalp massager provides gentle stimulation to increase the blood circulation for daily health care with comfortable and relaxing feeling. Massage your scalp, neck or body, relieving fatigue, pressure and muscles sore. Strengthen the roots of your hair and nourish the hair shafts.', '▶ Powerful Cleaning Ability - Using this shampoo brush to clean hair, or shower, your scalp will feel so much cleaner in the shower, good to remove dandruff and remove hardened sebum & dirt. What’s more it prevents hair loss by scalp stimulation and help to hair growth.', ""▶ Soft Silicone - The scalp brush is made of silicon, soft enough to use for kids, very gentle, doesn't irritate your scalp at all, sturdy, will not deformated. No need to worry about your long nails or sensitive scalp."", '▶ Works for Any Hair Texture - Scalp hair brush works appropriate for all types of hair, including dense, thick, coarse or curly hair. Manual with no battery required and Waterproof.', '▶ Refund And Warranty - Get two scalp massager for hair growth and start your scalp salon，1 years money back guarantee. If you have any question, send email to us, we will reply in 24 hours.']",013456,"[""title: Good \ntext: Good product, doesn't tangle my hair and makes my scalp feel cleaner"", 'title: It works \ntext: It works well and seems like a good product for the price', 'title: great \ntext: very good product kind of hard to hold, i recommend putting your fingers through the handle instead of holding it by the handle', 'title: Helps with dry winter scalp! \ntext: The product is great quality and seems pretty sturdy. The scrubby feels soft but is firm enough to get a good scrub going on :) I noticed help with dry skin and dandruff after just one use.', 'title: Feels great \ntext: I have only used this once but so far I really liked it! It felt nice and worked well.  I am hopeful that it is good quality and lasts a long time.', 'title: Great Product \ntext: Really like this product. Does an amazing job when washing and conditioning my hair. Great scalp/head massager without being rough. Would definitely recommend.']","The product is generally well-received for its quality, with users noting that it effectively cleans the scalp and does not tangle hair, providing a cleaner feel [0]. It is considered a good value for the price and works well [1]. While some users find it slightly difficult to hold, they suggest an alternative grip for better handling [2]. The product is praised for its sturdy build and effectiveness in addressing dry scalp and dandruff issues, with noticeable improvements after just one use [3]. Initial impressions from users are positive, with expectations of long-lasting quality [4]. It is also highlighted as an excellent scalp massager that is gentle yet effective, making it highly recommendable [5].",7.75
How’s the quality of this product,"['▶ Improve Blood Circulation, Massager Scalp - Chialstar scalp massager provides gentle stimulation to increase the blood circulation for daily health care with comfortable and relaxing feeling. Massage your scalp, neck or body, relieving fatigue, pressure and muscles sore. Strengthen the roots of your hair and nourish the hair shafts.', '▶ Powerful Cleaning Ability - Using this shampoo brush to clean hair, or shower, your scalp will feel so much cleaner in the shower, good to remove dandruff and remove hardened sebum & dirt. What’s more it prevents hair loss by scalp stimulation and help to hair growth.', ""▶ Soft Silicone - The scalp brush is made of silicon, soft enough to use for kids, very gentle, doesn't irritate your scalp at all, sturdy, will not deformated. No need to worry about your long nails or sensitive scalp."", '▶ Works for Any Hair Texture - Scalp hair brush works appropriate for all types of hair, including dense, thick, coarse or curly hair. Manual with no battery required and Waterproof.', '▶ Refund And Warranty - Get two scalp massager for hair growth and start your scalp salon，1 years money back guarantee. If you have any question, send email to us, we will reply in 24 hours.']",013457,"[""title: Good \ntext: Good product, doesn't tangle my hair and makes my scalp feel cleaner"", 'title: It works \ntext: It works well and seems like a good product for the price', 'title: great \ntext: very good product kind of hard to hold, i recommend putting your fingers through the handle instead of holding it by the handle', 'title: Helps with dry winter scalp! \ntext: The product is great quality and seems pretty sturdy. The scrubby feels soft but is firm enough to get a good scrub going on :) I noticed help with dry skin and dandruff after just one use.', 'title: Feels great \ntext: I have only used this once but so far I really liked it! It felt nice and worked well.  I am hopeful that it is good quality and lasts a long time.', 'title: Great value great product \ntext: This is such a great deal for a pack of two. I had originally bought a different brand that was more expensive but in comparison these are just as great. The bristles are stiff enough to actually make it feel like youre giving yourself a scalp massage during shower. Colors are vibrant and cute!']","The product is generally well-received for its quality, with users noting that it effectively cleans the scalp and does not tangle hair, contributing to a cleaner feeling overall [0]. It is considered a good value for the price, with some users comparing it favorably to more expensive alternatives [1][5]. The product is described as sturdy and of great quality, with soft yet firm bristles that help with dry skin and dandruff, making it suitable for addressing scalp issues [3]. While some users find it slightly difficult to hold, they suggest a different grip for better handling [2]. Overall, the product is appreciated for its effectiveness and durability, with users expressing hope that it will last a long time [4].",7.75
How’s the quality of this product,"['▶ Improve Blood Circulation, Massager Scalp - Chialstar scalp massager provides gentle stimulation to increase the blood circulation for daily health care with comfortable and relaxing feeling. Massage your scalp, neck or body, relieving fatigue, pressure and muscles sore. Strengthen the roots of your hair and nourish the hair shafts.', '▶ Powerful Cleaning Ability - Using this shampoo brush to clean hair, or shower, your scalp will feel so much cleaner in the shower, good to remove dandruff and remove hardened sebum & dirt. What’s more it prevents hair loss by scalp stimulation and help to hair growth.', ""▶ Soft Silicone - The scalp brush is made of silicon, soft enough to use for kids, very gentle, doesn't irritate your scalp at all, sturdy, will not deformated. No need to worry about your long nails or sensitive scalp."", '▶ Works for Any Hair Texture - Scalp hair brush works appropriate for all types of hair, including dense, thick, coarse or curly hair. Manual with no battery required and Waterproof.', '▶ Refund And Warranty - Get two scalp massager for hair growth and start your scalp salon，1 years money back guarantee. If you have any question, send email to us, we will reply in 24 hours.']",013467,"[""title: Good \ntext: Good product, doesn't tangle my hair and makes my scalp feel cleaner"", 'title: It works \ntext: It works well and seems like a good product for the price', 'title: great \ntext: very good product kind of hard to hold, i recommend putting your fingers through the handle instead of holding it by the handle', 'title: Helps with dry winter scalp! \ntext: The product is great quality and seems pretty sturdy. The scrubby feels soft but is firm enough to get a good scrub going on :) I noticed help with dry skin and dandruff after just one use.', 'title: Great Product \ntext: Really like this product. Does an amazing job when washing and conditioning my hair. Great scalp/head massager without being rough. Would definitely recommend.', 'title: Great value great product \ntext: This is such a great deal for a pack of two. I had originally bought a different brand that was more expensive but in comparison these are just as great. The bristles are stiff enough to actually make it feel like youre giving yourself a scalp massage during shower. Colors are vibrant and cute!']","The product is generally well-received for its quality, with users noting that it effectively prevents hair tangling and leaves the scalp feeling cleaner[0]. It is considered a good value for the price, performing well in its intended function[1]. Some users find it slightly difficult to hold, suggesting an alternative grip method for better handling[2]. The product is praised for its sturdy build and effectiveness in addressing dry scalp and dandruff issues, with noticeable improvements after just one use[3]. It is also highlighted as an excellent scalp massager that is gentle yet effective, making it highly recommendable[4]. Additionally, the product is seen as a great value, comparable to more expensive brands, with stiff bristles that enhance the scalp massage experience, and it comes in vibrant, appealing colors[5].",7.75
How’s the quality of this product,"['▶ Improve Blood Circulation, Massager Scalp - Chialstar scalp massager provides gentle stimulation to increase the blood circulation for daily health care with comfortable and relaxing feeling. Massage your scalp, neck or body, relieving fatigue, pressure and muscles sore. Strengthen the roots of your hair and nourish the hair shafts.', '▶ Powerful Cleaning Ability - Using this shampoo brush to clean hair, or shower, your scalp will feel so much cleaner in the shower, good to remove dandruff and remove hardened sebum & dirt. What’s more it prevents hair loss by scalp stimulation and help to hair growth.', ""▶ Soft Silicone - The scalp brush is made of silicon, soft enough to use for kids, very gentle, doesn't irritate your scalp at all, sturdy, will not deformated. No need to worry about your long nails or sensitive scalp."", '▶ Works for Any Hair Texture - Scalp hair brush works appropriate for all types of hair, including dense, thick, coarse or curly hair. Manual with no battery required and Waterproof.', '▶ Refund And Warranty - Get two scalp massager for hair growth and start your scalp salon，1 years money back guarantee. If you have any question, send email to us, we will reply in 24 hours.']",013567,"[""title: Good \ntext: Good product, doesn't tangle my hair and makes my scalp feel cleaner"", 'title: It works \ntext: It works well and seems like a good product for the price', 'title: great \ntext: very good product kind of hard to hold, i recommend putting your fingers through the handle instead of holding it by the handle', 'title: Feels great \ntext: I have only used this once but so far I really liked it! It felt nice and worked well.  I am hopeful that it is good quality and lasts a long time.', 'title: Great Product \ntext: Really like this product. Does an amazing job when washing and conditioning my hair. Great scalp/head massager without being rough. Would definitely recommend.', 'title: Great value great product \ntext: This is such a great deal for a pack of two. I had originally bought a different brand that was more expensive but in comparison these are just as great. The bristles are stiff enough to actually make it feel like youre giving yourself a scalp massage during shower. Colors are vibrant and cute!']","The product is generally well-received for its quality, with users noting that it effectively cleans the scalp and does not tangle hair, contributing to a cleaner feel overall [0]. It is considered a good value for the price, performing well in comparison to more expensive alternatives [1][5]. Some users find it slightly difficult to hold, suggesting an alternative grip method for better handling [2]. Initial impressions are positive, with expectations of durability and long-lasting quality [3]. The product is praised for its effectiveness in washing and conditioning hair, as well as its gentle yet effective scalp massaging capabilities [4]. Additionally, the vibrant and appealing colors of the product add to its attractiveness [5].",7.75
How’s the quality of this product,"['▶ Improve Blood Circulation, Massager Scalp - Chialstar scalp massager provides gentle stimulation to increase the blood circulation for daily health care with comfortable and relaxing feeling. Massage your scalp, neck or body, relieving fatigue, pressure and muscles sore. Strengthen the roots of your hair and nourish the hair shafts.', '▶ Powerful Cleaning Ability - Using this shampoo brush to clean hair, or shower, your scalp will feel so much cleaner in the shower, good to remove dandruff and remove hardened sebum & dirt. What’s more it prevents hair loss by scalp stimulation and help to hair growth.', ""▶ Soft Silicone - The scalp brush is made of silicon, soft enough to use for kids, very gentle, doesn't irritate your scalp at all, sturdy, will not deformated. No need to worry about your long nails or sensitive scalp."", '▶ Works for Any Hair Texture - Scalp hair brush works appropriate for all types of hair, including dense, thick, coarse or curly hair. Manual with no battery required and Waterproof.', '▶ Refund And Warranty - Get two scalp massager for hair growth and start your scalp salon，1 years money back guarantee. If you have any question, send email to us, we will reply in 24 hours.']",014567,"[""title: Good \ntext: Good product, doesn't tangle my hair and makes my scalp feel cleaner"", 'title: It works \ntext: It works well and seems like a good product for the price', 'title: Helps with dry winter scalp! \ntext: The product is great quality and seems pretty sturdy. The scrubby feels soft but is firm enough to get a good scrub going on :) I noticed help with dry skin and dandruff after just one use.', 'title: Feels great \ntext: I have only used this once but so far I really liked it! It felt nice and worked well.  I am hopeful that it is good quality and lasts a long time.', 'title: Great Product \ntext: Really like this product. Does an amazing job when washing and conditioning my hair. Great scalp/head massager without being rough. Would definitely recommend.', 'title: Great value great product \ntext: This is such a great deal for a pack of two. I had originally bought a different brand that was more expensive but in comparison these are just as great. The bristles are stiff enough to actually make it feel like youre giving yourself a scalp massage during shower. Colors are vibrant and cute!']","The product is praised for its quality, with users noting that it effectively cleans the scalp and prevents hair tangling, contributing to a cleaner feel overall [0]. It is considered a good value for the price, performing well in comparison to more expensive alternatives [1][5]. The product is described as sturdy, with soft yet firm bristles that provide a satisfying scrub, helping with dry skin and dandruff after just one use [2]. Users appreciate the pleasant feel and effectiveness of the product, expressing hope that it will be durable over time [3]. It is also highlighted for its excellent performance in washing and conditioning hair, serving as a gentle yet effective scalp massager [4]. Additionally, the vibrant and attractive colors of the product add to its appeal [5].",7.75
How’s the quality of this product,"['▶ Improve Blood Circulation, Massager Scalp - Chialstar scalp massager provides gentle stimulation to increase the blood circulation for daily health care with comfortable and relaxing feeling. Massage your scalp, neck or body, relieving fatigue, pressure and muscles sore. Strengthen the roots of your hair and nourish the hair shafts.', '▶ Powerful Cleaning Ability - Using this shampoo brush to clean hair, or shower, your scalp will feel so much cleaner in the shower, good to remove dandruff and remove hardened sebum & dirt. What’s more it prevents hair loss by scalp stimulation and help to hair growth.', ""▶ Soft Silicone - The scalp brush is made of silicon, soft enough to use for kids, very gentle, doesn't irritate your scalp at all, sturdy, will not deformated. No need to worry about your long nails or sensitive scalp."", '▶ Works for Any Hair Texture - Scalp hair brush works appropriate for all types of hair, including dense, thick, coarse or curly hair. Manual with no battery required and Waterproof.', '▶ Refund And Warranty - Get two scalp massager for hair growth and start your scalp salon，1 years money back guarantee. If you have any question, send email to us, we will reply in 24 hours.']",023456,"[""title: Good \ntext: Good product, doesn't tangle my hair and makes my scalp feel cleaner"", 'title: Great quality for the price \ntext: I was worried about quality for the price, but I am really impressed! I love mine.', 'title: great \ntext: very good product kind of hard to hold, i recommend putting your fingers through the handle instead of holding it by the handle', 'title: Helps with dry winter scalp! \ntext: The product is great quality and seems pretty sturdy. The scrubby feels soft but is firm enough to get a good scrub going on :) I noticed help with dry skin and dandruff after just one use.', 'title: Feels great \ntext: I have only used this once but so far I really liked it! It felt nice and worked well.  I am hopeful that it is good quality and lasts a long time.', 'title: Great Product \ntext: Really like this product. Does an amazing job when washing and conditioning my hair. Great scalp/head massager without being rough. Would definitely recommend.']","The product is praised for its quality, with users noting that it effectively prevents hair tangling and leaves the scalp feeling cleaner [0]. Many users express satisfaction with the product's quality, especially considering its price, highlighting that it exceeded their expectations [1]. Although some find it slightly difficult to hold, they suggest a different grip method to improve usability [2]. The product is described as sturdy and effective in addressing dry skin and dandruff, with its soft yet firm texture providing a good scrub [3]. Initial impressions suggest that the product feels nice and works well, with hopes for its durability [4]. Overall, it is recommended for its excellent performance in washing and conditioning hair, as well as its gentle yet effective scalp massaging capabilities [5].",7.75
How’s the quality of this product,"['▶ Improve Blood Circulation, Massager Scalp - Chialstar scalp massager provides gentle stimulation to increase the blood circulation for daily health care with comfortable and relaxing feeling. Massage your scalp, neck or body, relieving fatigue, pressure and muscles sore. Strengthen the roots of your hair and nourish the hair shafts.', '▶ Powerful Cleaning Ability - Using this shampoo brush to clean hair, or shower, your scalp will feel so much cleaner in the shower, good to remove dandruff and remove hardened sebum & dirt. What’s more it prevents hair loss by scalp stimulation and help to hair growth.', ""▶ Soft Silicone - The scalp brush is made of silicon, soft enough to use for kids, very gentle, doesn't irritate your scalp at all, sturdy, will not deformated. No need to worry about your long nails or sensitive scalp."", '▶ Works for Any Hair Texture - Scalp hair brush works appropriate for all types of hair, including dense, thick, coarse or curly hair. Manual with no battery required and Waterproof.', '▶ Refund And Warranty - Get two scalp massager for hair growth and start your scalp salon，1 years money back guarantee. If you have any question, send email to us, we will reply in 24 hours.']",023457,"[""title: Good \ntext: Good product, doesn't tangle my hair and makes my scalp feel cleaner"", 'title: Great quality for the price \ntext: I was worried about quality for the price, but I am really impressed! I love mine.', 'title: great \ntext: very good product kind of hard to hold, i recommend putting your fingers through the handle instead of holding it by the handle', 'title: Helps with dry winter scalp! \ntext: The product is great quality and seems pretty sturdy. The scrubby feels soft but is firm enough to get a good scrub going on :) I noticed help with dry skin and dandruff after just one use.', 'title: Feels great \ntext: I have only used this once but so far I really liked it! It felt nice and worked well.  I am hopeful that it is good quality and lasts a long time.', 'title: Great value great product \ntext: This is such a great deal for a pack of two. I had originally bought a different brand that was more expensive but in comparison these are just as great. The bristles are stiff enough to actually make it feel like youre giving yourself a scalp massage during shower. Colors are vibrant and cute!']","The product is praised for its quality, with users noting that it effectively prevents hair tangling and leaves the scalp feeling cleaner[0]. Despite initial concerns about the price, customers are impressed with the quality, describing it as great for the cost[1]. The product is noted to be somewhat difficult to hold, but users suggest a handling technique to improve usability[2]. It is described as sturdy and effective in addressing dry scalp and dandruff issues, with a balance of softness and firmness in the bristles[3]. Although one user has only used it once, they are optimistic about its quality and durability[4]. Additionally, the product is considered a great value, comparable to more expensive brands, with stiff bristles that enhance the scalp massage experience[5].",7.75
How’s the quality of this product,"['▶ Improve Blood Circulation, Massager Scalp - Chialstar scalp massager provides gentle stimulation to increase the blood circulation for daily health care with comfortable and relaxing feeling. Massage your scalp, neck or body, relieving fatigue, pressure and muscles sore. Strengthen the roots of your hair and nourish the hair shafts.', '▶ Powerful Cleaning Ability - Using this shampoo brush to clean hair, or shower, your scalp will feel so much cleaner in the shower, good to remove dandruff and remove hardened sebum & dirt. What’s more it prevents hair loss by scalp stimulation and help to hair growth.', ""▶ Soft Silicone - The scalp brush is made of silicon, soft enough to use for kids, very gentle, doesn't irritate your scalp at all, sturdy, will not deformated. No need to worry about your long nails or sensitive scalp."", '▶ Works for Any Hair Texture - Scalp hair brush works appropriate for all types of hair, including dense, thick, coarse or curly hair. Manual with no battery required and Waterproof.', '▶ Refund And Warranty - Get two scalp massager for hair growth and start your scalp salon，1 years money back guarantee. If you have any question, send email to us, we will reply in 24 hours.']",023467,"[""title: Good \ntext: Good product, doesn't tangle my hair and makes my scalp feel cleaner"", 'title: Great quality for the price \ntext: I was worried about quality for the price, but I am really impressed! I love mine.', 'title: great \ntext: very good product kind of hard to hold, i recommend putting your fingers through the handle instead of holding it by the handle', 'title: Helps with dry winter scalp! \ntext: The product is great quality and seems pretty sturdy. The scrubby feels soft but is firm enough to get a good scrub going on :) I noticed help with dry skin and dandruff after just one use.', 'title: Great Product \ntext: Really like this product. Does an amazing job when washing and conditioning my hair. Great scalp/head massager without being rough. Would definitely recommend.', 'title: Great value great product \ntext: This is such a great deal for a pack of two. I had originally bought a different brand that was more expensive but in comparison these are just as great. The bristles are stiff enough to actually make it feel like youre giving yourself a scalp massage during shower. Colors are vibrant and cute!']","The product is praised for its quality, with users noting that it effectively prevents hair tangling and leaves the scalp feeling cleaner[0]. Despite initial concerns about the price, customers are impressed with the quality, describing it as great for the cost[1]. Some users find the product slightly difficult to hold, suggesting an alternative grip method for better handling[2]. The product is noted for its sturdy construction and effectiveness in addressing dry scalp and dandruff issues, with users appreciating its soft yet firm texture[3]. It is also highlighted as an excellent scalp massager that is gentle yet effective, making it highly recommendable[4]. Additionally, the product is considered a great value, comparable to more expensive brands, with vibrant and appealing colors[5].",7.75
How’s the quality of this product,"['▶ Improve Blood Circulation, Massager Scalp - Chialstar scalp massager provides gentle stimulation to increase the blood circulation for daily health care with comfortable and relaxing feeling. Massage your scalp, neck or body, relieving fatigue, pressure and muscles sore. Strengthen the roots of your hair and nourish the hair shafts.', '▶ Powerful Cleaning Ability - Using this shampoo brush to clean hair, or shower, your scalp will feel so much cleaner in the shower, good to remove dandruff and remove hardened sebum & dirt. What’s more it prevents hair loss by scalp stimulation and help to hair growth.', ""▶ Soft Silicone - The scalp brush is made of silicon, soft enough to use for kids, very gentle, doesn't irritate your scalp at all, sturdy, will not deformated. No need to worry about your long nails or sensitive scalp."", '▶ Works for Any Hair Texture - Scalp hair brush works appropriate for all types of hair, including dense, thick, coarse or curly hair. Manual with no battery required and Waterproof.', '▶ Refund And Warranty - Get two scalp massager for hair growth and start your scalp salon，1 years money back guarantee. If you have any question, send email to us, we will reply in 24 hours.']",023567,"[""title: Good \ntext: Good product, doesn't tangle my hair and makes my scalp feel cleaner"", 'title: Great quality for the price \ntext: I was worried about quality for the price, but I am really impressed! I love mine.', 'title: great \ntext: very good product kind of hard to hold, i recommend putting your fingers through the handle instead of holding it by the handle', 'title: Feels great \ntext: I have only used this once but so far I really liked it! It felt nice and worked well.  I am hopeful that it is good quality and lasts a long time.', 'title: Great Product \ntext: Really like this product. Does an amazing job when washing and conditioning my hair. Great scalp/head massager without being rough. Would definitely recommend.', 'title: Great value great product \ntext: This is such a great deal for a pack of two. I had originally bought a different brand that was more expensive but in comparison these are just as great. The bristles are stiff enough to actually make it feel like youre giving yourself a scalp massage during shower. Colors are vibrant and cute!']","The product is praised for its quality, with users noting that it effectively prevents hair tangling and leaves the scalp feeling cleaner[0]. Many users express satisfaction with the product's quality, especially considering its price, highlighting that it exceeds expectations[1]. Although some find it slightly difficult to hold, they suggest a different grip method to improve usability[2]. Initial impressions are positive, with users hopeful about its durability and long-term quality[3]. The product is commended for its effectiveness in washing and conditioning hair, as well as its gentle yet effective scalp massaging capabilities[4]. Additionally, it is considered a great value, with users appreciating the vibrant colors and the quality of the bristles, which enhance the scalp massage experience[5].",7.75
How’s the quality of this product,"['▶ Improve Blood Circulation, Massager Scalp - Chialstar scalp massager provides gentle stimulation to increase the blood circulation for daily health care with comfortable and relaxing feeling. Massage your scalp, neck or body, relieving fatigue, pressure and muscles sore. Strengthen the roots of your hair and nourish the hair shafts.', '▶ Powerful Cleaning Ability - Using this shampoo brush to clean hair, or shower, your scalp will feel so much cleaner in the shower, good to remove dandruff and remove hardened sebum & dirt. What’s more it prevents hair loss by scalp stimulation and help to hair growth.', ""▶ Soft Silicone - The scalp brush is made of silicon, soft enough to use for kids, very gentle, doesn't irritate your scalp at all, sturdy, will not deformated. No need to worry about your long nails or sensitive scalp."", '▶ Works for Any Hair Texture - Scalp hair brush works appropriate for all types of hair, including dense, thick, coarse or curly hair. Manual with no battery required and Waterproof.', '▶ Refund And Warranty - Get two scalp massager for hair growth and start your scalp salon，1 years money back guarantee. If you have any question, send email to us, we will reply in 24 hours.']",024567,"[""title: Good \ntext: Good product, doesn't tangle my hair and makes my scalp feel cleaner"", 'title: Great quality for the price \ntext: I was worried about quality for the price, but I am really impressed! I love mine.', 'title: Helps with dry winter scalp! \ntext: The product is great quality and seems pretty sturdy. The scrubby feels soft but is firm enough to get a good scrub going on :) I noticed help with dry skin and dandruff after just one use.', 'title: Feels great \ntext: I have only used this once but so far I really liked it! It felt nice and worked well.  I am hopeful that it is good quality and lasts a long time.', 'title: Great Product \ntext: Really like this product. Does an amazing job when washing and conditioning my hair. Great scalp/head massager without being rough. Would definitely recommend.', 'title: Great value great product \ntext: This is such a great deal for a pack of two. I had originally bought a different brand that was more expensive but in comparison these are just as great. The bristles are stiff enough to actually make it feel like youre giving yourself a scalp massage during shower. Colors are vibrant and cute!']","The product is praised for its quality, with users noting that it effectively cleans the scalp without tangling hair and helps with dry skin and dandruff after just one use [0][2]. Customers express satisfaction with the product's sturdiness and the value it offers for the price, comparing it favorably to more expensive alternatives [1][5]. The product's design, including its soft yet firm bristles, is highlighted as being effective for scalp massages without being rough [2][4][5]. Overall, users are impressed with the product's performance and would recommend it to others [4].",7.75
How’s the quality of this product,"['▶ Improve Blood Circulation, Massager Scalp - Chialstar scalp massager provides gentle stimulation to increase the blood circulation for daily health care with comfortable and relaxing feeling. Massage your scalp, neck or body, relieving fatigue, pressure and muscles sore. Strengthen the roots of your hair and nourish the hair shafts.', '▶ Powerful Cleaning Ability - Using this shampoo brush to clean hair, or shower, your scalp will feel so much cleaner in the shower, good to remove dandruff and remove hardened sebum & dirt. What’s more it prevents hair loss by scalp stimulation and help to hair growth.', ""▶ Soft Silicone - The scalp brush is made of silicon, soft enough to use for kids, very gentle, doesn't irritate your scalp at all, sturdy, will not deformated. No need to worry about your long nails or sensitive scalp."", '▶ Works for Any Hair Texture - Scalp hair brush works appropriate for all types of hair, including dense, thick, coarse or curly hair. Manual with no battery required and Waterproof.', '▶ Refund And Warranty - Get two scalp massager for hair growth and start your scalp salon，1 years money back guarantee. If you have any question, send email to us, we will reply in 24 hours.']",034567,"[""title: Good \ntext: Good product, doesn't tangle my hair and makes my scalp feel cleaner"", 'title: great \ntext: very good product kind of hard to hold, i recommend putting your fingers through the handle instead of holding it by the handle', 'title: Helps with dry winter scalp! \ntext: The product is great quality and seems pretty sturdy. The scrubby feels soft but is firm enough to get a good scrub going on :) I noticed help with dry skin and dandruff after just one use.', 'title: Feels great \ntext: I have only used this once but so far I really liked it! It felt nice and worked well.  I am hopeful that it is good quality and lasts a long time.', 'title: Great Product \ntext: Really like this product. Does an amazing job when washing and conditioning my hair. Great scalp/head massager without being rough. Would definitely recommend.', 'title: Great value great product \ntext: This is such a great deal for a pack of two. I had originally bought a different brand that was more expensive but in comparison these are just as great. The bristles are stiff enough to actually make it feel like youre giving yourself a scalp massage during shower. Colors are vibrant and cute!']","The product is praised for its quality, as it effectively cleans the scalp and prevents hair tangling, providing a cleaner feel after use [0]. Users appreciate its sturdiness and the soft yet firm texture of the scrubby, which helps with dry skin and dandruff [2]. Although some find it hard to hold, a suggested grip technique improves usability [1]. The product is also noted for its effectiveness in washing and conditioning hair, offering a gentle yet effective scalp massage [4]. Additionally, it is considered a great value, comparable to more expensive brands, with vibrant and appealing colors [5]. Overall, the product is well-received for its quality and performance [0][2][4].",7.75
How’s the quality of this product,"['▶ Improve Blood Circulation, Massager Scalp - Chialstar scalp massager provides gentle stimulation to increase the blood circulation for daily health care with comfortable and relaxing feeling. Massage your scalp, neck or body, relieving fatigue, pressure and muscles sore. Strengthen the roots of your hair and nourish the hair shafts.', '▶ Powerful Cleaning Ability - Using this shampoo brush to clean hair, or shower, your scalp will feel so much cleaner in the shower, good to remove dandruff and remove hardened sebum & dirt. What’s more it prevents hair loss by scalp stimulation and help to hair growth.', ""▶ Soft Silicone - The scalp brush is made of silicon, soft enough to use for kids, very gentle, doesn't irritate your scalp at all, sturdy, will not deformated. No need to worry about your long nails or sensitive scalp."", '▶ Works for Any Hair Texture - Scalp hair brush works appropriate for all types of hair, including dense, thick, coarse or curly hair. Manual with no battery required and Waterproof.', '▶ Refund And Warranty - Get two scalp massager for hair growth and start your scalp salon，1 years money back guarantee. If you have any question, send email to us, we will reply in 24 hours.']",123456,"['title: It works \ntext: It works well and seems like a good product for the price', 'title: Great quality for the price \ntext: I was worried about quality for the price, but I am really impressed! I love mine.', 'title: great \ntext: very good product kind of hard to hold, i recommend putting your fingers through the handle instead of holding it by the handle', 'title: Helps with dry winter scalp! \ntext: The product is great quality and seems pretty sturdy. The scrubby feels soft but is firm enough to get a good scrub going on :) I noticed help with dry skin and dandruff after just one use.', 'title: Feels great \ntext: I have only used this once but so far I really liked it! It felt nice and worked well.  I am hopeful that it is good quality and lasts a long time.', 'title: Great Product \ntext: Really like this product. Does an amazing job when washing and conditioning my hair. Great scalp/head massager without being rough. Would definitely recommend.']","The product is generally perceived as being of good quality, especially considering its price point. Users have expressed satisfaction with its performance, noting that it works well and is a good value for the cost [0][1]. Some users have highlighted its sturdiness and effectiveness in addressing issues like dry scalp and dandruff, indicating that it provides a good scrub without being too harsh [3]. Although one user mentioned that the product is somewhat difficult to hold, they still recommend it, suggesting an alternative way to grip it for better handling [2]. Overall, the product is appreciated for its functionality and quality, with users hopeful about its durability [4][5].",7.75
How’s the quality of this product,"['▶ Improve Blood Circulation, Massager Scalp - Chialstar scalp massager provides gentle stimulation to increase the blood circulation for daily health care with comfortable and relaxing feeling. Massage your scalp, neck or body, relieving fatigue, pressure and muscles sore. Strengthen the roots of your hair and nourish the hair shafts.', '▶ Powerful Cleaning Ability - Using this shampoo brush to clean hair, or shower, your scalp will feel so much cleaner in the shower, good to remove dandruff and remove hardened sebum & dirt. What’s more it prevents hair loss by scalp stimulation and help to hair growth.', ""▶ Soft Silicone - The scalp brush is made of silicon, soft enough to use for kids, very gentle, doesn't irritate your scalp at all, sturdy, will not deformated. No need to worry about your long nails or sensitive scalp."", '▶ Works for Any Hair Texture - Scalp hair brush works appropriate for all types of hair, including dense, thick, coarse or curly hair. Manual with no battery required and Waterproof.', '▶ Refund And Warranty - Get two scalp massager for hair growth and start your scalp salon，1 years money back guarantee. If you have any question, send email to us, we will reply in 24 hours.']",123457,"['title: It works \ntext: It works well and seems like a good product for the price', 'title: Great quality for the price \ntext: I was worried about quality for the price, but I am really impressed! I love mine.', 'title: great \ntext: very good product kind of hard to hold, i recommend putting your fingers through the handle instead of holding it by the handle', 'title: Helps with dry winter scalp! \ntext: The product is great quality and seems pretty sturdy. The scrubby feels soft but is firm enough to get a good scrub going on :) I noticed help with dry skin and dandruff after just one use.', 'title: Feels great \ntext: I have only used this once but so far I really liked it! It felt nice and worked well.  I am hopeful that it is good quality and lasts a long time.', 'title: Great value great product \ntext: This is such a great deal for a pack of two. I had originally bought a different brand that was more expensive but in comparison these are just as great. The bristles are stiff enough to actually make it feel like youre giving yourself a scalp massage during shower. Colors are vibrant and cute!']","The product is generally perceived as having good quality, especially considering its price point. Users have expressed satisfaction with its performance, noting that it works well and is a good value for the cost [0][1]. Some users have mentioned that the product is a bit difficult to hold, suggesting an alternative grip method for better handling [2]. The product is described as sturdy and effective in addressing issues like dry skin and dandruff, with users appreciating the balance between softness and firmness of the scrubby [3]. Although one user has only used it once, they are optimistic about its quality and durability [4]. Additionally, the product is considered a great value, with comparisons to more expensive brands indicating similar quality, and users appreciate the vibrant colors and effective bristles [5].",7.75
How’s the quality of this product,"['▶ Improve Blood Circulation, Massager Scalp - Chialstar scalp massager provides gentle stimulation to increase the blood circulation for daily health care with comfortable and relaxing feeling. Massage your scalp, neck or body, relieving fatigue, pressure and muscles sore. Strengthen the roots of your hair and nourish the hair shafts.', '▶ Powerful Cleaning Ability - Using this shampoo brush to clean hair, or shower, your scalp will feel so much cleaner in the shower, good to remove dandruff and remove hardened sebum & dirt. What’s more it prevents hair loss by scalp stimulation and help to hair growth.', ""▶ Soft Silicone - The scalp brush is made of silicon, soft enough to use for kids, very gentle, doesn't irritate your scalp at all, sturdy, will not deformated. No need to worry about your long nails or sensitive scalp."", '▶ Works for Any Hair Texture - Scalp hair brush works appropriate for all types of hair, including dense, thick, coarse or curly hair. Manual with no battery required and Waterproof.', '▶ Refund And Warranty - Get two scalp massager for hair growth and start your scalp salon，1 years money back guarantee. If you have any question, send email to us, we will reply in 24 hours.']",123467,"['title: It works \ntext: It works well and seems like a good product for the price', 'title: Great quality for the price \ntext: I was worried about quality for the price, but I am really impressed! I love mine.', 'title: great \ntext: very good product kind of hard to hold, i recommend putting your fingers through the handle instead of holding it by the handle', 'title: Helps with dry winter scalp! \ntext: The product is great quality and seems pretty sturdy. The scrubby feels soft but is firm enough to get a good scrub going on :) I noticed help with dry skin and dandruff after just one use.', 'title: Great Product \ntext: Really like this product. Does an amazing job when washing and conditioning my hair. Great scalp/head massager without being rough. Would definitely recommend.', 'title: Great value great product \ntext: This is such a great deal for a pack of two. I had originally bought a different brand that was more expensive but in comparison these are just as great. The bristles are stiff enough to actually make it feel like youre giving yourself a scalp massage during shower. Colors are vibrant and cute!']","The product is generally well-received for its quality, especially considering its price point. Users have expressed satisfaction with the product's performance, noting that it works well and is a good value for the price [0]. Many were initially concerned about the quality due to the low cost but were pleasantly surprised by its effectiveness and durability [1]. The product is described as sturdy and effective in addressing issues like dry scalp and dandruff, with users appreciating its soft yet firm texture [3]. It is also praised for its functionality as a scalp massager, providing a pleasant experience without being too harsh [4]. Additionally, the product is considered a great deal, with vibrant colors and bristles that enhance the user experience [5]. However, one user noted that it can be somewhat difficult to hold, suggesting an alternative grip method for better handling [2].",7.75
How’s the quality of this product,"['▶ Improve Blood Circulation, Massager Scalp - Chialstar scalp massager provides gentle stimulation to increase the blood circulation for daily health care with comfortable and relaxing feeling. Massage your scalp, neck or body, relieving fatigue, pressure and muscles sore. Strengthen the roots of your hair and nourish the hair shafts.', '▶ Powerful Cleaning Ability - Using this shampoo brush to clean hair, or shower, your scalp will feel so much cleaner in the shower, good to remove dandruff and remove hardened sebum & dirt. What’s more it prevents hair loss by scalp stimulation and help to hair growth.', ""▶ Soft Silicone - The scalp brush is made of silicon, soft enough to use for kids, very gentle, doesn't irritate your scalp at all, sturdy, will not deformated. No need to worry about your long nails or sensitive scalp."", '▶ Works for Any Hair Texture - Scalp hair brush works appropriate for all types of hair, including dense, thick, coarse or curly hair. Manual with no battery required and Waterproof.', '▶ Refund And Warranty - Get two scalp massager for hair growth and start your scalp salon，1 years money back guarantee. If you have any question, send email to us, we will reply in 24 hours.']",123567,"['title: It works \ntext: It works well and seems like a good product for the price', 'title: Great quality for the price \ntext: I was worried about quality for the price, but I am really impressed! I love mine.', 'title: great \ntext: very good product kind of hard to hold, i recommend putting your fingers through the handle instead of holding it by the handle', 'title: Feels great \ntext: I have only used this once but so far I really liked it! It felt nice and worked well.  I am hopeful that it is good quality and lasts a long time.', 'title: Great Product \ntext: Really like this product. Does an amazing job when washing and conditioning my hair. Great scalp/head massager without being rough. Would definitely recommend.', 'title: Great value great product \ntext: This is such a great deal for a pack of two. I had originally bought a different brand that was more expensive but in comparison these are just as great. The bristles are stiff enough to actually make it feel like youre giving yourself a scalp massage during shower. Colors are vibrant and cute!']","The product is generally perceived as offering good quality for its price, with several users expressing satisfaction with its performance. One user noted that it works well and seems like a good product for the price, indicating a positive cost-to-quality ratio [0]. Another user, initially concerned about the quality due to the low price, was impressed with the product, highlighting its value [1]. Despite some difficulty in handling, the product is described as very good, suggesting that its quality outweighs minor usability issues [2]. A user who has only used the product once reported a positive initial experience, expressing hope that it will prove to be durable [3]. The product is praised for its effectiveness in washing and conditioning hair, as well as its gentle yet effective scalp massaging capabilities [4]. Additionally, the product is considered a great value, with its performance comparable to more expensive alternatives, and features like vibrant colors adding to its appeal [5].",7.75
How’s the quality of this product,"['▶ Improve Blood Circulation, Massager Scalp - Chialstar scalp massager provides gentle stimulation to increase the blood circulation for daily health care with comfortable and relaxing feeling. Massage your scalp, neck or body, relieving fatigue, pressure and muscles sore. Strengthen the roots of your hair and nourish the hair shafts.', '▶ Powerful Cleaning Ability - Using this shampoo brush to clean hair, or shower, your scalp will feel so much cleaner in the shower, good to remove dandruff and remove hardened sebum & dirt. What’s more it prevents hair loss by scalp stimulation and help to hair growth.', ""▶ Soft Silicone - The scalp brush is made of silicon, soft enough to use for kids, very gentle, doesn't irritate your scalp at all, sturdy, will not deformated. No need to worry about your long nails or sensitive scalp."", '▶ Works for Any Hair Texture - Scalp hair brush works appropriate for all types of hair, including dense, thick, coarse or curly hair. Manual with no battery required and Waterproof.', '▶ Refund And Warranty - Get two scalp massager for hair growth and start your scalp salon，1 years money back guarantee. If you have any question, send email to us, we will reply in 24 hours.']",124567,"['title: It works \ntext: It works well and seems like a good product for the price', 'title: Great quality for the price \ntext: I was worried about quality for the price, but I am really impressed! I love mine.', 'title: Helps with dry winter scalp! \ntext: The product is great quality and seems pretty sturdy. The scrubby feels soft but is firm enough to get a good scrub going on :) I noticed help with dry skin and dandruff after just one use.', 'title: Feels great \ntext: I have only used this once but so far I really liked it! It felt nice and worked well.  I am hopeful that it is good quality and lasts a long time.', 'title: Great Product \ntext: Really like this product. Does an amazing job when washing and conditioning my hair. Great scalp/head massager without being rough. Would definitely recommend.', 'title: Great value great product \ntext: This is such a great deal for a pack of two. I had originally bought a different brand that was more expensive but in comparison these are just as great. The bristles are stiff enough to actually make it feel like youre giving yourself a scalp massage during shower. Colors are vibrant and cute!']","The product is generally perceived as high quality, especially considering its price point. Users have expressed satisfaction with its performance, noting that it works well and is a good value for the cost[0][1]. The product is described as sturdy and effective, particularly in addressing issues like dry skin and dandruff, with noticeable results after just one use[2]. Although one user has only used it once, they are optimistic about its quality and longevity[3]. It is praised for its effectiveness in washing and conditioning hair, providing a gentle yet effective scalp massage[4]. Additionally, the product is considered a great value, comparable to more expensive brands, with stiff bristles that enhance the scalp massage experience[5].",7.75
How’s the quality of this product,"['▶ Improve Blood Circulation, Massager Scalp - Chialstar scalp massager provides gentle stimulation to increase the blood circulation for daily health care with comfortable and relaxing feeling. Massage your scalp, neck or body, relieving fatigue, pressure and muscles sore. Strengthen the roots of your hair and nourish the hair shafts.', '▶ Powerful Cleaning Ability - Using this shampoo brush to clean hair, or shower, your scalp will feel so much cleaner in the shower, good to remove dandruff and remove hardened sebum & dirt. What’s more it prevents hair loss by scalp stimulation and help to hair growth.', ""▶ Soft Silicone - The scalp brush is made of silicon, soft enough to use for kids, very gentle, doesn't irritate your scalp at all, sturdy, will not deformated. No need to worry about your long nails or sensitive scalp."", '▶ Works for Any Hair Texture - Scalp hair brush works appropriate for all types of hair, including dense, thick, coarse or curly hair. Manual with no battery required and Waterproof.', '▶ Refund And Warranty - Get two scalp massager for hair growth and start your scalp salon，1 years money back guarantee. If you have any question, send email to us, we will reply in 24 hours.']",134567,"['title: It works \ntext: It works well and seems like a good product for the price', 'title: great \ntext: very good product kind of hard to hold, i recommend putting your fingers through the handle instead of holding it by the handle', 'title: Helps with dry winter scalp! \ntext: The product is great quality and seems pretty sturdy. The scrubby feels soft but is firm enough to get a good scrub going on :) I noticed help with dry skin and dandruff after just one use.', 'title: Feels great \ntext: I have only used this once but so far I really liked it! It felt nice and worked well.  I am hopeful that it is good quality and lasts a long time.', 'title: Great Product \ntext: Really like this product. Does an amazing job when washing and conditioning my hair. Great scalp/head massager without being rough. Would definitely recommend.', 'title: Great value great product \ntext: This is such a great deal for a pack of two. I had originally bought a different brand that was more expensive but in comparison these are just as great. The bristles are stiff enough to actually make it feel like youre giving yourself a scalp massage during shower. Colors are vibrant and cute!']","The product is generally well-received for its quality and effectiveness. Users appreciate its performance, noting that it works well for the price and is a good value[0][5]. Some users mention that it is a bit hard to hold, suggesting an alternative grip method for better handling[1]. The product is praised for its sturdy construction and effectiveness in addressing dry scalp and dandruff issues, with noticeable results after just one use[2]. Although one user has only used it once, they are optimistic about its quality and longevity[3]. It is also highlighted for its excellent performance in washing and conditioning hair, providing a gentle yet effective scalp massage[4]. Overall, the product is considered a great deal, comparable to more expensive brands, with vibrant and appealing colors[5].",7.75
How’s the quality of this product,"['▶ Improve Blood Circulation, Massager Scalp - Chialstar scalp massager provides gentle stimulation to increase the blood circulation for daily health care with comfortable and relaxing feeling. Massage your scalp, neck or body, relieving fatigue, pressure and muscles sore. Strengthen the roots of your hair and nourish the hair shafts.', '▶ Powerful Cleaning Ability - Using this shampoo brush to clean hair, or shower, your scalp will feel so much cleaner in the shower, good to remove dandruff and remove hardened sebum & dirt. What’s more it prevents hair loss by scalp stimulation and help to hair growth.', ""▶ Soft Silicone - The scalp brush is made of silicon, soft enough to use for kids, very gentle, doesn't irritate your scalp at all, sturdy, will not deformated. No need to worry about your long nails or sensitive scalp."", '▶ Works for Any Hair Texture - Scalp hair brush works appropriate for all types of hair, including dense, thick, coarse or curly hair. Manual with no battery required and Waterproof.', '▶ Refund And Warranty - Get two scalp massager for hair growth and start your scalp salon，1 years money back guarantee. If you have any question, send email to us, we will reply in 24 hours.']",234567,"['title: Great quality for the price \ntext: I was worried about quality for the price, but I am really impressed! I love mine.', 'title: great \ntext: very good product kind of hard to hold, i recommend putting your fingers through the handle instead of holding it by the handle', 'title: Helps with dry winter scalp! \ntext: The product is great quality and seems pretty sturdy. The scrubby feels soft but is firm enough to get a good scrub going on :) I noticed help with dry skin and dandruff after just one use.', 'title: Feels great \ntext: I have only used this once but so far I really liked it! It felt nice and worked well.  I am hopeful that it is good quality and lasts a long time.', 'title: Great Product \ntext: Really like this product. Does an amazing job when washing and conditioning my hair. Great scalp/head massager without being rough. Would definitely recommend.', 'title: Great value great product \ntext: This is such a great deal for a pack of two. I had originally bought a different brand that was more expensive but in comparison these are just as great. The bristles are stiff enough to actually make it feel like youre giving yourself a scalp massage during shower. Colors are vibrant and cute!']","The product is praised for its impressive quality, especially considering its price point, with users expressing satisfaction and surprise at its performance [0]. It is noted for being sturdy and effective, with a soft yet firm scrubby that aids in alleviating dry skin and dandruff [2]. Users appreciate its functionality as a scalp massager, highlighting its ability to wash and condition hair effectively without being too harsh [4]. Additionally, the product is considered a great value, comparable to more expensive brands, with vibrant and appealing colors [5]. However, one user mentioned that it can be difficult to hold, suggesting an alternative grip method for better handling [1]. Overall, the product is well-received for its quality and value [0][2][4][5].",7.75
How’s the quality of this product,"['▶ Improve Blood Circulation, Massager Scalp - Chialstar scalp massager provides gentle stimulation to increase the blood circulation for daily health care with comfortable and relaxing feeling. Massage your scalp, neck or body, relieving fatigue, pressure and muscles sore. Strengthen the roots of your hair and nourish the hair shafts.', '▶ Powerful Cleaning Ability - Using this shampoo brush to clean hair, or shower, your scalp will feel so much cleaner in the shower, good to remove dandruff and remove hardened sebum & dirt. What’s more it prevents hair loss by scalp stimulation and help to hair growth.', ""▶ Soft Silicone - The scalp brush is made of silicon, soft enough to use for kids, very gentle, doesn't irritate your scalp at all, sturdy, will not deformated. No need to worry about your long nails or sensitive scalp."", '▶ Works for Any Hair Texture - Scalp hair brush works appropriate for all types of hair, including dense, thick, coarse or curly hair. Manual with no battery required and Waterproof.', '▶ Refund And Warranty - Get two scalp massager for hair growth and start your scalp salon，1 years money back guarantee. If you have any question, send email to us, we will reply in 24 hours.']",0123456,"[""title: Good \ntext: Good product, doesn't tangle my hair and makes my scalp feel cleaner"", 'title: It works \ntext: It works well and seems like a good product for the price', 'title: Great quality for the price \ntext: I was worried about quality for the price, but I am really impressed! I love mine.', 'title: great \ntext: very good product kind of hard to hold, i recommend putting your fingers through the handle instead of holding it by the handle', 'title: Helps with dry winter scalp! \ntext: The product is great quality and seems pretty sturdy. The scrubby feels soft but is firm enough to get a good scrub going on :) I noticed help with dry skin and dandruff after just one use.', 'title: Feels great \ntext: I have only used this once but so far I really liked it! It felt nice and worked well.  I am hopeful that it is good quality and lasts a long time.', 'title: Great Product \ntext: Really like this product. Does an amazing job when washing and conditioning my hair. Great scalp/head massager without being rough. Would definitely recommend.']","The product is generally well-received for its quality, with users noting that it effectively cleans the scalp and does not tangle hair, contributing to a cleaner feel [0]. It is considered a good value for the price, with some users expressing initial concerns about quality that were alleviated upon use [1][2]. The product is described as sturdy and effective in addressing dry skin and dandruff, with a soft yet firm texture that provides a good scrub [4]. Users appreciate its performance in washing and conditioning hair, highlighting its gentle yet effective massaging capabilities [6]. However, one user mentioned that the product can be somewhat difficult to hold, suggesting an alternative grip method for better handling [3]. Overall, the product is praised for its quality and effectiveness across various aspects of hair and scalp care [0][1][2][4][6].",7.75
How’s the quality of this product,"['▶ Improve Blood Circulation, Massager Scalp - Chialstar scalp massager provides gentle stimulation to increase the blood circulation for daily health care with comfortable and relaxing feeling. Massage your scalp, neck or body, relieving fatigue, pressure and muscles sore. Strengthen the roots of your hair and nourish the hair shafts.', '▶ Powerful Cleaning Ability - Using this shampoo brush to clean hair, or shower, your scalp will feel so much cleaner in the shower, good to remove dandruff and remove hardened sebum & dirt. What’s more it prevents hair loss by scalp stimulation and help to hair growth.', ""▶ Soft Silicone - The scalp brush is made of silicon, soft enough to use for kids, very gentle, doesn't irritate your scalp at all, sturdy, will not deformated. No need to worry about your long nails or sensitive scalp."", '▶ Works for Any Hair Texture - Scalp hair brush works appropriate for all types of hair, including dense, thick, coarse or curly hair. Manual with no battery required and Waterproof.', '▶ Refund And Warranty - Get two scalp massager for hair growth and start your scalp salon，1 years money back guarantee. If you have any question, send email to us, we will reply in 24 hours.']",0123457,"[""title: Good \ntext: Good product, doesn't tangle my hair and makes my scalp feel cleaner"", 'title: It works \ntext: It works well and seems like a good product for the price', 'title: Great quality for the price \ntext: I was worried about quality for the price, but I am really impressed! I love mine.', 'title: great \ntext: very good product kind of hard to hold, i recommend putting your fingers through the handle instead of holding it by the handle', 'title: Helps with dry winter scalp! \ntext: The product is great quality and seems pretty sturdy. The scrubby feels soft but is firm enough to get a good scrub going on :) I noticed help with dry skin and dandruff after just one use.', 'title: Feels great \ntext: I have only used this once but so far I really liked it! It felt nice and worked well.  I am hopeful that it is good quality and lasts a long time.', 'title: Great value great product \ntext: This is such a great deal for a pack of two. I had originally bought a different brand that was more expensive but in comparison these are just as great. The bristles are stiff enough to actually make it feel like youre giving yourself a scalp massage during shower. Colors are vibrant and cute!']","The product is praised for its quality, with users noting that it effectively prevents hair tangling and leaves the scalp feeling cleaner[0]. It is considered a good value for the price, with several users expressing satisfaction with its performance and quality[1][2]. Despite some difficulty in handling, the product is recommended for its effectiveness[3]. It is described as sturdy and beneficial for dry scalp and dandruff, with a soft yet firm texture that provides a good scrub[4]. Initial impressions suggest it feels nice and works well, with hopes for long-term durability[5]. Users appreciate the value of a two-pack deal, comparing it favorably to more expensive brands, and highlighting the vibrant colors and effective bristles for a scalp massage[6].",7.75
How’s the quality of this product,"['▶ Improve Blood Circulation, Massager Scalp - Chialstar scalp massager provides gentle stimulation to increase the blood circulation for daily health care with comfortable and relaxing feeling. Massage your scalp, neck or body, relieving fatigue, pressure and muscles sore. Strengthen the roots of your hair and nourish the hair shafts.', '▶ Powerful Cleaning Ability - Using this shampoo brush to clean hair, or shower, your scalp will feel so much cleaner in the shower, good to remove dandruff and remove hardened sebum & dirt. What’s more it prevents hair loss by scalp stimulation and help to hair growth.', ""▶ Soft Silicone - The scalp brush is made of silicon, soft enough to use for kids, very gentle, doesn't irritate your scalp at all, sturdy, will not deformated. No need to worry about your long nails or sensitive scalp."", '▶ Works for Any Hair Texture - Scalp hair brush works appropriate for all types of hair, including dense, thick, coarse or curly hair. Manual with no battery required and Waterproof.', '▶ Refund And Warranty - Get two scalp massager for hair growth and start your scalp salon，1 years money back guarantee. If you have any question, send email to us, we will reply in 24 hours.']",0123467,"[""title: Good \ntext: Good product, doesn't tangle my hair and makes my scalp feel cleaner"", 'title: It works \ntext: It works well and seems like a good product for the price', 'title: Great quality for the price \ntext: I was worried about quality for the price, but I am really impressed! I love mine.', 'title: great \ntext: very good product kind of hard to hold, i recommend putting your fingers through the handle instead of holding it by the handle', 'title: Helps with dry winter scalp! \ntext: The product is great quality and seems pretty sturdy. The scrubby feels soft but is firm enough to get a good scrub going on :) I noticed help with dry skin and dandruff after just one use.', 'title: Great Product \ntext: Really like this product. Does an amazing job when washing and conditioning my hair. Great scalp/head massager without being rough. Would definitely recommend.', 'title: Great value great product \ntext: This is such a great deal for a pack of two. I had originally bought a different brand that was more expensive but in comparison these are just as great. The bristles are stiff enough to actually make it feel like youre giving yourself a scalp massage during shower. Colors are vibrant and cute!']","The product is generally well-received for its quality, with users noting that it effectively cleans the scalp and does not tangle hair, providing a good experience for the price [0][1]. Many users express surprise and satisfaction with the quality given the price, highlighting its impressive performance [2]. While some find it slightly difficult to hold, they suggest a different grip for better handling [3]. The product is praised for its sturdiness and effectiveness in addressing dry scalp and dandruff issues, with users appreciating the soft yet firm texture of the scrubby [4]. It is also noted for its excellent performance in washing and conditioning hair, serving as a gentle yet effective scalp massager [5]. Additionally, the product is considered a great value, especially when compared to more expensive brands, with users appreciating the vibrant colors and the stiff bristles that enhance the scalp massage experience [6].",7.75
How’s the quality of this product,"['▶ Improve Blood Circulation, Massager Scalp - Chialstar scalp massager provides gentle stimulation to increase the blood circulation for daily health care with comfortable and relaxing feeling. Massage your scalp, neck or body, relieving fatigue, pressure and muscles sore. Strengthen the roots of your hair and nourish the hair shafts.', '▶ Powerful Cleaning Ability - Using this shampoo brush to clean hair, or shower, your scalp will feel so much cleaner in the shower, good to remove dandruff and remove hardened sebum & dirt. What’s more it prevents hair loss by scalp stimulation and help to hair growth.', ""▶ Soft Silicone - The scalp brush is made of silicon, soft enough to use for kids, very gentle, doesn't irritate your scalp at all, sturdy, will not deformated. No need to worry about your long nails or sensitive scalp."", '▶ Works for Any Hair Texture - Scalp hair brush works appropriate for all types of hair, including dense, thick, coarse or curly hair. Manual with no battery required and Waterproof.', '▶ Refund And Warranty - Get two scalp massager for hair growth and start your scalp salon，1 years money back guarantee. If you have any question, send email to us, we will reply in 24 hours.']",0123567,"[""title: Good \ntext: Good product, doesn't tangle my hair and makes my scalp feel cleaner"", 'title: It works \ntext: It works well and seems like a good product for the price', 'title: Great quality for the price \ntext: I was worried about quality for the price, but I am really impressed! I love mine.', 'title: great \ntext: very good product kind of hard to hold, i recommend putting your fingers through the handle instead of holding it by the handle', 'title: Feels great \ntext: I have only used this once but so far I really liked it! It felt nice and worked well.  I am hopeful that it is good quality and lasts a long time.', 'title: Great Product \ntext: Really like this product. Does an amazing job when washing and conditioning my hair. Great scalp/head massager without being rough. Would definitely recommend.', 'title: Great value great product \ntext: This is such a great deal for a pack of two. I had originally bought a different brand that was more expensive but in comparison these are just as great. The bristles are stiff enough to actually make it feel like youre giving yourself a scalp massage during shower. Colors are vibrant and cute!']","The product is generally well-received for its quality, with users noting that it effectively prevents hair tangling and leaves the scalp feeling cleaner [0]. It is considered a good value for the price, with several users expressing satisfaction with its performance and quality despite initial concerns about its affordability [1][2]. The product is praised for its effectiveness in washing and conditioning hair, as well as its gentle yet effective scalp massaging capabilities [5][6]. Some users mention minor design issues, such as difficulty in holding the product, but offer solutions to improve usability [3]. Overall, the product is described as a great value, with vibrant and appealing colors, and is recommended by users for its quality and performance [4][6].",7.75
How’s the quality of this product,"['▶ Improve Blood Circulation, Massager Scalp - Chialstar scalp massager provides gentle stimulation to increase the blood circulation for daily health care with comfortable and relaxing feeling. Massage your scalp, neck or body, relieving fatigue, pressure and muscles sore. Strengthen the roots of your hair and nourish the hair shafts.', '▶ Powerful Cleaning Ability - Using this shampoo brush to clean hair, or shower, your scalp will feel so much cleaner in the shower, good to remove dandruff and remove hardened sebum & dirt. What’s more it prevents hair loss by scalp stimulation and help to hair growth.', ""▶ Soft Silicone - The scalp brush is made of silicon, soft enough to use for kids, very gentle, doesn't irritate your scalp at all, sturdy, will not deformated. No need to worry about your long nails or sensitive scalp."", '▶ Works for Any Hair Texture - Scalp hair brush works appropriate for all types of hair, including dense, thick, coarse or curly hair. Manual with no battery required and Waterproof.', '▶ Refund And Warranty - Get two scalp massager for hair growth and start your scalp salon，1 years money back guarantee. If you have any question, send email to us, we will reply in 24 hours.']",0124567,"[""title: Good \ntext: Good product, doesn't tangle my hair and makes my scalp feel cleaner"", 'title: It works \ntext: It works well and seems like a good product for the price', 'title: Great quality for the price \ntext: I was worried about quality for the price, but I am really impressed! I love mine.', 'title: Helps with dry winter scalp! \ntext: The product is great quality and seems pretty sturdy. The scrubby feels soft but is firm enough to get a good scrub going on :) I noticed help with dry skin and dandruff after just one use.', 'title: Feels great \ntext: I have only used this once but so far I really liked it! It felt nice and worked well.  I am hopeful that it is good quality and lasts a long time.', 'title: Great Product \ntext: Really like this product. Does an amazing job when washing and conditioning my hair. Great scalp/head massager without being rough. Would definitely recommend.', 'title: Great value great product \ntext: This is such a great deal for a pack of two. I had originally bought a different brand that was more expensive but in comparison these are just as great. The bristles are stiff enough to actually make it feel like youre giving yourself a scalp massage during shower. Colors are vibrant and cute!']","The product is praised for its quality, with users noting that it effectively prevents hair tangling and leaves the scalp feeling cleaner [0]. It is considered a good value for the price, with several users expressing satisfaction with its performance and sturdiness [1][2][3]. The product is noted for its ability to help with dry skin and dandruff, with users appreciating the soft yet firm texture of the scrubby [3]. Additionally, it is described as a great scalp massager that is not too rough, making it a recommended choice for washing and conditioning hair [5]. The product is also highlighted for its vibrant colors and the value offered by a pack of two, which compares favorably to more expensive brands [6].",7.75
How’s the quality of this product,"['▶ Improve Blood Circulation, Massager Scalp - Chialstar scalp massager provides gentle stimulation to increase the blood circulation for daily health care with comfortable and relaxing feeling. Massage your scalp, neck or body, relieving fatigue, pressure and muscles sore. Strengthen the roots of your hair and nourish the hair shafts.', '▶ Powerful Cleaning Ability - Using this shampoo brush to clean hair, or shower, your scalp will feel so much cleaner in the shower, good to remove dandruff and remove hardened sebum & dirt. What’s more it prevents hair loss by scalp stimulation and help to hair growth.', ""▶ Soft Silicone - The scalp brush is made of silicon, soft enough to use for kids, very gentle, doesn't irritate your scalp at all, sturdy, will not deformated. No need to worry about your long nails or sensitive scalp."", '▶ Works for Any Hair Texture - Scalp hair brush works appropriate for all types of hair, including dense, thick, coarse or curly hair. Manual with no battery required and Waterproof.', '▶ Refund And Warranty - Get two scalp massager for hair growth and start your scalp salon，1 years money back guarantee. If you have any question, send email to us, we will reply in 24 hours.']",0134567,"[""title: Good \ntext: Good product, doesn't tangle my hair and makes my scalp feel cleaner"", 'title: It works \ntext: It works well and seems like a good product for the price', 'title: great \ntext: very good product kind of hard to hold, i recommend putting your fingers through the handle instead of holding it by the handle', 'title: Helps with dry winter scalp! \ntext: The product is great quality and seems pretty sturdy. The scrubby feels soft but is firm enough to get a good scrub going on :) I noticed help with dry skin and dandruff after just one use.', 'title: Feels great \ntext: I have only used this once but so far I really liked it! It felt nice and worked well.  I am hopeful that it is good quality and lasts a long time.', 'title: Great Product \ntext: Really like this product. Does an amazing job when washing and conditioning my hair. Great scalp/head massager without being rough. Would definitely recommend.', 'title: Great value great product \ntext: This is such a great deal for a pack of two. I had originally bought a different brand that was more expensive but in comparison these are just as great. The bristles are stiff enough to actually make it feel like youre giving yourself a scalp massage during shower. Colors are vibrant and cute!']","The product is generally well-received for its quality, with users noting that it effectively cleans the scalp and does not tangle hair[0]. It is considered a good value for the price, performing well in comparison to more expensive alternatives[1][6]. Some users find it slightly difficult to hold, suggesting an alternative grip method for better handling[2]. The product is praised for its sturdiness and effectiveness in addressing dry scalp and dandruff issues, with noticeable improvements after just one use[3]. Initial impressions are positive, with users hopeful about its durability[4]. It is also highlighted for its gentle yet effective scalp massaging capabilities[5].",7.75
How’s the quality of this product,"['▶ Improve Blood Circulation, Massager Scalp - Chialstar scalp massager provides gentle stimulation to increase the blood circulation for daily health care with comfortable and relaxing feeling. Massage your scalp, neck or body, relieving fatigue, pressure and muscles sore. Strengthen the roots of your hair and nourish the hair shafts.', '▶ Powerful Cleaning Ability - Using this shampoo brush to clean hair, or shower, your scalp will feel so much cleaner in the shower, good to remove dandruff and remove hardened sebum & dirt. What’s more it prevents hair loss by scalp stimulation and help to hair growth.', ""▶ Soft Silicone - The scalp brush is made of silicon, soft enough to use for kids, very gentle, doesn't irritate your scalp at all, sturdy, will not deformated. No need to worry about your long nails or sensitive scalp."", '▶ Works for Any Hair Texture - Scalp hair brush works appropriate for all types of hair, including dense, thick, coarse or curly hair. Manual with no battery required and Waterproof.', '▶ Refund And Warranty - Get two scalp massager for hair growth and start your scalp salon，1 years money back guarantee. If you have any question, send email to us, we will reply in 24 hours.']",0234567,"[""title: Good \ntext: Good product, doesn't tangle my hair and makes my scalp feel cleaner"", 'title: Great quality for the price \ntext: I was worried about quality for the price, but I am really impressed! I love mine.', 'title: great \ntext: very good product kind of hard to hold, i recommend putting your fingers through the handle instead of holding it by the handle', 'title: Helps with dry winter scalp! \ntext: The product is great quality and seems pretty sturdy. The scrubby feels soft but is firm enough to get a good scrub going on :) I noticed help with dry skin and dandruff after just one use.', 'title: Feels great \ntext: I have only used this once but so far I really liked it! It felt nice and worked well.  I am hopeful that it is good quality and lasts a long time.', 'title: Great Product \ntext: Really like this product. Does an amazing job when washing and conditioning my hair. Great scalp/head massager without being rough. Would definitely recommend.', 'title: Great value great product \ntext: This is such a great deal for a pack of two. I had originally bought a different brand that was more expensive but in comparison these are just as great. The bristles are stiff enough to actually make it feel like youre giving yourself a scalp massage during shower. Colors are vibrant and cute!']","The product is praised for its quality, with users noting that it effectively cleans the scalp and does not tangle hair, contributing to a cleaner feeling scalp [0]. Despite initial concerns about the price, users are impressed with the quality, indicating that it offers great value for money [1][6]. Some users find it slightly difficult to hold, suggesting an alternative grip method for better handling [2]. The product is described as sturdy and effective in addressing dry skin and dandruff, with a soft yet firm texture that provides a good scrub [3]. Although one user has only used it once, they are optimistic about its quality and durability [4]. It is also highlighted as an excellent tool for washing and conditioning hair, providing a gentle yet effective scalp massage [5]. Overall, the product is considered a great value, comparable to more expensive brands, with vibrant and appealing colors [6].",7.75
How’s the quality of this product,"['▶ Improve Blood Circulation, Massager Scalp - Chialstar scalp massager provides gentle stimulation to increase the blood circulation for daily health care with comfortable and relaxing feeling. Massage your scalp, neck or body, relieving fatigue, pressure and muscles sore. Strengthen the roots of your hair and nourish the hair shafts.', '▶ Powerful Cleaning Ability - Using this shampoo brush to clean hair, or shower, your scalp will feel so much cleaner in the shower, good to remove dandruff and remove hardened sebum & dirt. What’s more it prevents hair loss by scalp stimulation and help to hair growth.', ""▶ Soft Silicone - The scalp brush is made of silicon, soft enough to use for kids, very gentle, doesn't irritate your scalp at all, sturdy, will not deformated. No need to worry about your long nails or sensitive scalp."", '▶ Works for Any Hair Texture - Scalp hair brush works appropriate for all types of hair, including dense, thick, coarse or curly hair. Manual with no battery required and Waterproof.', '▶ Refund And Warranty - Get two scalp massager for hair growth and start your scalp salon，1 years money back guarantee. If you have any question, send email to us, we will reply in 24 hours.']",1234567,"['title: It works \ntext: It works well and seems like a good product for the price', 'title: Great quality for the price \ntext: I was worried about quality for the price, but I am really impressed! I love mine.', 'title: great \ntext: very good product kind of hard to hold, i recommend putting your fingers through the handle instead of holding it by the handle', 'title: Helps with dry winter scalp! \ntext: The product is great quality and seems pretty sturdy. The scrubby feels soft but is firm enough to get a good scrub going on :) I noticed help with dry skin and dandruff after just one use.', 'title: Feels great \ntext: I have only used this once but so far I really liked it! It felt nice and worked well.  I am hopeful that it is good quality and lasts a long time.', 'title: Great Product \ntext: Really like this product. Does an amazing job when washing and conditioning my hair. Great scalp/head massager without being rough. Would definitely recommend.', 'title: Great value great product \ntext: This is such a great deal for a pack of two. I had originally bought a different brand that was more expensive but in comparison these are just as great. The bristles are stiff enough to actually make it feel like youre giving yourself a scalp massage during shower. Colors are vibrant and cute!']","The product is generally perceived as having good quality, especially considering its price point. Users have expressed satisfaction with its performance, noting that it works well and is a good value for the cost[0][1]. Some users have mentioned that the product is a bit difficult to hold, suggesting an alternative grip method for better handling[2]. The product is described as sturdy and effective in addressing issues like dry skin and dandruff, with users appreciating its soft yet firm texture[3]. Although one user has only used it once, they are optimistic about its quality and durability[4]. It is praised for its effectiveness in washing and conditioning hair, providing a gentle yet effective scalp massage[5]. Additionally, the product is considered a great deal, with vibrant colors and bristles that enhance the scalp massage experience[6].",7.75
How’s the quality of this product,"['▶ Improve Blood Circulation, Massager Scalp - Chialstar scalp massager provides gentle stimulation to increase the blood circulation for daily health care with comfortable and relaxing feeling. Massage your scalp, neck or body, relieving fatigue, pressure and muscles sore. Strengthen the roots of your hair and nourish the hair shafts.', '▶ Powerful Cleaning Ability - Using this shampoo brush to clean hair, or shower, your scalp will feel so much cleaner in the shower, good to remove dandruff and remove hardened sebum & dirt. What’s more it prevents hair loss by scalp stimulation and help to hair growth.', ""▶ Soft Silicone - The scalp brush is made of silicon, soft enough to use for kids, very gentle, doesn't irritate your scalp at all, sturdy, will not deformated. No need to worry about your long nails or sensitive scalp."", '▶ Works for Any Hair Texture - Scalp hair brush works appropriate for all types of hair, including dense, thick, coarse or curly hair. Manual with no battery required and Waterproof.', '▶ Refund And Warranty - Get two scalp massager for hair growth and start your scalp salon，1 years money back guarantee. If you have any question, send email to us, we will reply in 24 hours.']",01234567,"[""title: Good \ntext: Good product, doesn't tangle my hair and makes my scalp feel cleaner"", 'title: It works \ntext: It works well and seems like a good product for the price', 'title: Great quality for the price \ntext: I was worried about quality for the price, but I am really impressed! I love mine.', 'title: great \ntext: very good product kind of hard to hold, i recommend putting your fingers through the handle instead of holding it by the handle', 'title: Helps with dry winter scalp! \ntext: The product is great quality and seems pretty sturdy. The scrubby feels soft but is firm enough to get a good scrub going on :) I noticed help with dry skin and dandruff after just one use.', 'title: Feels great \ntext: I have only used this once but so far I really liked it! It felt nice and worked well.  I am hopeful that it is good quality and lasts a long time.', 'title: Great Product \ntext: Really like this product. Does an amazing job when washing and conditioning my hair. Great scalp/head massager without being rough. Would definitely recommend.', 'title: Great value great product \ntext: This is such a great deal for a pack of two. I had originally bought a different brand that was more expensive but in comparison these are just as great. The bristles are stiff enough to actually make it feel like youre giving yourself a scalp massage during shower. Colors are vibrant and cute!']","The product is generally well-received for its quality and effectiveness. Users appreciate that it does not tangle hair and leaves the scalp feeling cleaner, indicating a positive impact on hair care routines [0]. Many comments highlight the product's good quality relative to its price, with users expressing satisfaction and surprise at its performance given its affordability [1][2]. The product is described as sturdy and effective in addressing issues like dry skin and dandruff, with users noting its soft yet firm texture that provides a good scrub [4]. Despite some difficulty in handling, users recommend a specific way to hold it for better use [3]. Overall, the product is praised for its ability to enhance washing and conditioning experiences, offering a gentle yet effective scalp massage [6][7]. The vibrant colors and value for money, especially in a pack of two, are additional positive aspects noted by users [7].",7.75
How’s the quality of this product,"['▶ Improve Blood Circulation, Massager Scalp - Chialstar scalp massager provides gentle stimulation to increase the blood circulation for daily health care with comfortable and relaxing feeling. Massage your scalp, neck or body, relieving fatigue, pressure and muscles sore. Strengthen the roots of your hair and nourish the hair shafts.', '▶ Powerful Cleaning Ability - Using this shampoo brush to clean hair, or shower, your scalp will feel so much cleaner in the shower, good to remove dandruff and remove hardened sebum & dirt. What’s more it prevents hair loss by scalp stimulation and help to hair growth.', ""▶ Soft Silicone - The scalp brush is made of silicon, soft enough to use for kids, very gentle, doesn't irritate your scalp at all, sturdy, will not deformated. No need to worry about your long nails or sensitive scalp."", '▶ Works for Any Hair Texture - Scalp hair brush works appropriate for all types of hair, including dense, thick, coarse or curly hair. Manual with no battery required and Waterproof.', '▶ Refund And Warranty - Get two scalp massager for hair growth and start your scalp salon，1 years money back guarantee. If you have any question, send email to us, we will reply in 24 hours.']",Comment 0,"title: Good 
text: Good product, doesn't tangle my hair and makes my scalp feel cleaner",,0.839583333333333
How’s the quality of this product,"['▶ Improve Blood Circulation, Massager Scalp - Chialstar scalp massager provides gentle stimulation to increase the blood circulation for daily health care with comfortable and relaxing feeling. Massage your scalp, neck or body, relieving fatigue, pressure and muscles sore. Strengthen the roots of your hair and nourish the hair shafts.', '▶ Powerful Cleaning Ability - Using this shampoo brush to clean hair, or shower, your scalp will feel so much cleaner in the shower, good to remove dandruff and remove hardened sebum & dirt. What’s more it prevents hair loss by scalp stimulation and help to hair growth.', ""▶ Soft Silicone - The scalp brush is made of silicon, soft enough to use for kids, very gentle, doesn't irritate your scalp at all, sturdy, will not deformated. No need to worry about your long nails or sensitive scalp."", '▶ Works for Any Hair Texture - Scalp hair brush works appropriate for all types of hair, including dense, thick, coarse or curly hair. Manual with no battery required and Waterproof.', '▶ Refund And Warranty - Get two scalp massager for hair growth and start your scalp salon，1 years money back guarantee. If you have any question, send email to us, we will reply in 24 hours.']",Comment 1,"title: It works 
text: It works well and seems like a good product for the price",,0.6258928571428571
How’s the quality of this product,"['▶ Improve Blood Circulation, Massager Scalp - Chialstar scalp massager provides gentle stimulation to increase the blood circulation for daily health care with comfortable and relaxing feeling. Massage your scalp, neck or body, relieving fatigue, pressure and muscles sore. Strengthen the roots of your hair and nourish the hair shafts.', '▶ Powerful Cleaning Ability - Using this shampoo brush to clean hair, or shower, your scalp will feel so much cleaner in the shower, good to remove dandruff and remove hardened sebum & dirt. What’s more it prevents hair loss by scalp stimulation and help to hair growth.', ""▶ Soft Silicone - The scalp brush is made of silicon, soft enough to use for kids, very gentle, doesn't irritate your scalp at all, sturdy, will not deformated. No need to worry about your long nails or sensitive scalp."", '▶ Works for Any Hair Texture - Scalp hair brush works appropriate for all types of hair, including dense, thick, coarse or curly hair. Manual with no battery required and Waterproof.', '▶ Refund And Warranty - Get two scalp massager for hair growth and start your scalp salon，1 years money back guarantee. If you have any question, send email to us, we will reply in 24 hours.']",Comment 2,"title: Great quality for the price 
text: I was worried about quality for the price, but I am really impressed! I love mine.",,0.786607142857143
How’s the quality of this product,"['▶ Improve Blood Circulation, Massager Scalp - Chialstar scalp massager provides gentle stimulation to increase the blood circulation for daily health care with comfortable and relaxing feeling. Massage your scalp, neck or body, relieving fatigue, pressure and muscles sore. Strengthen the roots of your hair and nourish the hair shafts.', '▶ Powerful Cleaning Ability - Using this shampoo brush to clean hair, or shower, your scalp will feel so much cleaner in the shower, good to remove dandruff and remove hardened sebum & dirt. What’s more it prevents hair loss by scalp stimulation and help to hair growth.', ""▶ Soft Silicone - The scalp brush is made of silicon, soft enough to use for kids, very gentle, doesn't irritate your scalp at all, sturdy, will not deformated. No need to worry about your long nails or sensitive scalp."", '▶ Works for Any Hair Texture - Scalp hair brush works appropriate for all types of hair, including dense, thick, coarse or curly hair. Manual with no battery required and Waterproof.', '▶ Refund And Warranty - Get two scalp massager for hair growth and start your scalp salon，1 years money back guarantee. If you have any question, send email to us, we will reply in 24 hours.']",Comment 3,"title: great 
text: very good product kind of hard to hold, i recommend putting your fingers through the handle instead of holding it by the handle",,0.7699404761904758
How’s the quality of this product,"['▶ Improve Blood Circulation, Massager Scalp - Chialstar scalp massager provides gentle stimulation to increase the blood circulation for daily health care with comfortable and relaxing feeling. Massage your scalp, neck or body, relieving fatigue, pressure and muscles sore. Strengthen the roots of your hair and nourish the hair shafts.', '▶ Powerful Cleaning Ability - Using this shampoo brush to clean hair, or shower, your scalp will feel so much cleaner in the shower, good to remove dandruff and remove hardened sebum & dirt. What’s more it prevents hair loss by scalp stimulation and help to hair growth.', ""▶ Soft Silicone - The scalp brush is made of silicon, soft enough to use for kids, very gentle, doesn't irritate your scalp at all, sturdy, will not deformated. No need to worry about your long nails or sensitive scalp."", '▶ Works for Any Hair Texture - Scalp hair brush works appropriate for all types of hair, including dense, thick, coarse or curly hair. Manual with no battery required and Waterproof.', '▶ Refund And Warranty - Get two scalp massager for hair growth and start your scalp salon，1 years money back guarantee. If you have any question, send email to us, we will reply in 24 hours.']",Comment 4,"title: Helps with dry winter scalp! 
text: The product is great quality and seems pretty sturdy. The scrubby feels soft but is firm enough to get a good scrub going on :) I noticed help with dry skin and dandruff after just one use.",,1.4883928571428575
How’s the quality of this product,"['▶ Improve Blood Circulation, Massager Scalp - Chialstar scalp massager provides gentle stimulation to increase the blood circulation for daily health care with comfortable and relaxing feeling. Massage your scalp, neck or body, relieving fatigue, pressure and muscles sore. Strengthen the roots of your hair and nourish the hair shafts.', '▶ Powerful Cleaning Ability - Using this shampoo brush to clean hair, or shower, your scalp will feel so much cleaner in the shower, good to remove dandruff and remove hardened sebum & dirt. What’s more it prevents hair loss by scalp stimulation and help to hair growth.', ""▶ Soft Silicone - The scalp brush is made of silicon, soft enough to use for kids, very gentle, doesn't irritate your scalp at all, sturdy, will not deformated. No need to worry about your long nails or sensitive scalp."", '▶ Works for Any Hair Texture - Scalp hair brush works appropriate for all types of hair, including dense, thick, coarse or curly hair. Manual with no battery required and Waterproof.', '▶ Refund And Warranty - Get two scalp massager for hair growth and start your scalp salon，1 years money back guarantee. If you have any question, send email to us, we will reply in 24 hours.']",Comment 5,"title: Feels great 
text: I have only used this once but so far I really liked it! It felt nice and worked well.  I am hopeful that it is good quality and lasts a long time.",,0.6675595238095237
How’s the quality of this product,"['▶ Improve Blood Circulation, Massager Scalp - Chialstar scalp massager provides gentle stimulation to increase the blood circulation for daily health care with comfortable and relaxing feeling. Massage your scalp, neck or body, relieving fatigue, pressure and muscles sore. Strengthen the roots of your hair and nourish the hair shafts.', '▶ Powerful Cleaning Ability - Using this shampoo brush to clean hair, or shower, your scalp will feel so much cleaner in the shower, good to remove dandruff and remove hardened sebum & dirt. What’s more it prevents hair loss by scalp stimulation and help to hair growth.', ""▶ Soft Silicone - The scalp brush is made of silicon, soft enough to use for kids, very gentle, doesn't irritate your scalp at all, sturdy, will not deformated. No need to worry about your long nails or sensitive scalp."", '▶ Works for Any Hair Texture - Scalp hair brush works appropriate for all types of hair, including dense, thick, coarse or curly hair. Manual with no battery required and Waterproof.', '▶ Refund And Warranty - Get two scalp massager for hair growth and start your scalp salon，1 years money back guarantee. If you have any question, send email to us, we will reply in 24 hours.']",Comment 6,"title: Great Product 
text: Really like this product. Does an amazing job when washing and conditioning my hair. Great scalp/head massager without being rough. Would definitely recommend.",,1.2324404761904764
How’s the quality of this product,"['▶ Improve Blood Circulation, Massager Scalp - Chialstar scalp massager provides gentle stimulation to increase the blood circulation for daily health care with comfortable and relaxing feeling. Massage your scalp, neck or body, relieving fatigue, pressure and muscles sore. Strengthen the roots of your hair and nourish the hair shafts.', '▶ Powerful Cleaning Ability - Using this shampoo brush to clean hair, or shower, your scalp will feel so much cleaner in the shower, good to remove dandruff and remove hardened sebum & dirt. What’s more it prevents hair loss by scalp stimulation and help to hair growth.', ""▶ Soft Silicone - The scalp brush is made of silicon, soft enough to use for kids, very gentle, doesn't irritate your scalp at all, sturdy, will not deformated. No need to worry about your long nails or sensitive scalp."", '▶ Works for Any Hair Texture - Scalp hair brush works appropriate for all types of hair, including dense, thick, coarse or curly hair. Manual with no battery required and Waterproof.', '▶ Refund And Warranty - Get two scalp massager for hair growth and start your scalp salon，1 years money back guarantee. If you have any question, send email to us, we will reply in 24 hours.']",Comment 7,"title: Great value great product 
text: This is such a great deal for a pack of two. I had originally bought a different brand that was more expensive but in comparison these are just as great. The bristles are stiff enough to actually make it feel like youre giving yourself a scalp massage during shower. Colors are vibrant and cute!",,1.3395833333333336
