original_query,product_description,subset,comments,summary,avg_score
How quick is the delivery of the gift card,Redeem against anything on PlayStation Store.,0,['title: Rapidity to get the product \ntext: Easy to use and order comes within secondes . I used it for my 10 years old boy'],"The product is noted for its rapid delivery, with orders arriving within seconds, making it convenient for users [0].",8.0
How quick is the delivery of the gift card,Redeem against anything on PlayStation Store.,1,['title: Greatt product \ntext: I like the fact that you get it fast to used it'],"The user appreciates the product's fast delivery, highlighting that it allows them to use it quickly after purchase [0].",7.0
How quick is the delivery of the gift card,Redeem against anything on PlayStation Store.,2,"['title: Delivered fairly fast \ntext: Its not instant delivery but it takes about 10 minutes to get the code, beats going to the store.']","The delivery speed of the product is described as fairly fast, taking about 10 minutes to receive the code, which is considered more convenient than going to a physical store [0].",6.0
How quick is the delivery of the gift card,Redeem against anything on PlayStation Store.,3,['title: Prompt delivery \ntext: Was delivered prompty and worked so there isnt much else to say.'],"The product was delivered promptly, and it functioned as expected, leaving little else to comment on regarding the delivery speed [0].",5.0
How quick is the delivery of the gift card,Redeem against anything on PlayStation Store.,4,['title: Fast Delivery \ntext: I received a code and had a physical copy printed within a minute. Super fast and makes a great gift'],"The delivery speed of the product is exceptionally fast, as one user reported receiving a code and having a physical copy printed within a minute, highlighting its efficiency and suitability as a gift option [0].",9.0
How quick is the delivery of the gift card,Redeem against anything on PlayStation Store.,5,"[""title: Fast digital delivery. \ntext: The digital delivery did not take long at all, that's a plus for me because I have an impatience 11 years old kid at home, also no problems at all Redeeming the code in my sons Playstation 4 either...""]","The digital delivery of the product was notably fast, which was appreciated by the user, especially considering the impatience of their 11-year-old child. Additionally, there were no issues encountered when redeeming the code on a PlayStation 4, highlighting the efficiency of the delivery process [0].",8.0
How quick is the delivery of the gift card,Redeem against anything on PlayStation Store.,6,['title: Fast delivery \ntext: It arrived in my email in less than 5 mins and there were no problems downloading it.'],"The delivery speed of the product was exceptionally fast, with the item arriving via email in less than five minutes without any issues during the download process [0].",8.0
How quick is the delivery of the gift card,Redeem against anything on PlayStation Store.,7,"['title: EASY and FAST delivery! \ntext: Delivered almost instantly to email which made my son very happy!  The code worked perfectly, so glad I can purchase these online as we live quite a distance to the nearest town.  Great transaction!']","The delivery speed of the product was praised for being almost instantaneous, as it was delivered directly to the email, which was a significant convenience for the user who lives far from the nearest town [0].",8.75
How quick is the delivery of the gift card,Redeem against anything on PlayStation Store.,01,"['title: Rapidity to get the product \ntext: Easy to use and order comes within secondes . I used it for my 10 years old boy', 'title: Greatt product \ntext: I like the fact that you get it fast to used it']","The comments highlight the fast delivery speed of the product, with one user noting that the order arrives within seconds, making it easy to use for their 10-year-old child [0]. Another user appreciates the quick delivery, emphasizing that they like receiving the product swiftly for immediate use [1].",8.0
How quick is the delivery of the gift card,Redeem against anything on PlayStation Store.,02,"['title: Rapidity to get the product \ntext: Easy to use and order comes within secondes . I used it for my 10 years old boy', 'title: Delivered fairly fast \ntext: Its not instant delivery but it takes about 10 minutes to get the code, beats going to the store.']","The delivery speed of the product is notably quick, with one user mentioning that the order arrives within seconds, making it very convenient to use [0]. Another user noted that while the delivery is not instant, it takes about 10 minutes to receive the code, which is still faster than going to a physical store [1].",8.0
How quick is the delivery of the gift card,Redeem against anything on PlayStation Store.,03,"['title: Rapidity to get the product \ntext: Easy to use and order comes within secondes . I used it for my 10 years old boy', 'title: Prompt delivery \ntext: Was delivered prompty and worked so there isnt much else to say.']","The comments highlight the fast delivery speed of the product. One user mentions that the order arrives ""within seconds,"" indicating an extremely rapid delivery process [0]. Another user confirms the promptness of the delivery, stating that the product was delivered promptly and functioned as expected [1].",8.0
How quick is the delivery of the gift card,Redeem against anything on PlayStation Store.,04,"['title: Rapidity to get the product \ntext: Easy to use and order comes within secondes . I used it for my 10 years old boy', 'title: Fast Delivery \ntext: I received a code and had a physical copy printed within a minute. Super fast and makes a great gift']","The comments highlight the impressive delivery speed of the product. One user noted that the order was easy to use and arrived within seconds, which was particularly beneficial for their 10-year-old child [0]. Another user praised the service for providing a code and having a physical copy printed within a minute, emphasizing the speed and suitability for gifting [1].",9.0
How quick is the delivery of the gift card,Redeem against anything on PlayStation Store.,05,"['title: Rapidity to get the product \ntext: Easy to use and order comes within secondes . I used it for my 10 years old boy', ""title: Fast digital delivery. \ntext: The digital delivery did not take long at all, that's a plus for me because I have an impatience 11 years old kid at home, also no problems at all Redeeming the code in my sons Playstation 4 either...""]","The comments highlight the quick delivery speed of the product. One user noted that the order arrived within seconds, which was particularly beneficial for their 10-year-old child [0]. Another user appreciated the fast digital delivery, emphasizing that it was a significant advantage given their impatient 11-year-old, and they experienced no issues redeeming the code on a PlayStation 4 [1].",8.0
How quick is the delivery of the gift card,Redeem against anything on PlayStation Store.,06,"['title: Rapidity to get the product \ntext: Easy to use and order comes within secondes . I used it for my 10 years old boy', 'title: Fast delivery \ntext: It arrived in my email in less than 5 mins and there were no problems downloading it.']","The comments highlight the impressive delivery speed of the product. One user noted that the order was easy to use and arrived almost instantaneously, within seconds, which was particularly beneficial for their 10-year-old child [0]. Another user reported receiving the product via email in under five minutes, with no issues encountered during the download process [1].",8.0
How quick is the delivery of the gift card,Redeem against anything on PlayStation Store.,07,"['title: Rapidity to get the product \ntext: Easy to use and order comes within secondes . I used it for my 10 years old boy', 'title: EASY and FAST delivery! \ntext: Delivered almost instantly to email which made my son very happy!  The code worked perfectly, so glad I can purchase these online as we live quite a distance to the nearest town.  Great transaction!']","The delivery speed of the product is highly praised by users, with one comment noting that the order arrives within seconds, making it easy to use for their 10-year-old child [0]. Another user highlights the convenience of receiving the product almost instantly via email, which was particularly beneficial due to their remote location, and expressed satisfaction with the overall transaction [1].",8.75
How quick is the delivery of the gift card,Redeem against anything on PlayStation Store.,12,"['title: Greatt product \ntext: I like the fact that you get it fast to used it', 'title: Delivered fairly fast \ntext: Its not instant delivery but it takes about 10 minutes to get the code, beats going to the store.']","The comments highlight the delivery speed of the product, with one user appreciating the fast delivery that allows them to use the product quickly [0]. Another user notes that while the delivery is not instant, it takes about 10 minutes to receive the code, which they find more convenient than going to a store [1].",7.0
How quick is the delivery of the gift card,Redeem against anything on PlayStation Store.,13,"['title: Greatt product \ntext: I like the fact that you get it fast to used it', 'title: Prompt delivery \ntext: Was delivered prompty and worked so there isnt much else to say.']","The comments highlight the prompt delivery of the product, with one user expressing satisfaction with the fast delivery, allowing them to use the product quickly [0]. Another user also noted the prompt delivery and functionality of the product, indicating a positive experience with the delivery speed [1].",7.0
How quick is the delivery of the gift card,Redeem against anything on PlayStation Store.,14,"['title: Greatt product \ntext: I like the fact that you get it fast to used it', 'title: Fast Delivery \ntext: I received a code and had a physical copy printed within a minute. Super fast and makes a great gift']","The comments highlight the fast delivery speed of the product. One user appreciates the quick delivery, noting that they received the product promptly, allowing them to use it immediately [0]. Another user emphasizes the speed by mentioning that they received a code and had a physical copy printed within a minute, describing the process as super fast and suitable for gifting [1].",9.0
How quick is the delivery of the gift card,Redeem against anything on PlayStation Store.,15,"['title: Greatt product \ntext: I like the fact that you get it fast to used it', ""title: Fast digital delivery. \ntext: The digital delivery did not take long at all, that's a plus for me because I have an impatience 11 years old kid at home, also no problems at all Redeeming the code in my sons Playstation 4 either...""]","The delivery speed of the product is praised for its quickness, allowing users to utilize it promptly. One user appreciates the fast digital delivery, noting that it was beneficial for their impatient child and that there were no issues redeeming the code on a PlayStation 4 [0][1].",8.0
How quick is the delivery of the gift card,Redeem against anything on PlayStation Store.,16,"['title: Greatt product \ntext: I like the fact that you get it fast to used it', 'title: Fast delivery \ntext: It arrived in my email in less than 5 mins and there were no problems downloading it.']","The comments highlight the fast delivery speed of the product, with one user appreciating the quick availability for use and another noting that the product arrived in their email in less than five minutes without any issues during download [0][1].",8.0
How quick is the delivery of the gift card,Redeem against anything on PlayStation Store.,17,"['title: Greatt product \ntext: I like the fact that you get it fast to used it', 'title: EASY and FAST delivery! \ntext: Delivered almost instantly to email which made my son very happy!  The code worked perfectly, so glad I can purchase these online as we live quite a distance to the nearest town.  Great transaction!']","The delivery speed of the product is highly praised by users. One user appreciates the fast delivery, which allowed them to use the product quickly [0]. Another user highlights the ease and speed of delivery, noting that the product was delivered almost instantly via email, which was particularly beneficial given their remote location [1].",8.75
How quick is the delivery of the gift card,Redeem against anything on PlayStation Store.,23,"['title: Delivered fairly fast \ntext: Its not instant delivery but it takes about 10 minutes to get the code, beats going to the store.', 'title: Prompt delivery \ntext: Was delivered prompty and worked so there isnt much else to say.']","The delivery speed of the product is generally considered to be fast, with one user noting that it takes about 10 minutes to receive the code, which is quicker than going to a physical store [0]. Another user described the delivery as prompt and effective, indicating satisfaction with the speed [1].",6.0
How quick is the delivery of the gift card,Redeem against anything on PlayStation Store.,24,"['title: Delivered fairly fast \ntext: Its not instant delivery but it takes about 10 minutes to get the code, beats going to the store.', 'title: Fast Delivery \ntext: I received a code and had a physical copy printed within a minute. Super fast and makes a great gift']","The delivery speed of the product is generally fast, with one user noting that it takes about 10 minutes to receive a code, which is quicker than going to a store [0]. Another user reported receiving a code and having a physical copy printed within a minute, highlighting the service as super fast and convenient for gifting [1].",9.0
How quick is the delivery of the gift card,Redeem against anything on PlayStation Store.,25,"['title: Delivered fairly fast \ntext: Its not instant delivery but it takes about 10 minutes to get the code, beats going to the store.', ""title: Fast digital delivery. \ntext: The digital delivery did not take long at all, that's a plus for me because I have an impatience 11 years old kid at home, also no problems at all Redeeming the code in my sons Playstation 4 either...""]","The delivery speed of the product is generally considered fast, with one user noting that it takes about 10 minutes to receive the code, which is quicker than going to a physical store [0]. Another user appreciated the quick digital delivery, highlighting its convenience for impatient users, such as children, and reported no issues with redeeming the code on a PlayStation 4 [1].",8.0
How quick is the delivery of the gift card,Redeem against anything on PlayStation Store.,26,"['title: Delivered fairly fast \ntext: Its not instant delivery but it takes about 10 minutes to get the code, beats going to the store.', 'title: Fast delivery \ntext: It arrived in my email in less than 5 mins and there were no problems downloading it.']","The delivery speed of the product is generally fast, with one user noting that it takes about 10 minutes to receive the code, which is quicker than going to a store [0]. Another user reported receiving the product in their email in less than 5 minutes, with no issues encountered during the download process [1].",8.0
How quick is the delivery of the gift card,Redeem against anything on PlayStation Store.,27,"['title: Delivered fairly fast \ntext: Its not instant delivery but it takes about 10 minutes to get the code, beats going to the store.', 'title: EASY and FAST delivery! \ntext: Delivered almost instantly to email which made my son very happy!  The code worked perfectly, so glad I can purchase these online as we live quite a distance to the nearest town.  Great transaction!']","The delivery speed of the product is generally perceived as fast, with one user noting that it takes about 10 minutes to receive the code, which is quicker than going to a physical store [0]. Another user described the delivery as almost instant, highlighting the convenience of receiving the product via email, especially given their remote location [1].",8.75
How quick is the delivery of the gift card,Redeem against anything on PlayStation Store.,34,"['title: Prompt delivery \ntext: Was delivered prompty and worked so there isnt much else to say.', 'title: Fast Delivery \ntext: I received a code and had a physical copy printed within a minute. Super fast and makes a great gift']","The comments highlight the prompt and fast delivery of the product. One user noted that the product was delivered promptly and functioned as expected, leaving little else to comment on [0]. Another user praised the speed of delivery, mentioning that they received a code and had a physical copy printed within a minute, which they found impressive and suitable for gifting [1].",9.0
How quick is the delivery of the gift card,Redeem against anything on PlayStation Store.,35,"['title: Prompt delivery \ntext: Was delivered prompty and worked so there isnt much else to say.', ""title: Fast digital delivery. \ntext: The digital delivery did not take long at all, that's a plus for me because I have an impatience 11 years old kid at home, also no problems at all Redeeming the code in my sons Playstation 4 either...""]","The comments highlight the prompt and efficient delivery of the product. One user noted that the product was delivered promptly and functioned as expected, leaving little else to comment on regarding the delivery experience [0]. Another user appreciated the fast digital delivery, which was particularly beneficial given their impatient child, and reported no issues with redeeming the code on a PlayStation 4 [1].",8.0
How quick is the delivery of the gift card,Redeem against anything on PlayStation Store.,36,"['title: Prompt delivery \ntext: Was delivered prompty and worked so there isnt much else to say.', 'title: Fast delivery \ntext: It arrived in my email in less than 5 mins and there were no problems downloading it.']","The comments indicate that the product delivery was prompt and efficient. One user mentioned that the product was delivered promptly and functioned as expected, leaving little else to comment on [0]. Another user highlighted the speed of delivery, noting that the product arrived in their email in less than five minutes and was downloaded without any issues [1].",8.0
How quick is the delivery of the gift card,Redeem against anything on PlayStation Store.,37,"['title: Prompt delivery \ntext: Was delivered prompty and worked so there isnt much else to say.', 'title: EASY and FAST delivery! \ntext: Delivered almost instantly to email which made my son very happy!  The code worked perfectly, so glad I can purchase these online as we live quite a distance to the nearest town.  Great transaction!']","The comments highlight the prompt and efficient delivery of the product. One user noted that the product was delivered promptly and functioned as expected, leaving little else to comment on [0]. Another user praised the delivery for being almost instantaneous, which brought joy to their son, and appreciated the convenience of online purchasing due to their remote location [1].",8.75
How quick is the delivery of the gift card,Redeem against anything on PlayStation Store.,45,"['title: Fast Delivery \ntext: I received a code and had a physical copy printed within a minute. Super fast and makes a great gift', ""title: Fast digital delivery. \ntext: The digital delivery did not take long at all, that's a plus for me because I have an impatience 11 years old kid at home, also no problems at all Redeeming the code in my sons Playstation 4 either...""]","The comments highlight the impressive speed of both physical and digital product delivery. One user noted that they received a code and had a physical copy printed within a minute, emphasizing the efficiency and suitability of the service for gifting purposes [0]. Another user appreciated the quick digital delivery, which was particularly beneficial for their impatient child, and reported no issues with redeeming the code on a PlayStation 4 [1].",9.0
How quick is the delivery of the gift card,Redeem against anything on PlayStation Store.,46,"['title: Fast Delivery \ntext: I received a code and had a physical copy printed within a minute. Super fast and makes a great gift', 'title: Fast delivery \ntext: It arrived in my email in less than 5 mins and there were no problems downloading it.']","The comments highlight the impressive delivery speed of the product. One user mentioned receiving a code and having a physical copy printed within a minute, emphasizing the quickness and suitability as a gift option [0]. Another user reported that the product arrived in their email in less than five minutes, with no issues encountered during the download process [1].",9.0
How quick is the delivery of the gift card,Redeem against anything on PlayStation Store.,47,"['title: Fast Delivery \ntext: I received a code and had a physical copy printed within a minute. Super fast and makes a great gift', 'title: EASY and FAST delivery! \ntext: Delivered almost instantly to email which made my son very happy!  The code worked perfectly, so glad I can purchase these online as we live quite a distance to the nearest town.  Great transaction!']","The delivery speed of the product is highly praised by users, with one comment noting that they received a code and had a physical copy printed within a minute, highlighting the service as super fast and suitable for gifting purposes [0]. Another user expressed satisfaction with the almost instant email delivery, which was particularly beneficial given their remote location, and appreciated the seamless transaction [1].",9.0
How quick is the delivery of the gift card,Redeem against anything on PlayStation Store.,56,"[""title: Fast digital delivery. \ntext: The digital delivery did not take long at all, that's a plus for me because I have an impatience 11 years old kid at home, also no problems at all Redeeming the code in my sons Playstation 4 either..."", 'title: Fast delivery \ntext: It arrived in my email in less than 5 mins and there were no problems downloading it.']","The comments highlight the fast delivery speed of digital products. One user appreciated the quick digital delivery, which was beneficial for their impatient child, and noted no issues with redeeming the code on a PlayStation 4 [0]. Another user mentioned that the product arrived in their email in less than five minutes, with no problems during the download process [1].",8.0
How quick is the delivery of the gift card,Redeem against anything on PlayStation Store.,57,"[""title: Fast digital delivery. \ntext: The digital delivery did not take long at all, that's a plus for me because I have an impatience 11 years old kid at home, also no problems at all Redeeming the code in my sons Playstation 4 either..."", 'title: EASY and FAST delivery! \ntext: Delivered almost instantly to email which made my son very happy!  The code worked perfectly, so glad I can purchase these online as we live quite a distance to the nearest town.  Great transaction!']","The comments highlight the efficiency of the digital delivery service, emphasizing its speed and convenience. One user appreciated the quick delivery as it suited their impatient child and found no issues with redeeming the code on a PlayStation 4 [0]. Another user praised the almost instant email delivery, which was particularly beneficial given their remote location, and noted the transaction was smooth and satisfactory [1].",8.75
How quick is the delivery of the gift card,Redeem against anything on PlayStation Store.,67,"['title: Fast delivery \ntext: It arrived in my email in less than 5 mins and there were no problems downloading it.', 'title: EASY and FAST delivery! \ntext: Delivered almost instantly to email which made my son very happy!  The code worked perfectly, so glad I can purchase these online as we live quite a distance to the nearest town.  Great transaction!']","The delivery speed of the product was exceptionally fast, with one user noting that it arrived in their email in less than five minutes without any issues during the download process [0]. Another user expressed satisfaction with the almost instant delivery to their email, highlighting the convenience of purchasing online due to their remote location [1].",8.75
How quick is the delivery of the gift card,Redeem against anything on PlayStation Store.,012,"['title: Rapidity to get the product \ntext: Easy to use and order comes within secondes . I used it for my 10 years old boy', 'title: Greatt product \ntext: I like the fact that you get it fast to used it', 'title: Delivered fairly fast \ntext: Its not instant delivery but it takes about 10 minutes to get the code, beats going to the store.']","The delivery speed of the product is highly praised by users. One user noted that the order arrives within seconds, highlighting the ease of use and quick delivery time [0]. Another user appreciated the fast delivery, emphasizing the convenience of receiving the product quickly [1]. A third user mentioned that while the delivery is not instant, it takes about 10 minutes to receive the code, which is still faster than going to a physical store [2].",8.0
How quick is the delivery of the gift card,Redeem against anything on PlayStation Store.,013,"['title: Rapidity to get the product \ntext: Easy to use and order comes within secondes . I used it for my 10 years old boy', 'title: Greatt product \ntext: I like the fact that you get it fast to used it', 'title: Prompt delivery \ntext: Was delivered prompty and worked so there isnt much else to say.']","The comments highlight the fast delivery speed of the product. One user mentioned that the order arrives within seconds, emphasizing the ease of use and quick delivery time [0]. Another user appreciated the speed of delivery, noting that they received the product quickly and were able to use it right away [1]. Additionally, a third user confirmed the prompt delivery, stating that the product was delivered promptly and functioned as expected [2].",8.0
How quick is the delivery of the gift card,Redeem against anything on PlayStation Store.,014,"['title: Rapidity to get the product \ntext: Easy to use and order comes within secondes . I used it for my 10 years old boy', 'title: Greatt product \ntext: I like the fact that you get it fast to used it', 'title: Fast Delivery \ntext: I received a code and had a physical copy printed within a minute. Super fast and makes a great gift']","The comments highlight the impressive delivery speed of the product. One user mentions that the order arrives within seconds, making it convenient to use for their 10-year-old child [0]. Another user appreciates the quick delivery, noting that they received the product fast enough to use it immediately [1]. Additionally, a user describes receiving a code and having a physical copy printed within a minute, emphasizing the super-fast delivery which makes it an excellent gift option [2].",9.0
How quick is the delivery of the gift card,Redeem against anything on PlayStation Store.,015,"['title: Rapidity to get the product \ntext: Easy to use and order comes within secondes . I used it for my 10 years old boy', 'title: Greatt product \ntext: I like the fact that you get it fast to used it', ""title: Fast digital delivery. \ntext: The digital delivery did not take long at all, that's a plus for me because I have an impatience 11 years old kid at home, also no problems at all Redeeming the code in my sons Playstation 4 either...""]","The comments highlight the fast delivery speed of the product. One user mentioned that the order arrives within seconds, which they found convenient for their 10-year-old child [0]. Another user appreciated the quick delivery, noting that they received the product fast enough to use it promptly [1]. Additionally, a third user praised the rapid digital delivery, which was beneficial for their impatient 11-year-old, and reported no issues with redeeming the code on a PlayStation 4 [2].",8.0
How quick is the delivery of the gift card,Redeem against anything on PlayStation Store.,016,"['title: Rapidity to get the product \ntext: Easy to use and order comes within secondes . I used it for my 10 years old boy', 'title: Greatt product \ntext: I like the fact that you get it fast to used it', 'title: Fast delivery \ntext: It arrived in my email in less than 5 mins and there were no problems downloading it.']","The comments highlight the fast delivery speed of the product. One user noted that the order was easy to use and arrived within seconds, which was beneficial for their 10-year-old boy [0]. Another user appreciated the quick delivery, emphasizing that they received the product fast enough to use it promptly [1]. Additionally, a third user mentioned that the product arrived in their email in less than five minutes, with no issues in downloading it [2].",8.0
How quick is the delivery of the gift card,Redeem against anything on PlayStation Store.,017,"['title: Rapidity to get the product \ntext: Easy to use and order comes within secondes . I used it for my 10 years old boy', 'title: Greatt product \ntext: I like the fact that you get it fast to used it', 'title: EASY and FAST delivery! \ntext: Delivered almost instantly to email which made my son very happy!  The code worked perfectly, so glad I can purchase these online as we live quite a distance to the nearest town.  Great transaction!']","Customers have expressed satisfaction with the delivery speed of the product, noting that orders are received almost instantly, which is particularly convenient for those living far from urban centers. One user highlighted that the product was delivered within seconds, making it easy to use immediately for their child [0]. Another user appreciated the fast delivery, emphasizing the quick access to the product [1]. Additionally, the delivery to email was described as almost instantaneous, contributing to a positive transaction experience [2].",8.75
How quick is the delivery of the gift card,Redeem against anything on PlayStation Store.,023,"['title: Rapidity to get the product \ntext: Easy to use and order comes within secondes . I used it for my 10 years old boy', 'title: Delivered fairly fast \ntext: Its not instant delivery but it takes about 10 minutes to get the code, beats going to the store.', 'title: Prompt delivery \ntext: Was delivered prompty and worked so there isnt much else to say.']","The comments highlight the delivery speed of the product, with users noting that the order process is easy and the product arrives quickly. One user mentioned that the order comes within seconds, making it convenient for use by their 10-year-old child [0]. Another user stated that while the delivery is not instant, it takes about 10 minutes to receive the code, which is still faster than going to a physical store [1]. Additionally, a user described the delivery as prompt and effective, indicating satisfaction with the speed [2].",8.0
How quick is the delivery of the gift card,Redeem against anything on PlayStation Store.,024,"['title: Rapidity to get the product \ntext: Easy to use and order comes within secondes . I used it for my 10 years old boy', 'title: Delivered fairly fast \ntext: Its not instant delivery but it takes about 10 minutes to get the code, beats going to the store.', 'title: Fast Delivery \ntext: I received a code and had a physical copy printed within a minute. Super fast and makes a great gift']","The delivery speed of the product is highly praised by users, with one comment noting that the order arrives within seconds, making it convenient for use by children [0]. Another user mentions that while the delivery is not instant, it takes about 10 minutes to receive the code, which is still faster than going to a physical store [1]. Additionally, a user highlights the speed by stating they received a code and had a physical copy printed within a minute, emphasizing the efficiency and suitability for gifting [2].",9.0
How quick is the delivery of the gift card,Redeem against anything on PlayStation Store.,025,"['title: Rapidity to get the product \ntext: Easy to use and order comes within secondes . I used it for my 10 years old boy', 'title: Delivered fairly fast \ntext: Its not instant delivery but it takes about 10 minutes to get the code, beats going to the store.', ""title: Fast digital delivery. \ntext: The digital delivery did not take long at all, that's a plus for me because I have an impatience 11 years old kid at home, also no problems at all Redeeming the code in my sons Playstation 4 either...""]","The delivery speed of the product is generally perceived as fast by users. One user noted that the order arrives within seconds, making it very convenient to use [0]. Another user mentioned that while the delivery is not instant, it takes about 10 minutes to receive the code, which is still faster than going to a physical store [1]. Additionally, the digital delivery is described as quick, which is appreciated by users with impatient children, and there are no issues with redeeming the code on gaming platforms [2].",8.0
How quick is the delivery of the gift card,Redeem against anything on PlayStation Store.,026,"['title: Rapidity to get the product \ntext: Easy to use and order comes within secondes . I used it for my 10 years old boy', 'title: Delivered fairly fast \ntext: Its not instant delivery but it takes about 10 minutes to get the code, beats going to the store.', 'title: Fast delivery \ntext: It arrived in my email in less than 5 mins and there were no problems downloading it.']","The delivery speed of the product is generally perceived as fast by users. One user noted that the order was received within seconds, highlighting the ease of use and quick delivery time [0]. Another user mentioned that while the delivery is not instant, it takes about 10 minutes to receive the code, which is still faster than going to a physical store [1]. Additionally, a third user reported receiving the product in their email in less than 5 minutes, with no issues encountered during the download process [2].",8.0
How quick is the delivery of the gift card,Redeem against anything on PlayStation Store.,027,"['title: Rapidity to get the product \ntext: Easy to use and order comes within secondes . I used it for my 10 years old boy', 'title: Delivered fairly fast \ntext: Its not instant delivery but it takes about 10 minutes to get the code, beats going to the store.', 'title: EASY and FAST delivery! \ntext: Delivered almost instantly to email which made my son very happy!  The code worked perfectly, so glad I can purchase these online as we live quite a distance to the nearest town.  Great transaction!']","The comments highlight the quick delivery speed of the product, with one user noting that the order arrives within seconds, making it easy to use for their 10-year-old child [0]. Another user mentions that while the delivery is not instant, it takes about 10 minutes to receive the code, which is still faster than going to a store [1]. A third user praises the almost instant email delivery, which was convenient given their remote location, and expresses satisfaction with the transaction [2].",8.75
How quick is the delivery of the gift card,Redeem against anything on PlayStation Store.,034,"['title: Rapidity to get the product \ntext: Easy to use and order comes within secondes . I used it for my 10 years old boy', 'title: Prompt delivery \ntext: Was delivered prompty and worked so there isnt much else to say.', 'title: Fast Delivery \ntext: I received a code and had a physical copy printed within a minute. Super fast and makes a great gift']","The comments highlight the impressive delivery speed of the product. One user noted that the order was completed within seconds, emphasizing the ease of use and quick service [0]. Another user mentioned that the product was delivered promptly and functioned as expected, underscoring the efficiency of the delivery process [1]. Additionally, a user reported receiving a code and having a physical copy printed within a minute, describing the service as super fast and ideal for gifting [2].",9.0
How quick is the delivery of the gift card,Redeem against anything on PlayStation Store.,035,"['title: Rapidity to get the product \ntext: Easy to use and order comes within secondes . I used it for my 10 years old boy', 'title: Prompt delivery \ntext: Was delivered prompty and worked so there isnt much else to say.', ""title: Fast digital delivery. \ntext: The digital delivery did not take long at all, that's a plus for me because I have an impatience 11 years old kid at home, also no problems at all Redeeming the code in my sons Playstation 4 either...""]","The comments highlight the fast delivery speed of the product. One user noted that the order arrived within seconds, making it easy to use for their 10-year-old child [0]. Another user mentioned that the product was delivered promptly and functioned as expected [1]. Additionally, a third user appreciated the quick digital delivery, which was beneficial for their impatient 11-year-old, and reported no issues with redeeming the code on a PlayStation 4 [2].",8.0
How quick is the delivery of the gift card,Redeem against anything on PlayStation Store.,036,"['title: Rapidity to get the product \ntext: Easy to use and order comes within secondes . I used it for my 10 years old boy', 'title: Prompt delivery \ntext: Was delivered prompty and worked so there isnt much else to say.', 'title: Fast delivery \ntext: It arrived in my email in less than 5 mins and there were no problems downloading it.']","The comments highlight the swift delivery speed of the product. One user noted that the order was easy to use and arrived within seconds, which was beneficial for their 10-year-old child [0]. Another user mentioned that the product was delivered promptly and functioned as expected [1]. Additionally, a third user reported receiving the product via email in less than five minutes, with no issues encountered during the download process [2].",8.0
How quick is the delivery of the gift card,Redeem against anything on PlayStation Store.,037,"['title: Rapidity to get the product \ntext: Easy to use and order comes within secondes . I used it for my 10 years old boy', 'title: Prompt delivery \ntext: Was delivered prompty and worked so there isnt much else to say.', 'title: EASY and FAST delivery! \ntext: Delivered almost instantly to email which made my son very happy!  The code worked perfectly, so glad I can purchase these online as we live quite a distance to the nearest town.  Great transaction!']","Customers have praised the delivery speed of the product, highlighting its rapidity and efficiency. One user noted that the order was received within seconds, making it easy to use for their 10-year-old boy [0]. Another customer mentioned that the product was delivered promptly and functioned as expected [1]. Additionally, a user appreciated the almost instant delivery to their email, which was particularly beneficial given their remote location, and expressed satisfaction with the overall transaction [2].",8.75
How quick is the delivery of the gift card,Redeem against anything on PlayStation Store.,045,"['title: Rapidity to get the product \ntext: Easy to use and order comes within secondes . I used it for my 10 years old boy', 'title: Fast Delivery \ntext: I received a code and had a physical copy printed within a minute. Super fast and makes a great gift', ""title: Fast digital delivery. \ntext: The digital delivery did not take long at all, that's a plus for me because I have an impatience 11 years old kid at home, also no problems at all Redeeming the code in my sons Playstation 4 either...""]","The comments highlight the rapid delivery speed of the product. One user noted that the order was easy to use and arrived within seconds, which was beneficial for their 10-year-old child [0]. Another user mentioned receiving a code and having a physical copy printed within a minute, emphasizing the super-fast delivery as a great gift option [1]. Additionally, a third user appreciated the quick digital delivery, which was advantageous for their impatient 11-year-old, and reported no issues with redeeming the code on a PlayStation 4 [2].",9.0
How quick is the delivery of the gift card,Redeem against anything on PlayStation Store.,046,"['title: Rapidity to get the product \ntext: Easy to use and order comes within secondes . I used it for my 10 years old boy', 'title: Fast Delivery \ntext: I received a code and had a physical copy printed within a minute. Super fast and makes a great gift', 'title: Fast delivery \ntext: It arrived in my email in less than 5 mins and there were no problems downloading it.']","The comments highlight the impressive delivery speed of the product. One user noted that the order was easy to use and arrived within seconds, making it suitable for a 10-year-old [0]. Another user mentioned receiving a code and having a physical copy printed within a minute, emphasizing the speed and suitability as a gift [1]. Additionally, a third user reported receiving the product via email in less than five minutes, with no issues in downloading [2].",9.0
How quick is the delivery of the gift card,Redeem against anything on PlayStation Store.,047,"['title: Rapidity to get the product \ntext: Easy to use and order comes within secondes . I used it for my 10 years old boy', 'title: Fast Delivery \ntext: I received a code and had a physical copy printed within a minute. Super fast and makes a great gift', 'title: EASY and FAST delivery! \ntext: Delivered almost instantly to email which made my son very happy!  The code worked perfectly, so glad I can purchase these online as we live quite a distance to the nearest town.  Great transaction!']","The comments highlight the exceptional delivery speed of the product, with users noting that orders are completed almost instantaneously. One user mentioned that the order was completed within seconds, making it convenient for use by their child [0]. Another user praised the rapid delivery, stating that they received a code and had a physical copy printed within a minute, emphasizing its suitability as a quick gift option [1]. Additionally, a user appreciated the instant email delivery, which was particularly beneficial given their remote location, and noted the seamless transaction experience [2].",9.0
How quick is the delivery of the gift card,Redeem against anything on PlayStation Store.,056,"['title: Rapidity to get the product \ntext: Easy to use and order comes within secondes . I used it for my 10 years old boy', ""title: Fast digital delivery. \ntext: The digital delivery did not take long at all, that's a plus for me because I have an impatience 11 years old kid at home, also no problems at all Redeeming the code in my sons Playstation 4 either..."", 'title: Fast delivery \ntext: It arrived in my email in less than 5 mins and there were no problems downloading it.']","The comments highlight the rapid delivery speed of the product, particularly emphasizing the digital aspect. One user noted that the order was easy to use and arrived within seconds, which was beneficial for their 10-year-old child [0]. Another user appreciated the quick digital delivery, which was important for their impatient 11-year-old, and mentioned that there were no issues redeeming the code on a Playstation 4 [1]. Additionally, a third user reported that the product arrived in their email in less than five minutes, with no problems during the download process [2].",8.0
How quick is the delivery of the gift card,Redeem against anything on PlayStation Store.,057,"['title: Rapidity to get the product \ntext: Easy to use and order comes within secondes . I used it for my 10 years old boy', ""title: Fast digital delivery. \ntext: The digital delivery did not take long at all, that's a plus for me because I have an impatience 11 years old kid at home, also no problems at all Redeeming the code in my sons Playstation 4 either..."", 'title: EASY and FAST delivery! \ntext: Delivered almost instantly to email which made my son very happy!  The code worked perfectly, so glad I can purchase these online as we live quite a distance to the nearest town.  Great transaction!']","The comments highlight the rapid delivery speed of the product, emphasizing its convenience and efficiency. One user noted that the order arrived within seconds, which was particularly beneficial for their 10-year-old child [0]. Another user appreciated the fast digital delivery, as it was quick enough to satisfy their impatient 11-year-old, and they encountered no issues redeeming the code on a PlayStation 4 [1]. A third comment praised the almost instant email delivery, which was especially advantageous given their remote location, and noted that the transaction was smooth and satisfactory [2].",8.75
How quick is the delivery of the gift card,Redeem against anything on PlayStation Store.,067,"['title: Rapidity to get the product \ntext: Easy to use and order comes within secondes . I used it for my 10 years old boy', 'title: Fast delivery \ntext: It arrived in my email in less than 5 mins and there were no problems downloading it.', 'title: EASY and FAST delivery! \ntext: Delivered almost instantly to email which made my son very happy!  The code worked perfectly, so glad I can purchase these online as we live quite a distance to the nearest town.  Great transaction!']","The comments highlight the exceptional delivery speed of the product, emphasizing its near-instantaneous arrival. One user noted that the order was completed within seconds, making it highly convenient for use by their 10-year-old child [0]. Another user reported receiving the product in their email in less than five minutes, with no issues during the download process [1]. A third comment praised the almost instant email delivery, which was particularly beneficial given their remote location, and expressed satisfaction with the overall transaction [2].",8.75
How quick is the delivery of the gift card,Redeem against anything on PlayStation Store.,123,"['title: Greatt product \ntext: I like the fact that you get it fast to used it', 'title: Delivered fairly fast \ntext: Its not instant delivery but it takes about 10 minutes to get the code, beats going to the store.', 'title: Prompt delivery \ntext: Was delivered prompty and worked so there isnt much else to say.']","The comments highlight the delivery speed of the product, with users expressing satisfaction with how quickly they received their items. One user appreciates the fast delivery, allowing them to use the product promptly [0]. Another comment notes that while the delivery is not instant, it only takes about 10 minutes to receive the code, which is more convenient than going to a physical store [1]. Additionally, a user mentions that the product was delivered promptly and functioned as expected [2].",7.25
How quick is the delivery of the gift card,Redeem against anything on PlayStation Store.,124,"['title: Greatt product \ntext: I like the fact that you get it fast to used it', 'title: Delivered fairly fast \ntext: Its not instant delivery but it takes about 10 minutes to get the code, beats going to the store.', 'title: Fast Delivery \ntext: I received a code and had a physical copy printed within a minute. Super fast and makes a great gift']","The comments highlight the fast delivery speed of the product. One user appreciates the quick delivery, noting that it allows them to use the product promptly [0]. Another user mentions that while the delivery is not instant, it only takes about 10 minutes to receive the code, which is more convenient than going to a store [1]. A third user praises the delivery speed, stating that they received a code and had a physical copy printed within a minute, emphasizing its suitability as a quick gift option [2].",9.0
How quick is the delivery of the gift card,Redeem against anything on PlayStation Store.,125,"['title: Greatt product \ntext: I like the fact that you get it fast to used it', 'title: Delivered fairly fast \ntext: Its not instant delivery but it takes about 10 minutes to get the code, beats going to the store.', ""title: Fast digital delivery. \ntext: The digital delivery did not take long at all, that's a plus for me because I have an impatience 11 years old kid at home, also no problems at all Redeeming the code in my sons Playstation 4 either...""]","The comments highlight the fast delivery speed of the product, with users expressing satisfaction with the promptness of receiving their digital codes. One user appreciates the quick delivery, noting that it allows them to use the product swiftly [0]. Another user mentions that while the delivery is not instant, it only takes about 10 minutes, which they find preferable to going to a physical store [1]. Additionally, a user emphasizes the benefit of the fast digital delivery, which is particularly advantageous for managing an impatient child, and reports no issues with redeeming the code [2].",8.0
How quick is the delivery of the gift card,Redeem against anything on PlayStation Store.,126,"['title: Greatt product \ntext: I like the fact that you get it fast to used it', 'title: Delivered fairly fast \ntext: Its not instant delivery but it takes about 10 minutes to get the code, beats going to the store.', 'title: Fast delivery \ntext: It arrived in my email in less than 5 mins and there were no problems downloading it.']","The comments highlight the quick delivery speed of the product. One user appreciates the fast delivery, noting that it allows them to use the product quickly [0]. Another user mentions that while the delivery is not instant, it takes about 10 minutes to receive the code, which is still faster than going to a physical store [1]. A third user reports receiving the product in their email in less than 5 minutes, with no issues in downloading it [2].",8.0
How quick is the delivery of the gift card,Redeem against anything on PlayStation Store.,127,"['title: Greatt product \ntext: I like the fact that you get it fast to used it', 'title: Delivered fairly fast \ntext: Its not instant delivery but it takes about 10 minutes to get the code, beats going to the store.', 'title: EASY and FAST delivery! \ntext: Delivered almost instantly to email which made my son very happy!  The code worked perfectly, so glad I can purchase these online as we live quite a distance to the nearest town.  Great transaction!']","The delivery speed of the product is generally perceived as fast by users. One user appreciates the quick delivery, allowing them to use the product promptly [0]. Another user notes that while the delivery is not instant, it takes about 10 minutes to receive the code, which is still faster than going to a physical store [1]. A third user highlights the almost instant email delivery, which was particularly convenient given their remote location [2].",8.75
How quick is the delivery of the gift card,Redeem against anything on PlayStation Store.,134,"['title: Greatt product \ntext: I like the fact that you get it fast to used it', 'title: Prompt delivery \ntext: Was delivered prompty and worked so there isnt much else to say.', 'title: Fast Delivery \ntext: I received a code and had a physical copy printed within a minute. Super fast and makes a great gift']","Several users have praised the delivery speed of the product, highlighting its promptness and efficiency. One user appreciated the fast delivery, noting that it allowed them to use the product quickly [0]. Another user mentioned that the product was delivered promptly and functioned as expected [1]. Additionally, a user described receiving a code and having a physical copy printed within a minute, emphasizing the super-fast delivery, which they found ideal for gifting [2].",9.0
How quick is the delivery of the gift card,Redeem against anything on PlayStation Store.,135,"['title: Greatt product \ntext: I like the fact that you get it fast to used it', 'title: Prompt delivery \ntext: Was delivered prompty and worked so there isnt much else to say.', ""title: Fast digital delivery. \ntext: The digital delivery did not take long at all, that's a plus for me because I have an impatience 11 years old kid at home, also no problems at all Redeeming the code in my sons Playstation 4 either...""]","The comments highlight the fast delivery speed of the product. One user appreciates the quick delivery, noting that it allows them to use the product promptly [0]. Another user confirms the prompt delivery and mentions that the product worked as expected upon arrival [1]. Additionally, a third user praises the fast digital delivery, which was particularly beneficial for their impatient child, and reports no issues with redeeming the product code [2].",8.0
How quick is the delivery of the gift card,Redeem against anything on PlayStation Store.,136,"['title: Greatt product \ntext: I like the fact that you get it fast to used it', 'title: Prompt delivery \ntext: Was delivered prompty and worked so there isnt much else to say.', 'title: Fast delivery \ntext: It arrived in my email in less than 5 mins and there were no problems downloading it.']","The comments highlight the fast delivery speed of the product. One user appreciates the quick delivery, noting that it allows them to use the product promptly [0]. Another user confirms the product was delivered promptly and functioned as expected [1]. Additionally, a user mentions that the product arrived in their email in less than five minutes, with no issues during the download process [2].",8.0
How quick is the delivery of the gift card,Redeem against anything on PlayStation Store.,137,"['title: Greatt product \ntext: I like the fact that you get it fast to used it', 'title: Prompt delivery \ntext: Was delivered prompty and worked so there isnt much else to say.', 'title: EASY and FAST delivery! \ntext: Delivered almost instantly to email which made my son very happy!  The code worked perfectly, so glad I can purchase these online as we live quite a distance to the nearest town.  Great transaction!']","The comments highlight the fast delivery speed of the product. One user appreciates the quick delivery, noting that it allowed them to use the product promptly [0]. Another user confirms the prompt delivery and satisfactory performance of the product [1]. A third user emphasizes the almost instant delivery to their email, which was particularly beneficial due to their remote location, and expresses satisfaction with the transaction [2].",8.75
How quick is the delivery of the gift card,Redeem against anything on PlayStation Store.,145,"['title: Greatt product \ntext: I like the fact that you get it fast to used it', 'title: Fast Delivery \ntext: I received a code and had a physical copy printed within a minute. Super fast and makes a great gift', ""title: Fast digital delivery. \ntext: The digital delivery did not take long at all, that's a plus for me because I have an impatience 11 years old kid at home, also no problems at all Redeeming the code in my sons Playstation 4 either...""]","The comments highlight the fast delivery speed of the product. One user appreciates the quick delivery, noting that it allows them to use the product promptly [0]. Another user mentions receiving a code and having a physical copy printed within a minute, emphasizing the speed and convenience, especially for gifting purposes [1]. Additionally, a third user praises the swift digital delivery, which is beneficial for their impatient child, and reports no issues with redeeming the code on a gaming console [2].",9.0
How quick is the delivery of the gift card,Redeem against anything on PlayStation Store.,146,"['title: Greatt product \ntext: I like the fact that you get it fast to used it', 'title: Fast Delivery \ntext: I received a code and had a physical copy printed within a minute. Super fast and makes a great gift', 'title: Fast delivery \ntext: It arrived in my email in less than 5 mins and there were no problems downloading it.']","The comments highlight the fast delivery speed of the product. One user appreciates the quick delivery, noting that it allows them to use the product promptly [0]. Another user mentions receiving a code and having a physical copy printed within a minute, emphasizing the speed and convenience, especially for gifting purposes [1]. Additionally, a user reports receiving the product via email in less than five minutes, with no issues in downloading it [2].",9.0
How quick is the delivery of the gift card,Redeem against anything on PlayStation Store.,147,"['title: Greatt product \ntext: I like the fact that you get it fast to used it', 'title: Fast Delivery \ntext: I received a code and had a physical copy printed within a minute. Super fast and makes a great gift', 'title: EASY and FAST delivery! \ntext: Delivered almost instantly to email which made my son very happy!  The code worked perfectly, so glad I can purchase these online as we live quite a distance to the nearest town.  Great transaction!']","The comments highlight the fast delivery speed of the product. One user appreciates the quick delivery, noting that they received the product fast enough to use it immediately [0]. Another user mentions receiving a code and having a physical copy printed within a minute, describing the process as super fast and ideal for gifting [1]. A third user shares their satisfaction with the almost instant email delivery, which was particularly beneficial given their remote location, and praises the overall transaction [2].",9.0
How quick is the delivery of the gift card,Redeem against anything on PlayStation Store.,156,"['title: Greatt product \ntext: I like the fact that you get it fast to used it', ""title: Fast digital delivery. \ntext: The digital delivery did not take long at all, that's a plus for me because I have an impatience 11 years old kid at home, also no problems at all Redeeming the code in my sons Playstation 4 either..."", 'title: Fast delivery \ntext: It arrived in my email in less than 5 mins and there were no problems downloading it.']","The comments highlight the fast delivery speed of the product, particularly in the context of digital delivery. One user appreciates the quick delivery, noting that it allows them to use the product promptly [0]. Another user emphasizes the importance of fast digital delivery, especially with an impatient child at home, and mentions the ease of redeeming the product code [1]. Additionally, a user reports receiving the product via email in less than five minutes, with no issues encountered during the download process [2].",8.0
How quick is the delivery of the gift card,Redeem against anything on PlayStation Store.,157,"['title: Greatt product \ntext: I like the fact that you get it fast to used it', ""title: Fast digital delivery. \ntext: The digital delivery did not take long at all, that's a plus for me because I have an impatience 11 years old kid at home, also no problems at all Redeeming the code in my sons Playstation 4 either..."", 'title: EASY and FAST delivery! \ntext: Delivered almost instantly to email which made my son very happy!  The code worked perfectly, so glad I can purchase these online as we live quite a distance to the nearest town.  Great transaction!']","The comments highlight the fast delivery speed of the product, particularly emphasizing the digital delivery aspect. One user appreciated the quick delivery, noting that it allowed them to use the product promptly [0]. Another user praised the rapid digital delivery, which was beneficial for their impatient child, and mentioned the ease of redeeming the code on a gaming console [1]. Additionally, a third comment noted the almost instant email delivery, which was convenient given their remote location, and expressed satisfaction with the transaction [2].",8.75
How quick is the delivery of the gift card,Redeem against anything on PlayStation Store.,167,"['title: Greatt product \ntext: I like the fact that you get it fast to used it', 'title: Fast delivery \ntext: It arrived in my email in less than 5 mins and there were no problems downloading it.', 'title: EASY and FAST delivery! \ntext: Delivered almost instantly to email which made my son very happy!  The code worked perfectly, so glad I can purchase these online as we live quite a distance to the nearest town.  Great transaction!']","Several users praised the delivery speed of the product, highlighting its efficiency and convenience. One user appreciated the fast delivery, noting that they received the product quickly and were able to use it immediately [0]. Another user mentioned that the product arrived in their email in less than five minutes, with no issues during the download process [1]. Additionally, a third user expressed satisfaction with the almost instant email delivery, which was particularly beneficial given their remote location [2].",8.75
How quick is the delivery of the gift card,Redeem against anything on PlayStation Store.,234,"['title: Delivered fairly fast \ntext: Its not instant delivery but it takes about 10 minutes to get the code, beats going to the store.', 'title: Prompt delivery \ntext: Was delivered prompty and worked so there isnt much else to say.', 'title: Fast Delivery \ntext: I received a code and had a physical copy printed within a minute. Super fast and makes a great gift']","The comments highlight the delivery speed of the product, emphasizing its efficiency. One user noted that while the delivery is not instant, it takes about 10 minutes to receive the code, which is faster than going to a store [0]. Another user mentioned that the delivery was prompt and effective, with no further issues to report [1]. Additionally, a user praised the service for its speed, stating that they received a code and had a physical copy printed within a minute, describing it as super fast and ideal for gifting [2].",9.0
How quick is the delivery of the gift card,Redeem against anything on PlayStation Store.,235,"['title: Delivered fairly fast \ntext: Its not instant delivery but it takes about 10 minutes to get the code, beats going to the store.', 'title: Prompt delivery \ntext: Was delivered prompty and worked so there isnt much else to say.', ""title: Fast digital delivery. \ntext: The digital delivery did not take long at all, that's a plus for me because I have an impatience 11 years old kid at home, also no problems at all Redeeming the code in my sons Playstation 4 either...""]","The delivery speed of the product is generally perceived as fast and efficient by users. One user noted that while the delivery is not instant, it takes about 10 minutes to receive the code, which they find preferable to going to a physical store [0]. Another user described the delivery as prompt and satisfactory, with no further issues to report [1]. Additionally, a user appreciated the quick digital delivery, highlighting its importance due to having an impatient child at home, and mentioned that there were no problems redeeming the code on a PlayStation 4 [2].",8.0
How quick is the delivery of the gift card,Redeem against anything on PlayStation Store.,236,"['title: Delivered fairly fast \ntext: Its not instant delivery but it takes about 10 minutes to get the code, beats going to the store.', 'title: Prompt delivery \ntext: Was delivered prompty and worked so there isnt much else to say.', 'title: Fast delivery \ntext: It arrived in my email in less than 5 mins and there were no problems downloading it.']","The comments highlight the delivery speed of the product, emphasizing its efficiency. One user noted that while the delivery is not instant, it takes about 10 minutes to receive the code, which is faster than going to a physical store [0]. Another user described the delivery as prompt, with no issues encountered [1]. A third user reported receiving the product in their email in less than 5 minutes, with a smooth downloading process [2].",8.0
How quick is the delivery of the gift card,Redeem against anything on PlayStation Store.,237,"['title: Delivered fairly fast \ntext: Its not instant delivery but it takes about 10 minutes to get the code, beats going to the store.', 'title: Prompt delivery \ntext: Was delivered prompty and worked so there isnt much else to say.', 'title: EASY and FAST delivery! \ntext: Delivered almost instantly to email which made my son very happy!  The code worked perfectly, so glad I can purchase these online as we live quite a distance to the nearest town.  Great transaction!']","The delivery speed of the product is generally perceived as fast and efficient by users. One user noted that while the delivery is not instant, it takes about 10 minutes to receive the code, which is faster than going to a physical store [0]. Another user described the delivery as prompt, indicating satisfaction with the speed [1]. Additionally, a user highlighted that the delivery was almost instant, arriving via email, which was particularly convenient given their remote location [2].",8.75
How quick is the delivery of the gift card,Redeem against anything on PlayStation Store.,245,"['title: Delivered fairly fast \ntext: Its not instant delivery but it takes about 10 minutes to get the code, beats going to the store.', 'title: Fast Delivery \ntext: I received a code and had a physical copy printed within a minute. Super fast and makes a great gift', ""title: Fast digital delivery. \ntext: The digital delivery did not take long at all, that's a plus for me because I have an impatience 11 years old kid at home, also no problems at all Redeeming the code in my sons Playstation 4 either...""]","The delivery speed of the product is generally perceived as fast by users. One user noted that while the delivery is not instant, it takes about 10 minutes to receive the code, which is faster than going to a store [0]. Another user highlighted receiving a code and having a physical copy printed within a minute, describing the service as super fast and ideal for gifting [1]. Additionally, a user appreciated the quick digital delivery, which was beneficial for their impatient child, and reported no issues with redeeming the code on a PlayStation 4 [2].",9.0
How quick is the delivery of the gift card,Redeem against anything on PlayStation Store.,246,"['title: Delivered fairly fast \ntext: Its not instant delivery but it takes about 10 minutes to get the code, beats going to the store.', 'title: Fast Delivery \ntext: I received a code and had a physical copy printed within a minute. Super fast and makes a great gift', 'title: Fast delivery \ntext: It arrived in my email in less than 5 mins and there were no problems downloading it.']","The delivery speed of the product is generally praised for its quickness. One user noted that while it is not instant, the code is delivered within about 10 minutes, which is faster than going to a store [0]. Another user highlighted receiving a code and having a physical copy printed within a minute, describing the service as super fast and ideal for gifting [1]. Additionally, a third user reported receiving the product in their email in less than 5 minutes, with no issues during the download process [2].",9.0
How quick is the delivery of the gift card,Redeem against anything on PlayStation Store.,247,"['title: Delivered fairly fast \ntext: Its not instant delivery but it takes about 10 minutes to get the code, beats going to the store.', 'title: Fast Delivery \ntext: I received a code and had a physical copy printed within a minute. Super fast and makes a great gift', 'title: EASY and FAST delivery! \ntext: Delivered almost instantly to email which made my son very happy!  The code worked perfectly, so glad I can purchase these online as we live quite a distance to the nearest town.  Great transaction!']","The delivery speed of the product is generally perceived as fast by users. One user noted that while the delivery is not instant, it takes about 10 minutes to receive the code, which is still faster than going to a store [0]. Another user reported receiving a code and having a physical copy printed within a minute, describing the service as super fast and convenient for gifting [1]. Additionally, a user mentioned that the delivery was almost instant, which was particularly beneficial given their remote location, and expressed satisfaction with the transaction [2].",9.0
How quick is the delivery of the gift card,Redeem against anything on PlayStation Store.,256,"['title: Delivered fairly fast \ntext: Its not instant delivery but it takes about 10 minutes to get the code, beats going to the store.', ""title: Fast digital delivery. \ntext: The digital delivery did not take long at all, that's a plus for me because I have an impatience 11 years old kid at home, also no problems at all Redeeming the code in my sons Playstation 4 either..."", 'title: Fast delivery \ntext: It arrived in my email in less than 5 mins and there were no problems downloading it.']","The comments highlight the fast delivery speed of the product, with users noting that the digital delivery is efficient and convenient. One user mentioned that the delivery took about 10 minutes, which they found preferable to going to a store [0]. Another user appreciated the quick delivery, especially since it satisfied their impatient child, and noted no issues with redeeming the code [1]. A third user reported receiving the product in their email in less than 5 minutes, with no problems encountered during the download process [2].",8.0
How quick is the delivery of the gift card,Redeem against anything on PlayStation Store.,257,"['title: Delivered fairly fast \ntext: Its not instant delivery but it takes about 10 minutes to get the code, beats going to the store.', ""title: Fast digital delivery. \ntext: The digital delivery did not take long at all, that's a plus for me because I have an impatience 11 years old kid at home, also no problems at all Redeeming the code in my sons Playstation 4 either..."", 'title: EASY and FAST delivery! \ntext: Delivered almost instantly to email which made my son very happy!  The code worked perfectly, so glad I can purchase these online as we live quite a distance to the nearest town.  Great transaction!']","The delivery speed of the product is generally perceived as fast by users. One user noted that while the delivery is not instant, it takes about 10 minutes to receive the code, which is faster than going to a store [0]. Another user appreciated the quick digital delivery, highlighting its convenience for their impatient child and the seamless redemption process on a PlayStation 4 [1]. Additionally, a third user described the delivery as almost instant, which was particularly beneficial given their remote location, and expressed satisfaction with the overall transaction [2].",8.75
How quick is the delivery of the gift card,Redeem against anything on PlayStation Store.,267,"['title: Delivered fairly fast \ntext: Its not instant delivery but it takes about 10 minutes to get the code, beats going to the store.', 'title: Fast delivery \ntext: It arrived in my email in less than 5 mins and there were no problems downloading it.', 'title: EASY and FAST delivery! \ntext: Delivered almost instantly to email which made my son very happy!  The code worked perfectly, so glad I can purchase these online as we live quite a distance to the nearest town.  Great transaction!']","The delivery speed of the product is generally praised for its quickness. One user noted that while it is not instant, the code is delivered within about 10 minutes, which is faster than going to a physical store [0]. Another user reported receiving the product in less than 5 minutes via email, with no issues in downloading [1]. Additionally, a third user highlighted that the delivery was almost instant, which was particularly convenient given their remote location, and the transaction was smooth [2].",8.75
How quick is the delivery of the gift card,Redeem against anything on PlayStation Store.,345,"['title: Prompt delivery \ntext: Was delivered prompty and worked so there isnt much else to say.', 'title: Fast Delivery \ntext: I received a code and had a physical copy printed within a minute. Super fast and makes a great gift', ""title: Fast digital delivery. \ntext: The digital delivery did not take long at all, that's a plus for me because I have an impatience 11 years old kid at home, also no problems at all Redeeming the code in my sons Playstation 4 either...""]","The comments highlight the prompt and efficient delivery speed of the product. One user noted that the product was delivered promptly and functioned as expected, leaving little else to comment on regarding the delivery experience [0]. Another user praised the speed of receiving a code and having a physical copy printed within a minute, describing it as super fast and ideal for gifting [1]. Additionally, a third user appreciated the quick digital delivery, which was particularly beneficial given their impatient child, and reported no issues with redeeming the code on a PlayStation 4 [2].",9.0
How quick is the delivery of the gift card,Redeem against anything on PlayStation Store.,346,"['title: Prompt delivery \ntext: Was delivered prompty and worked so there isnt much else to say.', 'title: Fast Delivery \ntext: I received a code and had a physical copy printed within a minute. Super fast and makes a great gift', 'title: Fast delivery \ntext: It arrived in my email in less than 5 mins and there were no problems downloading it.']","The comments highlight the prompt and efficient delivery speed of the product. One user noted that the product was delivered promptly and functioned as expected, leaving little else to comment on [0]. Another user praised the delivery speed, mentioning that they received a code and had a physical copy printed within a minute, describing it as super fast and ideal for gifting [1]. Additionally, a third user reported receiving the product via email in less than five minutes, with no issues encountered during the download process [2].",9.0
How quick is the delivery of the gift card,Redeem against anything on PlayStation Store.,347,"['title: Prompt delivery \ntext: Was delivered prompty and worked so there isnt much else to say.', 'title: Fast Delivery \ntext: I received a code and had a physical copy printed within a minute. Super fast and makes a great gift', 'title: EASY and FAST delivery! \ntext: Delivered almost instantly to email which made my son very happy!  The code worked perfectly, so glad I can purchase these online as we live quite a distance to the nearest town.  Great transaction!']","The comments highlight the prompt and efficient delivery speed of the product. One user noted that the product was delivered promptly and functioned as expected, leaving little else to comment on [0]. Another user praised the delivery for being super fast, receiving a code and a printed copy within a minute, which they found ideal for gifting [1]. Additionally, a third user expressed satisfaction with the almost instant email delivery, which was particularly convenient given their remote location, and appreciated the seamless transaction [2].",9.0
How quick is the delivery of the gift card,Redeem against anything on PlayStation Store.,356,"['title: Prompt delivery \ntext: Was delivered prompty and worked so there isnt much else to say.', ""title: Fast digital delivery. \ntext: The digital delivery did not take long at all, that's a plus for me because I have an impatience 11 years old kid at home, also no problems at all Redeeming the code in my sons Playstation 4 either..."", 'title: Fast delivery \ntext: It arrived in my email in less than 5 mins and there were no problems downloading it.']","The comments highlight the promptness and efficiency of the product's delivery. One user noted that the product was delivered promptly and functioned as expected, leaving little else to comment on regarding the delivery process [0]. Another user appreciated the fast digital delivery, which was particularly beneficial given their impatient child, and reported no issues with redeeming the code on a PlayStation 4 [1]. Additionally, a third user mentioned that the product arrived in their email in less than five minutes, with no problems encountered during the download process [2].",8.0
How quick is the delivery of the gift card,Redeem against anything on PlayStation Store.,357,"['title: Prompt delivery \ntext: Was delivered prompty and worked so there isnt much else to say.', ""title: Fast digital delivery. \ntext: The digital delivery did not take long at all, that's a plus for me because I have an impatience 11 years old kid at home, also no problems at all Redeeming the code in my sons Playstation 4 either..."", 'title: EASY and FAST delivery! \ntext: Delivered almost instantly to email which made my son very happy!  The code worked perfectly, so glad I can purchase these online as we live quite a distance to the nearest town.  Great transaction!']","The comments highlight the prompt and efficient delivery speed of the product. One user noted that the product was delivered promptly and functioned as expected, leaving little else to comment on [0]. Another user appreciated the fast digital delivery, which was particularly beneficial given their impatience with an 11-year-old child, and noted no issues with redeeming the code on a PlayStation 4 [1]. A third user praised the almost instant email delivery, which was especially convenient due to their remote location, and expressed satisfaction with the transaction [2].",8.75
How quick is the delivery of the gift card,Redeem against anything on PlayStation Store.,367,"['title: Prompt delivery \ntext: Was delivered prompty and worked so there isnt much else to say.', 'title: Fast delivery \ntext: It arrived in my email in less than 5 mins and there were no problems downloading it.', 'title: EASY and FAST delivery! \ntext: Delivered almost instantly to email which made my son very happy!  The code worked perfectly, so glad I can purchase these online as we live quite a distance to the nearest town.  Great transaction!']","The comments highlight the prompt and efficient delivery speed of the product. One user noted that the product was delivered promptly and functioned as expected, leaving little else to comment on [0]. Another user praised the fast delivery, mentioning that the product arrived in their email in less than five minutes without any issues during the download process [1]. A third user expressed satisfaction with the almost instant email delivery, which was particularly appreciated due to their remote location, and noted that the transaction was smooth and the product worked perfectly [2].",8.75
How quick is the delivery of the gift card,Redeem against anything on PlayStation Store.,456,"['title: Fast Delivery \ntext: I received a code and had a physical copy printed within a minute. Super fast and makes a great gift', ""title: Fast digital delivery. \ntext: The digital delivery did not take long at all, that's a plus for me because I have an impatience 11 years old kid at home, also no problems at all Redeeming the code in my sons Playstation 4 either..."", 'title: Fast delivery \ntext: It arrived in my email in less than 5 mins and there were no problems downloading it.']","The comments highlight the swift delivery speed of the product, particularly in digital format. One user noted that they received a code and had a physical copy printed within a minute, emphasizing the speed and suitability as a gift [0]. Another user appreciated the quick digital delivery, which was beneficial for their impatient child, and reported no issues with redeeming the code on a PlayStation 4 [1]. Additionally, a third user mentioned receiving the product via email in less than five minutes, with no problems encountered during the download process [2].",9.0
How quick is the delivery of the gift card,Redeem against anything on PlayStation Store.,457,"['title: Fast Delivery \ntext: I received a code and had a physical copy printed within a minute. Super fast and makes a great gift', ""title: Fast digital delivery. \ntext: The digital delivery did not take long at all, that's a plus for me because I have an impatience 11 years old kid at home, also no problems at all Redeeming the code in my sons Playstation 4 either..."", 'title: EASY and FAST delivery! \ntext: Delivered almost instantly to email which made my son very happy!  The code worked perfectly, so glad I can purchase these online as we live quite a distance to the nearest town.  Great transaction!']","The comments highlight the fast delivery speed of the product, particularly emphasizing the efficiency of digital delivery. One user noted that they received a code and had a physical copy printed within a minute, describing the process as super fast and suitable for gifting purposes [0]. Another user appreciated the quick digital delivery, which was beneficial for their impatient child, and reported no issues with redeeming the code on a PlayStation 4 [1]. Additionally, a third user mentioned that the delivery was almost instant via email, which was convenient given their remote location, and expressed satisfaction with the transaction [2].",9.0
How quick is the delivery of the gift card,Redeem against anything on PlayStation Store.,467,"['title: Fast Delivery \ntext: I received a code and had a physical copy printed within a minute. Super fast and makes a great gift', 'title: Fast delivery \ntext: It arrived in my email in less than 5 mins and there were no problems downloading it.', 'title: EASY and FAST delivery! \ntext: Delivered almost instantly to email which made my son very happy!  The code worked perfectly, so glad I can purchase these online as we live quite a distance to the nearest town.  Great transaction!']","The comments highlight the impressive delivery speed of the product, with users reporting receiving their codes and physical copies almost instantly. One user mentioned receiving a code and having a physical copy printed within a minute, emphasizing the speed and convenience of the service [0]. Another user noted that the product arrived in their email in less than five minutes, with no issues during the download process [1]. Additionally, a third user expressed satisfaction with the near-instant email delivery, which was particularly beneficial given their remote location [2].",9.0
How quick is the delivery of the gift card,Redeem against anything on PlayStation Store.,567,"[""title: Fast digital delivery. \ntext: The digital delivery did not take long at all, that's a plus for me because I have an impatience 11 years old kid at home, also no problems at all Redeeming the code in my sons Playstation 4 either..."", 'title: Fast delivery \ntext: It arrived in my email in less than 5 mins and there were no problems downloading it.', 'title: EASY and FAST delivery! \ntext: Delivered almost instantly to email which made my son very happy!  The code worked perfectly, so glad I can purchase these online as we live quite a distance to the nearest town.  Great transaction!']","Customers have expressed satisfaction with the delivery speed of digital products, highlighting that the delivery was almost instantaneous. One user noted that the digital delivery was quick, which was beneficial for their impatient child, and there were no issues redeeming the code on a PlayStation 4 [0]. Another user reported receiving their product via email in less than five minutes, with no problems encountered during the download process [1]. Additionally, a third user appreciated the fast email delivery, which brought joy to their child, and emphasized the convenience of purchasing online due to their remote location [2].",8.75
How quick is the delivery of the gift card,Redeem against anything on PlayStation Store.,0123,"['title: Rapidity to get the product \ntext: Easy to use and order comes within secondes . I used it for my 10 years old boy', 'title: Greatt product \ntext: I like the fact that you get it fast to used it', 'title: Delivered fairly fast \ntext: Its not instant delivery but it takes about 10 minutes to get the code, beats going to the store.', 'title: Prompt delivery \ntext: Was delivered prompty and worked so there isnt much else to say.']","The delivery speed of the product is highly praised by users. One user noted that the order arrives within seconds, making it very convenient to use, especially for their 10-year-old child [0]. Another user appreciated the fast delivery, highlighting that it allows them to use the product quickly [1]. Although one user mentioned that the delivery is not instant, they still found the 10-minute wait for the code to be much faster than going to a physical store [2]. Overall, the delivery is described as prompt and effective, with no issues reported [3].",8.0
How quick is the delivery of the gift card,Redeem against anything on PlayStation Store.,0124,"['title: Rapidity to get the product \ntext: Easy to use and order comes within secondes . I used it for my 10 years old boy', 'title: Greatt product \ntext: I like the fact that you get it fast to used it', 'title: Delivered fairly fast \ntext: Its not instant delivery but it takes about 10 minutes to get the code, beats going to the store.', 'title: Fast Delivery \ntext: I received a code and had a physical copy printed within a minute. Super fast and makes a great gift']","The comments highlight the rapid delivery speed of the product. One user notes that the order arrives within seconds, making it easy to use for their 10-year-old child [0]. Another user appreciates the fast delivery, emphasizing the convenience of receiving the product quickly [1]. A third comment mentions that while the delivery is not instant, it takes about 10 minutes to receive the code, which is still faster than going to a store [2]. Lastly, a user describes receiving a code and having a physical copy printed within a minute, praising the super-fast delivery as ideal for gifting [3].",9.0
How quick is the delivery of the gift card,Redeem against anything on PlayStation Store.,0125,"['title: Rapidity to get the product \ntext: Easy to use and order comes within secondes . I used it for my 10 years old boy', 'title: Greatt product \ntext: I like the fact that you get it fast to used it', 'title: Delivered fairly fast \ntext: Its not instant delivery but it takes about 10 minutes to get the code, beats going to the store.', ""title: Fast digital delivery. \ntext: The digital delivery did not take long at all, that's a plus for me because I have an impatience 11 years old kid at home, also no problems at all Redeeming the code in my sons Playstation 4 either...""]","The comments highlight the rapid delivery speed of the product, emphasizing its convenience and efficiency. One user noted that the order arrives within seconds, making it easy to use for their 10-year-old child [0]. Another user appreciated the fast delivery, which allows them to use the product quickly [1]. Although one comment mentioned that the delivery is not instant, it still takes only about 10 minutes to receive the code, which is faster than going to a physical store [2]. Additionally, the digital delivery was praised for its speed, which is beneficial for users with impatient children, and there were no issues with redeeming the code on a gaming console [3].",8.25
How quick is the delivery of the gift card,Redeem against anything on PlayStation Store.,0126,"['title: Rapidity to get the product \ntext: Easy to use and order comes within secondes . I used it for my 10 years old boy', 'title: Greatt product \ntext: I like the fact that you get it fast to used it', 'title: Delivered fairly fast \ntext: Its not instant delivery but it takes about 10 minutes to get the code, beats going to the store.', 'title: Fast delivery \ntext: It arrived in my email in less than 5 mins and there were no problems downloading it.']","The delivery speed of the product is highly praised by users. One user mentioned that the order arrives within seconds, highlighting the ease of use and quick delivery time [0]. Another user appreciated the fast delivery, noting that it allows them to use the product quickly [1]. Although one user pointed out that the delivery is not instant, they still found the 10-minute wait for the code to be faster than going to a store [2]. Additionally, another user reported receiving their product via email in less than five minutes, with no issues in downloading [3].",8.25
How quick is the delivery of the gift card,Redeem against anything on PlayStation Store.,0127,"['title: Rapidity to get the product \ntext: Easy to use and order comes within secondes . I used it for my 10 years old boy', 'title: Greatt product \ntext: I like the fact that you get it fast to used it', 'title: Delivered fairly fast \ntext: Its not instant delivery but it takes about 10 minutes to get the code, beats going to the store.', 'title: EASY and FAST delivery! \ntext: Delivered almost instantly to email which made my son very happy!  The code worked perfectly, so glad I can purchase these online as we live quite a distance to the nearest town.  Great transaction!']","The delivery speed of the product is highly praised by users, with one comment noting that the order arrives within seconds, making it easy to use for their child [0]. Another user appreciates the fast delivery, highlighting the convenience of receiving the product quickly [1]. Although one comment mentions that the delivery is not instant, it still takes only about 10 minutes to receive the code, which is considered faster than going to a store [2]. Additionally, another user describes the delivery as almost instant, which was particularly beneficial due to their remote location, and they express satisfaction with the overall transaction [3].",8.75
How quick is the delivery of the gift card,Redeem against anything on PlayStation Store.,0134,"['title: Rapidity to get the product \ntext: Easy to use and order comes within secondes . I used it for my 10 years old boy', 'title: Greatt product \ntext: I like the fact that you get it fast to used it', 'title: Prompt delivery \ntext: Was delivered prompty and worked so there isnt much else to say.', 'title: Fast Delivery \ntext: I received a code and had a physical copy printed within a minute. Super fast and makes a great gift']","Several users have praised the delivery speed of the product, highlighting its rapidity and efficiency. One user noted that the order arrives within seconds, making it easy to use for their 10-year-old boy [0]. Another user appreciated the fast delivery, emphasizing that they received the product quickly and were able to use it immediately [1]. A third user mentioned that the product was delivered promptly and functioned as expected [2]. Additionally, a user shared that they received a code and had a physical copy printed within a minute, describing the process as super fast and ideal for gifting [3].",9.0
How quick is the delivery of the gift card,Redeem against anything on PlayStation Store.,0135,"['title: Rapidity to get the product \ntext: Easy to use and order comes within secondes . I used it for my 10 years old boy', 'title: Greatt product \ntext: I like the fact that you get it fast to used it', 'title: Prompt delivery \ntext: Was delivered prompty and worked so there isnt much else to say.', ""title: Fast digital delivery. \ntext: The digital delivery did not take long at all, that's a plus for me because I have an impatience 11 years old kid at home, also no problems at all Redeeming the code in my sons Playstation 4 either...""]","The comments highlight the fast delivery speed of the product. One user noted that the order arrived within seconds, making it easy to use for their 10-year-old boy [0]. Another user appreciated the quick delivery, emphasizing that they received the product fast enough to use it promptly [1]. A third comment confirmed that the product was delivered promptly and functioned as expected [2]. Additionally, a user praised the fast digital delivery, which was particularly beneficial for their impatient 11-year-old, and reported no issues with redeeming the code on a PlayStation 4 [3].",8.25
How quick is the delivery of the gift card,Redeem against anything on PlayStation Store.,0136,"['title: Rapidity to get the product \ntext: Easy to use and order comes within secondes . I used it for my 10 years old boy', 'title: Greatt product \ntext: I like the fact that you get it fast to used it', 'title: Prompt delivery \ntext: Was delivered prompty and worked so there isnt much else to say.', 'title: Fast delivery \ntext: It arrived in my email in less than 5 mins and there were no problems downloading it.']","The comments highlight the fast delivery speed of the product. One user noted that the order arrived within seconds, emphasizing the ease of use and quick delivery [0]. Another user appreciated the rapid delivery, stating that they received the product quickly and were able to use it immediately [1]. A third comment confirmed the prompt delivery, mentioning that the product was delivered promptly and functioned as expected [2]. Additionally, a user reported that the product arrived in their email in less than five minutes, with no issues during the download process [3].",8.25
How quick is the delivery of the gift card,Redeem against anything on PlayStation Store.,0137,"['title: Rapidity to get the product \ntext: Easy to use and order comes within secondes . I used it for my 10 years old boy', 'title: Greatt product \ntext: I like the fact that you get it fast to used it', 'title: Prompt delivery \ntext: Was delivered prompty and worked so there isnt much else to say.', 'title: EASY and FAST delivery! \ntext: Delivered almost instantly to email which made my son very happy!  The code worked perfectly, so glad I can purchase these online as we live quite a distance to the nearest town.  Great transaction!']","The comments consistently highlight the rapid delivery speed of the product. One user noted that the order arrives within seconds, emphasizing the ease of use and quick service [0]. Another user appreciated the fast delivery, which allowed them to use the product promptly [1]. A third comment confirmed the prompt delivery and satisfactory performance of the product [2]. Additionally, a user mentioned that the product was delivered almost instantly via email, which was particularly beneficial given their remote location [3].",8.75
How quick is the delivery of the gift card,Redeem against anything on PlayStation Store.,0145,"['title: Rapidity to get the product \ntext: Easy to use and order comes within secondes . I used it for my 10 years old boy', 'title: Greatt product \ntext: I like the fact that you get it fast to used it', 'title: Fast Delivery \ntext: I received a code and had a physical copy printed within a minute. Super fast and makes a great gift', ""title: Fast digital delivery. \ntext: The digital delivery did not take long at all, that's a plus for me because I have an impatience 11 years old kid at home, also no problems at all Redeeming the code in my sons Playstation 4 either...""]","The comments highlight the rapid delivery speed of the product. One user noted that the order was easy to use and arrived within seconds, which was beneficial for their 10-year-old child [0]. Another user appreciated the fast delivery, emphasizing that they received the product quickly enough to use it immediately [1]. A third comment mentioned receiving a code and having a physical copy printed within a minute, describing the process as super fast and suitable for gifting [2]. Additionally, a user praised the swift digital delivery, which was advantageous for their impatient 11-year-old, and reported no issues with redeeming the code on a PlayStation 4 [3].",9.0
How quick is the delivery of the gift card,Redeem against anything on PlayStation Store.,0146,"['title: Rapidity to get the product \ntext: Easy to use and order comes within secondes . I used it for my 10 years old boy', 'title: Greatt product \ntext: I like the fact that you get it fast to used it', 'title: Fast Delivery \ntext: I received a code and had a physical copy printed within a minute. Super fast and makes a great gift', 'title: Fast delivery \ntext: It arrived in my email in less than 5 mins and there were no problems downloading it.']","The comments highlight the impressive delivery speed of the product. One user noted that the order was easy to use and arrived within seconds, making it suitable for their 10-year-old child [0]. Another user appreciated the fast delivery, emphasizing the quick access to the product [1]. A third comment mentioned receiving a code and having a physical copy printed within a minute, describing the process as super fast and ideal for gifting [2]. Additionally, a user reported that the product arrived in their email in less than five minutes, with no issues during the download process [3].",9.0
How quick is the delivery of the gift card,Redeem against anything on PlayStation Store.,0147,"['title: Rapidity to get the product \ntext: Easy to use and order comes within secondes . I used it for my 10 years old boy', 'title: Greatt product \ntext: I like the fact that you get it fast to used it', 'title: Fast Delivery \ntext: I received a code and had a physical copy printed within a minute. Super fast and makes a great gift', 'title: EASY and FAST delivery! \ntext: Delivered almost instantly to email which made my son very happy!  The code worked perfectly, so glad I can purchase these online as we live quite a distance to the nearest town.  Great transaction!']","The comments highlight the rapid delivery speed of the product, emphasizing its convenience and efficiency. One user noted that the order was completed within seconds, making it easy to use for their child [0]. Another user appreciated the fast delivery, which allowed them to use the product quickly [1]. A third comment mentioned receiving a code and having a physical copy printed within a minute, describing the process as super fast and ideal for gifting [2]. Additionally, a user expressed satisfaction with the almost instant email delivery, which was particularly beneficial given their remote location [3].",9.0
How quick is the delivery of the gift card,Redeem against anything on PlayStation Store.,0156,"['title: Rapidity to get the product \ntext: Easy to use and order comes within secondes . I used it for my 10 years old boy', 'title: Greatt product \ntext: I like the fact that you get it fast to used it', ""title: Fast digital delivery. \ntext: The digital delivery did not take long at all, that's a plus for me because I have an impatience 11 years old kid at home, also no problems at all Redeeming the code in my sons Playstation 4 either..."", 'title: Fast delivery \ntext: It arrived in my email in less than 5 mins and there were no problems downloading it.']","The comments highlight the rapid delivery speed of the product, emphasizing its efficiency and convenience. One user noted that the order was easy to use and arrived within seconds, which was particularly beneficial for their 10-year-old child [0]. Another user appreciated the fast delivery, allowing them to use the product quickly [1]. A third comment mentioned that the digital delivery was swift, which was advantageous for their impatient 11-year-old, and there were no issues with redeeming the code on a PlayStation 4 [2]. Lastly, a user reported receiving the product via email in less than five minutes, with no problems encountered during the download process [3].",8.25
How quick is the delivery of the gift card,Redeem against anything on PlayStation Store.,0157,"['title: Rapidity to get the product \ntext: Easy to use and order comes within secondes . I used it for my 10 years old boy', 'title: Greatt product \ntext: I like the fact that you get it fast to used it', ""title: Fast digital delivery. \ntext: The digital delivery did not take long at all, that's a plus for me because I have an impatience 11 years old kid at home, also no problems at all Redeeming the code in my sons Playstation 4 either..."", 'title: EASY and FAST delivery! \ntext: Delivered almost instantly to email which made my son very happy!  The code worked perfectly, so glad I can purchase these online as we live quite a distance to the nearest town.  Great transaction!']","The comments highlight the rapid delivery speed of the product, emphasizing its convenience and efficiency. One user noted that the order arrives within seconds, making it easy to use for their 10-year-old child [0]. Another user appreciated the fast delivery, which allowed them to use the product quickly [1]. The digital delivery was also praised for its speed, as it did not take long, which was beneficial for a user with an impatient 11-year-old [2]. Additionally, the delivery was described as almost instant, with the product being delivered to email, which was particularly advantageous for someone living far from town [3].",8.75
How quick is the delivery of the gift card,Redeem against anything on PlayStation Store.,0167,"['title: Rapidity to get the product \ntext: Easy to use and order comes within secondes . I used it for my 10 years old boy', 'title: Greatt product \ntext: I like the fact that you get it fast to used it', 'title: Fast delivery \ntext: It arrived in my email in less than 5 mins and there were no problems downloading it.', 'title: EASY and FAST delivery! \ntext: Delivered almost instantly to email which made my son very happy!  The code worked perfectly, so glad I can purchase these online as we live quite a distance to the nearest town.  Great transaction!']","The comments highlight the impressive delivery speed of the product, with users noting that orders are received almost instantaneously. One user mentioned that the product arrived within seconds, making it convenient to use for their child [0]. Another user appreciated the fast delivery, emphasizing the quick access to the product [1]. Additionally, a comment noted that the product was delivered to their email in less than five minutes, with no issues in downloading [2]. Another user expressed satisfaction with the instant email delivery, which was particularly beneficial due to their remote location [3].",8.75
How quick is the delivery of the gift card,Redeem against anything on PlayStation Store.,0234,"['title: Rapidity to get the product \ntext: Easy to use and order comes within secondes . I used it for my 10 years old boy', 'title: Delivered fairly fast \ntext: Its not instant delivery but it takes about 10 minutes to get the code, beats going to the store.', 'title: Prompt delivery \ntext: Was delivered prompty and worked so there isnt much else to say.', 'title: Fast Delivery \ntext: I received a code and had a physical copy printed within a minute. Super fast and makes a great gift']","The delivery speed of the product is generally perceived as fast by users. One user noted that the order comes within seconds, highlighting the ease of use and quick delivery time [0]. Another user mentioned that while the delivery is not instant, it takes about 10 minutes to receive the code, which they find preferable to going to a store [1]. Additionally, a user described the delivery as prompt, indicating satisfaction with the speed [2]. Lastly, a user reported receiving a code and having a physical copy printed within a minute, emphasizing the super-fast delivery and its suitability as a gift [3].",9.0
How quick is the delivery of the gift card,Redeem against anything on PlayStation Store.,0235,"['title: Rapidity to get the product \ntext: Easy to use and order comes within secondes . I used it for my 10 years old boy', 'title: Delivered fairly fast \ntext: Its not instant delivery but it takes about 10 minutes to get the code, beats going to the store.', 'title: Prompt delivery \ntext: Was delivered prompty and worked so there isnt much else to say.', ""title: Fast digital delivery. \ntext: The digital delivery did not take long at all, that's a plus for me because I have an impatience 11 years old kid at home, also no problems at all Redeeming the code in my sons Playstation 4 either...""]","The comments highlight the quick delivery speed of the product. One user noted that the order was received within seconds, making it very convenient to use [0]. Another user mentioned that while the delivery is not instant, it takes about 10 minutes to receive the code, which is still faster than going to a physical store [1]. Additionally, a comment described the delivery as prompt, with no issues encountered [2]. Lastly, a user appreciated the fast digital delivery, which was beneficial for their impatient child, and reported no problems with redeeming the code [3].",8.0
How quick is the delivery of the gift card,Redeem against anything on PlayStation Store.,0236,"['title: Rapidity to get the product \ntext: Easy to use and order comes within secondes . I used it for my 10 years old boy', 'title: Delivered fairly fast \ntext: Its not instant delivery but it takes about 10 minutes to get the code, beats going to the store.', 'title: Prompt delivery \ntext: Was delivered prompty and worked so there isnt much else to say.', 'title: Fast delivery \ntext: It arrived in my email in less than 5 mins and there were no problems downloading it.']","The comments highlight the fast delivery speed of the product. One user mentioned that the order arrives within seconds, making it very convenient to use [0]. Another user noted that while the delivery is not instant, it takes about 10 minutes to receive the code, which is still faster than going to a physical store [1]. Additionally, a user described the delivery as prompt, with no issues encountered [2]. Lastly, another comment stated that the product arrived in less than 5 minutes via email, with no problems during the download process [3].",8.0
How quick is the delivery of the gift card,Redeem against anything on PlayStation Store.,0237,"['title: Rapidity to get the product \ntext: Easy to use and order comes within secondes . I used it for my 10 years old boy', 'title: Delivered fairly fast \ntext: Its not instant delivery but it takes about 10 minutes to get the code, beats going to the store.', 'title: Prompt delivery \ntext: Was delivered prompty and worked so there isnt much else to say.', 'title: EASY and FAST delivery! \ntext: Delivered almost instantly to email which made my son very happy!  The code worked perfectly, so glad I can purchase these online as we live quite a distance to the nearest town.  Great transaction!']","The comments highlight the delivery speed of the product, emphasizing its rapidity and convenience. One user noted that the order comes within seconds, making it easy to use for their 10-year-old boy [0]. Another user mentioned that while the delivery is not instant, it takes about 10 minutes to receive the code, which is still faster than going to a store [1]. A third comment described the delivery as prompt, with no further issues to report [2]. Lastly, a user praised the almost instant email delivery, which was particularly beneficial due to their remote location, and expressed satisfaction with the transaction [3].",8.75
How quick is the delivery of the gift card,Redeem against anything on PlayStation Store.,0245,"['title: Rapidity to get the product \ntext: Easy to use and order comes within secondes . I used it for my 10 years old boy', 'title: Delivered fairly fast \ntext: Its not instant delivery but it takes about 10 minutes to get the code, beats going to the store.', 'title: Fast Delivery \ntext: I received a code and had a physical copy printed within a minute. Super fast and makes a great gift', ""title: Fast digital delivery. \ntext: The digital delivery did not take long at all, that's a plus for me because I have an impatience 11 years old kid at home, also no problems at all Redeeming the code in my sons Playstation 4 either...""]","The comments highlight the rapid delivery speed of the product, emphasizing its convenience and efficiency. One user noted that the order was completed within seconds, making it easy to use for their 10-year-old child [0]. Another user mentioned that while the delivery is not instant, it takes about 10 minutes to receive the code, which is still faster than going to a physical store [1]. A third comment praised the service for providing a code and a physical copy within a minute, describing it as super fast and ideal for gifting [2]. Lastly, a user appreciated the quick digital delivery, which was beneficial for their impatient 11-year-old, and reported no issues with redeeming the code on a PlayStation 4 [3].",9.0
How quick is the delivery of the gift card,Redeem against anything on PlayStation Store.,0246,"['title: Rapidity to get the product \ntext: Easy to use and order comes within secondes . I used it for my 10 years old boy', 'title: Delivered fairly fast \ntext: Its not instant delivery but it takes about 10 minutes to get the code, beats going to the store.', 'title: Fast Delivery \ntext: I received a code and had a physical copy printed within a minute. Super fast and makes a great gift', 'title: Fast delivery \ntext: It arrived in my email in less than 5 mins and there were no problems downloading it.']","The delivery speed of the product is highly praised by users, with comments indicating that the product is received very quickly. One user noted that the order comes within seconds, making it easy to use for their child [0]. Another user mentioned that while the delivery is not instant, it takes about 10 minutes to receive the code, which is still faster than going to a store [1]. Additionally, a user highlighted that they received a code and had a physical copy printed within a minute, describing the service as super fast and ideal for gifting [2]. Lastly, another comment stated that the product arrived in their email in less than 5 minutes, with no issues in downloading [3].",9.0
How quick is the delivery of the gift card,Redeem against anything on PlayStation Store.,0247,"['title: Rapidity to get the product \ntext: Easy to use and order comes within secondes . I used it for my 10 years old boy', 'title: Delivered fairly fast \ntext: Its not instant delivery but it takes about 10 minutes to get the code, beats going to the store.', 'title: Fast Delivery \ntext: I received a code and had a physical copy printed within a minute. Super fast and makes a great gift', 'title: EASY and FAST delivery! \ntext: Delivered almost instantly to email which made my son very happy!  The code worked perfectly, so glad I can purchase these online as we live quite a distance to the nearest town.  Great transaction!']","The comments highlight the rapid delivery speed of the product, emphasizing its convenience and efficiency. One user noted that the order was received within seconds, making it easy to use for their 10-year-old child [0]. Another user mentioned that while the delivery is not instant, it takes about 10 minutes to receive the code, which is still faster than going to a store [1]. A third comment praised the delivery for being super fast, with a code received and a physical copy printed within a minute, making it an excellent gift option [2]. Lastly, a user appreciated the almost instant email delivery, which was particularly beneficial due to their remote location, and noted that the code worked perfectly [3].",9.0
How quick is the delivery of the gift card,Redeem against anything on PlayStation Store.,0256,"['title: Rapidity to get the product \ntext: Easy to use and order comes within secondes . I used it for my 10 years old boy', 'title: Delivered fairly fast \ntext: Its not instant delivery but it takes about 10 minutes to get the code, beats going to the store.', ""title: Fast digital delivery. \ntext: The digital delivery did not take long at all, that's a plus for me because I have an impatience 11 years old kid at home, also no problems at all Redeeming the code in my sons Playstation 4 either..."", 'title: Fast delivery \ntext: It arrived in my email in less than 5 mins and there were no problems downloading it.']","The comments highlight the quick delivery speed of the product. One user noted that the order was received within seconds, making it very convenient to use [0]. Another user mentioned that while the delivery is not instant, it takes about 10 minutes to receive the code, which is still faster than going to a store [1]. A third user appreciated the fast digital delivery, which was particularly beneficial for their impatient child, and reported no issues with redeeming the code [2]. Lastly, another comment stated that the product arrived in their email in less than 5 minutes, with no problems encountered during the download process [3].",8.25
How quick is the delivery of the gift card,Redeem against anything on PlayStation Store.,0257,"['title: Rapidity to get the product \ntext: Easy to use and order comes within secondes . I used it for my 10 years old boy', 'title: Delivered fairly fast \ntext: Its not instant delivery but it takes about 10 minutes to get the code, beats going to the store.', ""title: Fast digital delivery. \ntext: The digital delivery did not take long at all, that's a plus for me because I have an impatience 11 years old kid at home, also no problems at all Redeeming the code in my sons Playstation 4 either..."", 'title: EASY and FAST delivery! \ntext: Delivered almost instantly to email which made my son very happy!  The code worked perfectly, so glad I can purchase these online as we live quite a distance to the nearest town.  Great transaction!']","The comments highlight the rapid delivery speed of the product, emphasizing its convenience and efficiency. One user noted that the order arrives within seconds, making it easy to use for their 10-year-old child [0]. Another user mentioned that while the delivery is not instant, it takes about 10 minutes to receive the code, which is still faster than going to a store [1]. A third comment praised the fast digital delivery, which was quick enough to satisfy their impatient 11-year-old, and noted no issues with redeeming the code on a PlayStation 4 [2]. Lastly, a user expressed satisfaction with the almost instant email delivery, which was particularly beneficial due to their remote location, and appreciated the seamless transaction [3].",8.75
How quick is the delivery of the gift card,Redeem against anything on PlayStation Store.,0267,"['title: Rapidity to get the product \ntext: Easy to use and order comes within secondes . I used it for my 10 years old boy', 'title: Delivered fairly fast \ntext: Its not instant delivery but it takes about 10 minutes to get the code, beats going to the store.', 'title: Fast delivery \ntext: It arrived in my email in less than 5 mins and there were no problems downloading it.', 'title: EASY and FAST delivery! \ntext: Delivered almost instantly to email which made my son very happy!  The code worked perfectly, so glad I can purchase these online as we live quite a distance to the nearest town.  Great transaction!']","The comments highlight the rapid delivery speed of the product, with users noting that the order arrives almost instantly or within a few minutes. One user mentioned that the product was delivered in seconds, making it very convenient to use [0]. Another user stated that while the delivery is not instant, it takes about 10 minutes, which is still faster than going to a store [1]. Additionally, a user reported receiving the product in less than 5 minutes via email, with no issues in downloading [2]. Another comment emphasized the ease and speed of delivery, with the product arriving almost instantly to their email, which was particularly beneficial due to their remote location [3].",8.75
How quick is the delivery of the gift card,Redeem against anything on PlayStation Store.,0345,"['title: Rapidity to get the product \ntext: Easy to use and order comes within secondes . I used it for my 10 years old boy', 'title: Prompt delivery \ntext: Was delivered prompty and worked so there isnt much else to say.', 'title: Fast Delivery \ntext: I received a code and had a physical copy printed within a minute. Super fast and makes a great gift', ""title: Fast digital delivery. \ntext: The digital delivery did not take long at all, that's a plus for me because I have an impatience 11 years old kid at home, also no problems at all Redeeming the code in my sons Playstation 4 either...""]","The comments highlight the rapid delivery speed of the product. One user noted that the order was completed within seconds, making it easy to use for their 10-year-old child [0]. Another user mentioned that the product was delivered promptly and functioned as expected [1]. A third comment emphasized the speed of receiving a code and printing a physical copy within a minute, describing it as super fast and suitable for gifting [2]. Additionally, a user appreciated the quick digital delivery, which was beneficial for their impatient 11-year-old, and reported no issues with redeeming the code on a PlayStation 4 [3].",9.0
How quick is the delivery of the gift card,Redeem against anything on PlayStation Store.,0346,"['title: Rapidity to get the product \ntext: Easy to use and order comes within secondes . I used it for my 10 years old boy', 'title: Prompt delivery \ntext: Was delivered prompty and worked so there isnt much else to say.', 'title: Fast Delivery \ntext: I received a code and had a physical copy printed within a minute. Super fast and makes a great gift', 'title: Fast delivery \ntext: It arrived in my email in less than 5 mins and there were no problems downloading it.']","The comments highlight the impressive delivery speed of the product. One user noted that the order was completed within seconds, making it easy to use for their 10-year-old child [0]. Another user mentioned that the product was delivered promptly and functioned as expected [1]. Additionally, a customer received a code and had a physical copy printed within a minute, emphasizing the speed and convenience, especially for gifting purposes [2]. Lastly, a user reported receiving the product via email in less than five minutes, with no issues encountered during the download process [3].",9.0
How quick is the delivery of the gift card,Redeem against anything on PlayStation Store.,0347,"['title: Rapidity to get the product \ntext: Easy to use and order comes within secondes . I used it for my 10 years old boy', 'title: Prompt delivery \ntext: Was delivered prompty and worked so there isnt much else to say.', 'title: Fast Delivery \ntext: I received a code and had a physical copy printed within a minute. Super fast and makes a great gift', 'title: EASY and FAST delivery! \ntext: Delivered almost instantly to email which made my son very happy!  The code worked perfectly, so glad I can purchase these online as we live quite a distance to the nearest town.  Great transaction!']","The comments highlight the impressive delivery speed of the product, with users noting that orders are completed almost instantaneously. One user mentioned that the order was completed within seconds, making it easy to use for their child [0]. Another user appreciated the prompt delivery, stating that the product was delivered promptly and functioned as expected [1]. Additionally, a user reported receiving a code and having a physical copy printed within a minute, emphasizing the super-fast delivery which makes it an excellent gift option [2]. Lastly, a comment praised the almost instant email delivery, which was particularly beneficial due to their remote location, and noted that the transaction was smooth and satisfactory [3].",9.0
How quick is the delivery of the gift card,Redeem against anything on PlayStation Store.,0356,"['title: Rapidity to get the product \ntext: Easy to use and order comes within secondes . I used it for my 10 years old boy', 'title: Prompt delivery \ntext: Was delivered prompty and worked so there isnt much else to say.', ""title: Fast digital delivery. \ntext: The digital delivery did not take long at all, that's a plus for me because I have an impatience 11 years old kid at home, also no problems at all Redeeming the code in my sons Playstation 4 either..."", 'title: Fast delivery \ntext: It arrived in my email in less than 5 mins and there were no problems downloading it.']","The comments highlight the rapid delivery speed of the product, with users expressing satisfaction with how quickly they received their orders. One user noted that the order was easy to use and arrived within seconds, which was particularly beneficial for their 10-year-old child [0]. Another user mentioned that the product was delivered promptly and functioned as expected [1]. Additionally, a user appreciated the fast digital delivery, which was important for their impatient 11-year-old, and reported no issues with redeeming the code on a PlayStation 4 [2]. Lastly, another comment emphasized that the product arrived via email in less than five minutes, with no problems encountered during the download process [3].",8.25
How quick is the delivery of the gift card,Redeem against anything on PlayStation Store.,0357,"['title: Rapidity to get the product \ntext: Easy to use and order comes within secondes . I used it for my 10 years old boy', 'title: Prompt delivery \ntext: Was delivered prompty and worked so there isnt much else to say.', ""title: Fast digital delivery. \ntext: The digital delivery did not take long at all, that's a plus for me because I have an impatience 11 years old kid at home, also no problems at all Redeeming the code in my sons Playstation 4 either..."", 'title: EASY and FAST delivery! \ntext: Delivered almost instantly to email which made my son very happy!  The code worked perfectly, so glad I can purchase these online as we live quite a distance to the nearest town.  Great transaction!']","The comments highlight the rapid delivery speed of the product, emphasizing its efficiency and convenience. One user noted that the order was received within seconds, making it easy to use for their 10-year-old child [0]. Another user appreciated the prompt delivery, stating that it was delivered promptly and functioned as expected [1]. The digital delivery was also praised for its speed, which was beneficial for a user with an impatient 11-year-old, and there were no issues redeeming the code on a PlayStation 4 [2]. Additionally, the delivery was described as almost instant, which was particularly appreciated by a user living far from town, as it made their son very happy [3].",8.75
How quick is the delivery of the gift card,Redeem against anything on PlayStation Store.,0367,"['title: Rapidity to get the product \ntext: Easy to use and order comes within secondes . I used it for my 10 years old boy', 'title: Prompt delivery \ntext: Was delivered prompty and worked so there isnt much else to say.', 'title: Fast delivery \ntext: It arrived in my email in less than 5 mins and there were no problems downloading it.', 'title: EASY and FAST delivery! \ntext: Delivered almost instantly to email which made my son very happy!  The code worked perfectly, so glad I can purchase these online as we live quite a distance to the nearest town.  Great transaction!']","The comments highlight the rapid delivery speed of the product, emphasizing its efficiency and convenience. One user noted that the order was completed within seconds, making it easy to use for their 10-year-old boy [0]. Another user mentioned that the product was delivered promptly and functioned as expected [1]. Additionally, a comment stated that the product arrived in their email in less than five minutes, with no issues during the download process [2]. Lastly, a user expressed satisfaction with the almost instant email delivery, which was particularly beneficial due to their remote location, and noted that the transaction was smooth and the product worked perfectly [3].",8.75
How quick is the delivery of the gift card,Redeem against anything on PlayStation Store.,0456,"['title: Rapidity to get the product \ntext: Easy to use and order comes within secondes . I used it for my 10 years old boy', 'title: Fast Delivery \ntext: I received a code and had a physical copy printed within a minute. Super fast and makes a great gift', ""title: Fast digital delivery. \ntext: The digital delivery did not take long at all, that's a plus for me because I have an impatience 11 years old kid at home, also no problems at all Redeeming the code in my sons Playstation 4 either..."", 'title: Fast delivery \ntext: It arrived in my email in less than 5 mins and there were no problems downloading it.']","The comments highlight the impressive speed of product delivery, emphasizing the efficiency of both digital and physical formats. One user noted that the order was completed within seconds, making it convenient for use by their 10-year-old child [0]. Another user praised the rapid delivery, receiving a code and printing a physical copy within a minute, which they found ideal for gifting [1]. Additionally, the digital delivery was described as quick, which was beneficial for a user with an impatient 11-year-old, and there were no issues with redeeming the code on a PlayStation 4 [2]. Finally, another comment mentioned that the product arrived via email in less than five minutes, with no downloading issues [3].",9.0
How quick is the delivery of the gift card,Redeem against anything on PlayStation Store.,0457,"['title: Rapidity to get the product \ntext: Easy to use and order comes within secondes . I used it for my 10 years old boy', 'title: Fast Delivery \ntext: I received a code and had a physical copy printed within a minute. Super fast and makes a great gift', ""title: Fast digital delivery. \ntext: The digital delivery did not take long at all, that's a plus for me because I have an impatience 11 years old kid at home, also no problems at all Redeeming the code in my sons Playstation 4 either..."", 'title: EASY and FAST delivery! \ntext: Delivered almost instantly to email which made my son very happy!  The code worked perfectly, so glad I can purchase these online as we live quite a distance to the nearest town.  Great transaction!']","The comments highlight the rapid delivery speed of the product, emphasizing its efficiency and convenience. One user noted that the order was completed within seconds, making it easy to use for their 10-year-old child [0]. Another user praised the service for providing a code and a physical copy within a minute, describing it as super fast and ideal for gifting [1]. The digital delivery was also commended for its quickness, which was appreciated by a parent with an impatient 11-year-old, and the code was easily redeemable on a PlayStation 4 [2]. Additionally, the delivery was described as almost instant, with the code being sent to email, which was particularly beneficial for those living far from town [3].",9.0
How quick is the delivery of the gift card,Redeem against anything on PlayStation Store.,0467,"['title: Rapidity to get the product \ntext: Easy to use and order comes within secondes . I used it for my 10 years old boy', 'title: Fast Delivery \ntext: I received a code and had a physical copy printed within a minute. Super fast and makes a great gift', 'title: Fast delivery \ntext: It arrived in my email in less than 5 mins and there were no problems downloading it.', 'title: EASY and FAST delivery! \ntext: Delivered almost instantly to email which made my son very happy!  The code worked perfectly, so glad I can purchase these online as we live quite a distance to the nearest town.  Great transaction!']","The comments highlight the impressive delivery speed of the product, with users reporting that orders are completed almost instantaneously. One user mentioned that the order was completed within seconds, making it convenient for use by their child [0]. Another user noted that they received a code and had a physical copy printed within a minute, emphasizing the speed and suitability for gifting [1]. Additionally, a user reported receiving the product via email in less than five minutes, with no issues in downloading [2]. Lastly, a comment praised the almost instant email delivery, which was particularly beneficial due to their remote location, and noted the seamless transaction [3].",9.0
How quick is the delivery of the gift card,Redeem against anything on PlayStation Store.,0567,"['title: Rapidity to get the product \ntext: Easy to use and order comes within secondes . I used it for my 10 years old boy', ""title: Fast digital delivery. \ntext: The digital delivery did not take long at all, that's a plus for me because I have an impatience 11 years old kid at home, also no problems at all Redeeming the code in my sons Playstation 4 either..."", 'title: Fast delivery \ntext: It arrived in my email in less than 5 mins and there were no problems downloading it.', 'title: EASY and FAST delivery! \ntext: Delivered almost instantly to email which made my son very happy!  The code worked perfectly, so glad I can purchase these online as we live quite a distance to the nearest town.  Great transaction!']","The comments highlight the rapid delivery speed of the product, particularly emphasizing digital delivery. One user noted that the order was received within seconds, making it convenient for use by their 10-year-old child [0]. Another user appreciated the quick digital delivery, which was beneficial for their impatient 11-year-old, and reported no issues with redeeming the code on a PlayStation 4 [1]. A third comment mentioned that the product arrived in their email in less than five minutes, with no problems encountered during the download process [2]. Lastly, a user expressed satisfaction with the almost instant email delivery, which was especially convenient given their remote location, and noted that the code worked perfectly [3].",8.75
How quick is the delivery of the gift card,Redeem against anything on PlayStation Store.,1234,"['title: Greatt product \ntext: I like the fact that you get it fast to used it', 'title: Delivered fairly fast \ntext: Its not instant delivery but it takes about 10 minutes to get the code, beats going to the store.', 'title: Prompt delivery \ntext: Was delivered prompty and worked so there isnt much else to say.', 'title: Fast Delivery \ntext: I received a code and had a physical copy printed within a minute. Super fast and makes a great gift']","The comments highlight the fast delivery speed of the product. One user appreciates the quick delivery, noting that it allows them to use the product promptly [0]. Another user mentions that while the delivery is not instant, it takes about 10 minutes to receive the code, which is faster than going to a store [1]. A third user describes the delivery as prompt and satisfactory [2]. Lastly, a user reports receiving a code and having a physical copy printed within a minute, praising the speed as super fast and ideal for gifting [3].",9.0
How quick is the delivery of the gift card,Redeem against anything on PlayStation Store.,1235,"['title: Greatt product \ntext: I like the fact that you get it fast to used it', 'title: Delivered fairly fast \ntext: Its not instant delivery but it takes about 10 minutes to get the code, beats going to the store.', 'title: Prompt delivery \ntext: Was delivered prompty and worked so there isnt much else to say.', ""title: Fast digital delivery. \ntext: The digital delivery did not take long at all, that's a plus for me because I have an impatience 11 years old kid at home, also no problems at all Redeeming the code in my sons Playstation 4 either...""]","The comments highlight the fast delivery speed of the product. One user appreciates the quick delivery, noting that it allows them to use the product promptly [0]. Another user mentions that while the delivery is not instant, it takes about 10 minutes to receive the code, which they find more convenient than going to a store [1]. A third user describes the delivery as prompt and satisfactory [2]. Additionally, a user emphasizes the benefit of the fast digital delivery, which is particularly advantageous for their impatient child, and reports no issues with redeeming the code [3].",8.0
How quick is the delivery of the gift card,Redeem against anything on PlayStation Store.,1236,"['title: Greatt product \ntext: I like the fact that you get it fast to used it', 'title: Delivered fairly fast \ntext: Its not instant delivery but it takes about 10 minutes to get the code, beats going to the store.', 'title: Prompt delivery \ntext: Was delivered prompty and worked so there isnt much else to say.', 'title: Fast delivery \ntext: It arrived in my email in less than 5 mins and there were no problems downloading it.']","The comments highlight the fast delivery speed of the product. One user appreciates the quick delivery, noting that it allows them to use the product promptly [0]. Another user mentions that while the delivery is not instant, it takes about 10 minutes to receive the code, which is faster than going to a physical store [1]. A third user confirms that the product was delivered promptly and functioned as expected [2]. Additionally, a user reports receiving the product in their email in less than five minutes, with no issues encountered during the download process [3].",8.0
How quick is the delivery of the gift card,Redeem against anything on PlayStation Store.,1237,"['title: Greatt product \ntext: I like the fact that you get it fast to used it', 'title: Delivered fairly fast \ntext: Its not instant delivery but it takes about 10 minutes to get the code, beats going to the store.', 'title: Prompt delivery \ntext: Was delivered prompty and worked so there isnt much else to say.', 'title: EASY and FAST delivery! \ntext: Delivered almost instantly to email which made my son very happy!  The code worked perfectly, so glad I can purchase these online as we live quite a distance to the nearest town.  Great transaction!']","The delivery speed of the product is generally perceived as fast and efficient by users. One user appreciates the quick delivery, allowing them to use the product promptly after purchase [0]. Another user notes that while the delivery is not instant, it takes about 10 minutes to receive the code, which they find preferable to going to a physical store [1]. A third user describes the delivery as prompt and satisfactory [2]. Additionally, a user highlights the almost instant delivery to their email, which was particularly convenient given their remote location [3].",8.75
How quick is the delivery of the gift card,Redeem against anything on PlayStation Store.,1245,"['title: Greatt product \ntext: I like the fact that you get it fast to used it', 'title: Delivered fairly fast \ntext: Its not instant delivery but it takes about 10 minutes to get the code, beats going to the store.', 'title: Fast Delivery \ntext: I received a code and had a physical copy printed within a minute. Super fast and makes a great gift', ""title: Fast digital delivery. \ntext: The digital delivery did not take long at all, that's a plus for me because I have an impatience 11 years old kid at home, also no problems at all Redeeming the code in my sons Playstation 4 either...""]","The delivery speed of the product is consistently praised across multiple comments. One user appreciates the fast delivery, highlighting that it allows them to use the product quickly [0]. Another user notes that while the delivery is not instant, it takes about 10 minutes to receive the code, which they find more convenient than going to a physical store [1]. A different user mentions receiving a code and having a physical copy printed within a minute, describing the delivery as super fast and ideal for gifting [2]. Additionally, another comment emphasizes the quick digital delivery, which is particularly beneficial for users with impatient children, and notes the ease of redeeming the code on a gaming console [3].",9.0
How quick is the delivery of the gift card,Redeem against anything on PlayStation Store.,1246,"['title: Greatt product \ntext: I like the fact that you get it fast to used it', 'title: Delivered fairly fast \ntext: Its not instant delivery but it takes about 10 minutes to get the code, beats going to the store.', 'title: Fast Delivery \ntext: I received a code and had a physical copy printed within a minute. Super fast and makes a great gift', 'title: Fast delivery \ntext: It arrived in my email in less than 5 mins and there were no problems downloading it.']","The delivery speed of the product is consistently praised across multiple comments. One user appreciates the fast delivery, noting that they received the product quickly enough to use it immediately [0]. Another comment highlights that while the delivery is not instant, it takes about 10 minutes to receive the code, which is still faster than going to a physical store [1]. A third user mentions receiving a code and having a physical copy printed within a minute, describing the service as super fast and ideal for gifting [2]. Additionally, another user reports receiving the product in their email in less than five minutes, with no issues during the download process [3].",9.0
How quick is the delivery of the gift card,Redeem against anything on PlayStation Store.,1247,"['title: Greatt product \ntext: I like the fact that you get it fast to used it', 'title: Delivered fairly fast \ntext: Its not instant delivery but it takes about 10 minutes to get the code, beats going to the store.', 'title: Fast Delivery \ntext: I received a code and had a physical copy printed within a minute. Super fast and makes a great gift', 'title: EASY and FAST delivery! \ntext: Delivered almost instantly to email which made my son very happy!  The code worked perfectly, so glad I can purchase these online as we live quite a distance to the nearest town.  Great transaction!']","The delivery speed of the product is consistently praised across multiple comments. One user appreciates the fast delivery, noting that it allows them to use the product quickly [0]. Another comment highlights that while the delivery is not instant, it is still efficient, taking about 10 minutes to receive the code, which is more convenient than going to a store [1]. A different user mentions receiving a code and having a physical copy printed within a minute, describing the delivery as super fast and ideal for gifting [2]. Additionally, another comment emphasizes the almost instant email delivery, which was particularly beneficial due to their remote location, making the transaction smooth and satisfactory [3].",9.0
How quick is the delivery of the gift card,Redeem against anything on PlayStation Store.,1256,"['title: Greatt product \ntext: I like the fact that you get it fast to used it', 'title: Delivered fairly fast \ntext: Its not instant delivery but it takes about 10 minutes to get the code, beats going to the store.', ""title: Fast digital delivery. \ntext: The digital delivery did not take long at all, that's a plus for me because I have an impatience 11 years old kid at home, also no problems at all Redeeming the code in my sons Playstation 4 either..."", 'title: Fast delivery \ntext: It arrived in my email in less than 5 mins and there were no problems downloading it.']","The comments highlight the fast delivery speed of the product, particularly emphasizing the quick digital delivery of codes. One user appreciates the fast delivery as it allows them to use the product quickly [0]. Another user notes that while the delivery is not instant, it takes about 10 minutes to receive the code, which is still faster than going to a physical store [1]. A third user mentions that the digital delivery was quick, which is beneficial for their impatient child, and they experienced no issues redeeming the code on a PlayStation 4 [2]. Lastly, a user reports receiving the product in their email in less than five minutes, with no problems encountered during the download process [3].",8.25
How quick is the delivery of the gift card,Redeem against anything on PlayStation Store.,1257,"['title: Greatt product \ntext: I like the fact that you get it fast to used it', 'title: Delivered fairly fast \ntext: Its not instant delivery but it takes about 10 minutes to get the code, beats going to the store.', ""title: Fast digital delivery. \ntext: The digital delivery did not take long at all, that's a plus for me because I have an impatience 11 years old kid at home, also no problems at all Redeeming the code in my sons Playstation 4 either..."", 'title: EASY and FAST delivery! \ntext: Delivered almost instantly to email which made my son very happy!  The code worked perfectly, so glad I can purchase these online as we live quite a distance to the nearest town.  Great transaction!']","The comments highlight the fast delivery speed of the product, particularly emphasizing the convenience of digital delivery. One user appreciates the quick delivery, noting that it allows them to use the product promptly [0]. Another user mentions that while the delivery is not instant, it takes about 10 minutes to receive the code, which is still faster than going to a store [1]. A third comment praises the short delivery time, which is beneficial for users with impatient children, and reports no issues with redeeming the code [2]. Lastly, a user describes the delivery as almost instant, which was satisfactory for their needs, especially given their remote location [3].",8.75
How quick is the delivery of the gift card,Redeem against anything on PlayStation Store.,1267,"['title: Greatt product \ntext: I like the fact that you get it fast to used it', 'title: Delivered fairly fast \ntext: Its not instant delivery but it takes about 10 minutes to get the code, beats going to the store.', 'title: Fast delivery \ntext: It arrived in my email in less than 5 mins and there were no problems downloading it.', 'title: EASY and FAST delivery! \ntext: Delivered almost instantly to email which made my son very happy!  The code worked perfectly, so glad I can purchase these online as we live quite a distance to the nearest town.  Great transaction!']","The comments highlight the fast delivery speed of the product, with users expressing satisfaction with the promptness of receiving their purchase. One user appreciated the quick delivery, noting that it allowed them to use the product swiftly [0]. Another user mentioned that while the delivery wasn't instant, it took about 10 minutes to receive the code, which they found preferable to going to a store [1]. A third user reported receiving the product in their email in less than five minutes, with no issues in downloading [2]. Additionally, a comment emphasized the almost instant email delivery, which was particularly convenient given their remote location, and the transaction was described as great [3].",8.75
How quick is the delivery of the gift card,Redeem against anything on PlayStation Store.,1345,"['title: Greatt product \ntext: I like the fact that you get it fast to used it', 'title: Prompt delivery \ntext: Was delivered prompty and worked so there isnt much else to say.', 'title: Fast Delivery \ntext: I received a code and had a physical copy printed within a minute. Super fast and makes a great gift', ""title: Fast digital delivery. \ntext: The digital delivery did not take long at all, that's a plus for me because I have an impatience 11 years old kid at home, also no problems at all Redeeming the code in my sons Playstation 4 either...""]","The comments highlight the fast delivery speed of the product. One user appreciates the quick delivery, which allowed them to use the product promptly [0]. Another user mentions that the product was delivered promptly and functioned as expected [1]. A third user describes receiving a code and having a physical copy printed within a minute, emphasizing the super-fast delivery, which they found suitable for gifting [2]. Additionally, a user notes the quick digital delivery, which was beneficial for their impatient child, and they experienced no issues redeeming the code on a PlayStation 4 [3].",9.0
How quick is the delivery of the gift card,Redeem against anything on PlayStation Store.,1346,"['title: Greatt product \ntext: I like the fact that you get it fast to used it', 'title: Prompt delivery \ntext: Was delivered prompty and worked so there isnt much else to say.', 'title: Fast Delivery \ntext: I received a code and had a physical copy printed within a minute. Super fast and makes a great gift', 'title: Fast delivery \ntext: It arrived in my email in less than 5 mins and there were no problems downloading it.']","Several users praised the delivery speed of the product, highlighting its promptness and efficiency. One user appreciated the fast delivery, noting that it allowed them to use the product quickly [0]. Another user mentioned that the product was delivered promptly and functioned as expected [1]. A different user was impressed by receiving a code and having a physical copy printed within a minute, describing the process as super fast and suitable for gifting [2]. Additionally, a user reported receiving the product in their email in less than five minutes, with no issues during the download process [3].",9.0
How quick is the delivery of the gift card,Redeem against anything on PlayStation Store.,1347,"['title: Greatt product \ntext: I like the fact that you get it fast to used it', 'title: Prompt delivery \ntext: Was delivered prompty and worked so there isnt much else to say.', 'title: Fast Delivery \ntext: I received a code and had a physical copy printed within a minute. Super fast and makes a great gift', 'title: EASY and FAST delivery! \ntext: Delivered almost instantly to email which made my son very happy!  The code worked perfectly, so glad I can purchase these online as we live quite a distance to the nearest town.  Great transaction!']","Several users praised the delivery speed of the product, highlighting its promptness and efficiency. One user appreciated the fast delivery, noting that it allowed them to use the product quickly [0]. Another user mentioned that the product was delivered promptly and functioned as expected [1]. A third user was impressed by the speed, receiving a code and a physical copy within a minute, which they found ideal for gifting [2]. Additionally, a user expressed satisfaction with the almost instant email delivery, which was particularly beneficial due to their remote location [3].",9.0
How quick is the delivery of the gift card,Redeem against anything on PlayStation Store.,1356,"['title: Greatt product \ntext: I like the fact that you get it fast to used it', 'title: Prompt delivery \ntext: Was delivered prompty and worked so there isnt much else to say.', ""title: Fast digital delivery. \ntext: The digital delivery did not take long at all, that's a plus for me because I have an impatience 11 years old kid at home, also no problems at all Redeeming the code in my sons Playstation 4 either..."", 'title: Fast delivery \ntext: It arrived in my email in less than 5 mins and there were no problems downloading it.']","Several users have praised the delivery speed of the product, highlighting its promptness and efficiency. One user appreciated the fast delivery, noting that it allowed them to use the product quickly [0]. Another user confirmed that the product was delivered promptly and functioned as expected [1]. A third user emphasized the speed of the digital delivery, which was particularly beneficial for their impatient child, and reported no issues with redeeming the code on a gaming console [2]. Additionally, another user mentioned that the product arrived in their email in less than five minutes, with no problems encountered during the download process [3].",8.25
How quick is the delivery of the gift card,Redeem against anything on PlayStation Store.,1357,"['title: Greatt product \ntext: I like the fact that you get it fast to used it', 'title: Prompt delivery \ntext: Was delivered prompty and worked so there isnt much else to say.', ""title: Fast digital delivery. \ntext: The digital delivery did not take long at all, that's a plus for me because I have an impatience 11 years old kid at home, also no problems at all Redeeming the code in my sons Playstation 4 either..."", 'title: EASY and FAST delivery! \ntext: Delivered almost instantly to email which made my son very happy!  The code worked perfectly, so glad I can purchase these online as we live quite a distance to the nearest town.  Great transaction!']","The comments highlight the fast delivery speed of the product, with users expressing satisfaction with the promptness of both physical and digital deliveries. One user appreciated the quick delivery as it allowed them to use the product immediately [0]. Another user noted that the product was delivered promptly and functioned as expected [1]. The digital delivery was particularly praised for its speed, which was beneficial for a user with an impatient child, and the process of redeeming the code was smooth [2]. Additionally, the instant email delivery was convenient for a user living far from town, making the transaction highly satisfactory [3].",8.75
How quick is the delivery of the gift card,Redeem against anything on PlayStation Store.,1367,"['title: Greatt product \ntext: I like the fact that you get it fast to used it', 'title: Prompt delivery \ntext: Was delivered prompty and worked so there isnt much else to say.', 'title: Fast delivery \ntext: It arrived in my email in less than 5 mins and there were no problems downloading it.', 'title: EASY and FAST delivery! \ntext: Delivered almost instantly to email which made my son very happy!  The code worked perfectly, so glad I can purchase these online as we live quite a distance to the nearest town.  Great transaction!']","The comments consistently highlight the fast delivery speed of the product. One user appreciates the quick delivery, noting that it allows them to use the product promptly [0]. Another user confirms the prompt delivery and mentions that the product worked as expected [1]. A third comment emphasizes the speed of delivery, stating that the product arrived in their email in less than five minutes without any issues [2]. Additionally, a user describes the delivery as almost instant, which was particularly beneficial given their remote location, and expresses satisfaction with the transaction [3].",8.75
How quick is the delivery of the gift card,Redeem against anything on PlayStation Store.,1456,"['title: Greatt product \ntext: I like the fact that you get it fast to used it', 'title: Fast Delivery \ntext: I received a code and had a physical copy printed within a minute. Super fast and makes a great gift', ""title: Fast digital delivery. \ntext: The digital delivery did not take long at all, that's a plus for me because I have an impatience 11 years old kid at home, also no problems at all Redeeming the code in my sons Playstation 4 either..."", 'title: Fast delivery \ntext: It arrived in my email in less than 5 mins and there were no problems downloading it.']","Several users praised the delivery speed of the product, highlighting its efficiency and convenience. One user appreciated the fast delivery, noting that they received the product quickly and were able to use it immediately [0]. Another user mentioned receiving a code and having a physical copy printed within a minute, describing the process as super fast and ideal for gifting [1]. Additionally, a user emphasized the quick digital delivery, which was beneficial for managing an impatient child, and reported no issues with redeeming the code on a PlayStation 4 [2]. Lastly, another user shared that the product arrived in their email in less than five minutes, with no problems encountered during the download process [3].",9.0
How quick is the delivery of the gift card,Redeem against anything on PlayStation Store.,1457,"['title: Greatt product \ntext: I like the fact that you get it fast to used it', 'title: Fast Delivery \ntext: I received a code and had a physical copy printed within a minute. Super fast and makes a great gift', ""title: Fast digital delivery. \ntext: The digital delivery did not take long at all, that's a plus for me because I have an impatience 11 years old kid at home, also no problems at all Redeeming the code in my sons Playstation 4 either..."", 'title: EASY and FAST delivery! \ntext: Delivered almost instantly to email which made my son very happy!  The code worked perfectly, so glad I can purchase these online as we live quite a distance to the nearest town.  Great transaction!']","The comments highlight the fast delivery speed of the product, emphasizing its efficiency and convenience. One user appreciated the quick delivery, noting that they received the product promptly, which allowed them to use it immediately [0]. Another user praised the rapid delivery of a code and a physical copy, describing it as super fast and ideal for gifting [1]. A third comment mentioned the swift digital delivery, which was particularly beneficial for a user with an impatient child, and noted the ease of redeeming the code on a gaming console [2]. Lastly, a user expressed satisfaction with the almost instant email delivery, which was especially convenient given their remote location, and appreciated the seamless transaction [3].",9.0
How quick is the delivery of the gift card,Redeem against anything on PlayStation Store.,1467,"['title: Greatt product \ntext: I like the fact that you get it fast to used it', 'title: Fast Delivery \ntext: I received a code and had a physical copy printed within a minute. Super fast and makes a great gift', 'title: Fast delivery \ntext: It arrived in my email in less than 5 mins and there were no problems downloading it.', 'title: EASY and FAST delivery! \ntext: Delivered almost instantly to email which made my son very happy!  The code worked perfectly, so glad I can purchase these online as we live quite a distance to the nearest town.  Great transaction!']","The comments consistently highlight the fast delivery speed of the product. One user appreciated the quick delivery, noting that they received the product promptly and were able to use it immediately [0]. Another user mentioned receiving a code and having a physical copy printed within a minute, emphasizing the speed and convenience, especially for gifting purposes [1]. Similarly, another comment noted that the product arrived in their email in less than five minutes, with no issues during the download process [2]. Additionally, a user expressed satisfaction with the almost instant email delivery, which was particularly beneficial given their remote location, and praised the overall transaction [3].",9.0
How quick is the delivery of the gift card,Redeem against anything on PlayStation Store.,1567,"['title: Greatt product \ntext: I like the fact that you get it fast to used it', ""title: Fast digital delivery. \ntext: The digital delivery did not take long at all, that's a plus for me because I have an impatience 11 years old kid at home, also no problems at all Redeeming the code in my sons Playstation 4 either..."", 'title: Fast delivery \ntext: It arrived in my email in less than 5 mins and there were no problems downloading it.', 'title: EASY and FAST delivery! \ntext: Delivered almost instantly to email which made my son very happy!  The code worked perfectly, so glad I can purchase these online as we live quite a distance to the nearest town.  Great transaction!']","The comments highlight the fast delivery speed of the product, particularly emphasizing the efficiency of digital delivery. One user appreciates the quick delivery, noting that it allows them to use the product promptly [0]. Another user mentions that the digital delivery was swift, which was beneficial for their impatient child, and they encountered no issues redeeming the code on a gaming console [1]. A third comment states that the product arrived via email in less than five minutes, with no problems during the download process [2]. Lastly, a user describes the delivery as almost instantaneous, which was convenient given their remote location, and the transaction was smooth [3].",8.75
How quick is the delivery of the gift card,Redeem against anything on PlayStation Store.,2345,"['title: Delivered fairly fast \ntext: Its not instant delivery but it takes about 10 minutes to get the code, beats going to the store.', 'title: Prompt delivery \ntext: Was delivered prompty and worked so there isnt much else to say.', 'title: Fast Delivery \ntext: I received a code and had a physical copy printed within a minute. Super fast and makes a great gift', ""title: Fast digital delivery. \ntext: The digital delivery did not take long at all, that's a plus for me because I have an impatience 11 years old kid at home, also no problems at all Redeeming the code in my sons Playstation 4 either...""]","The delivery speed of the product is generally perceived as fast and efficient by users. One user noted that while the delivery is not instant, it takes about 10 minutes to receive the code, which is quicker than going to a physical store [0]. Another user described the delivery as prompt and effective, with no further issues to report [1]. A third user highlighted receiving a code and having a physical copy printed within a minute, praising the speed as 'super fast' [2]. Additionally, a user appreciated the quick digital delivery, which was beneficial for managing an impatient child, and reported no issues with redeeming the code [3].",9.0
How quick is the delivery of the gift card,Redeem against anything on PlayStation Store.,2346,"['title: Delivered fairly fast \ntext: Its not instant delivery but it takes about 10 minutes to get the code, beats going to the store.', 'title: Prompt delivery \ntext: Was delivered prompty and worked so there isnt much else to say.', 'title: Fast Delivery \ntext: I received a code and had a physical copy printed within a minute. Super fast and makes a great gift', 'title: Fast delivery \ntext: It arrived in my email in less than 5 mins and there were no problems downloading it.']","The comments highlight the delivery speed of the product, with users generally expressing satisfaction. One user noted that while the delivery is not instant, it takes about 10 minutes to receive the code, which is faster than going to a store [0]. Another user described the delivery as prompt and effective [1]. A different user reported receiving a code and having a physical copy printed within a minute, praising the speed as super fast [2]. Additionally, a user mentioned that the product arrived in their email in less than 5 minutes, with no issues in downloading [3].",9.0
How quick is the delivery of the gift card,Redeem against anything on PlayStation Store.,2347,"['title: Delivered fairly fast \ntext: Its not instant delivery but it takes about 10 minutes to get the code, beats going to the store.', 'title: Prompt delivery \ntext: Was delivered prompty and worked so there isnt much else to say.', 'title: Fast Delivery \ntext: I received a code and had a physical copy printed within a minute. Super fast and makes a great gift', 'title: EASY and FAST delivery! \ntext: Delivered almost instantly to email which made my son very happy!  The code worked perfectly, so glad I can purchase these online as we live quite a distance to the nearest town.  Great transaction!']","The delivery speed of the product is generally perceived as fast and efficient by users. One user noted that while the delivery is not instant, it takes about 10 minutes to receive the code, which is still faster than going to a store [0]. Another user described the delivery as prompt and satisfactory [1]. A different user highlighted receiving a code and having a physical copy printed within a minute, emphasizing the speed and convenience of the service [2]. Additionally, a user expressed satisfaction with the almost instant email delivery, which was particularly beneficial given their remote location [3].",9.0
How quick is the delivery of the gift card,Redeem against anything on PlayStation Store.,2356,"['title: Delivered fairly fast \ntext: Its not instant delivery but it takes about 10 minutes to get the code, beats going to the store.', 'title: Prompt delivery \ntext: Was delivered prompty and worked so there isnt much else to say.', ""title: Fast digital delivery. \ntext: The digital delivery did not take long at all, that's a plus for me because I have an impatience 11 years old kid at home, also no problems at all Redeeming the code in my sons Playstation 4 either..."", 'title: Fast delivery \ntext: It arrived in my email in less than 5 mins and there were no problems downloading it.']","The comments consistently highlight the fast delivery speed of the product. One user noted that while the delivery is not instant, it takes about 10 minutes to receive the code, which is preferable to going to a store [0]. Another user described the delivery as prompt and effective, with no further issues to report [1]. A third comment emphasized the quick digital delivery, which was particularly appreciated due to the user's impatient child, and noted no problems with redeeming the code [2]. Lastly, a user mentioned receiving the product in their email in less than five minutes, with no issues in downloading [3].",8.0
How quick is the delivery of the gift card,Redeem against anything on PlayStation Store.,2357,"['title: Delivered fairly fast \ntext: Its not instant delivery but it takes about 10 minutes to get the code, beats going to the store.', 'title: Prompt delivery \ntext: Was delivered prompty and worked so there isnt much else to say.', ""title: Fast digital delivery. \ntext: The digital delivery did not take long at all, that's a plus for me because I have an impatience 11 years old kid at home, also no problems at all Redeeming the code in my sons Playstation 4 either..."", 'title: EASY and FAST delivery! \ntext: Delivered almost instantly to email which made my son very happy!  The code worked perfectly, so glad I can purchase these online as we live quite a distance to the nearest town.  Great transaction!']","The comments consistently highlight the fast delivery speed of the product. One user noted that while the delivery is not instant, it takes about 10 minutes to receive the code, which is preferable to going to a store [0]. Another user described the delivery as prompt and without issues [1]. A third comment emphasized the quick digital delivery, which was appreciated due to the user's impatient child, and noted no problems with redeeming the code [2]. Lastly, a user praised the almost instant email delivery, which was particularly beneficial given their remote location, and reported a smooth transaction [3].",8.75
How quick is the delivery of the gift card,Redeem against anything on PlayStation Store.,2367,"['title: Delivered fairly fast \ntext: Its not instant delivery but it takes about 10 minutes to get the code, beats going to the store.', 'title: Prompt delivery \ntext: Was delivered prompty and worked so there isnt much else to say.', 'title: Fast delivery \ntext: It arrived in my email in less than 5 mins and there were no problems downloading it.', 'title: EASY and FAST delivery! \ntext: Delivered almost instantly to email which made my son very happy!  The code worked perfectly, so glad I can purchase these online as we live quite a distance to the nearest town.  Great transaction!']","The delivery speed of the product is generally perceived as fast by users. One user noted that while it is not instant, the delivery takes about 10 minutes, which is preferable to going to a physical store [0]. Another user mentioned that the delivery was prompt and without issues [1]. Additionally, a user reported receiving the product in less than 5 minutes via email, with no problems encountered during the download process [2]. Another comment highlighted that the delivery was almost instant, which was particularly appreciated due to the user's remote location, and the transaction was described as great [3].",8.75
How quick is the delivery of the gift card,Redeem against anything on PlayStation Store.,2456,"['title: Delivered fairly fast \ntext: Its not instant delivery but it takes about 10 minutes to get the code, beats going to the store.', 'title: Fast Delivery \ntext: I received a code and had a physical copy printed within a minute. Super fast and makes a great gift', ""title: Fast digital delivery. \ntext: The digital delivery did not take long at all, that's a plus for me because I have an impatience 11 years old kid at home, also no problems at all Redeeming the code in my sons Playstation 4 either..."", 'title: Fast delivery \ntext: It arrived in my email in less than 5 mins and there were no problems downloading it.']","The delivery speed of the product is generally praised for its quickness. One user noted that while it is not instant, the delivery takes about 10 minutes, which is faster than going to a store [0]. Another user highlighted receiving a code and having a physical copy printed within a minute, describing the service as super fast and ideal for gifting [1]. Additionally, a user appreciated the fast digital delivery, which was beneficial for their impatient child, and reported no issues with redeeming the code on a PlayStation 4 [2]. Lastly, another comment mentioned receiving the product via email in less than 5 minutes, with no problems encountered during the download process [3].",9.0
How quick is the delivery of the gift card,Redeem against anything on PlayStation Store.,2457,"['title: Delivered fairly fast \ntext: Its not instant delivery but it takes about 10 minutes to get the code, beats going to the store.', 'title: Fast Delivery \ntext: I received a code and had a physical copy printed within a minute. Super fast and makes a great gift', ""title: Fast digital delivery. \ntext: The digital delivery did not take long at all, that's a plus for me because I have an impatience 11 years old kid at home, also no problems at all Redeeming the code in my sons Playstation 4 either..."", 'title: EASY and FAST delivery! \ntext: Delivered almost instantly to email which made my son very happy!  The code worked perfectly, so glad I can purchase these online as we live quite a distance to the nearest town.  Great transaction!']","The comments highlight the fast delivery speed of the product, with users noting that digital codes are received quickly, often within minutes. One user mentioned receiving a code and having a physical copy printed within a minute, emphasizing the convenience and speed of the service [1]. Another user appreciated the quick digital delivery, which was beneficial for their impatient child, and noted no issues with redeeming the code [2]. Additionally, a user expressed satisfaction with the almost instant email delivery, which was particularly convenient given their remote location [3]. Overall, the comments reflect a positive consensus on the efficiency of the delivery process, with times ranging from almost instant to about 10 minutes [0][1][2][3].",9.0
How quick is the delivery of the gift card,Redeem against anything on PlayStation Store.,2467,"['title: Delivered fairly fast \ntext: Its not instant delivery but it takes about 10 minutes to get the code, beats going to the store.', 'title: Fast Delivery \ntext: I received a code and had a physical copy printed within a minute. Super fast and makes a great gift', 'title: Fast delivery \ntext: It arrived in my email in less than 5 mins and there were no problems downloading it.', 'title: EASY and FAST delivery! \ntext: Delivered almost instantly to email which made my son very happy!  The code worked perfectly, so glad I can purchase these online as we live quite a distance to the nearest town.  Great transaction!']","The delivery speed of the product is generally perceived as fast by users. One user noted that while the delivery is not instant, it takes about 10 minutes to receive the code, which is still more convenient than going to a store [0]. Another user reported receiving a code and having a physical copy printed within a minute, highlighting the speed and convenience of the service [1]. Additionally, a user mentioned that the product arrived in their email in less than 5 minutes, with no issues in downloading [2]. Another comment emphasized the almost instant delivery to email, which was particularly appreciated due to the user's remote location [3]. Overall, the comments reflect a positive consensus on the quick delivery speed of the product.",9.0
How quick is the delivery of the gift card,Redeem against anything on PlayStation Store.,2567,"['title: Delivered fairly fast \ntext: Its not instant delivery but it takes about 10 minutes to get the code, beats going to the store.', ""title: Fast digital delivery. \ntext: The digital delivery did not take long at all, that's a plus for me because I have an impatience 11 years old kid at home, also no problems at all Redeeming the code in my sons Playstation 4 either..."", 'title: Fast delivery \ntext: It arrived in my email in less than 5 mins and there were no problems downloading it.', 'title: EASY and FAST delivery! \ntext: Delivered almost instantly to email which made my son very happy!  The code worked perfectly, so glad I can purchase these online as we live quite a distance to the nearest town.  Great transaction!']","The delivery speed of the product is consistently praised across multiple comments. One user noted that while the delivery is not instant, it takes about 10 minutes to receive the code, which is faster than going to a store [0]. Another user appreciated the quick digital delivery, highlighting its importance due to having an impatient child at home [1]. A third comment mentioned receiving the product in less than 5 minutes via email, with no issues in downloading [2]. Lastly, a user described the delivery as almost instant, emphasizing the convenience of receiving the code via email, especially given their remote location [3].",8.75
How quick is the delivery of the gift card,Redeem against anything on PlayStation Store.,3456,"['title: Prompt delivery \ntext: Was delivered prompty and worked so there isnt much else to say.', 'title: Fast Delivery \ntext: I received a code and had a physical copy printed within a minute. Super fast and makes a great gift', ""title: Fast digital delivery. \ntext: The digital delivery did not take long at all, that's a plus for me because I have an impatience 11 years old kid at home, also no problems at all Redeeming the code in my sons Playstation 4 either..."", 'title: Fast delivery \ntext: It arrived in my email in less than 5 mins and there were no problems downloading it.']","The comments consistently highlight the fast delivery speed of the product. One user noted that the product was delivered promptly and functioned as expected, leaving little else to comment on [0]. Another user praised the speed, mentioning that they received a code and had a physical copy printed within a minute, describing it as super fast and ideal for gifting [1]. A third user appreciated the quick digital delivery, which was particularly beneficial for their impatient child, and reported no issues with redeeming the code on a PlayStation 4 [2]. Lastly, another comment mentioned that the product arrived in their email in less than five minutes, with no problems encountered during the download process [3].",9.0
How quick is the delivery of the gift card,Redeem against anything on PlayStation Store.,3457,"['title: Prompt delivery \ntext: Was delivered prompty and worked so there isnt much else to say.', 'title: Fast Delivery \ntext: I received a code and had a physical copy printed within a minute. Super fast and makes a great gift', ""title: Fast digital delivery. \ntext: The digital delivery did not take long at all, that's a plus for me because I have an impatience 11 years old kid at home, also no problems at all Redeeming the code in my sons Playstation 4 either..."", 'title: EASY and FAST delivery! \ntext: Delivered almost instantly to email which made my son very happy!  The code worked perfectly, so glad I can purchase these online as we live quite a distance to the nearest town.  Great transaction!']","The comments consistently highlight the prompt and fast delivery of the product. One user noted that the product was delivered promptly and functioned as expected, leaving little else to comment on [0]. Another user praised the speed of delivery, mentioning that they received a code and had a physical copy printed within a minute, which they found to be super fast and ideal for gifting [1]. A third comment emphasized the quick digital delivery, which was particularly appreciated due to the user's impatient child, and noted that there were no issues redeeming the code on a PlayStation 4 [2]. Lastly, a user expressed satisfaction with the almost instant email delivery, which pleased their son, and appreciated the convenience of online purchases due to their remote location [3].",9.0
How quick is the delivery of the gift card,Redeem against anything on PlayStation Store.,3467,"['title: Prompt delivery \ntext: Was delivered prompty and worked so there isnt much else to say.', 'title: Fast Delivery \ntext: I received a code and had a physical copy printed within a minute. Super fast and makes a great gift', 'title: Fast delivery \ntext: It arrived in my email in less than 5 mins and there were no problems downloading it.', 'title: EASY and FAST delivery! \ntext: Delivered almost instantly to email which made my son very happy!  The code worked perfectly, so glad I can purchase these online as we live quite a distance to the nearest town.  Great transaction!']","The comments consistently highlight the prompt and efficient delivery speed of the product. One user noted that the product was delivered promptly and functioned as expected, leaving little else to comment on [0]. Another user praised the service for providing a code and a physical copy within a minute, describing it as super fast and ideal for gifting [1]. A third comment mentioned receiving the product via email in less than five minutes, with no issues in downloading [2]. Additionally, a user expressed satisfaction with the almost instant email delivery, which was particularly beneficial given their remote location, and noted that the transaction was smooth and the code worked perfectly [3].",9.0
How quick is the delivery of the gift card,Redeem against anything on PlayStation Store.,3567,"['title: Prompt delivery \ntext: Was delivered prompty and worked so there isnt much else to say.', ""title: Fast digital delivery. \ntext: The digital delivery did not take long at all, that's a plus for me because I have an impatience 11 years old kid at home, also no problems at all Redeeming the code in my sons Playstation 4 either..."", 'title: Fast delivery \ntext: It arrived in my email in less than 5 mins and there were no problems downloading it.', 'title: EASY and FAST delivery! \ntext: Delivered almost instantly to email which made my son very happy!  The code worked perfectly, so glad I can purchase these online as we live quite a distance to the nearest town.  Great transaction!']","The comments consistently highlight the promptness and efficiency of the product's delivery. One user noted that the product was delivered promptly and functioned as expected, leaving little else to comment on regarding the delivery process [0]. Another user appreciated the fast digital delivery, which was particularly beneficial given their impatient child, and reported no issues with redeeming the code on a PlayStation 4 [1]. A third comment mentioned that the product arrived via email in less than five minutes, with no problems encountered during the download [2]. Lastly, a user expressed satisfaction with the almost instant email delivery, which was especially convenient due to their remote location, and noted that the transaction was smooth and the code worked perfectly [3].",8.75
How quick is the delivery of the gift card,Redeem against anything on PlayStation Store.,4567,"['title: Fast Delivery \ntext: I received a code and had a physical copy printed within a minute. Super fast and makes a great gift', ""title: Fast digital delivery. \ntext: The digital delivery did not take long at all, that's a plus for me because I have an impatience 11 years old kid at home, also no problems at all Redeeming the code in my sons Playstation 4 either..."", 'title: Fast delivery \ntext: It arrived in my email in less than 5 mins and there were no problems downloading it.', 'title: EASY and FAST delivery! \ntext: Delivered almost instantly to email which made my son very happy!  The code worked perfectly, so glad I can purchase these online as we live quite a distance to the nearest town.  Great transaction!']","Customers consistently report that the delivery speed of the product is exceptionally fast. One user mentioned receiving a code and having a physical copy printed within a minute, highlighting the speed and convenience of the service [0]. Another user appreciated the quick digital delivery, which was beneficial for their impatient child, and noted no issues with redeeming the code on a PlayStation 4 [1]. Additionally, a customer received their product via email in less than five minutes and encountered no problems downloading it [2]. Another comment emphasized the almost instant email delivery, which was particularly appreciated due to the user's remote location, and confirmed that the code worked perfectly [3].",9.0
How quick is the delivery of the gift card,Redeem against anything on PlayStation Store.,01234,"['title: Rapidity to get the product \ntext: Easy to use and order comes within secondes . I used it for my 10 years old boy', 'title: Greatt product \ntext: I like the fact that you get it fast to used it', 'title: Delivered fairly fast \ntext: Its not instant delivery but it takes about 10 minutes to get the code, beats going to the store.', 'title: Prompt delivery \ntext: Was delivered prompty and worked so there isnt much else to say.', 'title: Fast Delivery \ntext: I received a code and had a physical copy printed within a minute. Super fast and makes a great gift']","The comments highlight the rapid delivery speed of the product, with users expressing satisfaction with how quickly they receive their orders. One user noted that the order comes within seconds, making it easy to use for their child [0]. Another appreciated the fast delivery, emphasizing the convenience of receiving the product quickly [1]. Although one user mentioned that the delivery is not instant, they still found the 10-minute wait for the code to be faster than going to a store [2]. Additionally, a user described the delivery as prompt and effective [3]. Finally, another user praised the super-fast delivery, receiving a code and a printed physical copy within a minute, which they found ideal for gifting [4].",9.0
How quick is the delivery of the gift card,Redeem against anything on PlayStation Store.,01235,"['title: Rapidity to get the product \ntext: Easy to use and order comes within secondes . I used it for my 10 years old boy', 'title: Greatt product \ntext: I like the fact that you get it fast to used it', 'title: Delivered fairly fast \ntext: Its not instant delivery but it takes about 10 minutes to get the code, beats going to the store.', 'title: Prompt delivery \ntext: Was delivered prompty and worked so there isnt much else to say.', ""title: Fast digital delivery. \ntext: The digital delivery did not take long at all, that's a plus for me because I have an impatience 11 years old kid at home, also no problems at all Redeeming the code in my sons Playstation 4 either...""]","The comments highlight the rapid delivery speed of the product, with users expressing satisfaction with how quickly they received their orders. One user noted that the order arrived within seconds, making it convenient for use by their 10-year-old child [0]. Another user appreciated the fast delivery, emphasizing the ease of use [1]. Although one comment mentioned that the delivery is not instant, it still only takes about 10 minutes to receive the code, which is considered faster than going to a store [2]. Another user confirmed the promptness of the delivery, stating that it was delivered promptly and functioned as expected [3]. Additionally, a user praised the fast digital delivery, which was beneficial for their impatient 11-year-old, and noted no issues with redeeming the code on a PlayStation 4 [4].",8.25
How quick is the delivery of the gift card,Redeem against anything on PlayStation Store.,01236,"['title: Rapidity to get the product \ntext: Easy to use and order comes within secondes . I used it for my 10 years old boy', 'title: Greatt product \ntext: I like the fact that you get it fast to used it', 'title: Delivered fairly fast \ntext: Its not instant delivery but it takes about 10 minutes to get the code, beats going to the store.', 'title: Prompt delivery \ntext: Was delivered prompty and worked so there isnt much else to say.', 'title: Fast delivery \ntext: It arrived in my email in less than 5 mins and there were no problems downloading it.']","The comments highlight the fast delivery speed of the product. One user noted that the order arrives within seconds, making it easy to use for their 10-year-old child [0]. Another user appreciated the quick delivery, emphasizing that it allows them to use the product promptly [1]. While one comment mentioned that the delivery is not instant, it still takes only about 10 minutes to receive the code, which is faster than going to a store [2]. Additionally, a user described the delivery as prompt and effective [3]. Lastly, another user reported receiving the product in their email in less than five minutes, with no issues in downloading [4].",8.25
How quick is the delivery of the gift card,Redeem against anything on PlayStation Store.,01237,"['title: Rapidity to get the product \ntext: Easy to use and order comes within secondes . I used it for my 10 years old boy', 'title: Greatt product \ntext: I like the fact that you get it fast to used it', 'title: Delivered fairly fast \ntext: Its not instant delivery but it takes about 10 minutes to get the code, beats going to the store.', 'title: Prompt delivery \ntext: Was delivered prompty and worked so there isnt much else to say.', 'title: EASY and FAST delivery! \ntext: Delivered almost instantly to email which made my son very happy!  The code worked perfectly, so glad I can purchase these online as we live quite a distance to the nearest town.  Great transaction!']","The delivery speed of the product is highly praised by users, with comments highlighting its rapidity and convenience. One user noted that the order arrives within seconds, making it easy to use for their child [0]. Another user appreciated the fast delivery, emphasizing that it allows them to use the product quickly [1]. Although one comment mentioned that the delivery is not instant, it still takes only about 10 minutes to receive the code, which is considered faster than going to a physical store [2]. Additionally, the delivery was described as prompt and effective, with no further issues to report [3]. Another user expressed satisfaction with the almost instant email delivery, which was particularly beneficial due to their remote location [4].",8.75
How quick is the delivery of the gift card,Redeem against anything on PlayStation Store.,01245,"['title: Rapidity to get the product \ntext: Easy to use and order comes within secondes . I used it for my 10 years old boy', 'title: Greatt product \ntext: I like the fact that you get it fast to used it', 'title: Delivered fairly fast \ntext: Its not instant delivery but it takes about 10 minutes to get the code, beats going to the store.', 'title: Fast Delivery \ntext: I received a code and had a physical copy printed within a minute. Super fast and makes a great gift', ""title: Fast digital delivery. \ntext: The digital delivery did not take long at all, that's a plus for me because I have an impatience 11 years old kid at home, also no problems at all Redeeming the code in my sons Playstation 4 either...""]","The comments highlight the rapid delivery speed of the product, with users expressing satisfaction with how quickly they received their orders. One user noted that the order arrived within seconds, making it convenient for use by their 10-year-old child [0]. Another user appreciated the fast delivery, emphasizing the ease of use [1]. While one comment mentioned that the delivery is not instant, it still only takes about 10 minutes to receive the code, which is faster than going to a physical store [2]. Additionally, a user reported receiving a code and having a physical copy printed within a minute, describing the service as super fast and ideal for gifting [3]. Lastly, another user praised the quick digital delivery, which was beneficial for their impatient 11-year-old, and noted no issues with redeeming the code on a PlayStation 4 [4].",9.0
How quick is the delivery of the gift card,Redeem against anything on PlayStation Store.,01246,"['title: Rapidity to get the product \ntext: Easy to use and order comes within secondes . I used it for my 10 years old boy', 'title: Greatt product \ntext: I like the fact that you get it fast to used it', 'title: Delivered fairly fast \ntext: Its not instant delivery but it takes about 10 minutes to get the code, beats going to the store.', 'title: Fast Delivery \ntext: I received a code and had a physical copy printed within a minute. Super fast and makes a great gift', 'title: Fast delivery \ntext: It arrived in my email in less than 5 mins and there were no problems downloading it.']","The comments highlight the rapid delivery speed of the product, with users expressing satisfaction with the quickness of receiving their orders. One user noted that the order comes within seconds, making it easy to use for their child [0]. Another appreciated the fast delivery, emphasizing the convenience of receiving the product quickly [1]. A different user mentioned that while the delivery is not instant, it takes about 10 minutes to receive the code, which is still faster than going to a store [2]. Additionally, a user reported receiving a code and having a physical copy printed within a minute, describing the service as super fast and ideal for gifting [3]. Lastly, another user stated that the product arrived in their email in less than five minutes, with no issues in downloading it [4].",9.0
How quick is the delivery of the gift card,Redeem against anything on PlayStation Store.,01247,"['title: Rapidity to get the product \ntext: Easy to use and order comes within secondes . I used it for my 10 years old boy', 'title: Greatt product \ntext: I like the fact that you get it fast to used it', 'title: Delivered fairly fast \ntext: Its not instant delivery but it takes about 10 minutes to get the code, beats going to the store.', 'title: Fast Delivery \ntext: I received a code and had a physical copy printed within a minute. Super fast and makes a great gift', 'title: EASY and FAST delivery! \ntext: Delivered almost instantly to email which made my son very happy!  The code worked perfectly, so glad I can purchase these online as we live quite a distance to the nearest town.  Great transaction!']","The comments highlight the rapid delivery speed of the product, with users expressing satisfaction with the quickness of receiving their orders. One user noted that the order comes within seconds, making it easy to use for their child [0]. Another user appreciated the fast delivery, emphasizing the convenience of receiving the product quickly [1]. Although one comment mentioned that delivery is not instant, it still takes only about 10 minutes to receive the code, which is faster than going to a store [2]. Another user received a code and had a physical copy printed within a minute, praising the super-fast delivery as ideal for gifting [3]. Additionally, a user mentioned that the delivery was almost instant to their email, which was particularly beneficial given their remote location [4].",9.0
How quick is the delivery of the gift card,Redeem against anything on PlayStation Store.,01256,"['title: Rapidity to get the product \ntext: Easy to use and order comes within secondes . I used it for my 10 years old boy', 'title: Greatt product \ntext: I like the fact that you get it fast to used it', 'title: Delivered fairly fast \ntext: Its not instant delivery but it takes about 10 minutes to get the code, beats going to the store.', ""title: Fast digital delivery. \ntext: The digital delivery did not take long at all, that's a plus for me because I have an impatience 11 years old kid at home, also no problems at all Redeeming the code in my sons Playstation 4 either..."", 'title: Fast delivery \ntext: It arrived in my email in less than 5 mins and there were no problems downloading it.']","The comments highlight the rapid delivery speed of the product, with users expressing satisfaction with how quickly they received their orders. One user noted that the order arrived within seconds, making it convenient for use by their 10-year-old child [0]. Another user appreciated the fast delivery, emphasizing that it allowed them to use the product promptly [1]. Although one comment mentioned that the delivery was not instant, it still took only about 10 minutes to receive the code, which was considered faster than going to a store [2]. The digital delivery was also praised for its speed, which was beneficial for a user with an impatient 11-year-old, and there were no issues with redeeming the code on a PlayStation 4 [3]. Additionally, another user reported receiving the product via email in less than five minutes, with no problems encountered during the download process [4].",8.25
How quick is the delivery of the gift card,Redeem against anything on PlayStation Store.,01257,"['title: Rapidity to get the product \ntext: Easy to use and order comes within secondes . I used it for my 10 years old boy', 'title: Greatt product \ntext: I like the fact that you get it fast to used it', 'title: Delivered fairly fast \ntext: Its not instant delivery but it takes about 10 minutes to get the code, beats going to the store.', ""title: Fast digital delivery. \ntext: The digital delivery did not take long at all, that's a plus for me because I have an impatience 11 years old kid at home, also no problems at all Redeeming the code in my sons Playstation 4 either..."", 'title: EASY and FAST delivery! \ntext: Delivered almost instantly to email which made my son very happy!  The code worked perfectly, so glad I can purchase these online as we live quite a distance to the nearest town.  Great transaction!']","The comments highlight the rapid delivery speed of the product, emphasizing its convenience and efficiency. One user noted that the order arrives within seconds, making it easy to use for their 10-year-old child [0]. Another user appreciated the fast delivery, which allows them to use the product quickly [1]. Although one comment mentioned that the delivery is not instant, it still takes only about 10 minutes to receive the code, which is faster than going to a physical store [2]. The digital delivery was also praised for its speed, which is beneficial for users with impatient children, and there were no issues with redeeming the code [3]. Additionally, the delivery was described as almost instant, which was particularly advantageous for those living far from a town, ensuring a smooth transaction [4].",8.75
How quick is the delivery of the gift card,Redeem against anything on PlayStation Store.,01267,"['title: Rapidity to get the product \ntext: Easy to use and order comes within secondes . I used it for my 10 years old boy', 'title: Greatt product \ntext: I like the fact that you get it fast to used it', 'title: Delivered fairly fast \ntext: Its not instant delivery but it takes about 10 minutes to get the code, beats going to the store.', 'title: Fast delivery \ntext: It arrived in my email in less than 5 mins and there were no problems downloading it.', 'title: EASY and FAST delivery! \ntext: Delivered almost instantly to email which made my son very happy!  The code worked perfectly, so glad I can purchase these online as we live quite a distance to the nearest town.  Great transaction!']","The delivery speed of the product is consistently praised across multiple user comments. One user highlights that the order arrives within seconds, making it very convenient to use for their child [0]. Another user appreciates the fast delivery, noting that it allows them to use the product quickly [1]. Although one comment mentions that the delivery is not instant, it still emphasizes that receiving the code within about 10 minutes is much faster than going to a physical store [2]. Additionally, a user reports receiving the product in less than 5 minutes via email, with no issues in downloading [3]. Another comment echoes the sentiment of fast delivery, stating that the product was delivered almost instantly to their email, which was particularly beneficial due to their remote location [4].",8.75
How quick is the delivery of the gift card,Redeem against anything on PlayStation Store.,01345,"['title: Rapidity to get the product \ntext: Easy to use and order comes within secondes . I used it for my 10 years old boy', 'title: Greatt product \ntext: I like the fact that you get it fast to used it', 'title: Prompt delivery \ntext: Was delivered prompty and worked so there isnt much else to say.', 'title: Fast Delivery \ntext: I received a code and had a physical copy printed within a minute. Super fast and makes a great gift', ""title: Fast digital delivery. \ntext: The digital delivery did not take long at all, that's a plus for me because I have an impatience 11 years old kid at home, also no problems at all Redeeming the code in my sons Playstation 4 either...""]","The comments highlight the rapid delivery speed of the product, with users expressing satisfaction with how quickly they received their orders. One user noted that the order arrived within seconds, making it convenient for use by their 10-year-old child [0]. Another user appreciated the fast delivery, which allowed them to use the product promptly [1]. A third comment confirmed that the product was delivered promptly and functioned as expected [2]. Additionally, a user mentioned receiving a code and having a physical copy printed within a minute, emphasizing the super-fast delivery as a great feature for gifting [3]. Lastly, the digital delivery was praised for its speed, which was particularly beneficial for a user with an impatient 11-year-old, and the process of redeeming the code was smooth [4].",9.0
How quick is the delivery of the gift card,Redeem against anything on PlayStation Store.,01346,"['title: Rapidity to get the product \ntext: Easy to use and order comes within secondes . I used it for my 10 years old boy', 'title: Greatt product \ntext: I like the fact that you get it fast to used it', 'title: Prompt delivery \ntext: Was delivered prompty and worked so there isnt much else to say.', 'title: Fast Delivery \ntext: I received a code and had a physical copy printed within a minute. Super fast and makes a great gift', 'title: Fast delivery \ntext: It arrived in my email in less than 5 mins and there were no problems downloading it.']","The comments highlight the impressive delivery speed of the product. One user noted that the order was completed within seconds, making it easy to use for their child [0]. Another user appreciated the fast delivery, emphasizing the quick availability for use [1]. A third comment confirmed the prompt delivery and functionality of the product [2]. Additionally, a user mentioned receiving a code and having a physical copy printed within a minute, praising the speed and suitability as a gift [3]. Lastly, another user reported receiving the product via email in less than five minutes, with no issues in downloading [4].",9.0
How quick is the delivery of the gift card,Redeem against anything on PlayStation Store.,01347,"['title: Rapidity to get the product \ntext: Easy to use and order comes within secondes . I used it for my 10 years old boy', 'title: Greatt product \ntext: I like the fact that you get it fast to used it', 'title: Prompt delivery \ntext: Was delivered prompty and worked so there isnt much else to say.', 'title: Fast Delivery \ntext: I received a code and had a physical copy printed within a minute. Super fast and makes a great gift', 'title: EASY and FAST delivery! \ntext: Delivered almost instantly to email which made my son very happy!  The code worked perfectly, so glad I can purchase these online as we live quite a distance to the nearest town.  Great transaction!']","The comments highlight the rapid delivery speed of the product, with users expressing satisfaction with how quickly they received their orders. One user noted that the order arrived within seconds, making it convenient for use by their child [0]. Another appreciated the fast delivery, emphasizing the ease of use [1]. A third comment mentioned that the product was delivered promptly and functioned as expected [2]. Additionally, a user reported receiving a code and having a physical copy printed within a minute, describing the service as super fast and ideal for gifting [3]. Lastly, a comment praised the almost instant email delivery, which was particularly beneficial given their remote location, and noted the transaction as great [4].",9.0
How quick is the delivery of the gift card,Redeem against anything on PlayStation Store.,01356,"['title: Rapidity to get the product \ntext: Easy to use and order comes within secondes . I used it for my 10 years old boy', 'title: Greatt product \ntext: I like the fact that you get it fast to used it', 'title: Prompt delivery \ntext: Was delivered prompty and worked so there isnt much else to say.', ""title: Fast digital delivery. \ntext: The digital delivery did not take long at all, that's a plus for me because I have an impatience 11 years old kid at home, also no problems at all Redeeming the code in my sons Playstation 4 either..."", 'title: Fast delivery \ntext: It arrived in my email in less than 5 mins and there were no problems downloading it.']","The comments highlight the rapid delivery speed of the product, with users expressing satisfaction with how quickly they received their orders. One user noted that the order arrived within seconds, making it convenient for use by their 10-year-old child [0]. Another user appreciated the fast delivery, emphasizing the ease of use once the product was received [1]. The promptness of delivery was also praised, with one user stating that the product was delivered promptly and functioned as expected [2]. Digital delivery was particularly noted for its speed, with one user mentioning that it was quick enough to satisfy their impatient 11-year-old, and there were no issues redeeming the code on a PlayStation 4 [3]. Additionally, another user reported receiving their order via email in less than five minutes, with no problems encountered during the download process [4].",8.25
How quick is the delivery of the gift card,Redeem against anything on PlayStation Store.,01357,"['title: Rapidity to get the product \ntext: Easy to use and order comes within secondes . I used it for my 10 years old boy', 'title: Greatt product \ntext: I like the fact that you get it fast to used it', 'title: Prompt delivery \ntext: Was delivered prompty and worked so there isnt much else to say.', ""title: Fast digital delivery. \ntext: The digital delivery did not take long at all, that's a plus for me because I have an impatience 11 years old kid at home, also no problems at all Redeeming the code in my sons Playstation 4 either..."", 'title: EASY and FAST delivery! \ntext: Delivered almost instantly to email which made my son very happy!  The code worked perfectly, so glad I can purchase these online as we live quite a distance to the nearest town.  Great transaction!']","The comments highlight the rapid delivery speed of the product, with users expressing satisfaction over receiving their orders almost instantly. One user noted that the order arrived within seconds, making it convenient for use by their 10-year-old child [0]. Another user appreciated the fast delivery, emphasizing the quick availability of the product for use [1]. The promptness of delivery was also praised, with one user stating that the product was delivered promptly and functioned as expected [2]. Digital delivery was particularly noted for its speed, which was beneficial for a user with an impatient child, and the process of redeeming the code was smooth [3]. Additionally, another user mentioned that the delivery was almost instantaneous via email, which was convenient given their remote location, and the transaction was seamless [4].",8.75
How quick is the delivery of the gift card,Redeem against anything on PlayStation Store.,01367,"['title: Rapidity to get the product \ntext: Easy to use and order comes within secondes . I used it for my 10 years old boy', 'title: Greatt product \ntext: I like the fact that you get it fast to used it', 'title: Prompt delivery \ntext: Was delivered prompty and worked so there isnt much else to say.', 'title: Fast delivery \ntext: It arrived in my email in less than 5 mins and there were no problems downloading it.', 'title: EASY and FAST delivery! \ntext: Delivered almost instantly to email which made my son very happy!  The code worked perfectly, so glad I can purchase these online as we live quite a distance to the nearest town.  Great transaction!']","The comments consistently highlight the rapid delivery speed of the product. Users appreciate the ease of use and the fact that the product arrives almost instantly, often within seconds or minutes, directly to their email [0][3][4]. This prompt delivery is a significant advantage, especially for those living far from urban centers, as it allows immediate access and use of the product [4]. Overall, the fast delivery is a key feature that enhances customer satisfaction [1][2].",8.75
How quick is the delivery of the gift card,Redeem against anything on PlayStation Store.,01456,"['title: Rapidity to get the product \ntext: Easy to use and order comes within secondes . I used it for my 10 years old boy', 'title: Greatt product \ntext: I like the fact that you get it fast to used it', 'title: Fast Delivery \ntext: I received a code and had a physical copy printed within a minute. Super fast and makes a great gift', ""title: Fast digital delivery. \ntext: The digital delivery did not take long at all, that's a plus for me because I have an impatience 11 years old kid at home, also no problems at all Redeeming the code in my sons Playstation 4 either..."", 'title: Fast delivery \ntext: It arrived in my email in less than 5 mins and there were no problems downloading it.']","The comments highlight the rapid delivery speed of the product, emphasizing its efficiency and convenience. One user noted that the order was completed within seconds, making it easy to use for their child [0]. Another appreciated the fast delivery, which allowed them to use the product quickly [1]. A different user mentioned receiving a code and having a physical copy printed within a minute, describing the process as super fast and ideal for gifting [2]. Additionally, the digital delivery was praised for its quickness, which was beneficial for a user with an impatient child, and there were no issues with redeeming the code [3]. Lastly, another comment confirmed that the product arrived via email in less than five minutes, with no problems encountered during the download [4].",9.0
How quick is the delivery of the gift card,Redeem against anything on PlayStation Store.,01457,"['title: Rapidity to get the product \ntext: Easy to use and order comes within secondes . I used it for my 10 years old boy', 'title: Greatt product \ntext: I like the fact that you get it fast to used it', 'title: Fast Delivery \ntext: I received a code and had a physical copy printed within a minute. Super fast and makes a great gift', ""title: Fast digital delivery. \ntext: The digital delivery did not take long at all, that's a plus for me because I have an impatience 11 years old kid at home, also no problems at all Redeeming the code in my sons Playstation 4 either..."", 'title: EASY and FAST delivery! \ntext: Delivered almost instantly to email which made my son very happy!  The code worked perfectly, so glad I can purchase these online as we live quite a distance to the nearest town.  Great transaction!']","The comments highlight the rapid delivery speed of the product, emphasizing its convenience and efficiency. One user noted that the order was easy to use and arrived within seconds, which was particularly beneficial for their 10-year-old child [0]. Another user appreciated the fast delivery, which allowed them to use the product quickly [1]. A different comment mentioned receiving a code and having a physical copy printed within a minute, describing the process as super fast and ideal for gifting [2]. Additionally, the digital delivery was praised for its speed, which was important for a user with an impatient 11-year-old, and the code redemption process was smooth [3]. Finally, another user expressed satisfaction with the almost instant email delivery, which was convenient given their remote location, and noted that the code worked perfectly [4].",9.0
How quick is the delivery of the gift card,Redeem against anything on PlayStation Store.,01467,"['title: Rapidity to get the product \ntext: Easy to use and order comes within secondes . I used it for my 10 years old boy', 'title: Greatt product \ntext: I like the fact that you get it fast to used it', 'title: Fast Delivery \ntext: I received a code and had a physical copy printed within a minute. Super fast and makes a great gift', 'title: Fast delivery \ntext: It arrived in my email in less than 5 mins and there were no problems downloading it.', 'title: EASY and FAST delivery! \ntext: Delivered almost instantly to email which made my son very happy!  The code worked perfectly, so glad I can purchase these online as we live quite a distance to the nearest town.  Great transaction!']","The comments highlight the rapid delivery speed of the product, emphasizing its efficiency and convenience. One user noted that the order was completed within seconds, making it easy to use for their child [0]. Another user appreciated the fast delivery, which allowed them to use the product quickly [1]. A different comment mentioned receiving a code and having a physical copy printed within a minute, describing the process as super fast and suitable for gifting [2]. Additionally, a user reported receiving the product via email in less than five minutes, with no issues in downloading [3]. Finally, another user expressed satisfaction with the almost instant email delivery, which was particularly beneficial given their remote location [4].",9.0
How quick is the delivery of the gift card,Redeem against anything on PlayStation Store.,01567,"['title: Rapidity to get the product \ntext: Easy to use and order comes within secondes . I used it for my 10 years old boy', 'title: Greatt product \ntext: I like the fact that you get it fast to used it', ""title: Fast digital delivery. \ntext: The digital delivery did not take long at all, that's a plus for me because I have an impatience 11 years old kid at home, also no problems at all Redeeming the code in my sons Playstation 4 either..."", 'title: Fast delivery \ntext: It arrived in my email in less than 5 mins and there were no problems downloading it.', 'title: EASY and FAST delivery! \ntext: Delivered almost instantly to email which made my son very happy!  The code worked perfectly, so glad I can purchase these online as we live quite a distance to the nearest town.  Great transaction!']","The comments consistently highlight the rapid delivery speed of the product, particularly emphasizing the digital delivery aspect. Users appreciate the ease of use and the quick arrival of the product, often within seconds or minutes, which is especially beneficial for those with impatient children [0][1][2][3][4]. The digital delivery process is described as seamless, with no issues in redeeming codes on gaming platforms like PlayStation 4, and the convenience of receiving the product via email is noted as a significant advantage for those living far from retail locations [2][3][4]. Overall, the fast delivery is a key positive aspect mentioned by multiple users [0][1][2][3][4].",8.75
How quick is the delivery of the gift card,Redeem against anything on PlayStation Store.,02345,"['title: Rapidity to get the product \ntext: Easy to use and order comes within secondes . I used it for my 10 years old boy', 'title: Delivered fairly fast \ntext: Its not instant delivery but it takes about 10 minutes to get the code, beats going to the store.', 'title: Prompt delivery \ntext: Was delivered prompty and worked so there isnt much else to say.', 'title: Fast Delivery \ntext: I received a code and had a physical copy printed within a minute. Super fast and makes a great gift', ""title: Fast digital delivery. \ntext: The digital delivery did not take long at all, that's a plus for me because I have an impatience 11 years old kid at home, also no problems at all Redeeming the code in my sons Playstation 4 either...""]","The comments highlight the rapid delivery speed of the product, with users expressing satisfaction with how quickly they received their orders. One user noted that the order was easy to use and arrived within seconds, making it suitable for their 10-year-old child [0]. Another user mentioned that while the delivery is not instant, it takes about 10 minutes to receive the code, which is still faster than going to a store [1]. A third user described the delivery as prompt and effective [2]. Additionally, a user reported receiving a code and having a physical copy printed within a minute, emphasizing the speed and convenience of the service [3]. Lastly, another user appreciated the fast digital delivery, which was beneficial for their impatient 11-year-old, and noted no issues with redeeming the code on a PlayStation 4 [4].",9.0
How quick is the delivery of the gift card,Redeem against anything on PlayStation Store.,02346,"['title: Rapidity to get the product \ntext: Easy to use and order comes within secondes . I used it for my 10 years old boy', 'title: Delivered fairly fast \ntext: Its not instant delivery but it takes about 10 minutes to get the code, beats going to the store.', 'title: Prompt delivery \ntext: Was delivered prompty and worked so there isnt much else to say.', 'title: Fast Delivery \ntext: I received a code and had a physical copy printed within a minute. Super fast and makes a great gift', 'title: Fast delivery \ntext: It arrived in my email in less than 5 mins and there were no problems downloading it.']","The comments highlight the rapid delivery speed of the product, with users expressing satisfaction with how quickly they received their orders. One user mentioned that the order comes within seconds, making it easy to use for their child [0]. Another user noted that while the delivery is not instant, it takes about 10 minutes to receive the code, which is still faster than going to a store [1]. Additionally, a user described the delivery as prompt and effective [2]. Others praised the service for delivering a code and a physical copy within a minute, emphasizing its suitability as a gift due to the speed [3]. Lastly, a user reported receiving their order in less than five minutes via email, with no issues in downloading [4].",9.0
How quick is the delivery of the gift card,Redeem against anything on PlayStation Store.,02347,"['title: Rapidity to get the product \ntext: Easy to use and order comes within secondes . I used it for my 10 years old boy', 'title: Delivered fairly fast \ntext: Its not instant delivery but it takes about 10 minutes to get the code, beats going to the store.', 'title: Prompt delivery \ntext: Was delivered prompty and worked so there isnt much else to say.', 'title: Fast Delivery \ntext: I received a code and had a physical copy printed within a minute. Super fast and makes a great gift', 'title: EASY and FAST delivery! \ntext: Delivered almost instantly to email which made my son very happy!  The code worked perfectly, so glad I can purchase these online as we live quite a distance to the nearest town.  Great transaction!']","The comments highlight the rapid delivery speed of the product, with several users noting that the delivery is almost instantaneous. One user mentioned that the order comes within seconds, making it easy to use for their 10-year-old boy [0]. Another user stated that while the delivery is not instant, it takes about 10 minutes to receive the code, which is still faster than going to a store [1]. A third user confirmed that the delivery was prompt and the product worked as expected [2]. Additionally, a user reported receiving a code and having a physical copy printed within a minute, describing the service as super fast and ideal for gifting [3]. Lastly, another user expressed satisfaction with the almost instant email delivery, which was convenient given their remote location, and noted that the code worked perfectly [4].",9.0
How quick is the delivery of the gift card,Redeem against anything on PlayStation Store.,02356,"['title: Rapidity to get the product \ntext: Easy to use and order comes within secondes . I used it for my 10 years old boy', 'title: Delivered fairly fast \ntext: Its not instant delivery but it takes about 10 minutes to get the code, beats going to the store.', 'title: Prompt delivery \ntext: Was delivered prompty and worked so there isnt much else to say.', ""title: Fast digital delivery. \ntext: The digital delivery did not take long at all, that's a plus for me because I have an impatience 11 years old kid at home, also no problems at all Redeeming the code in my sons Playstation 4 either..."", 'title: Fast delivery \ntext: It arrived in my email in less than 5 mins and there were no problems downloading it.']","The comments highlight the quick delivery speed of the product, with users noting that the order arrives within seconds or minutes. One user mentioned that the order comes within seconds, making it easy to use for their 10-year-old boy [0]. Another user stated that while the delivery is not instant, it takes about 10 minutes to receive the code, which is still faster than going to the store [1]. A third comment emphasized prompt delivery, with the product working as expected [2]. Additionally, a user appreciated the fast digital delivery, which was convenient for their impatient 11-year-old, and noted no issues with redeeming the code on a PlayStation 4 [3]. Finally, another user reported receiving the product in their email in less than 5 minutes, with no problems downloading it [4].",8.25
How quick is the delivery of the gift card,Redeem against anything on PlayStation Store.,02357,"['title: Rapidity to get the product \ntext: Easy to use and order comes within secondes . I used it for my 10 years old boy', 'title: Delivered fairly fast \ntext: Its not instant delivery but it takes about 10 minutes to get the code, beats going to the store.', 'title: Prompt delivery \ntext: Was delivered prompty and worked so there isnt much else to say.', ""title: Fast digital delivery. \ntext: The digital delivery did not take long at all, that's a plus for me because I have an impatience 11 years old kid at home, also no problems at all Redeeming the code in my sons Playstation 4 either..."", 'title: EASY and FAST delivery! \ntext: Delivered almost instantly to email which made my son very happy!  The code worked perfectly, so glad I can purchase these online as we live quite a distance to the nearest town.  Great transaction!']","The comments highlight the rapid delivery speed of the product, with several users noting that the delivery is almost instant or takes only a few minutes. One user mentioned that the order comes within seconds, making it very convenient for quick use [0]. Another user stated that while the delivery is not instant, it takes about 10 minutes, which is still faster than going to a store [1]. Other comments also emphasize prompt and fast digital delivery, which is appreciated by users, especially those with children who are eager to use the product immediately [2][3][4]. Overall, the feedback indicates a high level of satisfaction with the delivery speed.",8.75
How quick is the delivery of the gift card,Redeem against anything on PlayStation Store.,02367,"['title: Rapidity to get the product \ntext: Easy to use and order comes within secondes . I used it for my 10 years old boy', 'title: Delivered fairly fast \ntext: Its not instant delivery but it takes about 10 minutes to get the code, beats going to the store.', 'title: Prompt delivery \ntext: Was delivered prompty and worked so there isnt much else to say.', 'title: Fast delivery \ntext: It arrived in my email in less than 5 mins and there were no problems downloading it.', 'title: EASY and FAST delivery! \ntext: Delivered almost instantly to email which made my son very happy!  The code worked perfectly, so glad I can purchase these online as we live quite a distance to the nearest town.  Great transaction!']","The delivery speed of the product is generally praised for its rapidity. One user noted that the order comes within seconds, highlighting the ease of use and quick delivery time [0]. Another user mentioned that while the delivery is not instant, it takes about 10 minutes to receive the code, which is still faster than going to a store [1]. Other comments consistently describe the delivery as prompt, with one user receiving their product in less than 5 minutes [2][3]. Additionally, the delivery was described as almost instant, which was particularly appreciated by a user living far from a town [4]. Overall, the feedback indicates that the product is delivered quickly and efficiently, often within minutes.",8.75
How quick is the delivery of the gift card,Redeem against anything on PlayStation Store.,02456,"['title: Rapidity to get the product \ntext: Easy to use and order comes within secondes . I used it for my 10 years old boy', 'title: Delivered fairly fast \ntext: Its not instant delivery but it takes about 10 minutes to get the code, beats going to the store.', 'title: Fast Delivery \ntext: I received a code and had a physical copy printed within a minute. Super fast and makes a great gift', ""title: Fast digital delivery. \ntext: The digital delivery did not take long at all, that's a plus for me because I have an impatience 11 years old kid at home, also no problems at all Redeeming the code in my sons Playstation 4 either..."", 'title: Fast delivery \ntext: It arrived in my email in less than 5 mins and there were no problems downloading it.']","The comments consistently highlight the rapid delivery speed of the product, emphasizing its efficiency and convenience. One user noted that the order was easy to use and arrived within seconds, making it suitable for their 10-year-old child [0]. Another user mentioned that while the delivery is not instant, it takes about 10 minutes to receive the code, which is still faster than going to a store [1]. A different user praised the service for delivering a code and a printed physical copy within a minute, describing it as super fast and ideal for gifting [2]. Additionally, the digital delivery was described as quick, which was beneficial for a user with an impatient 11-year-old, and there were no issues with redeeming the code on a PlayStation 4 [3]. Lastly, another comment confirmed that the product arrived in their email in less than five minutes, with no problems encountered during the download process [4].",9.0
How quick is the delivery of the gift card,Redeem against anything on PlayStation Store.,02457,"['title: Rapidity to get the product \ntext: Easy to use and order comes within secondes . I used it for my 10 years old boy', 'title: Delivered fairly fast \ntext: Its not instant delivery but it takes about 10 minutes to get the code, beats going to the store.', 'title: Fast Delivery \ntext: I received a code and had a physical copy printed within a minute. Super fast and makes a great gift', ""title: Fast digital delivery. \ntext: The digital delivery did not take long at all, that's a plus for me because I have an impatience 11 years old kid at home, also no problems at all Redeeming the code in my sons Playstation 4 either..."", 'title: EASY and FAST delivery! \ntext: Delivered almost instantly to email which made my son very happy!  The code worked perfectly, so glad I can purchase these online as we live quite a distance to the nearest town.  Great transaction!']","The comments highlight the rapid delivery speed of the product, emphasizing its convenience and efficiency. One user noted that the order was received within seconds, making it easy to use for their 10-year-old child [0]. Another user mentioned that while the delivery is not instant, it takes about 10 minutes to receive the code, which is still faster than going to a store [1]. A different comment praised the service for delivering a code and a physical copy within a minute, describing it as super fast and ideal for gifting [2]. Additionally, the digital delivery was described as quick, which was beneficial for a user with an impatient 11-year-old, and there were no issues redeeming the code on a PlayStation 4 [3]. Lastly, another user appreciated the almost instant email delivery, which was convenient given their remote location, and noted that the code worked perfectly [4].",9.0
How quick is the delivery of the gift card,Redeem against anything on PlayStation Store.,02467,"['title: Rapidity to get the product \ntext: Easy to use and order comes within secondes . I used it for my 10 years old boy', 'title: Delivered fairly fast \ntext: Its not instant delivery but it takes about 10 minutes to get the code, beats going to the store.', 'title: Fast Delivery \ntext: I received a code and had a physical copy printed within a minute. Super fast and makes a great gift', 'title: Fast delivery \ntext: It arrived in my email in less than 5 mins and there were no problems downloading it.', 'title: EASY and FAST delivery! \ntext: Delivered almost instantly to email which made my son very happy!  The code worked perfectly, so glad I can purchase these online as we live quite a distance to the nearest town.  Great transaction!']","The delivery speed of the product is consistently praised across multiple user comments. One user noted that the order was easy to use and arrived within seconds, highlighting the rapidity of the service [0]. Another user mentioned that while the delivery is not instant, it takes about 10 minutes to receive the code, which is still faster than going to a store [1]. A different user reported receiving a code and having a physical copy printed within a minute, describing the service as super fast [2]. Additionally, a user stated that the product arrived in their email in less than 5 minutes, with no issues in downloading [3]. Lastly, another comment emphasized the almost instant delivery to email, which was particularly convenient given their remote location [4].",9.0
How quick is the delivery of the gift card,Redeem against anything on PlayStation Store.,02567,"['title: Rapidity to get the product \ntext: Easy to use and order comes within secondes . I used it for my 10 years old boy', 'title: Delivered fairly fast \ntext: Its not instant delivery but it takes about 10 minutes to get the code, beats going to the store.', ""title: Fast digital delivery. \ntext: The digital delivery did not take long at all, that's a plus for me because I have an impatience 11 years old kid at home, also no problems at all Redeeming the code in my sons Playstation 4 either..."", 'title: Fast delivery \ntext: It arrived in my email in less than 5 mins and there were no problems downloading it.', 'title: EASY and FAST delivery! \ntext: Delivered almost instantly to email which made my son very happy!  The code worked perfectly, so glad I can purchase these online as we live quite a distance to the nearest town.  Great transaction!']","The comments highlight the rapid delivery speed of the product, with users noting that the order arrives almost instantly or within a few minutes. One user mentioned that the product was delivered in seconds, making it very convenient to use [0]. Another user stated that while the delivery is not instant, it takes about 10 minutes, which is still faster than going to a store [1]. Other users appreciated the fast digital delivery, with one noting it took less than 5 minutes to receive the product via email [3][4]. Overall, the quick delivery is a significant advantage, especially for those living far from stores or with impatient children [2][4].",8.75
How quick is the delivery of the gift card,Redeem against anything on PlayStation Store.,03456,"['title: Rapidity to get the product \ntext: Easy to use and order comes within secondes . I used it for my 10 years old boy', 'title: Prompt delivery \ntext: Was delivered prompty and worked so there isnt much else to say.', 'title: Fast Delivery \ntext: I received a code and had a physical copy printed within a minute. Super fast and makes a great gift', ""title: Fast digital delivery. \ntext: The digital delivery did not take long at all, that's a plus for me because I have an impatience 11 years old kid at home, also no problems at all Redeeming the code in my sons Playstation 4 either..."", 'title: Fast delivery \ntext: It arrived in my email in less than 5 mins and there were no problems downloading it.']","The comments highlight the rapid delivery speed of the product, emphasizing its efficiency and convenience. One user noted that the order was completed within seconds, making it easy to use for their 10-year-old child [0]. Another user appreciated the prompt delivery and functionality of the product [1]. A different comment mentioned receiving a code and having a physical copy printed within a minute, describing the process as super fast and suitable for gifting [2]. Additionally, the digital delivery was praised for its quickness, which was beneficial for a user with an impatient 11-year-old, and there were no issues with redeeming the code on a PlayStation 4 [3]. Lastly, another user reported receiving the product via email in less than five minutes, with no problems encountered during the download [4].",9.0
How quick is the delivery of the gift card,Redeem against anything on PlayStation Store.,03457,"['title: Rapidity to get the product \ntext: Easy to use and order comes within secondes . I used it for my 10 years old boy', 'title: Prompt delivery \ntext: Was delivered prompty and worked so there isnt much else to say.', 'title: Fast Delivery \ntext: I received a code and had a physical copy printed within a minute. Super fast and makes a great gift', ""title: Fast digital delivery. \ntext: The digital delivery did not take long at all, that's a plus for me because I have an impatience 11 years old kid at home, also no problems at all Redeeming the code in my sons Playstation 4 either..."", 'title: EASY and FAST delivery! \ntext: Delivered almost instantly to email which made my son very happy!  The code worked perfectly, so glad I can purchase these online as we live quite a distance to the nearest town.  Great transaction!']","The comments consistently highlight the rapid delivery speed of the product. Users report that orders are fulfilled almost instantaneously, with one user noting that the order arrived ""within seconds"" [0]. Another user described the delivery as prompt, emphasizing that it worked as expected [1]. The speed of receiving a code and having a physical copy printed was described as ""super fast,"" making it an ideal gift option [2]. Digital delivery was also praised for its quickness, which was particularly appreciated by a user with an impatient child [3]. Additionally, the instant email delivery was noted as a significant convenience, especially for those living far from town, with the transaction being described as great [4].",9.0
How quick is the delivery of the gift card,Redeem against anything on PlayStation Store.,03467,"['title: Rapidity to get the product \ntext: Easy to use and order comes within secondes . I used it for my 10 years old boy', 'title: Prompt delivery \ntext: Was delivered prompty and worked so there isnt much else to say.', 'title: Fast Delivery \ntext: I received a code and had a physical copy printed within a minute. Super fast and makes a great gift', 'title: Fast delivery \ntext: It arrived in my email in less than 5 mins and there were no problems downloading it.', 'title: EASY and FAST delivery! \ntext: Delivered almost instantly to email which made my son very happy!  The code worked perfectly, so glad I can purchase these online as we live quite a distance to the nearest town.  Great transaction!']","The comments consistently highlight the rapid delivery speed of the product. Users report receiving their orders almost instantly, with one noting that the order arrived within seconds, making it convenient for use by their child [0]. Another user mentions that the product was delivered promptly and functioned as expected [1]. A different comment describes receiving a code and having a physical copy printed within a minute, emphasizing the speed and suitability as a gift [2]. Additionally, one user received their order via email in less than five minutes without any issues [3]. Finally, another user appreciated the instant email delivery, which was particularly beneficial given their remote location, and noted that the code worked perfectly [4].",9.0
How quick is the delivery of the gift card,Redeem against anything on PlayStation Store.,03567,"['title: Rapidity to get the product \ntext: Easy to use and order comes within secondes . I used it for my 10 years old boy', 'title: Prompt delivery \ntext: Was delivered prompty and worked so there isnt much else to say.', ""title: Fast digital delivery. \ntext: The digital delivery did not take long at all, that's a plus for me because I have an impatience 11 years old kid at home, also no problems at all Redeeming the code in my sons Playstation 4 either..."", 'title: Fast delivery \ntext: It arrived in my email in less than 5 mins and there were no problems downloading it.', 'title: EASY and FAST delivery! \ntext: Delivered almost instantly to email which made my son very happy!  The code worked perfectly, so glad I can purchase these online as we live quite a distance to the nearest town.  Great transaction!']","The comments consistently highlight the rapid delivery speed of the product, emphasizing its efficiency and convenience. One user noted that the order arrived within seconds, making it easy to use for their 10-year-old child [0]. Another user appreciated the prompt delivery, stating that it was delivered promptly and functioned as expected [1]. The digital delivery was also praised for its speed, with one user mentioning that it did not take long, which was beneficial for their impatient 11-year-old [2]. Additionally, a user reported receiving the product via email in less than five minutes, with no issues during the download process [3]. Finally, another comment described the delivery as almost instant, which was particularly appreciated due to their remote location, and noted that the transaction was smooth and satisfactory [4].",8.75
How quick is the delivery of the gift card,Redeem against anything on PlayStation Store.,04567,"['title: Rapidity to get the product \ntext: Easy to use and order comes within secondes . I used it for my 10 years old boy', 'title: Fast Delivery \ntext: I received a code and had a physical copy printed within a minute. Super fast and makes a great gift', ""title: Fast digital delivery. \ntext: The digital delivery did not take long at all, that's a plus for me because I have an impatience 11 years old kid at home, also no problems at all Redeeming the code in my sons Playstation 4 either..."", 'title: Fast delivery \ntext: It arrived in my email in less than 5 mins and there were no problems downloading it.', 'title: EASY and FAST delivery! \ntext: Delivered almost instantly to email which made my son very happy!  The code worked perfectly, so glad I can purchase these online as we live quite a distance to the nearest town.  Great transaction!']","The comments consistently highlight the rapid delivery speed of the product, emphasizing its efficiency and convenience. Users report receiving their orders almost instantly, with one noting that the order arrived within seconds, making it easy to use for their child [0]. Another user mentioned receiving a code and having a physical copy printed within a minute, describing the process as super fast and ideal for gifting [1]. The digital delivery was also praised for its speed, with one user appreciating the quick delivery due to having an impatient child at home [2]. Similarly, another comment noted that the product arrived in their email in less than five minutes, with no issues in downloading [3]. Finally, a user expressed satisfaction with the almost instant email delivery, which was particularly beneficial given their remote location [4].",9.0
How quick is the delivery of the gift card,Redeem against anything on PlayStation Store.,12345,"['title: Greatt product \ntext: I like the fact that you get it fast to used it', 'title: Delivered fairly fast \ntext: Its not instant delivery but it takes about 10 minutes to get the code, beats going to the store.', 'title: Prompt delivery \ntext: Was delivered prompty and worked so there isnt much else to say.', 'title: Fast Delivery \ntext: I received a code and had a physical copy printed within a minute. Super fast and makes a great gift', ""title: Fast digital delivery. \ntext: The digital delivery did not take long at all, that's a plus for me because I have an impatience 11 years old kid at home, also no problems at all Redeeming the code in my sons Playstation 4 either...""]","The comments highlight the fast delivery speed of the product, with users expressing satisfaction with the promptness of receiving their orders. One user appreciated the quick delivery, noting that it allowed them to use the product swiftly [0]. Another user mentioned that while the delivery wasn't instant, it only took about 10 minutes to receive the code, which they found more convenient than going to a store [1]. A third user confirmed that the delivery was prompt and the product worked as expected [2]. Additionally, a user reported receiving a code and having a physical copy printed within a minute, describing the delivery as super fast and ideal for gifting [3]. Lastly, another user praised the fast digital delivery, which was particularly beneficial for their impatient child, and noted no issues with redeeming the code [4].",9.0
How quick is the delivery of the gift card,Redeem against anything on PlayStation Store.,12346,"['title: Greatt product \ntext: I like the fact that you get it fast to used it', 'title: Delivered fairly fast \ntext: Its not instant delivery but it takes about 10 minutes to get the code, beats going to the store.', 'title: Prompt delivery \ntext: Was delivered prompty and worked so there isnt much else to say.', 'title: Fast Delivery \ntext: I received a code and had a physical copy printed within a minute. Super fast and makes a great gift', 'title: Fast delivery \ntext: It arrived in my email in less than 5 mins and there were no problems downloading it.']","The delivery speed of the product is consistently praised across multiple comments. One user appreciates the fast delivery, noting that it allows them to use the product quickly [0]. Another comment highlights that while the delivery is not instant, it only takes about 10 minutes to receive the code, which is more convenient than going to a store [1]. A different user mentions that the product was delivered promptly and functioned as expected [2]. Additionally, a user reports receiving a code and having a physical copy printed within a minute, describing the delivery as super fast and suitable for gifting [3]. Lastly, another comment states that the product arrived in their email in less than 5 minutes, with no issues in downloading [4].",9.0
How quick is the delivery of the gift card,Redeem against anything on PlayStation Store.,12347,"['title: Greatt product \ntext: I like the fact that you get it fast to used it', 'title: Delivered fairly fast \ntext: Its not instant delivery but it takes about 10 minutes to get the code, beats going to the store.', 'title: Prompt delivery \ntext: Was delivered prompty and worked so there isnt much else to say.', 'title: Fast Delivery \ntext: I received a code and had a physical copy printed within a minute. Super fast and makes a great gift', 'title: EASY and FAST delivery! \ntext: Delivered almost instantly to email which made my son very happy!  The code worked perfectly, so glad I can purchase these online as we live quite a distance to the nearest town.  Great transaction!']","Customers generally express satisfaction with the delivery speed of the product, highlighting its promptness and convenience. One user appreciates the fast delivery, noting that it allows them to use the product quickly [0]. Another comment mentions that while the delivery is not instant, it takes about 10 minutes to receive the code, which is still faster than going to a store [1]. A third user describes the delivery as prompt and effective [2]. Additionally, a customer reports receiving a code and a physical copy within a minute, praising the speed as super fast and suitable for gifting [3]. Lastly, another user emphasizes the almost instant delivery to email, which was particularly beneficial due to their remote location [4].",9.0
How quick is the delivery of the gift card,Redeem against anything on PlayStation Store.,12356,"['title: Greatt product \ntext: I like the fact that you get it fast to used it', 'title: Delivered fairly fast \ntext: Its not instant delivery but it takes about 10 minutes to get the code, beats going to the store.', 'title: Prompt delivery \ntext: Was delivered prompty and worked so there isnt much else to say.', ""title: Fast digital delivery. \ntext: The digital delivery did not take long at all, that's a plus for me because I have an impatience 11 years old kid at home, also no problems at all Redeeming the code in my sons Playstation 4 either..."", 'title: Fast delivery \ntext: It arrived in my email in less than 5 mins and there were no problems downloading it.']","The comments highlight the fast delivery speed of the product, with users expressing satisfaction with the promptness of receiving their digital codes. One user appreciated the quick delivery, noting it was faster than going to a store, as it took about 10 minutes to receive the code [1]. Another user mentioned that the delivery was prompt and the product worked as expected [2]. Additionally, a user emphasized the speed of digital delivery, which was beneficial for their impatient child, and reported no issues with redeeming the code [3]. Lastly, a user stated that the product arrived in their email in less than five minutes, with no problems encountered during the download process [4].",8.25
How quick is the delivery of the gift card,Redeem against anything on PlayStation Store.,12357,"['title: Greatt product \ntext: I like the fact that you get it fast to used it', 'title: Delivered fairly fast \ntext: Its not instant delivery but it takes about 10 minutes to get the code, beats going to the store.', 'title: Prompt delivery \ntext: Was delivered prompty and worked so there isnt much else to say.', ""title: Fast digital delivery. \ntext: The digital delivery did not take long at all, that's a plus for me because I have an impatience 11 years old kid at home, also no problems at all Redeeming the code in my sons Playstation 4 either..."", 'title: EASY and FAST delivery! \ntext: Delivered almost instantly to email which made my son very happy!  The code worked perfectly, so glad I can purchase these online as we live quite a distance to the nearest town.  Great transaction!']","The comments highlight the fast delivery speed of the product, with users expressing satisfaction with the promptness of receiving their digital codes. One user appreciated the quick delivery, noting that it allowed them to use the product swiftly [0]. Another user mentioned that while the delivery wasn't instant, it only took about 10 minutes, which they found preferable to going to a store [1]. The prompt delivery was also emphasized by another user who found it satisfactory [2]. Additionally, a user with an impatient child appreciated the short wait time for digital delivery, which was convenient for their needs [3]. Finally, another user praised the almost instant email delivery, which was particularly beneficial given their remote location [4].",8.75
How quick is the delivery of the gift card,Redeem against anything on PlayStation Store.,12367,"['title: Greatt product \ntext: I like the fact that you get it fast to used it', 'title: Delivered fairly fast \ntext: Its not instant delivery but it takes about 10 minutes to get the code, beats going to the store.', 'title: Prompt delivery \ntext: Was delivered prompty and worked so there isnt much else to say.', 'title: Fast delivery \ntext: It arrived in my email in less than 5 mins and there were no problems downloading it.', 'title: EASY and FAST delivery! \ntext: Delivered almost instantly to email which made my son very happy!  The code worked perfectly, so glad I can purchase these online as we live quite a distance to the nearest town.  Great transaction!']","The delivery speed of the product is consistently praised across multiple comments. Users appreciate the fast delivery, with one noting that the product was received quickly enough to be used immediately [0]. Another user mentions that while the delivery is not instant, it takes about 10 minutes to receive the code, which is still faster than going to a store [1]. Prompt delivery is highlighted by another user who received their product without any issues [2]. One comment specifically mentions receiving the product in less than 5 minutes, with no problems encountered during the download process [3]. Additionally, another user describes the delivery as almost instant, which was particularly beneficial due to their remote location, and they express satisfaction with the overall transaction [4].",8.75
How quick is the delivery of the gift card,Redeem against anything on PlayStation Store.,12456,"['title: Greatt product \ntext: I like the fact that you get it fast to used it', 'title: Delivered fairly fast \ntext: Its not instant delivery but it takes about 10 minutes to get the code, beats going to the store.', 'title: Fast Delivery \ntext: I received a code and had a physical copy printed within a minute. Super fast and makes a great gift', ""title: Fast digital delivery. \ntext: The digital delivery did not take long at all, that's a plus for me because I have an impatience 11 years old kid at home, also no problems at all Redeeming the code in my sons Playstation 4 either..."", 'title: Fast delivery \ntext: It arrived in my email in less than 5 mins and there were no problems downloading it.']","The delivery speed of the product is consistently praised across multiple user comments. One user appreciates the fast delivery, noting that they received the product quickly enough to use it immediately [0]. Another user mentions that while the delivery is not instant, it takes about 10 minutes to receive the code, which they find preferable to going to a store [1]. A different user highlights the speed by stating they received a code and had a physical copy printed within a minute, describing it as super fast and ideal for gifting [2]. Additionally, a user with an impatient child appreciates the quick digital delivery, which was completed without any issues in redeeming the code on a PlayStation 4 [3]. Lastly, another user reports receiving the product in their email in less than five minutes, with no problems encountered during the download process [4].",9.0
How quick is the delivery of the gift card,Redeem against anything on PlayStation Store.,12457,"['title: Greatt product \ntext: I like the fact that you get it fast to used it', 'title: Delivered fairly fast \ntext: Its not instant delivery but it takes about 10 minutes to get the code, beats going to the store.', 'title: Fast Delivery \ntext: I received a code and had a physical copy printed within a minute. Super fast and makes a great gift', ""title: Fast digital delivery. \ntext: The digital delivery did not take long at all, that's a plus for me because I have an impatience 11 years old kid at home, also no problems at all Redeeming the code in my sons Playstation 4 either..."", 'title: EASY and FAST delivery! \ntext: Delivered almost instantly to email which made my son very happy!  The code worked perfectly, so glad I can purchase these online as we live quite a distance to the nearest town.  Great transaction!']","The delivery speed of the product is consistently praised across multiple comments. Users appreciate the fast delivery, with one noting that they received a code and had a physical copy printed within a minute, describing it as 'super fast' and ideal for gifting [2]. Another user mentioned that the digital delivery did not take long, which was beneficial for their impatient child, and they experienced no issues redeeming the code [3]. Additionally, a comment highlighted that the delivery was almost instant, which was convenient given their remote location, and the transaction was smooth [4]. While one user noted that the delivery was not instant, they still found it efficient, taking about 10 minutes to receive the code, which they preferred over going to a store [1]. Overall, the comments reflect a positive consensus on the product's delivery speed, emphasizing its convenience and efficiency [0][1][2][3][4].",9.0
How quick is the delivery of the gift card,Redeem against anything on PlayStation Store.,12467,"['title: Greatt product \ntext: I like the fact that you get it fast to used it', 'title: Delivered fairly fast \ntext: Its not instant delivery but it takes about 10 minutes to get the code, beats going to the store.', 'title: Fast Delivery \ntext: I received a code and had a physical copy printed within a minute. Super fast and makes a great gift', 'title: Fast delivery \ntext: It arrived in my email in less than 5 mins and there were no problems downloading it.', 'title: EASY and FAST delivery! \ntext: Delivered almost instantly to email which made my son very happy!  The code worked perfectly, so glad I can purchase these online as we live quite a distance to the nearest town.  Great transaction!']","The delivery speed of the product is consistently praised across multiple comments. Users report receiving their codes quickly, with one noting that it takes about 10 minutes to receive the code, which is faster than going to a store [1]. Another user mentions receiving a code and having a physical copy printed within a minute, highlighting the speed and convenience of the service [2]. Additionally, a comment states that the product arrived in their email in less than 5 minutes, with no issues in downloading [3]. Another user emphasizes the almost instant delivery to email, which was particularly beneficial due to their remote location [4]. Overall, the delivery speed is described as fast and efficient, making it a convenient option for users [0][1][2][3][4].",9.0
How quick is the delivery of the gift card,Redeem against anything on PlayStation Store.,12567,"['title: Greatt product \ntext: I like the fact that you get it fast to used it', 'title: Delivered fairly fast \ntext: Its not instant delivery but it takes about 10 minutes to get the code, beats going to the store.', ""title: Fast digital delivery. \ntext: The digital delivery did not take long at all, that's a plus for me because I have an impatience 11 years old kid at home, also no problems at all Redeeming the code in my sons Playstation 4 either..."", 'title: Fast delivery \ntext: It arrived in my email in less than 5 mins and there were no problems downloading it.', 'title: EASY and FAST delivery! \ntext: Delivered almost instantly to email which made my son very happy!  The code worked perfectly, so glad I can purchase these online as we live quite a distance to the nearest town.  Great transaction!']","The comments highlight the fast delivery speed of the product, particularly emphasizing the convenience of digital delivery. One user appreciates the quick delivery, noting that it allows them to use the product promptly [0]. Another user mentions that while the delivery is not instant, it takes about 10 minutes to receive the code, which is still faster than going to a store [1]. Several users report that the digital delivery was very fast, with one stating it took less than 5 minutes to receive the product via email [2][3]. Another user is pleased with the almost instant delivery, which made their son happy, and appreciates the convenience of online purchases due to their remote location [4].",8.75
How quick is the delivery of the gift card,Redeem against anything on PlayStation Store.,13456,"['title: Greatt product \ntext: I like the fact that you get it fast to used it', 'title: Prompt delivery \ntext: Was delivered prompty and worked so there isnt much else to say.', 'title: Fast Delivery \ntext: I received a code and had a physical copy printed within a minute. Super fast and makes a great gift', ""title: Fast digital delivery. \ntext: The digital delivery did not take long at all, that's a plus for me because I have an impatience 11 years old kid at home, also no problems at all Redeeming the code in my sons Playstation 4 either..."", 'title: Fast delivery \ntext: It arrived in my email in less than 5 mins and there were no problems downloading it.']","Several users praised the delivery speed of the product, highlighting its promptness and efficiency. One user appreciated the fast delivery, noting that it allowed them to use the product quickly [0]. Another user mentioned that the product was delivered promptly and functioned as expected [1]. A different user was impressed by receiving a code and having a physical copy printed within a minute, describing the delivery as super fast and suitable for gifting [2]. Additionally, a user with an impatient child appreciated the quick digital delivery, which was hassle-free when redeeming the code on a PlayStation 4 [3]. Lastly, another user reported receiving the product via email in less than five minutes, with no issues during the download process [4].",9.0
How quick is the delivery of the gift card,Redeem against anything on PlayStation Store.,13457,"['title: Greatt product \ntext: I like the fact that you get it fast to used it', 'title: Prompt delivery \ntext: Was delivered prompty and worked so there isnt much else to say.', 'title: Fast Delivery \ntext: I received a code and had a physical copy printed within a minute. Super fast and makes a great gift', ""title: Fast digital delivery. \ntext: The digital delivery did not take long at all, that's a plus for me because I have an impatience 11 years old kid at home, also no problems at all Redeeming the code in my sons Playstation 4 either..."", 'title: EASY and FAST delivery! \ntext: Delivered almost instantly to email which made my son very happy!  The code worked perfectly, so glad I can purchase these online as we live quite a distance to the nearest town.  Great transaction!']","The comments consistently highlight the fast delivery speed of the product. Users appreciate the promptness with which they receive their purchases, noting that the delivery is almost instantaneous, especially for digital products[0][1][2][3][4]. This quick delivery is particularly beneficial for those living far from physical stores, as it allows them to access products without delay[4]. Additionally, the ease of redeeming codes and the reliability of the delivery process are emphasized, contributing to a positive overall experience[3][4].",9.0
How quick is the delivery of the gift card,Redeem against anything on PlayStation Store.,13467,"['title: Greatt product \ntext: I like the fact that you get it fast to used it', 'title: Prompt delivery \ntext: Was delivered prompty and worked so there isnt much else to say.', 'title: Fast Delivery \ntext: I received a code and had a physical copy printed within a minute. Super fast and makes a great gift', 'title: Fast delivery \ntext: It arrived in my email in less than 5 mins and there were no problems downloading it.', 'title: EASY and FAST delivery! \ntext: Delivered almost instantly to email which made my son very happy!  The code worked perfectly, so glad I can purchase these online as we live quite a distance to the nearest town.  Great transaction!']","The comments consistently highlight the fast delivery speed of the product. Users appreciate the promptness with which they receive their purchases, often within minutes, making it convenient and efficient. One user noted that they received a code and had a physical copy printed almost instantly, which they found impressive and suitable for gifting purposes [2]. Another user mentioned that the product arrived in their email in less than five minutes, with no issues in downloading [3]. Additionally, the ease and speed of delivery were particularly beneficial for a user living far from town, as the product was delivered almost instantly to their email, making their son very happy [4]. Overall, the comments reflect a high level of satisfaction with the delivery speed, emphasizing its convenience and reliability [0][1][2][3][4].",9.0
How quick is the delivery of the gift card,Redeem against anything on PlayStation Store.,13567,"['title: Greatt product \ntext: I like the fact that you get it fast to used it', 'title: Prompt delivery \ntext: Was delivered prompty and worked so there isnt much else to say.', ""title: Fast digital delivery. \ntext: The digital delivery did not take long at all, that's a plus for me because I have an impatience 11 years old kid at home, also no problems at all Redeeming the code in my sons Playstation 4 either..."", 'title: Fast delivery \ntext: It arrived in my email in less than 5 mins and there were no problems downloading it.', 'title: EASY and FAST delivery! \ntext: Delivered almost instantly to email which made my son very happy!  The code worked perfectly, so glad I can purchase these online as we live quite a distance to the nearest town.  Great transaction!']","The comments consistently highlight the fast delivery speed of the product, with users expressing satisfaction with the promptness of both physical and digital deliveries. One user appreciated the quick delivery, noting that it allowed them to use the product swiftly [0]. Another user mentioned that the product was delivered promptly and functioned as expected [1]. The digital delivery was particularly praised for its speed, which was beneficial for a user with an impatient child, and the redemption process was smooth [2]. Similarly, another user reported receiving the product via email in less than five minutes, with no issues during download [3]. The ease and speed of delivery were also emphasized by a user who appreciated the instant email delivery, which was convenient given their remote location [4].",8.75
How quick is the delivery of the gift card,Redeem against anything on PlayStation Store.,14567,"['title: Greatt product \ntext: I like the fact that you get it fast to used it', 'title: Fast Delivery \ntext: I received a code and had a physical copy printed within a minute. Super fast and makes a great gift', ""title: Fast digital delivery. \ntext: The digital delivery did not take long at all, that's a plus for me because I have an impatience 11 years old kid at home, also no problems at all Redeeming the code in my sons Playstation 4 either..."", 'title: Fast delivery \ntext: It arrived in my email in less than 5 mins and there were no problems downloading it.', 'title: EASY and FAST delivery! \ntext: Delivered almost instantly to email which made my son very happy!  The code worked perfectly, so glad I can purchase these online as we live quite a distance to the nearest town.  Great transaction!']","The comments consistently highlight the fast delivery speed of the product, emphasizing its efficiency and convenience. One user appreciated the quick delivery, noting that they received the product promptly and could use it immediately [0]. Another user mentioned receiving a code and having a physical copy printed within a minute, describing the process as super fast and ideal for gifting [1]. The digital delivery was also praised for its speed, which was particularly beneficial for a user with an impatient child, and there were no issues with redeeming the code on a gaming console [2]. Additionally, another comment noted that the product arrived via email in less than five minutes, with no problems encountered during the download [3]. Finally, a user expressed satisfaction with the almost instant email delivery, which was convenient given their remote location, and the code functioned perfectly [4].",9.0
How quick is the delivery of the gift card,Redeem against anything on PlayStation Store.,23456,"['title: Delivered fairly fast \ntext: Its not instant delivery but it takes about 10 minutes to get the code, beats going to the store.', 'title: Prompt delivery \ntext: Was delivered prompty and worked so there isnt much else to say.', 'title: Fast Delivery \ntext: I received a code and had a physical copy printed within a minute. Super fast and makes a great gift', ""title: Fast digital delivery. \ntext: The digital delivery did not take long at all, that's a plus for me because I have an impatience 11 years old kid at home, also no problems at all Redeeming the code in my sons Playstation 4 either..."", 'title: Fast delivery \ntext: It arrived in my email in less than 5 mins and there were no problems downloading it.']","The comments consistently highlight the fast delivery speed of the product. One user noted that while the delivery is not instant, it takes about 10 minutes to receive the code, which is faster than going to a store [0]. Another user mentioned that the delivery was prompt and the product worked as expected [1]. A different comment praised the delivery for being super fast, with the code and a physical copy being received within a minute, making it an excellent gift option [2]. Additionally, a user appreciated the quick digital delivery, which was important for their impatient child, and noted no issues with redeeming the code [3]. Lastly, another comment confirmed that the product arrived in their email in less than 5 minutes, with no problems encountered during the download [4].",9.0
How quick is the delivery of the gift card,Redeem against anything on PlayStation Store.,23457,"['title: Delivered fairly fast \ntext: Its not instant delivery but it takes about 10 minutes to get the code, beats going to the store.', 'title: Prompt delivery \ntext: Was delivered prompty and worked so there isnt much else to say.', 'title: Fast Delivery \ntext: I received a code and had a physical copy printed within a minute. Super fast and makes a great gift', ""title: Fast digital delivery. \ntext: The digital delivery did not take long at all, that's a plus for me because I have an impatience 11 years old kid at home, also no problems at all Redeeming the code in my sons Playstation 4 either..."", 'title: EASY and FAST delivery! \ntext: Delivered almost instantly to email which made my son very happy!  The code worked perfectly, so glad I can purchase these online as we live quite a distance to the nearest town.  Great transaction!']","The delivery speed of the product is generally praised for being fast and efficient. Customers report receiving their codes within a short time frame, ranging from almost instant to about 10 minutes, which is considered convenient compared to going to a physical store [0][1][2][3][4]. This quick delivery is particularly appreciated by those who need the product promptly, such as parents with impatient children [3][4]. Overall, the fast digital delivery is highlighted as a significant advantage, making it a preferred option for many customers [0][1][2][3][4].",9.0
How quick is the delivery of the gift card,Redeem against anything on PlayStation Store.,23467,"['title: Delivered fairly fast \ntext: Its not instant delivery but it takes about 10 minutes to get the code, beats going to the store.', 'title: Prompt delivery \ntext: Was delivered prompty and worked so there isnt much else to say.', 'title: Fast Delivery \ntext: I received a code and had a physical copy printed within a minute. Super fast and makes a great gift', 'title: Fast delivery \ntext: It arrived in my email in less than 5 mins and there were no problems downloading it.', 'title: EASY and FAST delivery! \ntext: Delivered almost instantly to email which made my son very happy!  The code worked perfectly, so glad I can purchase these online as we live quite a distance to the nearest town.  Great transaction!']","The delivery speed of the product is generally praised for its promptness and efficiency. One user noted that while the delivery is not instant, it takes about 10 minutes to receive the code, which is still faster than going to a physical store [0]. Another user mentioned that the delivery was prompt and the product worked as expected [1]. A different user highlighted receiving the code and having a physical copy printed within a minute, describing the service as super fast [2]. Additionally, a user reported receiving the product in their email in less than 5 minutes without any issues [3]. Lastly, another user expressed satisfaction with the almost instant email delivery, which was particularly convenient given their remote location [4].",9.0
How quick is the delivery of the gift card,Redeem against anything on PlayStation Store.,23567,"['title: Delivered fairly fast \ntext: Its not instant delivery but it takes about 10 minutes to get the code, beats going to the store.', 'title: Prompt delivery \ntext: Was delivered prompty and worked so there isnt much else to say.', ""title: Fast digital delivery. \ntext: The digital delivery did not take long at all, that's a plus for me because I have an impatience 11 years old kid at home, also no problems at all Redeeming the code in my sons Playstation 4 either..."", 'title: Fast delivery \ntext: It arrived in my email in less than 5 mins and there were no problems downloading it.', 'title: EASY and FAST delivery! \ntext: Delivered almost instantly to email which made my son very happy!  The code worked perfectly, so glad I can purchase these online as we live quite a distance to the nearest town.  Great transaction!']","The comments collectively highlight the fast delivery speed of the product, with most users receiving their digital codes within minutes. One user noted that while the delivery wasn't instant, it took about 10 minutes, which they found preferable to going to a store [0]. Another user appreciated the prompt delivery and mentioned that the code worked without issues [1]. A third user emphasized the quick digital delivery, which was beneficial for their impatient child, and reported no problems redeeming the code [2]. Additionally, a user received their code in less than 5 minutes and encountered no issues with downloading [3]. Lastly, another user praised the almost instant email delivery, which was convenient given their remote location, and noted that the code worked perfectly [4].",8.75
How quick is the delivery of the gift card,Redeem against anything on PlayStation Store.,24567,"['title: Delivered fairly fast \ntext: Its not instant delivery but it takes about 10 minutes to get the code, beats going to the store.', 'title: Fast Delivery \ntext: I received a code and had a physical copy printed within a minute. Super fast and makes a great gift', ""title: Fast digital delivery. \ntext: The digital delivery did not take long at all, that's a plus for me because I have an impatience 11 years old kid at home, also no problems at all Redeeming the code in my sons Playstation 4 either..."", 'title: Fast delivery \ntext: It arrived in my email in less than 5 mins and there were no problems downloading it.', 'title: EASY and FAST delivery! \ntext: Delivered almost instantly to email which made my son very happy!  The code worked perfectly, so glad I can purchase these online as we live quite a distance to the nearest town.  Great transaction!']","The delivery speed of the product is consistently praised across multiple comments. Customers report receiving their digital codes quickly, with some noting delivery times as short as one minute or less than five minutes, which is significantly faster than going to a physical store [0][1][3][4]. This rapid delivery is particularly appreciated by those with impatient children, as it allows for immediate use without any issues in redeeming the codes [2][4]. Overall, the fast and efficient delivery service is highlighted as a major benefit, making it a convenient option for those living far from stores [4].",9.0
How quick is the delivery of the gift card,Redeem against anything on PlayStation Store.,34567,"['title: Prompt delivery \ntext: Was delivered prompty and worked so there isnt much else to say.', 'title: Fast Delivery \ntext: I received a code and had a physical copy printed within a minute. Super fast and makes a great gift', ""title: Fast digital delivery. \ntext: The digital delivery did not take long at all, that's a plus for me because I have an impatience 11 years old kid at home, also no problems at all Redeeming the code in my sons Playstation 4 either..."", 'title: Fast delivery \ntext: It arrived in my email in less than 5 mins and there were no problems downloading it.', 'title: EASY and FAST delivery! \ntext: Delivered almost instantly to email which made my son very happy!  The code worked perfectly, so glad I can purchase these online as we live quite a distance to the nearest town.  Great transaction!']","The comments consistently highlight the prompt and efficient delivery speed of the product. One user noted that the product was delivered promptly and functioned as expected, leaving little else to comment on [0]. Another user praised the super-fast delivery, receiving a code and a printed copy within a minute, which they found ideal for gifting [1]. The digital delivery was also commended for its speed, with one user appreciating the quick delivery due to their impatient child, and they experienced no issues redeeming the code on a PlayStation 4 [2]. Additionally, another user reported receiving the product via email in less than five minutes without any downloading issues [3]. Finally, a user expressed satisfaction with the almost instant email delivery, which pleased their son, and appreciated the convenience given their remote location [4].",9.0
How quick is the delivery of the gift card,Redeem against anything on PlayStation Store.,012345,"['title: Rapidity to get the product \ntext: Easy to use and order comes within secondes . I used it for my 10 years old boy', 'title: Greatt product \ntext: I like the fact that you get it fast to used it', 'title: Delivered fairly fast \ntext: Its not instant delivery but it takes about 10 minutes to get the code, beats going to the store.', 'title: Prompt delivery \ntext: Was delivered prompty and worked so there isnt much else to say.', 'title: Fast Delivery \ntext: I received a code and had a physical copy printed within a minute. Super fast and makes a great gift', ""title: Fast digital delivery. \ntext: The digital delivery did not take long at all, that's a plus for me because I have an impatience 11 years old kid at home, also no problems at all Redeeming the code in my sons Playstation 4 either...""]","The comments highlight the rapid delivery speed of the product, with several users expressing satisfaction with how quickly they received their orders. One user noted that the order arrived within seconds, making it convenient for use by their 10-year-old child [0]. Another user appreciated the fast delivery, which allowed them to use the product promptly [1]. Although one comment mentioned that the delivery is not instant, it still takes only about 10 minutes to receive the code, which is faster than going to a store [2]. Other users echoed similar sentiments, describing the delivery as prompt and super fast, with one user receiving a code and a physical copy printed within a minute [3][4]. Additionally, the digital delivery was quick, which was beneficial for a user with an impatient 11-year-old, and there were no issues redeeming the code on a PlayStation 4 [5].",9.0
How quick is the delivery of the gift card,Redeem against anything on PlayStation Store.,012346,"['title: Rapidity to get the product \ntext: Easy to use and order comes within secondes . I used it for my 10 years old boy', 'title: Greatt product \ntext: I like the fact that you get it fast to used it', 'title: Delivered fairly fast \ntext: Its not instant delivery but it takes about 10 minutes to get the code, beats going to the store.', 'title: Prompt delivery \ntext: Was delivered prompty and worked so there isnt much else to say.', 'title: Fast Delivery \ntext: I received a code and had a physical copy printed within a minute. Super fast and makes a great gift', 'title: Fast delivery \ntext: It arrived in my email in less than 5 mins and there were no problems downloading it.']","The comments highlight the rapid delivery speed of the product, with users expressing satisfaction with how quickly they received their orders. One user noted that the order arrived within seconds, making it easy to use for their child [0]. Another appreciated the fast delivery, which allowed them to use the product promptly [1]. Although one user mentioned that the delivery was not instant, they still received the code within about 10 minutes, which they found preferable to going to a store [2]. Other users echoed similar sentiments, describing the delivery as prompt and efficient, with one receiving a code and a physical copy within a minute [3][4]. Another user reported receiving their order in less than five minutes, with no issues in downloading [5].",9.0
How quick is the delivery of the gift card,Redeem against anything on PlayStation Store.,012347,"['title: Rapidity to get the product \ntext: Easy to use and order comes within secondes . I used it for my 10 years old boy', 'title: Greatt product \ntext: I like the fact that you get it fast to used it', 'title: Delivered fairly fast \ntext: Its not instant delivery but it takes about 10 minutes to get the code, beats going to the store.', 'title: Prompt delivery \ntext: Was delivered prompty and worked so there isnt much else to say.', 'title: Fast Delivery \ntext: I received a code and had a physical copy printed within a minute. Super fast and makes a great gift', 'title: EASY and FAST delivery! \ntext: Delivered almost instantly to email which made my son very happy!  The code worked perfectly, so glad I can purchase these online as we live quite a distance to the nearest town.  Great transaction!']","The comments highlight the rapid delivery speed of the product, with several users noting that the delivery is almost instantaneous. One user mentioned that the order comes within seconds, making it easy to use for their child [0]. Another user appreciated the fast delivery, which allowed them to use the product quickly [1]. Although one comment noted that the delivery is not instant, it still takes only about 10 minutes, which is faster than going to a store [2]. Other users also praised the promptness of the delivery, with one receiving a code and a physical copy printed within a minute [3][4]. The convenience of receiving the product almost instantly via email was particularly appreciated by a user who lives far from a town, emphasizing the ease and speed of the transaction [5].",9.0
How quick is the delivery of the gift card,Redeem against anything on PlayStation Store.,012356,"['title: Rapidity to get the product \ntext: Easy to use and order comes within secondes . I used it for my 10 years old boy', 'title: Greatt product \ntext: I like the fact that you get it fast to used it', 'title: Delivered fairly fast \ntext: Its not instant delivery but it takes about 10 minutes to get the code, beats going to the store.', 'title: Prompt delivery \ntext: Was delivered prompty and worked so there isnt much else to say.', ""title: Fast digital delivery. \ntext: The digital delivery did not take long at all, that's a plus for me because I have an impatience 11 years old kid at home, also no problems at all Redeeming the code in my sons Playstation 4 either..."", 'title: Fast delivery \ntext: It arrived in my email in less than 5 mins and there were no problems downloading it.']","The comments highlight the rapid delivery speed of the product, with users expressing satisfaction with the quickness of receiving their orders. One user noted that the order arrived within seconds, making it easy to use for their 10-year-old child [0]. Another user appreciated the fast delivery, emphasizing the convenience of receiving the product quickly [1]. Although one comment mentioned that the delivery is not instant, it still only takes about 10 minutes, which is considered faster than going to a physical store [2]. Other users also praised the promptness of the delivery, with one stating that it was delivered promptly and worked without issues [3]. The digital delivery was particularly noted for its speed, which was beneficial for a user with an impatient child [4]. Lastly, another user reported receiving the product in their email in less than five minutes, with no issues in downloading [5].",8.25
How quick is the delivery of the gift card,Redeem against anything on PlayStation Store.,012357,"['title: Rapidity to get the product \ntext: Easy to use and order comes within secondes . I used it for my 10 years old boy', 'title: Greatt product \ntext: I like the fact that you get it fast to used it', 'title: Delivered fairly fast \ntext: Its not instant delivery but it takes about 10 minutes to get the code, beats going to the store.', 'title: Prompt delivery \ntext: Was delivered prompty and worked so there isnt much else to say.', ""title: Fast digital delivery. \ntext: The digital delivery did not take long at all, that's a plus for me because I have an impatience 11 years old kid at home, also no problems at all Redeeming the code in my sons Playstation 4 either..."", 'title: EASY and FAST delivery! \ntext: Delivered almost instantly to email which made my son very happy!  The code worked perfectly, so glad I can purchase these online as we live quite a distance to the nearest town.  Great transaction!']","The comments highlight the fast delivery speed of the product, with several users expressing satisfaction with the promptness of receiving their orders. One user noted that the order comes within seconds, making it easy to use for their 10-year-old boy [0]. Another user appreciated the quick delivery, stating that it allows them to use the product swiftly [1]. Although one comment mentioned that the delivery is not instant, it still takes only about 10 minutes to receive the code, which is faster than going to a store [2]. Other users echoed similar sentiments, describing the delivery as prompt and efficient, with no issues in redeeming the codes [3][4][5]. Overall, the comments reflect a positive consensus on the rapid delivery speed of the product.",8.75
How quick is the delivery of the gift card,Redeem against anything on PlayStation Store.,012367,"['title: Rapidity to get the product \ntext: Easy to use and order comes within secondes . I used it for my 10 years old boy', 'title: Greatt product \ntext: I like the fact that you get it fast to used it', 'title: Delivered fairly fast \ntext: Its not instant delivery but it takes about 10 minutes to get the code, beats going to the store.', 'title: Prompt delivery \ntext: Was delivered prompty and worked so there isnt much else to say.', 'title: Fast delivery \ntext: It arrived in my email in less than 5 mins and there were no problems downloading it.', 'title: EASY and FAST delivery! \ntext: Delivered almost instantly to email which made my son very happy!  The code worked perfectly, so glad I can purchase these online as we live quite a distance to the nearest town.  Great transaction!']","The delivery speed of the product is highly praised by users, with many noting its rapidity. One user mentioned that the order comes within seconds, highlighting the ease of use and quick delivery time [0]. Another user appreciated the fast delivery, stating that it allows them to use the product quickly [1]. Although one user noted that the delivery is not instant, they still found the 10-minute wait time for the code to be faster than going to a store [2]. Other users reported prompt delivery, with one stating it arrived in less than 5 minutes and another describing it as almost instant, which was particularly beneficial due to their remote location [3][4][5]. Overall, the delivery speed is a significant positive aspect of the product, contributing to user satisfaction [0][1][2][3][4][5].",8.75
How quick is the delivery of the gift card,Redeem against anything on PlayStation Store.,012456,"['title: Rapidity to get the product \ntext: Easy to use and order comes within secondes . I used it for my 10 years old boy', 'title: Greatt product \ntext: I like the fact that you get it fast to used it', 'title: Delivered fairly fast \ntext: Its not instant delivery but it takes about 10 minutes to get the code, beats going to the store.', 'title: Fast Delivery \ntext: I received a code and had a physical copy printed within a minute. Super fast and makes a great gift', ""title: Fast digital delivery. \ntext: The digital delivery did not take long at all, that's a plus for me because I have an impatience 11 years old kid at home, also no problems at all Redeeming the code in my sons Playstation 4 either..."", 'title: Fast delivery \ntext: It arrived in my email in less than 5 mins and there were no problems downloading it.']","The comments highlight the rapid delivery speed of the product, emphasizing its convenience and efficiency. Users report receiving their orders within seconds to a few minutes, which is significantly faster than traditional store purchases. One user mentioned that the order arrived in less than five minutes via email, with no issues in downloading the product [0][5]. Another user appreciated receiving a code and having a physical copy printed within a minute, noting it as a great gift option [3]. The digital delivery process is praised for its speed, with one user noting it took about ten minutes to receive a code, which they found preferable to going to a store [2]. Overall, the fast delivery is seen as a major advantage, especially for those with impatient children [4].",9.0
How quick is the delivery of the gift card,Redeem against anything on PlayStation Store.,012457,"['title: Rapidity to get the product \ntext: Easy to use and order comes within secondes . I used it for my 10 years old boy', 'title: Greatt product \ntext: I like the fact that you get it fast to used it', 'title: Delivered fairly fast \ntext: Its not instant delivery but it takes about 10 minutes to get the code, beats going to the store.', 'title: Fast Delivery \ntext: I received a code and had a physical copy printed within a minute. Super fast and makes a great gift', ""title: Fast digital delivery. \ntext: The digital delivery did not take long at all, that's a plus for me because I have an impatience 11 years old kid at home, also no problems at all Redeeming the code in my sons Playstation 4 either..."", 'title: EASY and FAST delivery! \ntext: Delivered almost instantly to email which made my son very happy!  The code worked perfectly, so glad I can purchase these online as we live quite a distance to the nearest town.  Great transaction!']","The comments highlight the rapid delivery speed of the product, emphasizing its convenience and efficiency. One user noted that the order arrives within seconds, making it easy to use for their child [0]. Another user appreciated the fast delivery, which allows them to use the product quickly [1]. Although one comment mentioned that delivery is not instant, it still takes only about 10 minutes to receive the code, which is faster than going to a store [2]. Other users reported receiving a code and having a physical copy printed within a minute, describing the process as super fast and suitable for gifting [3]. The digital delivery was also praised for its speed, which is beneficial for those with impatient children, and the process of redeeming the code was smooth [4]. Finally, another user expressed satisfaction with the almost instant email delivery, which was convenient given their remote location [5].",9.0
How quick is the delivery of the gift card,Redeem against anything on PlayStation Store.,012467,"['title: Rapidity to get the product \ntext: Easy to use and order comes within secondes . I used it for my 10 years old boy', 'title: Greatt product \ntext: I like the fact that you get it fast to used it', 'title: Delivered fairly fast \ntext: Its not instant delivery but it takes about 10 minutes to get the code, beats going to the store.', 'title: Fast Delivery \ntext: I received a code and had a physical copy printed within a minute. Super fast and makes a great gift', 'title: Fast delivery \ntext: It arrived in my email in less than 5 mins and there were no problems downloading it.', 'title: EASY and FAST delivery! \ntext: Delivered almost instantly to email which made my son very happy!  The code worked perfectly, so glad I can purchase these online as we live quite a distance to the nearest town.  Great transaction!']","The delivery speed of the product is consistently praised across multiple comments. Users report receiving their orders within seconds or minutes, highlighting the efficiency of the service. One user mentioned that the order arrived almost instantly, making it convenient for those living far from stores [0][5]. Another user appreciated receiving a code and a physical copy within a minute, emphasizing the speed and suitability for gifting [3]. Although one comment noted that delivery is not instant, it still only takes about 10 minutes, which is considered faster than going to a store [2]. Overall, the delivery speed is described as fast and reliable, enhancing the user experience [1][4].",9.0
How quick is the delivery of the gift card,Redeem against anything on PlayStation Store.,012567,"['title: Rapidity to get the product \ntext: Easy to use and order comes within secondes . I used it for my 10 years old boy', 'title: Greatt product \ntext: I like the fact that you get it fast to used it', 'title: Delivered fairly fast \ntext: Its not instant delivery but it takes about 10 minutes to get the code, beats going to the store.', ""title: Fast digital delivery. \ntext: The digital delivery did not take long at all, that's a plus for me because I have an impatience 11 years old kid at home, also no problems at all Redeeming the code in my sons Playstation 4 either..."", 'title: Fast delivery \ntext: It arrived in my email in less than 5 mins and there were no problems downloading it.', 'title: EASY and FAST delivery! \ntext: Delivered almost instantly to email which made my son very happy!  The code worked perfectly, so glad I can purchase these online as we live quite a distance to the nearest town.  Great transaction!']","The comments highlight the rapid delivery speed of the product, emphasizing its convenience and efficiency. One user noted that the order arrived within seconds, making it easy to use for their 10-year-old child [0]. Another user appreciated the fast delivery, which allowed them to use the product quickly [1]. Although one comment mentioned that the delivery was not instant, it still took only about 10 minutes to receive the code, which was considered faster than going to a physical store [2]. The digital delivery was praised for its speed, which was beneficial for users with impatient children, and there were no issues with redeeming the code [3]. Another user reported receiving the product in their email in less than five minutes, with no problems during the download process [4]. Finally, a comment highlighted the almost instant email delivery, which was particularly appreciated due to the user's remote location, and the transaction was described as great [5].",8.75
How quick is the delivery of the gift card,Redeem against anything on PlayStation Store.,013456,"['title: Rapidity to get the product \ntext: Easy to use and order comes within secondes . I used it for my 10 years old boy', 'title: Greatt product \ntext: I like the fact that you get it fast to used it', 'title: Prompt delivery \ntext: Was delivered prompty and worked so there isnt much else to say.', 'title: Fast Delivery \ntext: I received a code and had a physical copy printed within a minute. Super fast and makes a great gift', ""title: Fast digital delivery. \ntext: The digital delivery did not take long at all, that's a plus for me because I have an impatience 11 years old kid at home, also no problems at all Redeeming the code in my sons Playstation 4 either..."", 'title: Fast delivery \ntext: It arrived in my email in less than 5 mins and there were no problems downloading it.']","The comments consistently highlight the rapid delivery speed of the product. Users report receiving their orders within seconds or minutes, emphasizing the convenience and efficiency of the service. One user mentioned that the order arrived within seconds, making it easy to use for their 10-year-old child [0]. Another user appreciated the fast delivery, which allowed them to use the product quickly [1]. The promptness of delivery was also noted by another user who stated that the product was delivered promptly and functioned as expected [2]. Additionally, a user received a code and had a physical copy printed within a minute, describing the process as super fast and ideal for gifting [3]. The digital delivery was also praised for its speed, with one user noting that it was quick enough to satisfy their impatient 11-year-old [4]. Finally, another user reported receiving the product in their email in less than five minutes, with no issues during the download process [5].",9.0
How quick is the delivery of the gift card,Redeem against anything on PlayStation Store.,013457,"['title: Rapidity to get the product \ntext: Easy to use and order comes within secondes . I used it for my 10 years old boy', 'title: Greatt product \ntext: I like the fact that you get it fast to used it', 'title: Prompt delivery \ntext: Was delivered prompty and worked so there isnt much else to say.', 'title: Fast Delivery \ntext: I received a code and had a physical copy printed within a minute. Super fast and makes a great gift', ""title: Fast digital delivery. \ntext: The digital delivery did not take long at all, that's a plus for me because I have an impatience 11 years old kid at home, also no problems at all Redeeming the code in my sons Playstation 4 either..."", 'title: EASY and FAST delivery! \ntext: Delivered almost instantly to email which made my son very happy!  The code worked perfectly, so glad I can purchase these online as we live quite a distance to the nearest town.  Great transaction!']","The comments highlight the rapid delivery speed of the product, emphasizing its efficiency and convenience. Users consistently report receiving their orders almost instantly, whether it be a digital code or a physical copy, which is particularly beneficial for those with children eager to use the product immediately[0][1][2][3][4][5]. The promptness of delivery is appreciated, with one user noting that the digital delivery was quick enough to satisfy their impatient child[4]. Another user mentioned the convenience of receiving the product via email, which was especially useful given their remote location[5]. Overall, the delivery speed is a significant positive aspect of the product, contributing to customer satisfaction[0][1][2][3][4][5].",9.0
How quick is the delivery of the gift card,Redeem against anything on PlayStation Store.,013467,"['title: Rapidity to get the product \ntext: Easy to use and order comes within secondes . I used it for my 10 years old boy', 'title: Greatt product \ntext: I like the fact that you get it fast to used it', 'title: Prompt delivery \ntext: Was delivered prompty and worked so there isnt much else to say.', 'title: Fast Delivery \ntext: I received a code and had a physical copy printed within a minute. Super fast and makes a great gift', 'title: Fast delivery \ntext: It arrived in my email in less than 5 mins and there were no problems downloading it.', 'title: EASY and FAST delivery! \ntext: Delivered almost instantly to email which made my son very happy!  The code worked perfectly, so glad I can purchase these online as we live quite a distance to the nearest town.  Great transaction!']","The comments consistently highlight the rapid delivery speed of the product. Users report receiving their orders almost instantly, with some noting delivery within seconds or minutes[0][1][2][3][4][5]. This quick delivery is appreciated by customers, as it allows for immediate use and satisfaction, especially for those living far from physical stores[5]. Overall, the promptness of the delivery is a significant positive aspect noted by multiple users[0][1][2][3][4][5].",9.0
How quick is the delivery of the gift card,Redeem against anything on PlayStation Store.,013567,"['title: Rapidity to get the product \ntext: Easy to use and order comes within secondes . I used it for my 10 years old boy', 'title: Greatt product \ntext: I like the fact that you get it fast to used it', 'title: Prompt delivery \ntext: Was delivered prompty and worked so there isnt much else to say.', ""title: Fast digital delivery. \ntext: The digital delivery did not take long at all, that's a plus for me because I have an impatience 11 years old kid at home, also no problems at all Redeeming the code in my sons Playstation 4 either..."", 'title: Fast delivery \ntext: It arrived in my email in less than 5 mins and there were no problems downloading it.', 'title: EASY and FAST delivery! \ntext: Delivered almost instantly to email which made my son very happy!  The code worked perfectly, so glad I can purchase these online as we live quite a distance to the nearest town.  Great transaction!']","Several users praised the delivery speed of the product, highlighting its rapidity and efficiency. One user noted that the order arrived within seconds, making it easy to use for their 10-year-old boy [0]. Another appreciated the fast delivery, emphasizing the convenience of receiving the product quickly [1]. A different user mentioned that the product was delivered promptly and functioned as expected [2]. The digital delivery was also commended for its speed, with one user noting that it was a plus due to their impatient child, and there were no issues redeeming the code on a PlayStation 4 [3]. Another user reported receiving the product via email in less than five minutes, with no problems during the download process [4]. Lastly, a user expressed satisfaction with the almost instant email delivery, which pleased their son and facilitated a smooth transaction, especially given their remote location [5].",8.75
How quick is the delivery of the gift card,Redeem against anything on PlayStation Store.,014567,"['title: Rapidity to get the product \ntext: Easy to use and order comes within secondes . I used it for my 10 years old boy', 'title: Greatt product \ntext: I like the fact that you get it fast to used it', 'title: Fast Delivery \ntext: I received a code and had a physical copy printed within a minute. Super fast and makes a great gift', ""title: Fast digital delivery. \ntext: The digital delivery did not take long at all, that's a plus for me because I have an impatience 11 years old kid at home, also no problems at all Redeeming the code in my sons Playstation 4 either..."", 'title: Fast delivery \ntext: It arrived in my email in less than 5 mins and there were no problems downloading it.', 'title: EASY and FAST delivery! \ntext: Delivered almost instantly to email which made my son very happy!  The code worked perfectly, so glad I can purchase these online as we live quite a distance to the nearest town.  Great transaction!']","The comments consistently highlight the rapid delivery speed of the product, emphasizing its efficiency and convenience. One user noted that the order was completed within seconds, making it easy to use for their child [0]. Another user appreciated the fast delivery, which allowed them to use the product quickly [1]. A different comment mentioned receiving a code and having a physical copy printed within a minute, describing the process as super fast and ideal for gifting [2]. The digital delivery was also praised for its speed, with one user noting it was quick enough to satisfy their impatient child and had no issues with code redemption [3]. Another user reported receiving the product via email in less than five minutes, with no problems during download [4]. Finally, a comment highlighted the almost instant email delivery, which was particularly beneficial due to their remote location, and noted the transaction was smooth and satisfactory [5].",9.0
How quick is the delivery of the gift card,Redeem against anything on PlayStation Store.,023456,"['title: Rapidity to get the product \ntext: Easy to use and order comes within secondes . I used it for my 10 years old boy', 'title: Delivered fairly fast \ntext: Its not instant delivery but it takes about 10 minutes to get the code, beats going to the store.', 'title: Prompt delivery \ntext: Was delivered prompty and worked so there isnt much else to say.', 'title: Fast Delivery \ntext: I received a code and had a physical copy printed within a minute. Super fast and makes a great gift', ""title: Fast digital delivery. \ntext: The digital delivery did not take long at all, that's a plus for me because I have an impatience 11 years old kid at home, also no problems at all Redeeming the code in my sons Playstation 4 either..."", 'title: Fast delivery \ntext: It arrived in my email in less than 5 mins and there were no problems downloading it.']","The comments consistently highlight the fast delivery speed of the product. One user noted that the order was received within seconds, making it easy to use for their 10-year-old child [0]. Another mentioned that while the delivery is not instant, it takes about 10 minutes to receive the code, which is still faster than going to a store [1]. A different user described the delivery as prompt and effective [2]. Additionally, a user received a code and had a physical copy printed within a minute, emphasizing the speed and suitability as a gift [3]. The digital delivery was also praised for its quickness, which was beneficial for a user with an impatient child [4]. Lastly, another user reported receiving the product in their email in less than five minutes, with no issues in downloading [5].",9.0
How quick is the delivery of the gift card,Redeem against anything on PlayStation Store.,023457,"['title: Rapidity to get the product \ntext: Easy to use and order comes within secondes . I used it for my 10 years old boy', 'title: Delivered fairly fast \ntext: Its not instant delivery but it takes about 10 minutes to get the code, beats going to the store.', 'title: Prompt delivery \ntext: Was delivered prompty and worked so there isnt much else to say.', 'title: Fast Delivery \ntext: I received a code and had a physical copy printed within a minute. Super fast and makes a great gift', ""title: Fast digital delivery. \ntext: The digital delivery did not take long at all, that's a plus for me because I have an impatience 11 years old kid at home, also no problems at all Redeeming the code in my sons Playstation 4 either..."", 'title: EASY and FAST delivery! \ntext: Delivered almost instantly to email which made my son very happy!  The code worked perfectly, so glad I can purchase these online as we live quite a distance to the nearest town.  Great transaction!']","The delivery speed of the product is consistently praised across multiple comments. Users report that the product is delivered almost instantly, with some receiving it within seconds or a minute, making it highly convenient for those who need quick access [0][3][5]. While one user notes that the delivery is not instant, they still find the 10-minute wait time preferable to going to a store [1]. Overall, the promptness of the delivery is highlighted as a significant advantage, especially for those with children who appreciate the quick service [2][4].",9.0
How quick is the delivery of the gift card,Redeem against anything on PlayStation Store.,023467,"['title: Rapidity to get the product \ntext: Easy to use and order comes within secondes . I used it for my 10 years old boy', 'title: Delivered fairly fast \ntext: Its not instant delivery but it takes about 10 minutes to get the code, beats going to the store.', 'title: Prompt delivery \ntext: Was delivered prompty and worked so there isnt much else to say.', 'title: Fast Delivery \ntext: I received a code and had a physical copy printed within a minute. Super fast and makes a great gift', 'title: Fast delivery \ntext: It arrived in my email in less than 5 mins and there were no problems downloading it.', 'title: EASY and FAST delivery! \ntext: Delivered almost instantly to email which made my son very happy!  The code worked perfectly, so glad I can purchase these online as we live quite a distance to the nearest town.  Great transaction!']","The comments consistently highlight the rapid delivery speed of the product, with several users noting that the delivery occurs almost instantly or within a few minutes. One user mentioned that the order was received within seconds, making it very convenient to use [0]. Another user stated that while the delivery is not instant, it takes about 10 minutes, which is still faster than going to a store [1]. Other comments echoed similar sentiments, with deliveries being described as prompt and occurring within a minute or less [2][3][4]. Additionally, one user appreciated the fast email delivery, which was particularly beneficial due to their remote location [5]. Overall, the feedback indicates a high level of satisfaction with the delivery speed of the product.",9.0
How quick is the delivery of the gift card,Redeem against anything on PlayStation Store.,023567,"['title: Rapidity to get the product \ntext: Easy to use and order comes within secondes . I used it for my 10 years old boy', 'title: Delivered fairly fast \ntext: Its not instant delivery but it takes about 10 minutes to get the code, beats going to the store.', 'title: Prompt delivery \ntext: Was delivered prompty and worked so there isnt much else to say.', ""title: Fast digital delivery. \ntext: The digital delivery did not take long at all, that's a plus for me because I have an impatience 11 years old kid at home, also no problems at all Redeeming the code in my sons Playstation 4 either..."", 'title: Fast delivery \ntext: It arrived in my email in less than 5 mins and there were no problems downloading it.', 'title: EASY and FAST delivery! \ntext: Delivered almost instantly to email which made my son very happy!  The code worked perfectly, so glad I can purchase these online as we live quite a distance to the nearest town.  Great transaction!']","The comments collectively highlight the fast delivery speed of the product, with several users noting that the delivery was almost instantaneous or took only a few minutes. One user mentioned that the order arrived within seconds, making it very convenient to use [0]. Another user stated that while the delivery was not instant, it took about 10 minutes, which they found preferable to going to a store [1]. Other users echoed similar sentiments, describing the delivery as prompt and fast, with one noting that it arrived in less than 5 minutes [2][3][4]. Additionally, the ease of digital delivery was appreciated, especially for those living far from stores, as it provided a quick and hassle-free experience [5].",8.75
How quick is the delivery of the gift card,Redeem against anything on PlayStation Store.,024567,"['title: Rapidity to get the product \ntext: Easy to use and order comes within secondes . I used it for my 10 years old boy', 'title: Delivered fairly fast \ntext: Its not instant delivery but it takes about 10 minutes to get the code, beats going to the store.', 'title: Fast Delivery \ntext: I received a code and had a physical copy printed within a minute. Super fast and makes a great gift', ""title: Fast digital delivery. \ntext: The digital delivery did not take long at all, that's a plus for me because I have an impatience 11 years old kid at home, also no problems at all Redeeming the code in my sons Playstation 4 either..."", 'title: Fast delivery \ntext: It arrived in my email in less than 5 mins and there were no problems downloading it.', 'title: EASY and FAST delivery! \ntext: Delivered almost instantly to email which made my son very happy!  The code worked perfectly, so glad I can purchase these online as we live quite a distance to the nearest town.  Great transaction!']","The comments consistently highlight the rapid delivery speed of the product, with several users noting that the delivery occurs within minutes. One user mentioned that the order comes within seconds, making it easy to use for their child [0]. Another user pointed out that while the delivery is not instant, it takes about 10 minutes, which is still faster than going to a store [1]. Others reported receiving their codes and having physical copies printed within a minute, emphasizing the speed and convenience of the service [2]. The digital delivery was also praised for being quick, which is beneficial for users with impatient children [3]. Additionally, one user received their product in less than 5 minutes via email, with no issues in downloading [4]. Another user appreciated the almost instant email delivery, which was particularly convenient given their remote location [5].",9.0
How quick is the delivery of the gift card,Redeem against anything on PlayStation Store.,034567,"['title: Rapidity to get the product \ntext: Easy to use and order comes within secondes . I used it for my 10 years old boy', 'title: Prompt delivery \ntext: Was delivered prompty and worked so there isnt much else to say.', 'title: Fast Delivery \ntext: I received a code and had a physical copy printed within a minute. Super fast and makes a great gift', ""title: Fast digital delivery. \ntext: The digital delivery did not take long at all, that's a plus for me because I have an impatience 11 years old kid at home, also no problems at all Redeeming the code in my sons Playstation 4 either..."", 'title: Fast delivery \ntext: It arrived in my email in less than 5 mins and there were no problems downloading it.', 'title: EASY and FAST delivery! \ntext: Delivered almost instantly to email which made my son very happy!  The code worked perfectly, so glad I can purchase these online as we live quite a distance to the nearest town.  Great transaction!']","The comments consistently highlight the rapid delivery speed of the product, emphasizing its efficiency and convenience. Users report receiving their orders almost instantly, with some noting delivery within seconds or minutes, which is particularly beneficial for those with impatient children [0][1][2][3][4][5]. The digital nature of the product allows for quick email delivery, making it a convenient option for those living far from physical stores [5]. Overall, the promptness of delivery is a significant advantage, enhancing customer satisfaction [0][1][2][3][4][5].",9.0
How quick is the delivery of the gift card,Redeem against anything on PlayStation Store.,123456,"['title: Greatt product \ntext: I like the fact that you get it fast to used it', 'title: Delivered fairly fast \ntext: Its not instant delivery but it takes about 10 minutes to get the code, beats going to the store.', 'title: Prompt delivery \ntext: Was delivered prompty and worked so there isnt much else to say.', 'title: Fast Delivery \ntext: I received a code and had a physical copy printed within a minute. Super fast and makes a great gift', ""title: Fast digital delivery. \ntext: The digital delivery did not take long at all, that's a plus for me because I have an impatience 11 years old kid at home, also no problems at all Redeeming the code in my sons Playstation 4 either..."", 'title: Fast delivery \ntext: It arrived in my email in less than 5 mins and there were no problems downloading it.']","The comments consistently highlight the fast delivery speed of the product. One user appreciated the quick delivery, noting that it allowed them to use the product promptly [0]. Another user mentioned that while the delivery is not instant, it takes about 10 minutes to receive the code, which they found preferable to going to a store [1]. Several users described the delivery as prompt and super fast, with one receiving a code and a physical copy within a minute, making it an excellent gift option [2][3]. The digital delivery was also praised for its speed, which was particularly beneficial for a user with an impatient child, and there were no issues with redeeming the code [4]. Another user reported receiving the product in their email in less than five minutes, with no problems during the download process [5].",9.0
How quick is the delivery of the gift card,Redeem against anything on PlayStation Store.,123457,"['title: Greatt product \ntext: I like the fact that you get it fast to used it', 'title: Delivered fairly fast \ntext: Its not instant delivery but it takes about 10 minutes to get the code, beats going to the store.', 'title: Prompt delivery \ntext: Was delivered prompty and worked so there isnt much else to say.', 'title: Fast Delivery \ntext: I received a code and had a physical copy printed within a minute. Super fast and makes a great gift', ""title: Fast digital delivery. \ntext: The digital delivery did not take long at all, that's a plus for me because I have an impatience 11 years old kid at home, also no problems at all Redeeming the code in my sons Playstation 4 either..."", 'title: EASY and FAST delivery! \ntext: Delivered almost instantly to email which made my son very happy!  The code worked perfectly, so glad I can purchase these online as we live quite a distance to the nearest town.  Great transaction!']","The comments collectively highlight the fast delivery speed of the product, emphasizing its convenience and efficiency. One user appreciates the quick delivery, noting that it allows them to use the product promptly [0]. Another comment mentions that while the delivery is not instant, it takes about 10 minutes to receive the code, which is still faster than going to a store [1]. A third user describes the delivery as prompt and satisfactory [2]. Additionally, a user reports receiving a code and a physical copy within a minute, praising the speed as ideal for gifting [3]. Another comment underscores the benefit of fast digital delivery, especially for those with impatient children, and notes the ease of redeeming the code [4]. Lastly, a user highlights the almost instant email delivery, which was particularly beneficial due to their remote location, and expresses satisfaction with the transaction [5].",9.0
How quick is the delivery of the gift card,Redeem against anything on PlayStation Store.,123467,"['title: Greatt product \ntext: I like the fact that you get it fast to used it', 'title: Delivered fairly fast \ntext: Its not instant delivery but it takes about 10 minutes to get the code, beats going to the store.', 'title: Prompt delivery \ntext: Was delivered prompty and worked so there isnt much else to say.', 'title: Fast Delivery \ntext: I received a code and had a physical copy printed within a minute. Super fast and makes a great gift', 'title: Fast delivery \ntext: It arrived in my email in less than 5 mins and there were no problems downloading it.', 'title: EASY and FAST delivery! \ntext: Delivered almost instantly to email which made my son very happy!  The code worked perfectly, so glad I can purchase these online as we live quite a distance to the nearest town.  Great transaction!']","The delivery speed of the product is consistently praised across multiple user comments. One user appreciates the fast delivery, noting that it allows them to use the product quickly [0]. Another user mentions that while the delivery is not instant, it takes about 10 minutes to receive the code, which is still faster than going to a store [1]. A third user describes the delivery as prompt and satisfactory [2]. Additionally, a user highlights receiving a code and a physical copy within a minute, emphasizing the speed and convenience for gifting purposes [3]. Another comment states that the product arrived in their email in less than five minutes without any issues [4]. Finally, a user expresses satisfaction with the almost instant email delivery, which was particularly beneficial due to their remote location [5].",9.0
How quick is the delivery of the gift card,Redeem against anything on PlayStation Store.,123567,"['title: Greatt product \ntext: I like the fact that you get it fast to used it', 'title: Delivered fairly fast \ntext: Its not instant delivery but it takes about 10 minutes to get the code, beats going to the store.', 'title: Prompt delivery \ntext: Was delivered prompty and worked so there isnt much else to say.', ""title: Fast digital delivery. \ntext: The digital delivery did not take long at all, that's a plus for me because I have an impatience 11 years old kid at home, also no problems at all Redeeming the code in my sons Playstation 4 either..."", 'title: Fast delivery \ntext: It arrived in my email in less than 5 mins and there were no problems downloading it.', 'title: EASY and FAST delivery! \ntext: Delivered almost instantly to email which made my son very happy!  The code worked perfectly, so glad I can purchase these online as we live quite a distance to the nearest town.  Great transaction!']","The comments consistently highlight the fast delivery speed of the product. Users appreciate the quick digital delivery, with one noting that it takes about 10 minutes to receive the code, which is faster than going to a store [1]. Another user mentions that the delivery was prompt and the product worked as expected [2]. The digital delivery was particularly beneficial for a user with an impatient child, as it was quick and problem-free [3]. One user received the product in less than five minutes, with no issues during the download process [4]. Another comment emphasizes the almost instant email delivery, which was convenient due to the user's remote location [5]. Overall, the feedback indicates a high level of satisfaction with the delivery speed of the product [0][1][2][3][4][5].",8.75
How quick is the delivery of the gift card,Redeem against anything on PlayStation Store.,124567,"['title: Greatt product \ntext: I like the fact that you get it fast to used it', 'title: Delivered fairly fast \ntext: Its not instant delivery but it takes about 10 minutes to get the code, beats going to the store.', 'title: Fast Delivery \ntext: I received a code and had a physical copy printed within a minute. Super fast and makes a great gift', ""title: Fast digital delivery. \ntext: The digital delivery did not take long at all, that's a plus for me because I have an impatience 11 years old kid at home, also no problems at all Redeeming the code in my sons Playstation 4 either..."", 'title: Fast delivery \ntext: It arrived in my email in less than 5 mins and there were no problems downloading it.', 'title: EASY and FAST delivery! \ntext: Delivered almost instantly to email which made my son very happy!  The code worked perfectly, so glad I can purchase these online as we live quite a distance to the nearest town.  Great transaction!']","The comments consistently highlight the fast delivery speed of the product. One user appreciated the quick delivery, noting that it allowed them to use the product promptly [0]. Another user mentioned that while the delivery wasn't instant, it was still quick, taking about 10 minutes to receive the code, which they found more convenient than going to a store [1]. A different user reported receiving a code and having a physical copy printed within a minute, describing the delivery as super fast and ideal for gifting [2]. Another comment emphasized the benefit of fast digital delivery, which was particularly appreciated due to the user's impatient child, and noted no issues with redeeming the code [3]. One user received their product in less than five minutes via email, with no problems encountered during download [4]. Lastly, a user expressed satisfaction with the almost instant email delivery, which pleased their son, and highlighted the convenience of online purchases due to their remote location [5].",9.0
How quick is the delivery of the gift card,Redeem against anything on PlayStation Store.,134567,"['title: Greatt product \ntext: I like the fact that you get it fast to used it', 'title: Prompt delivery \ntext: Was delivered prompty and worked so there isnt much else to say.', 'title: Fast Delivery \ntext: I received a code and had a physical copy printed within a minute. Super fast and makes a great gift', ""title: Fast digital delivery. \ntext: The digital delivery did not take long at all, that's a plus for me because I have an impatience 11 years old kid at home, also no problems at all Redeeming the code in my sons Playstation 4 either..."", 'title: Fast delivery \ntext: It arrived in my email in less than 5 mins and there were no problems downloading it.', 'title: EASY and FAST delivery! \ntext: Delivered almost instantly to email which made my son very happy!  The code worked perfectly, so glad I can purchase these online as we live quite a distance to the nearest town.  Great transaction!']","The comments consistently highlight the fast delivery speed of the product, with users expressing satisfaction with how quickly they received their items. One user appreciated the promptness, noting that the product was delivered promptly and functioned as expected [1]. Another user mentioned receiving a code and having a physical copy printed within a minute, emphasizing the speed and suitability as a gift [2]. The digital delivery was also praised for its quickness, which was particularly beneficial for a user with an impatient child, and the ease of redeeming the code on a gaming console [3]. Additionally, another user reported receiving the product via email in less than five minutes, with no issues during the download process [4]. The instant delivery to email was also highlighted as a positive experience, especially for those living far from town, making the transaction convenient and satisfactory [5].",9.0
How quick is the delivery of the gift card,Redeem against anything on PlayStation Store.,234567,"['title: Delivered fairly fast \ntext: Its not instant delivery but it takes about 10 minutes to get the code, beats going to the store.', 'title: Prompt delivery \ntext: Was delivered prompty and worked so there isnt much else to say.', 'title: Fast Delivery \ntext: I received a code and had a physical copy printed within a minute. Super fast and makes a great gift', ""title: Fast digital delivery. \ntext: The digital delivery did not take long at all, that's a plus for me because I have an impatience 11 years old kid at home, also no problems at all Redeeming the code in my sons Playstation 4 either..."", 'title: Fast delivery \ntext: It arrived in my email in less than 5 mins and there were no problems downloading it.', 'title: EASY and FAST delivery! \ntext: Delivered almost instantly to email which made my son very happy!  The code worked perfectly, so glad I can purchase these online as we live quite a distance to the nearest town.  Great transaction!']","The delivery speed of the product is generally praised for being fast and efficient. Customers report receiving their codes within a very short time frame, ranging from almost instant to a few minutes. One user noted that it took about 10 minutes to receive the code, which they found preferable to going to a store [0]. Another customer highlighted the promptness of the delivery, stating it was delivered promptly and worked without issues [1]. Several users emphasized the speed, with one mentioning they received a code and had a physical copy printed within a minute, describing it as super fast [2]. Another user appreciated the quick digital delivery, which was important for their impatient child, and noted no issues with redeeming the code [3]. Additionally, a customer received their email delivery in less than 5 minutes and encountered no problems downloading it [4]. Lastly, a user expressed satisfaction with the almost instant email delivery, which was convenient given their remote location, and noted the code worked perfectly [5].",9.0
How quick is the delivery of the gift card,Redeem against anything on PlayStation Store.,0123456,"['title: Rapidity to get the product \ntext: Easy to use and order comes within secondes . I used it for my 10 years old boy', 'title: Greatt product \ntext: I like the fact that you get it fast to used it', 'title: Delivered fairly fast \ntext: Its not instant delivery but it takes about 10 minutes to get the code, beats going to the store.', 'title: Prompt delivery \ntext: Was delivered prompty and worked so there isnt much else to say.', 'title: Fast Delivery \ntext: I received a code and had a physical copy printed within a minute. Super fast and makes a great gift', ""title: Fast digital delivery. \ntext: The digital delivery did not take long at all, that's a plus for me because I have an impatience 11 years old kid at home, also no problems at all Redeeming the code in my sons Playstation 4 either..."", 'title: Fast delivery \ntext: It arrived in my email in less than 5 mins and there were no problems downloading it.']","Several users have praised the delivery speed of the product, highlighting its rapidity and convenience. One user mentioned that the order comes within seconds, making it easy to use for their 10-year-old boy [0]. Another user appreciated the fast delivery, noting that it allows them to use the product quickly [1]. Although not instant, one user stated that the delivery takes about 10 minutes, which they find preferable to going to a store [2]. Others have described the delivery as prompt and super fast, with one user receiving a code and a physical copy printed within a minute [3][4]. The digital delivery was also noted to be quick, which is beneficial for users with impatient children, and there were no issues redeeming the code [5]. Another user confirmed that the product arrived in their email in less than five minutes, with no problems during the download process [6].",9.0
How quick is the delivery of the gift card,Redeem against anything on PlayStation Store.,0123457,"['title: Rapidity to get the product \ntext: Easy to use and order comes within secondes . I used it for my 10 years old boy', 'title: Greatt product \ntext: I like the fact that you get it fast to used it', 'title: Delivered fairly fast \ntext: Its not instant delivery but it takes about 10 minutes to get the code, beats going to the store.', 'title: Prompt delivery \ntext: Was delivered prompty and worked so there isnt much else to say.', 'title: Fast Delivery \ntext: I received a code and had a physical copy printed within a minute. Super fast and makes a great gift', ""title: Fast digital delivery. \ntext: The digital delivery did not take long at all, that's a plus for me because I have an impatience 11 years old kid at home, also no problems at all Redeeming the code in my sons Playstation 4 either..."", 'title: EASY and FAST delivery! \ntext: Delivered almost instantly to email which made my son very happy!  The code worked perfectly, so glad I can purchase these online as we live quite a distance to the nearest town.  Great transaction!']","The comments highlight the rapid delivery speed of the product, with several users noting that the delivery occurs almost instantly or within a very short time frame. One user mentioned that the order comes within seconds, which was convenient for their 10-year-old child [0]. Another user appreciated the fast delivery, allowing them to use the product quickly [1]. Although one comment noted that the delivery is not instant, it still takes only about 10 minutes, which is faster than going to a store [2]. Other users echoed similar sentiments, describing the delivery as prompt and super fast, with one user receiving a code and a physical copy within a minute [3][4]. The digital delivery was also praised for its speed, which was beneficial for users with impatient children [5]. Overall, the delivery was described as easy, fast, and convenient, especially for those living far from stores [6].",9.0
How quick is the delivery of the gift card,Redeem against anything on PlayStation Store.,0123467,"['title: Rapidity to get the product \ntext: Easy to use and order comes within secondes . I used it for my 10 years old boy', 'title: Greatt product \ntext: I like the fact that you get it fast to used it', 'title: Delivered fairly fast \ntext: Its not instant delivery but it takes about 10 minutes to get the code, beats going to the store.', 'title: Prompt delivery \ntext: Was delivered prompty and worked so there isnt much else to say.', 'title: Fast Delivery \ntext: I received a code and had a physical copy printed within a minute. Super fast and makes a great gift', 'title: Fast delivery \ntext: It arrived in my email in less than 5 mins and there were no problems downloading it.', 'title: EASY and FAST delivery! \ntext: Delivered almost instantly to email which made my son very happy!  The code worked perfectly, so glad I can purchase these online as we live quite a distance to the nearest town.  Great transaction!']","The comments consistently highlight the rapid delivery speed of the product, with several users noting that the delivery occurs within minutes. One user mentioned that the order comes within seconds, making it easy to use for their child [0]. Another user appreciated the fast delivery, which allows them to use the product quickly [1]. Although one comment noted that the delivery is not instant, it still takes only about 10 minutes to receive the code, which is faster than going to a store [2]. Other users echoed similar sentiments, describing the delivery as prompt and super fast, with one user receiving a code and a physical copy printed within a minute [3][4]. Another user reported receiving the product in their email in less than five minutes without any issues [5]. The convenience of fast delivery was particularly appreciated by a user who lives far from the nearest town, as the product was delivered almost instantly to their email, making their son very happy [6].",9.0
How quick is the delivery of the gift card,Redeem against anything on PlayStation Store.,0123567,"['title: Rapidity to get the product \ntext: Easy to use and order comes within secondes . I used it for my 10 years old boy', 'title: Greatt product \ntext: I like the fact that you get it fast to used it', 'title: Delivered fairly fast \ntext: Its not instant delivery but it takes about 10 minutes to get the code, beats going to the store.', 'title: Prompt delivery \ntext: Was delivered prompty and worked so there isnt much else to say.', ""title: Fast digital delivery. \ntext: The digital delivery did not take long at all, that's a plus for me because I have an impatience 11 years old kid at home, also no problems at all Redeeming the code in my sons Playstation 4 either..."", 'title: Fast delivery \ntext: It arrived in my email in less than 5 mins and there were no problems downloading it.', 'title: EASY and FAST delivery! \ntext: Delivered almost instantly to email which made my son very happy!  The code worked perfectly, so glad I can purchase these online as we live quite a distance to the nearest town.  Great transaction!']","The comments highlight the rapid delivery speed of the product, with several users expressing satisfaction with how quickly they received their orders. One user noted that the order arrived within seconds, making it easy to use for their 10-year-old boy [0]. Another user appreciated the fast delivery, which allowed them to use the product promptly [1]. Although one comment mentioned that the delivery was not instant, it still took only about 10 minutes to receive the code, which was considered faster than going to a store [2]. Other users echoed similar sentiments, describing the delivery as prompt and fast, with one noting that it arrived in less than 5 minutes via email [3][4][5]. The convenience of almost instant email delivery was particularly appreciated by a user who lives far from the nearest town, making online purchases a great option [6].",8.75
How quick is the delivery of the gift card,Redeem against anything on PlayStation Store.,0124567,"['title: Rapidity to get the product \ntext: Easy to use and order comes within secondes . I used it for my 10 years old boy', 'title: Greatt product \ntext: I like the fact that you get it fast to used it', 'title: Delivered fairly fast \ntext: Its not instant delivery but it takes about 10 minutes to get the code, beats going to the store.', 'title: Fast Delivery \ntext: I received a code and had a physical copy printed within a minute. Super fast and makes a great gift', ""title: Fast digital delivery. \ntext: The digital delivery did not take long at all, that's a plus for me because I have an impatience 11 years old kid at home, also no problems at all Redeeming the code in my sons Playstation 4 either..."", 'title: Fast delivery \ntext: It arrived in my email in less than 5 mins and there were no problems downloading it.', 'title: EASY and FAST delivery! \ntext: Delivered almost instantly to email which made my son very happy!  The code worked perfectly, so glad I can purchase these online as we live quite a distance to the nearest town.  Great transaction!']","The comments consistently highlight the rapid delivery speed of the product, with several users noting that the delivery occurs almost instantly or within a few minutes. One user mentioned that the order comes within seconds, making it easy to use for their child [0]. Another user appreciated the fast delivery, which allowed them to use the product quickly [1]. Although one comment noted that the delivery is not instant, it still takes only about 10 minutes, which is faster than going to a store [2]. Other users reported receiving their codes within a minute or less, emphasizing the convenience and speed of the service [3][4][5][6]. Overall, the fast digital delivery is a significant advantage for users, especially those living far from stores or with impatient children [4][6].",9.0
How quick is the delivery of the gift card,Redeem against anything on PlayStation Store.,0134567,"['title: Rapidity to get the product \ntext: Easy to use and order comes within secondes . I used it for my 10 years old boy', 'title: Greatt product \ntext: I like the fact that you get it fast to used it', 'title: Prompt delivery \ntext: Was delivered prompty and worked so there isnt much else to say.', 'title: Fast Delivery \ntext: I received a code and had a physical copy printed within a minute. Super fast and makes a great gift', ""title: Fast digital delivery. \ntext: The digital delivery did not take long at all, that's a plus for me because I have an impatience 11 years old kid at home, also no problems at all Redeeming the code in my sons Playstation 4 either..."", 'title: Fast delivery \ntext: It arrived in my email in less than 5 mins and there were no problems downloading it.', 'title: EASY and FAST delivery! \ntext: Delivered almost instantly to email which made my son very happy!  The code worked perfectly, so glad I can purchase these online as we live quite a distance to the nearest town.  Great transaction!']","The comments consistently highlight the rapid delivery speed of the product. Users appreciate the ease of use and the fact that orders are fulfilled almost instantaneously, with some receiving their products within seconds or minutes[0][3][5][6]. The promptness of delivery is a significant advantage, especially for those with impatient children, as noted by multiple users[4][5]. Customers also value the convenience of receiving digital products quickly via email, which is particularly beneficial for those living far from physical stores[6]. Overall, the fast delivery is a key selling point for this product, as it enhances customer satisfaction and convenience[1][2][3].",9.0
How quick is the delivery of the gift card,Redeem against anything on PlayStation Store.,0234567,"['title: Rapidity to get the product \ntext: Easy to use and order comes within secondes . I used it for my 10 years old boy', 'title: Delivered fairly fast \ntext: Its not instant delivery but it takes about 10 minutes to get the code, beats going to the store.', 'title: Prompt delivery \ntext: Was delivered prompty and worked so there isnt much else to say.', 'title: Fast Delivery \ntext: I received a code and had a physical copy printed within a minute. Super fast and makes a great gift', ""title: Fast digital delivery. \ntext: The digital delivery did not take long at all, that's a plus for me because I have an impatience 11 years old kid at home, also no problems at all Redeeming the code in my sons Playstation 4 either..."", 'title: Fast delivery \ntext: It arrived in my email in less than 5 mins and there were no problems downloading it.', 'title: EASY and FAST delivery! \ntext: Delivered almost instantly to email which made my son very happy!  The code worked perfectly, so glad I can purchase these online as we live quite a distance to the nearest town.  Great transaction!']","The delivery speed of the product is consistently praised across multiple comments. Users report receiving their orders within seconds to a few minutes, highlighting the convenience and efficiency of the service. One user mentioned that the order arrived almost instantly, making it a great option for those living far from stores [0][6]. Another user noted that while the delivery is not instant, it takes about 10 minutes, which is still faster than going to a physical store [1]. Overall, the delivery is described as prompt and fast, with users expressing satisfaction with the speed and ease of the process [2][3][4][5].",9.0
How quick is the delivery of the gift card,Redeem against anything on PlayStation Store.,1234567,"['title: Greatt product \ntext: I like the fact that you get it fast to used it', 'title: Delivered fairly fast \ntext: Its not instant delivery but it takes about 10 minutes to get the code, beats going to the store.', 'title: Prompt delivery \ntext: Was delivered prompty and worked so there isnt much else to say.', 'title: Fast Delivery \ntext: I received a code and had a physical copy printed within a minute. Super fast and makes a great gift', ""title: Fast digital delivery. \ntext: The digital delivery did not take long at all, that's a plus for me because I have an impatience 11 years old kid at home, also no problems at all Redeeming the code in my sons Playstation 4 either..."", 'title: Fast delivery \ntext: It arrived in my email in less than 5 mins and there were no problems downloading it.', 'title: EASY and FAST delivery! \ntext: Delivered almost instantly to email which made my son very happy!  The code worked perfectly, so glad I can purchase these online as we live quite a distance to the nearest town.  Great transaction!']","The delivery speed of the product is consistently praised across multiple comments. Users report receiving their digital codes quickly, with some noting delivery times as short as a minute or less than five minutes, which is particularly appreciated for its convenience and efficiency [0][3][5][6]. While one user mentions that the delivery is not instant, they still find the 10-minute wait time preferable to going to a store [1]. Overall, the promptness of delivery is highlighted as a significant advantage, making it a favorable option for those who value speed and convenience [2][4].",9.0
How quick is the delivery of the gift card,Redeem against anything on PlayStation Store.,01234567,"['title: Rapidity to get the product \ntext: Easy to use and order comes within secondes . I used it for my 10 years old boy', 'title: Greatt product \ntext: I like the fact that you get it fast to used it', 'title: Delivered fairly fast \ntext: Its not instant delivery but it takes about 10 minutes to get the code, beats going to the store.', 'title: Prompt delivery \ntext: Was delivered prompty and worked so there isnt much else to say.', 'title: Fast Delivery \ntext: I received a code and had a physical copy printed within a minute. Super fast and makes a great gift', ""title: Fast digital delivery. \ntext: The digital delivery did not take long at all, that's a plus for me because I have an impatience 11 years old kid at home, also no problems at all Redeeming the code in my sons Playstation 4 either..."", 'title: Fast delivery \ntext: It arrived in my email in less than 5 mins and there were no problems downloading it.', 'title: EASY and FAST delivery! \ntext: Delivered almost instantly to email which made my son very happy!  The code worked perfectly, so glad I can purchase these online as we live quite a distance to the nearest town.  Great transaction!']","The comments consistently highlight the rapid delivery speed of the product, with several users noting that the delivery occurs almost instantly or within a few minutes. One user mentioned that the order arrived within seconds, making it convenient for immediate use [0]. Another user appreciated the fast delivery, which allowed them to use the product quickly [1]. Although one comment noted that the delivery is not instant, it still takes only about 10 minutes, which is faster than going to a physical store [2]. Other users echoed similar sentiments, describing the delivery as prompt and super fast, with one user receiving a code and a physical copy printed within a minute [3][4]. The digital delivery was also praised for its speed, which was particularly beneficial for users with impatient children [5]. Additionally, one user received their order in less than five minutes without any issues [6]. Overall, the comments reflect a high level of satisfaction with the delivery speed, emphasizing its convenience and efficiency [7].",9.0
How quick is the delivery of the gift card,Redeem against anything on PlayStation Store.,Comment 0,"title: Rapidity to get the product 
text: Easy to use and order comes within secondes . I used it for my 10 years old boy",,1.1425595238095234
How quick is the delivery of the gift card,Redeem against anything on PlayStation Store.,Comment 1,"title: Greatt product 
text: I like the fact that you get it fast to used it",,0.9449404761904747
How quick is the delivery of the gift card,Redeem against anything on PlayStation Store.,Comment 2,"title: Delivered fairly fast 
text: Its not instant delivery but it takes about 10 minutes to get the code, beats going to the store.",,0.7729166666666655
How quick is the delivery of the gift card,Redeem against anything on PlayStation Store.,Comment 3,"title: Prompt delivery 
text: Was delivered prompty and worked so there isnt much else to say.",,0.6300595238095228
How quick is the delivery of the gift card,Redeem against anything on PlayStation Store.,Comment 4,"title: Fast Delivery 
text: I received a code and had a physical copy printed within a minute. Super fast and makes a great gift",,1.7372023809523855
How quick is the delivery of the gift card,Redeem against anything on PlayStation Store.,Comment 5,"title: Fast digital delivery. 
text: The digital delivery did not take long at all, that's a plus for me because I have an impatience 11 years old kid at home, also no problems at all Redeeming the code in my sons Playstation 4 either...",,1.1425595238095234
How quick is the delivery of the gift card,Redeem against anything on PlayStation Store.,Comment 6,"title: Fast delivery 
text: It arrived in my email in less than 5 mins and there were no problems downloading it.",,1.1425595238095234
How quick is the delivery of the gift card,Redeem against anything on PlayStation Store.,Comment 7,"title: EASY and FAST delivery! 
text: Delivered almost instantly to email which made my son very happy!  The code worked perfectly, so glad I can purchase these online as we live quite a distance to the nearest town.  Great transaction!",,1.4872023809523824
