original_query,product_description,subset,comments,summary,avg_score
Does the gauge gear help with healing,"['LUBRICANT - Gauge Gear lubricates your skin while you stretch! Helps Insertion of Tapers and Plugs Double Flared/Oversized Plugs. Also perfect to restart a closed piercing with an earring', 'PIERCING AFTERCARE - Great for any new external piercing. Helps relieve the effects of a fresh piercing', 'ALL NATURAL INGREDIENTS - Jojoba Oil, Sweet Almond Oil, Tea Tree Oil, Wheat Germ Oil, Myrhh Oil and Beeswax', 'Never stretch your ears without Gauge Gear! Read ingredient list below to see their effects']",0,"[""title: Here it is \ntext: This product is amazing it helps my ear heal so fast after i've gauged it and its better than petroleum jelly""]","The product is praised for its healing properties, particularly in aiding the fast recovery of ears after gauging. It is noted to be more effective than petroleum jelly in this regard [0].",6.0
Does the gauge gear help with healing,"['LUBRICANT - Gauge Gear lubricates your skin while you stretch! Helps Insertion of Tapers and Plugs Double Flared/Oversized Plugs. Also perfect to restart a closed piercing with an earring', 'PIERCING AFTERCARE - Great for any new external piercing. Helps relieve the effects of a fresh piercing', 'ALL NATURAL INGREDIENTS - Jojoba Oil, Sweet Almond Oil, Tea Tree Oil, Wheat Germ Oil, Myrhh Oil and Beeswax', 'Never stretch your ears without Gauge Gear! Read ingredient list below to see their effects']",1,['title: Great Product \ntext: Helps my ear heal very quickly and makes the stretching process quite easy. Definitely would recommend this to anyone who is thinking about stretching'],"The product is praised for its ability to aid in the healing process of the ear, making it an effective solution for those undergoing ear stretching. The user recommends it for its quick healing properties, suggesting it facilitates an easier stretching experience [0].",7.0
Does the gauge gear help with healing,"['LUBRICANT - Gauge Gear lubricates your skin while you stretch! Helps Insertion of Tapers and Plugs Double Flared/Oversized Plugs. Also perfect to restart a closed piercing with an earring', 'PIERCING AFTERCARE - Great for any new external piercing. Helps relieve the effects of a fresh piercing', 'ALL NATURAL INGREDIENTS - Jojoba Oil, Sweet Almond Oil, Tea Tree Oil, Wheat Germ Oil, Myrhh Oil and Beeswax', 'Never stretch your ears without Gauge Gear! Read ingredient list below to see their effects']",2,"['title: GREAT PRODUCT! \ntext: Best stretching balm ive used.  Very good product, helps your ears heal while your in the stretching process.  I still use it even now, after I have stopped stretching.']","The product is praised for its effectiveness as a stretching balm, particularly in aiding the healing process of ears during stretching. Users continue to use it even after completing the stretching process, indicating its ongoing benefits for healing and maintenance [0].",7.0
Does the gauge gear help with healing,"['LUBRICANT - Gauge Gear lubricates your skin while you stretch! Helps Insertion of Tapers and Plugs Double Flared/Oversized Plugs. Also perfect to restart a closed piercing with an earring', 'PIERCING AFTERCARE - Great for any new external piercing. Helps relieve the effects of a fresh piercing', 'ALL NATURAL INGREDIENTS - Jojoba Oil, Sweet Almond Oil, Tea Tree Oil, Wheat Germ Oil, Myrhh Oil and Beeswax', 'Never stretch your ears without Gauge Gear! Read ingredient list below to see their effects']",3,['title: Awesome! \ntext: This stuff is so awesome! Not only does it make stretching SOOO much easier but it also does wonders with healing. One of my ears got infected and this stuff wiped the infection away over night. I was a little worried about the small size at first but a little goes a long way. I bought mine a few weeks ago and use it twice a day and the jar is still pretty much full. I recommend this product to anyone.'],"The product is praised for its healing properties, as it reportedly helped clear an ear infection overnight. Despite initial concerns about the product's small size, it has proven to be long-lasting, with the user finding that a little goes a long way. The user recommends the product for its effectiveness in both aiding stretching and healing infections [0].",8.0
Does the gauge gear help with healing,"['LUBRICANT - Gauge Gear lubricates your skin while you stretch! Helps Insertion of Tapers and Plugs Double Flared/Oversized Plugs. Also perfect to restart a closed piercing with an earring', 'PIERCING AFTERCARE - Great for any new external piercing. Helps relieve the effects of a fresh piercing', 'ALL NATURAL INGREDIENTS - Jojoba Oil, Sweet Almond Oil, Tea Tree Oil, Wheat Germ Oil, Myrhh Oil and Beeswax', 'Never stretch your ears without Gauge Gear! Read ingredient list below to see their effects']",4,"['title: Great \ntext: The product did meet the expectations . I really loved it, made gauging sooo much easier, and organic oils made for clean healing . Highly Recommend it .']","The product is praised for its healing properties, particularly due to the inclusion of organic oils that facilitate clean healing. The user highly recommends it for its effectiveness in meeting expectations and making gauging easier [0].",7.0
Does the gauge gear help with healing,"['LUBRICANT - Gauge Gear lubricates your skin while you stretch! Helps Insertion of Tapers and Plugs Double Flared/Oversized Plugs. Also perfect to restart a closed piercing with an earring', 'PIERCING AFTERCARE - Great for any new external piercing. Helps relieve the effects of a fresh piercing', 'ALL NATURAL INGREDIENTS - Jojoba Oil, Sweet Almond Oil, Tea Tree Oil, Wheat Germ Oil, Myrhh Oil and Beeswax', 'Never stretch your ears without Gauge Gear! Read ingredient list below to see their effects']",5,['title: Awesome! \ntext: This product is fantastic. It makes the gauge healing process faster and less painful than when using other products like Vaseline. I would truly recommend this product to anyone who is stretching their ears and especially if you have sensitive ears or more scar tissue than normal. I absolutely love it!'],"The product is praised for its ability to accelerate the healing process and reduce pain compared to other products like Vaseline. It is particularly recommended for individuals stretching their ears, especially those with sensitive ears or more scar tissue than usual [0].",8.0
Does the gauge gear help with healing,"['LUBRICANT - Gauge Gear lubricates your skin while you stretch! Helps Insertion of Tapers and Plugs Double Flared/Oversized Plugs. Also perfect to restart a closed piercing with an earring', 'PIERCING AFTERCARE - Great for any new external piercing. Helps relieve the effects of a fresh piercing', 'ALL NATURAL INGREDIENTS - Jojoba Oil, Sweet Almond Oil, Tea Tree Oil, Wheat Germ Oil, Myrhh Oil and Beeswax', 'Never stretch your ears without Gauge Gear! Read ingredient list below to see their effects']",6,['title: It really helped with the smell of stretching your ears ... \ntext: It really helped with the smell of stretching your ears and helped them heal faster. Because you heal faster you can go up sizes faster. It also helps with other cuts and minor abrasions in the healing process.'],"The product is noted for its healing properties, particularly in aiding the healing process of stretched ears. Users report that it not only helps reduce the smell associated with stretching but also accelerates healing, allowing for quicker size increases. Additionally, it is effective in promoting the healing of other cuts and minor abrasions [0].",8.0
Does the gauge gear help with healing,"['LUBRICANT - Gauge Gear lubricates your skin while you stretch! Helps Insertion of Tapers and Plugs Double Flared/Oversized Plugs. Also perfect to restart a closed piercing with an earring', 'PIERCING AFTERCARE - Great for any new external piercing. Helps relieve the effects of a fresh piercing', 'ALL NATURAL INGREDIENTS - Jojoba Oil, Sweet Almond Oil, Tea Tree Oil, Wheat Germ Oil, Myrhh Oil and Beeswax', 'Never stretch your ears without Gauge Gear! Read ingredient list below to see their effects']",7,['title: Great \ntext: What a great product. Its really helped in the healing process. Whithout it starting up my first guages would have been much more painful. I would deffinatly buy from this seller again.'],"The product has been praised for its significant contribution to the healing process, particularly in easing the pain associated with starting gauges. The user expressed satisfaction with the product's effectiveness and indicated a willingness to purchase from the seller again [0].",7.0
Does the gauge gear help with healing,"['LUBRICANT - Gauge Gear lubricates your skin while you stretch! Helps Insertion of Tapers and Plugs Double Flared/Oversized Plugs. Also perfect to restart a closed piercing with an earring', 'PIERCING AFTERCARE - Great for any new external piercing. Helps relieve the effects of a fresh piercing', 'ALL NATURAL INGREDIENTS - Jojoba Oil, Sweet Almond Oil, Tea Tree Oil, Wheat Germ Oil, Myrhh Oil and Beeswax', 'Never stretch your ears without Gauge Gear! Read ingredient list below to see their effects']",01,"[""title: Here it is \ntext: This product is amazing it helps my ear heal so fast after i've gauged it and its better than petroleum jelly"", 'title: Great Product \ntext: Helps my ear heal very quickly and makes the stretching process quite easy. Definitely would recommend this to anyone who is thinking about stretching']","The product is praised for its healing properties, particularly in aiding the healing process of ears after gauging. Users have noted that it helps the ear heal quickly and is more effective than petroleum jelly. Additionally, it facilitates the stretching process, making it easier and more comfortable for users who are considering stretching their ears [0][1].",8.0
Does the gauge gear help with healing,"['LUBRICANT - Gauge Gear lubricates your skin while you stretch! Helps Insertion of Tapers and Plugs Double Flared/Oversized Plugs. Also perfect to restart a closed piercing with an earring', 'PIERCING AFTERCARE - Great for any new external piercing. Helps relieve the effects of a fresh piercing', 'ALL NATURAL INGREDIENTS - Jojoba Oil, Sweet Almond Oil, Tea Tree Oil, Wheat Germ Oil, Myrhh Oil and Beeswax', 'Never stretch your ears without Gauge Gear! Read ingredient list below to see their effects']",02,"[""title: Here it is \ntext: This product is amazing it helps my ear heal so fast after i've gauged it and its better than petroleum jelly"", 'title: GREAT PRODUCT! \ntext: Best stretching balm ive used.  Very good product, helps your ears heal while your in the stretching process.  I still use it even now, after I have stopped stretching.']","The product is highly praised for its healing properties, particularly in aiding the healing process of ears after gauging. Users have noted that it is more effective than petroleum jelly in promoting fast healing. Additionally, it is recommended as the best stretching balm, as it continues to support ear healing even after the stretching process has been completed [0][1].",8.0
Does the gauge gear help with healing,"['LUBRICANT - Gauge Gear lubricates your skin while you stretch! Helps Insertion of Tapers and Plugs Double Flared/Oversized Plugs. Also perfect to restart a closed piercing with an earring', 'PIERCING AFTERCARE - Great for any new external piercing. Helps relieve the effects of a fresh piercing', 'ALL NATURAL INGREDIENTS - Jojoba Oil, Sweet Almond Oil, Tea Tree Oil, Wheat Germ Oil, Myrhh Oil and Beeswax', 'Never stretch your ears without Gauge Gear! Read ingredient list below to see their effects']",03,"[""title: Here it is \ntext: This product is amazing it helps my ear heal so fast after i've gauged it and its better than petroleum jelly"", 'title: Awesome! \ntext: This stuff is so awesome! Not only does it make stretching SOOO much easier but it also does wonders with healing. One of my ears got infected and this stuff wiped the infection away over night. I was a little worried about the small size at first but a little goes a long way. I bought mine a few weeks ago and use it twice a day and the jar is still pretty much full. I recommend this product to anyone.']","The product is highly praised for its healing properties, particularly in aiding the healing process of ears after gauging. Users have reported that it is more effective than petroleum jelly in promoting fast healing[0]. Additionally, the product is noted for its ability to ease the stretching process and effectively treat infections, with one user experiencing overnight relief from an ear infection. Despite initial concerns about the product's small size, it has proven to be long-lasting, with a little amount going a long way[1].",9.0
Does the gauge gear help with healing,"['LUBRICANT - Gauge Gear lubricates your skin while you stretch! Helps Insertion of Tapers and Plugs Double Flared/Oversized Plugs. Also perfect to restart a closed piercing with an earring', 'PIERCING AFTERCARE - Great for any new external piercing. Helps relieve the effects of a fresh piercing', 'ALL NATURAL INGREDIENTS - Jojoba Oil, Sweet Almond Oil, Tea Tree Oil, Wheat Germ Oil, Myrhh Oil and Beeswax', 'Never stretch your ears without Gauge Gear! Read ingredient list below to see their effects']",04,"[""title: Here it is \ntext: This product is amazing it helps my ear heal so fast after i've gauged it and its better than petroleum jelly"", 'title: Great \ntext: The product did meet the expectations . I really loved it, made gauging sooo much easier, and organic oils made for clean healing . Highly Recommend it .']","The product is praised for its healing properties, particularly in aiding the healing process after ear gauging. Users have noted that it is more effective than petroleum jelly, facilitating faster healing. Additionally, the inclusion of organic oils is highlighted as beneficial for clean healing, making the product highly recommended for such purposes [0][1].",8.0
Does the gauge gear help with healing,"['LUBRICANT - Gauge Gear lubricates your skin while you stretch! Helps Insertion of Tapers and Plugs Double Flared/Oversized Plugs. Also perfect to restart a closed piercing with an earring', 'PIERCING AFTERCARE - Great for any new external piercing. Helps relieve the effects of a fresh piercing', 'ALL NATURAL INGREDIENTS - Jojoba Oil, Sweet Almond Oil, Tea Tree Oil, Wheat Germ Oil, Myrhh Oil and Beeswax', 'Never stretch your ears without Gauge Gear! Read ingredient list below to see their effects']",05,"[""title: Here it is \ntext: This product is amazing it helps my ear heal so fast after i've gauged it and its better than petroleum jelly"", 'title: Awesome! \ntext: This product is fantastic. It makes the gauge healing process faster and less painful than when using other products like Vaseline. I would truly recommend this product to anyone who is stretching their ears and especially if you have sensitive ears or more scar tissue than normal. I absolutely love it!']","The product is highly praised for its healing properties, particularly in aiding the healing process of gauged ears. Users report that it accelerates healing and reduces pain more effectively than other products like petroleum jelly or Vaseline, making it a recommended choice for those with sensitive ears or excess scar tissue [0][1].",9.0
Does the gauge gear help with healing,"['LUBRICANT - Gauge Gear lubricates your skin while you stretch! Helps Insertion of Tapers and Plugs Double Flared/Oversized Plugs. Also perfect to restart a closed piercing with an earring', 'PIERCING AFTERCARE - Great for any new external piercing. Helps relieve the effects of a fresh piercing', 'ALL NATURAL INGREDIENTS - Jojoba Oil, Sweet Almond Oil, Tea Tree Oil, Wheat Germ Oil, Myrhh Oil and Beeswax', 'Never stretch your ears without Gauge Gear! Read ingredient list below to see their effects']",06,"[""title: Here it is \ntext: This product is amazing it helps my ear heal so fast after i've gauged it and its better than petroleum jelly"", 'title: It really helped with the smell of stretching your ears ... \ntext: It really helped with the smell of stretching your ears and helped them heal faster. Because you heal faster you can go up sizes faster. It also helps with other cuts and minor abrasions in the healing process.']","The product is praised for its healing properties, particularly in aiding the healing process after ear gauging. Users report that it helps ears heal faster than when using petroleum jelly, allowing for quicker size increases in ear stretching. Additionally, it is noted for its effectiveness in healing other cuts and minor abrasions, contributing to an overall faster healing process [0][1].",9.0
Does the gauge gear help with healing,"['LUBRICANT - Gauge Gear lubricates your skin while you stretch! Helps Insertion of Tapers and Plugs Double Flared/Oversized Plugs. Also perfect to restart a closed piercing with an earring', 'PIERCING AFTERCARE - Great for any new external piercing. Helps relieve the effects of a fresh piercing', 'ALL NATURAL INGREDIENTS - Jojoba Oil, Sweet Almond Oil, Tea Tree Oil, Wheat Germ Oil, Myrhh Oil and Beeswax', 'Never stretch your ears without Gauge Gear! Read ingredient list below to see their effects']",07,"[""title: Here it is \ntext: This product is amazing it helps my ear heal so fast after i've gauged it and its better than petroleum jelly"", 'title: Great \ntext: What a great product. Its really helped in the healing process. Whithout it starting up my first guages would have been much more painful. I would deffinatly buy from this seller again.']","The product is highly praised for its healing properties, particularly in aiding the healing process of gauged ears. Users have noted that it helps the ears heal quickly and effectively, surpassing the performance of petroleum jelly. The product has been described as essential in reducing pain during the initial stages of gauging, making it a preferred choice for those undergoing this process [0][1].",9.0
Does the gauge gear help with healing,"['LUBRICANT - Gauge Gear lubricates your skin while you stretch! Helps Insertion of Tapers and Plugs Double Flared/Oversized Plugs. Also perfect to restart a closed piercing with an earring', 'PIERCING AFTERCARE - Great for any new external piercing. Helps relieve the effects of a fresh piercing', 'ALL NATURAL INGREDIENTS - Jojoba Oil, Sweet Almond Oil, Tea Tree Oil, Wheat Germ Oil, Myrhh Oil and Beeswax', 'Never stretch your ears without Gauge Gear! Read ingredient list below to see their effects']",12,"['title: Great Product \ntext: Helps my ear heal very quickly and makes the stretching process quite easy. Definitely would recommend this to anyone who is thinking about stretching', 'title: GREAT PRODUCT! \ntext: Best stretching balm ive used.  Very good product, helps your ears heal while your in the stretching process.  I still use it even now, after I have stopped stretching.']","The product is highly praised for its healing properties, particularly in aiding the healing process of ears during stretching. Users have noted that it helps ears heal quickly and makes the stretching process easier. Even after the stretching process is complete, the product continues to be beneficial, indicating its effectiveness in promoting healing and maintaining ear health [0][1].",8.0
Does the gauge gear help with healing,"['LUBRICANT - Gauge Gear lubricates your skin while you stretch! Helps Insertion of Tapers and Plugs Double Flared/Oversized Plugs. Also perfect to restart a closed piercing with an earring', 'PIERCING AFTERCARE - Great for any new external piercing. Helps relieve the effects of a fresh piercing', 'ALL NATURAL INGREDIENTS - Jojoba Oil, Sweet Almond Oil, Tea Tree Oil, Wheat Germ Oil, Myrhh Oil and Beeswax', 'Never stretch your ears without Gauge Gear! Read ingredient list below to see their effects']",13,"['title: Great Product \ntext: Helps my ear heal very quickly and makes the stretching process quite easy. Definitely would recommend this to anyone who is thinking about stretching', 'title: Awesome! \ntext: This stuff is so awesome! Not only does it make stretching SOOO much easier but it also does wonders with healing. One of my ears got infected and this stuff wiped the infection away over night. I was a little worried about the small size at first but a little goes a long way. I bought mine a few weeks ago and use it twice a day and the jar is still pretty much full. I recommend this product to anyone.']","The product is highly praised for its healing properties, particularly in aiding the healing process of ears during stretching. Users have reported that it helps ears heal quickly and effectively, even in cases of infection, with one user noting that it cleared an ear infection overnight. The product is also noted for its efficiency, as a small amount is sufficient for effective use, making it last a long time despite its small size [0][1].",9.0
Does the gauge gear help with healing,"['LUBRICANT - Gauge Gear lubricates your skin while you stretch! Helps Insertion of Tapers and Plugs Double Flared/Oversized Plugs. Also perfect to restart a closed piercing with an earring', 'PIERCING AFTERCARE - Great for any new external piercing. Helps relieve the effects of a fresh piercing', 'ALL NATURAL INGREDIENTS - Jojoba Oil, Sweet Almond Oil, Tea Tree Oil, Wheat Germ Oil, Myrhh Oil and Beeswax', 'Never stretch your ears without Gauge Gear! Read ingredient list below to see their effects']",14,"['title: Great Product \ntext: Helps my ear heal very quickly and makes the stretching process quite easy. Definitely would recommend this to anyone who is thinking about stretching', 'title: Great \ntext: The product did meet the expectations . I really loved it, made gauging sooo much easier, and organic oils made for clean healing . Highly Recommend it .']","The product is praised for its healing properties, particularly in aiding the healing process of stretched ears. Users have noted that it helps ears heal quickly and facilitates the stretching process, making it easier and cleaner due to the inclusion of organic oils. This has led to high recommendations from users who have experienced its benefits firsthand [0][1].",8.0
Does the gauge gear help with healing,"['LUBRICANT - Gauge Gear lubricates your skin while you stretch! Helps Insertion of Tapers and Plugs Double Flared/Oversized Plugs. Also perfect to restart a closed piercing with an earring', 'PIERCING AFTERCARE - Great for any new external piercing. Helps relieve the effects of a fresh piercing', 'ALL NATURAL INGREDIENTS - Jojoba Oil, Sweet Almond Oil, Tea Tree Oil, Wheat Germ Oil, Myrhh Oil and Beeswax', 'Never stretch your ears without Gauge Gear! Read ingredient list below to see their effects']",15,"['title: Great Product \ntext: Helps my ear heal very quickly and makes the stretching process quite easy. Definitely would recommend this to anyone who is thinking about stretching', 'title: Awesome! \ntext: This product is fantastic. It makes the gauge healing process faster and less painful than when using other products like Vaseline. I would truly recommend this product to anyone who is stretching their ears and especially if you have sensitive ears or more scar tissue than normal. I absolutely love it!']","The product is highly praised for its healing properties, particularly in aiding the ear stretching process. Users report that it helps ears heal quickly and makes the stretching process easier, with one user noting that it speeds up the gauge healing process and reduces pain compared to other products like Vaseline. This makes it especially beneficial for individuals with sensitive ears or more scar tissue than usual, leading to strong recommendations for its use in ear stretching.[0][1]",9.0
Does the gauge gear help with healing,"['LUBRICANT - Gauge Gear lubricates your skin while you stretch! Helps Insertion of Tapers and Plugs Double Flared/Oversized Plugs. Also perfect to restart a closed piercing with an earring', 'PIERCING AFTERCARE - Great for any new external piercing. Helps relieve the effects of a fresh piercing', 'ALL NATURAL INGREDIENTS - Jojoba Oil, Sweet Almond Oil, Tea Tree Oil, Wheat Germ Oil, Myrhh Oil and Beeswax', 'Never stretch your ears without Gauge Gear! Read ingredient list below to see their effects']",16,"['title: Great Product \ntext: Helps my ear heal very quickly and makes the stretching process quite easy. Definitely would recommend this to anyone who is thinking about stretching', 'title: It really helped with the smell of stretching your ears ... \ntext: It really helped with the smell of stretching your ears and helped them heal faster. Because you heal faster you can go up sizes faster. It also helps with other cuts and minor abrasions in the healing process.']","The product is praised for its healing properties, particularly in aiding the healing process of stretched ears. Users report that it helps ears heal quickly, making the stretching process easier and allowing for faster size increases. Additionally, it is noted to assist in healing other cuts and minor abrasions effectively [0][1].",9.0
Does the gauge gear help with healing,"['LUBRICANT - Gauge Gear lubricates your skin while you stretch! Helps Insertion of Tapers and Plugs Double Flared/Oversized Plugs. Also perfect to restart a closed piercing with an earring', 'PIERCING AFTERCARE - Great for any new external piercing. Helps relieve the effects of a fresh piercing', 'ALL NATURAL INGREDIENTS - Jojoba Oil, Sweet Almond Oil, Tea Tree Oil, Wheat Germ Oil, Myrhh Oil and Beeswax', 'Never stretch your ears without Gauge Gear! Read ingredient list below to see their effects']",17,"['title: Great Product \ntext: Helps my ear heal very quickly and makes the stretching process quite easy. Definitely would recommend this to anyone who is thinking about stretching', 'title: Great \ntext: What a great product. Its really helped in the healing process. Whithout it starting up my first guages would have been much more painful. I would deffinatly buy from this seller again.']","The product is highly praised for its healing properties, particularly in aiding the healing process of ear stretching. Users have noted that it helps the ear heal quickly and makes the stretching process easier, reducing pain and discomfort. This positive feedback suggests that the product is effective in facilitating a smoother and less painful experience for those starting with gauges, and it comes highly recommended by users who have experienced its benefits firsthand [0][1].",9.0
Does the gauge gear help with healing,"['LUBRICANT - Gauge Gear lubricates your skin while you stretch! Helps Insertion of Tapers and Plugs Double Flared/Oversized Plugs. Also perfect to restart a closed piercing with an earring', 'PIERCING AFTERCARE - Great for any new external piercing. Helps relieve the effects of a fresh piercing', 'ALL NATURAL INGREDIENTS - Jojoba Oil, Sweet Almond Oil, Tea Tree Oil, Wheat Germ Oil, Myrhh Oil and Beeswax', 'Never stretch your ears without Gauge Gear! Read ingredient list below to see their effects']",23,"['title: GREAT PRODUCT! \ntext: Best stretching balm ive used.  Very good product, helps your ears heal while your in the stretching process.  I still use it even now, after I have stopped stretching.', 'title: Awesome! \ntext: This stuff is so awesome! Not only does it make stretching SOOO much easier but it also does wonders with healing. One of my ears got infected and this stuff wiped the infection away over night. I was a little worried about the small size at first but a little goes a long way. I bought mine a few weeks ago and use it twice a day and the jar is still pretty much full. I recommend this product to anyone.']","The product is highly praised for its healing properties, particularly in the context of ear stretching. Users have noted that it aids in the healing process during and after stretching, with one user mentioning its effectiveness in clearing an ear infection overnight. Despite initial concerns about the product's size, it is noted that a small amount is sufficient for regular use, making it a cost-effective solution for maintaining ear health during stretching.[0][1]",9.0
Does the gauge gear help with healing,"['LUBRICANT - Gauge Gear lubricates your skin while you stretch! Helps Insertion of Tapers and Plugs Double Flared/Oversized Plugs. Also perfect to restart a closed piercing with an earring', 'PIERCING AFTERCARE - Great for any new external piercing. Helps relieve the effects of a fresh piercing', 'ALL NATURAL INGREDIENTS - Jojoba Oil, Sweet Almond Oil, Tea Tree Oil, Wheat Germ Oil, Myrhh Oil and Beeswax', 'Never stretch your ears without Gauge Gear! Read ingredient list below to see their effects']",24,"['title: GREAT PRODUCT! \ntext: Best stretching balm ive used.  Very good product, helps your ears heal while your in the stretching process.  I still use it even now, after I have stopped stretching.', 'title: Great \ntext: The product did meet the expectations . I really loved it, made gauging sooo much easier, and organic oils made for clean healing . Highly Recommend it .']","The product is highly praised for its healing properties, particularly in aiding the healing process during ear stretching. Users have noted that it helps ears heal effectively while stretching and continues to be beneficial even after the stretching process is complete. The inclusion of organic oils is highlighted as a factor that contributes to clean healing, making the product highly recommended for those undergoing gauging.[0][1]",9.0
Does the gauge gear help with healing,"['LUBRICANT - Gauge Gear lubricates your skin while you stretch! Helps Insertion of Tapers and Plugs Double Flared/Oversized Plugs. Also perfect to restart a closed piercing with an earring', 'PIERCING AFTERCARE - Great for any new external piercing. Helps relieve the effects of a fresh piercing', 'ALL NATURAL INGREDIENTS - Jojoba Oil, Sweet Almond Oil, Tea Tree Oil, Wheat Germ Oil, Myrhh Oil and Beeswax', 'Never stretch your ears without Gauge Gear! Read ingredient list below to see their effects']",25,"['title: GREAT PRODUCT! \ntext: Best stretching balm ive used.  Very good product, helps your ears heal while your in the stretching process.  I still use it even now, after I have stopped stretching.', 'title: Awesome! \ntext: This product is fantastic. It makes the gauge healing process faster and less painful than when using other products like Vaseline. I would truly recommend this product to anyone who is stretching their ears and especially if you have sensitive ears or more scar tissue than normal. I absolutely love it!']","The product is highly praised for its healing properties, particularly in aiding the ear stretching process. Users report that it helps ears heal effectively during stretching and continues to be beneficial even after the stretching process is complete. It is noted for making the gauge healing process faster and less painful compared to other products like Vaseline, making it a recommended choice for those with sensitive ears or more scar tissue than usual [0][1].",9.0
Does the gauge gear help with healing,"['LUBRICANT - Gauge Gear lubricates your skin while you stretch! Helps Insertion of Tapers and Plugs Double Flared/Oversized Plugs. Also perfect to restart a closed piercing with an earring', 'PIERCING AFTERCARE - Great for any new external piercing. Helps relieve the effects of a fresh piercing', 'ALL NATURAL INGREDIENTS - Jojoba Oil, Sweet Almond Oil, Tea Tree Oil, Wheat Germ Oil, Myrhh Oil and Beeswax', 'Never stretch your ears without Gauge Gear! Read ingredient list below to see their effects']",26,"['title: GREAT PRODUCT! \ntext: Best stretching balm ive used.  Very good product, helps your ears heal while your in the stretching process.  I still use it even now, after I have stopped stretching.', 'title: It really helped with the smell of stretching your ears ... \ntext: It really helped with the smell of stretching your ears and helped them heal faster. Because you heal faster you can go up sizes faster. It also helps with other cuts and minor abrasions in the healing process.']","The product is highly effective in aiding the healing process during ear stretching. Users have reported that it not only helps ears heal while stretching but also continues to be beneficial even after the stretching process is complete [0]. Additionally, the balm is noted for its ability to accelerate healing, allowing users to increase sizes more quickly. It is also effective in treating other cuts and minor abrasions, enhancing the overall healing process [1].",9.0
Does the gauge gear help with healing,"['LUBRICANT - Gauge Gear lubricates your skin while you stretch! Helps Insertion of Tapers and Plugs Double Flared/Oversized Plugs. Also perfect to restart a closed piercing with an earring', 'PIERCING AFTERCARE - Great for any new external piercing. Helps relieve the effects of a fresh piercing', 'ALL NATURAL INGREDIENTS - Jojoba Oil, Sweet Almond Oil, Tea Tree Oil, Wheat Germ Oil, Myrhh Oil and Beeswax', 'Never stretch your ears without Gauge Gear! Read ingredient list below to see their effects']",27,"['title: GREAT PRODUCT! \ntext: Best stretching balm ive used.  Very good product, helps your ears heal while your in the stretching process.  I still use it even now, after I have stopped stretching.', 'title: Great \ntext: What a great product. Its really helped in the healing process. Whithout it starting up my first guages would have been much more painful. I would deffinatly buy from this seller again.']","The product is highly praised for its healing properties, particularly in aiding the healing process during ear stretching. Users have noted that it helps alleviate pain and continues to be beneficial even after the stretching process is complete. The positive experiences have led to a strong likelihood of repeat purchases from the seller [0][1].",9.0
Does the gauge gear help with healing,"['LUBRICANT - Gauge Gear lubricates your skin while you stretch! Helps Insertion of Tapers and Plugs Double Flared/Oversized Plugs. Also perfect to restart a closed piercing with an earring', 'PIERCING AFTERCARE - Great for any new external piercing. Helps relieve the effects of a fresh piercing', 'ALL NATURAL INGREDIENTS - Jojoba Oil, Sweet Almond Oil, Tea Tree Oil, Wheat Germ Oil, Myrhh Oil and Beeswax', 'Never stretch your ears without Gauge Gear! Read ingredient list below to see their effects']",34,"['title: Awesome! \ntext: This stuff is so awesome! Not only does it make stretching SOOO much easier but it also does wonders with healing. One of my ears got infected and this stuff wiped the infection away over night. I was a little worried about the small size at first but a little goes a long way. I bought mine a few weeks ago and use it twice a day and the jar is still pretty much full. I recommend this product to anyone.', 'title: Great \ntext: The product did meet the expectations . I really loved it, made gauging sooo much easier, and organic oils made for clean healing . Highly Recommend it .']","The product is praised for its healing properties, with one user noting that it effectively treated an ear infection overnight, highlighting its efficiency despite its small size [0]. Another user emphasizes the role of organic oils in facilitating clean healing, particularly in the context of gauging [1].",8.0
Does the gauge gear help with healing,"['LUBRICANT - Gauge Gear lubricates your skin while you stretch! Helps Insertion of Tapers and Plugs Double Flared/Oversized Plugs. Also perfect to restart a closed piercing with an earring', 'PIERCING AFTERCARE - Great for any new external piercing. Helps relieve the effects of a fresh piercing', 'ALL NATURAL INGREDIENTS - Jojoba Oil, Sweet Almond Oil, Tea Tree Oil, Wheat Germ Oil, Myrhh Oil and Beeswax', 'Never stretch your ears without Gauge Gear! Read ingredient list below to see their effects']",35,"['title: Awesome! \ntext: This stuff is so awesome! Not only does it make stretching SOOO much easier but it also does wonders with healing. One of my ears got infected and this stuff wiped the infection away over night. I was a little worried about the small size at first but a little goes a long way. I bought mine a few weeks ago and use it twice a day and the jar is still pretty much full. I recommend this product to anyone.', 'title: Awesome! \ntext: This product is fantastic. It makes the gauge healing process faster and less painful than when using other products like Vaseline. I would truly recommend this product to anyone who is stretching their ears and especially if you have sensitive ears or more scar tissue than normal. I absolutely love it!']","The product is praised for its healing properties, particularly in aiding the healing process of ear infections and making the stretching of ears easier and less painful. One user reported that the product effectively cleared an ear infection overnight, highlighting its potent healing capabilities[0]. Another user noted that it accelerates the gauge healing process and is more effective than alternatives like Vaseline, especially for those with sensitive ears or excess scar tissue[1].",9.0
Does the gauge gear help with healing,"['LUBRICANT - Gauge Gear lubricates your skin while you stretch! Helps Insertion of Tapers and Plugs Double Flared/Oversized Plugs. Also perfect to restart a closed piercing with an earring', 'PIERCING AFTERCARE - Great for any new external piercing. Helps relieve the effects of a fresh piercing', 'ALL NATURAL INGREDIENTS - Jojoba Oil, Sweet Almond Oil, Tea Tree Oil, Wheat Germ Oil, Myrhh Oil and Beeswax', 'Never stretch your ears without Gauge Gear! Read ingredient list below to see their effects']",36,"['title: Awesome! \ntext: This stuff is so awesome! Not only does it make stretching SOOO much easier but it also does wonders with healing. One of my ears got infected and this stuff wiped the infection away over night. I was a little worried about the small size at first but a little goes a long way. I bought mine a few weeks ago and use it twice a day and the jar is still pretty much full. I recommend this product to anyone.', 'title: It really helped with the smell of stretching your ears ... \ntext: It really helped with the smell of stretching your ears and helped them heal faster. Because you heal faster you can go up sizes faster. It also helps with other cuts and minor abrasions in the healing process.']","The product is praised for its healing properties, particularly in aiding the healing process of ear infections and minor abrasions. One user reported that it effectively cleared an ear infection overnight, highlighting its potency despite the small size of the jar, which lasts a long time with regular use [0]. Another user noted that the product not only helps with the smell associated with stretching ears but also accelerates the healing process, allowing for quicker size increases. Additionally, it is beneficial for healing other cuts and minor abrasions [1].",9.0
Does the gauge gear help with healing,"['LUBRICANT - Gauge Gear lubricates your skin while you stretch! Helps Insertion of Tapers and Plugs Double Flared/Oversized Plugs. Also perfect to restart a closed piercing with an earring', 'PIERCING AFTERCARE - Great for any new external piercing. Helps relieve the effects of a fresh piercing', 'ALL NATURAL INGREDIENTS - Jojoba Oil, Sweet Almond Oil, Tea Tree Oil, Wheat Germ Oil, Myrhh Oil and Beeswax', 'Never stretch your ears without Gauge Gear! Read ingredient list below to see their effects']",37,"['title: Awesome! \ntext: This stuff is so awesome! Not only does it make stretching SOOO much easier but it also does wonders with healing. One of my ears got infected and this stuff wiped the infection away over night. I was a little worried about the small size at first but a little goes a long way. I bought mine a few weeks ago and use it twice a day and the jar is still pretty much full. I recommend this product to anyone.', 'title: Great \ntext: What a great product. Its really helped in the healing process. Whithout it starting up my first guages would have been much more painful. I would deffinatly buy from this seller again.']","The product is praised for its healing properties, with users noting its effectiveness in treating infections and aiding in the healing process. One user reported that the product helped clear an ear infection overnight, highlighting its potent healing capabilities despite its small size, which lasts a long time with regular use [0]. Another user mentioned that the product significantly eased the pain associated with starting gauges, indicating its role in facilitating a smoother healing experience [1].",9.0
Does the gauge gear help with healing,"['LUBRICANT - Gauge Gear lubricates your skin while you stretch! Helps Insertion of Tapers and Plugs Double Flared/Oversized Plugs. Also perfect to restart a closed piercing with an earring', 'PIERCING AFTERCARE - Great for any new external piercing. Helps relieve the effects of a fresh piercing', 'ALL NATURAL INGREDIENTS - Jojoba Oil, Sweet Almond Oil, Tea Tree Oil, Wheat Germ Oil, Myrhh Oil and Beeswax', 'Never stretch your ears without Gauge Gear! Read ingredient list below to see their effects']",45,"['title: Great \ntext: The product did meet the expectations . I really loved it, made gauging sooo much easier, and organic oils made for clean healing . Highly Recommend it .', 'title: Awesome! \ntext: This product is fantastic. It makes the gauge healing process faster and less painful than when using other products like Vaseline. I would truly recommend this product to anyone who is stretching their ears and especially if you have sensitive ears or more scar tissue than normal. I absolutely love it!']","The product is praised for its healing properties, particularly in the context of ear gauging. Users report that the organic oils in the product contribute to a clean healing process, making it highly recommended for those stretching their ears[0]. Additionally, it is noted for making the gauge healing process faster and less painful compared to other products like Vaseline, especially beneficial for individuals with sensitive ears or more scar tissue[1].",9.0
Does the gauge gear help with healing,"['LUBRICANT - Gauge Gear lubricates your skin while you stretch! Helps Insertion of Tapers and Plugs Double Flared/Oversized Plugs. Also perfect to restart a closed piercing with an earring', 'PIERCING AFTERCARE - Great for any new external piercing. Helps relieve the effects of a fresh piercing', 'ALL NATURAL INGREDIENTS - Jojoba Oil, Sweet Almond Oil, Tea Tree Oil, Wheat Germ Oil, Myrhh Oil and Beeswax', 'Never stretch your ears without Gauge Gear! Read ingredient list below to see their effects']",46,"['title: Great \ntext: The product did meet the expectations . I really loved it, made gauging sooo much easier, and organic oils made for clean healing . Highly Recommend it .', 'title: It really helped with the smell of stretching your ears ... \ntext: It really helped with the smell of stretching your ears and helped them heal faster. Because you heal faster you can go up sizes faster. It also helps with other cuts and minor abrasions in the healing process.']","The product is praised for its healing properties, particularly in the context of ear stretching. Users report that the organic oils in the product facilitate clean healing, making the process of gauging easier and more efficient [0]. Additionally, the product is noted for helping with the smell associated with ear stretching and accelerating the healing process, which allows for quicker size progression. It is also effective in aiding the healing of other cuts and minor abrasions [1].",9.0
Does the gauge gear help with healing,"['LUBRICANT - Gauge Gear lubricates your skin while you stretch! Helps Insertion of Tapers and Plugs Double Flared/Oversized Plugs. Also perfect to restart a closed piercing with an earring', 'PIERCING AFTERCARE - Great for any new external piercing. Helps relieve the effects of a fresh piercing', 'ALL NATURAL INGREDIENTS - Jojoba Oil, Sweet Almond Oil, Tea Tree Oil, Wheat Germ Oil, Myrhh Oil and Beeswax', 'Never stretch your ears without Gauge Gear! Read ingredient list below to see their effects']",47,"['title: Great \ntext: The product did meet the expectations . I really loved it, made gauging sooo much easier, and organic oils made for clean healing . Highly Recommend it .', 'title: Great \ntext: What a great product. Its really helped in the healing process. Whithout it starting up my first guages would have been much more painful. I would deffinatly buy from this seller again.']","The product has been praised for its healing properties, particularly in aiding the healing process during gauging. Users have noted that the inclusion of organic oils contributes to clean healing, making the experience less painful and more efficient. The positive feedback highlights the product's effectiveness in meeting expectations and its role in facilitating a smoother healing process during initial gauging attempts [0][1].",9.0
Does the gauge gear help with healing,"['LUBRICANT - Gauge Gear lubricates your skin while you stretch! Helps Insertion of Tapers and Plugs Double Flared/Oversized Plugs. Also perfect to restart a closed piercing with an earring', 'PIERCING AFTERCARE - Great for any new external piercing. Helps relieve the effects of a fresh piercing', 'ALL NATURAL INGREDIENTS - Jojoba Oil, Sweet Almond Oil, Tea Tree Oil, Wheat Germ Oil, Myrhh Oil and Beeswax', 'Never stretch your ears without Gauge Gear! Read ingredient list below to see their effects']",56,"['title: Awesome! \ntext: This product is fantastic. It makes the gauge healing process faster and less painful than when using other products like Vaseline. I would truly recommend this product to anyone who is stretching their ears and especially if you have sensitive ears or more scar tissue than normal. I absolutely love it!', 'title: It really helped with the smell of stretching your ears ... \ntext: It really helped with the smell of stretching your ears and helped them heal faster. Because you heal faster you can go up sizes faster. It also helps with other cuts and minor abrasions in the healing process.']","The product is praised for its ability to accelerate the healing process of stretched ears, making it faster and less painful compared to other products like Vaseline. Users with sensitive ears or more scar tissue find it particularly beneficial [0]. Additionally, it helps reduce the smell associated with stretching ears and aids in healing other cuts and minor abrasions, allowing users to increase sizes more quickly [1].",9.0
Does the gauge gear help with healing,"['LUBRICANT - Gauge Gear lubricates your skin while you stretch! Helps Insertion of Tapers and Plugs Double Flared/Oversized Plugs. Also perfect to restart a closed piercing with an earring', 'PIERCING AFTERCARE - Great for any new external piercing. Helps relieve the effects of a fresh piercing', 'ALL NATURAL INGREDIENTS - Jojoba Oil, Sweet Almond Oil, Tea Tree Oil, Wheat Germ Oil, Myrhh Oil and Beeswax', 'Never stretch your ears without Gauge Gear! Read ingredient list below to see their effects']",57,"['title: Awesome! \ntext: This product is fantastic. It makes the gauge healing process faster and less painful than when using other products like Vaseline. I would truly recommend this product to anyone who is stretching their ears and especially if you have sensitive ears or more scar tissue than normal. I absolutely love it!', 'title: Great \ntext: What a great product. Its really helped in the healing process. Whithout it starting up my first guages would have been much more painful. I would deffinatly buy from this seller again.']","The product is highly praised for its effectiveness in accelerating the healing process, particularly for those stretching their ears. Users have noted that it makes the process faster and less painful compared to other products like Vaseline, making it especially beneficial for individuals with sensitive ears or more scar tissue than usual. The positive experiences have led to strong recommendations and repeat purchases from satisfied customers [0][1].",9.0
Does the gauge gear help with healing,"['LUBRICANT - Gauge Gear lubricates your skin while you stretch! Helps Insertion of Tapers and Plugs Double Flared/Oversized Plugs. Also perfect to restart a closed piercing with an earring', 'PIERCING AFTERCARE - Great for any new external piercing. Helps relieve the effects of a fresh piercing', 'ALL NATURAL INGREDIENTS - Jojoba Oil, Sweet Almond Oil, Tea Tree Oil, Wheat Germ Oil, Myrhh Oil and Beeswax', 'Never stretch your ears without Gauge Gear! Read ingredient list below to see their effects']",67,"['title: It really helped with the smell of stretching your ears ... \ntext: It really helped with the smell of stretching your ears and helped them heal faster. Because you heal faster you can go up sizes faster. It also helps with other cuts and minor abrasions in the healing process.', 'title: Great \ntext: What a great product. Its really helped in the healing process. Whithout it starting up my first guages would have been much more painful. I would deffinatly buy from this seller again.']","The product is praised for its healing properties, particularly in aiding the healing process of stretched ears, which allows for quicker size increases. It is also noted to help with other cuts and minor abrasions, enhancing the overall healing process. Users have expressed satisfaction with the product's effectiveness in reducing pain during the initial stages of using gauges, indicating a positive experience with the seller as well [0][1].",9.0
Does the gauge gear help with healing,"['LUBRICANT - Gauge Gear lubricates your skin while you stretch! Helps Insertion of Tapers and Plugs Double Flared/Oversized Plugs. Also perfect to restart a closed piercing with an earring', 'PIERCING AFTERCARE - Great for any new external piercing. Helps relieve the effects of a fresh piercing', 'ALL NATURAL INGREDIENTS - Jojoba Oil, Sweet Almond Oil, Tea Tree Oil, Wheat Germ Oil, Myrhh Oil and Beeswax', 'Never stretch your ears without Gauge Gear! Read ingredient list below to see their effects']",012,"[""title: Here it is \ntext: This product is amazing it helps my ear heal so fast after i've gauged it and its better than petroleum jelly"", 'title: Great Product \ntext: Helps my ear heal very quickly and makes the stretching process quite easy. Definitely would recommend this to anyone who is thinking about stretching', 'title: GREAT PRODUCT! \ntext: Best stretching balm ive used.  Very good product, helps your ears heal while your in the stretching process.  I still use it even now, after I have stopped stretching.']","The product is highly praised for its healing properties, particularly in aiding the healing process of ears after gauging. Users have noted that it is more effective than petroleum jelly in promoting fast healing. Additionally, it facilitates the stretching process, making it easier and more comfortable. Even after the stretching process is complete, users continue to use the product for its beneficial effects on ear healing [0][1][2].",9.0
Does the gauge gear help with healing,"['LUBRICANT - Gauge Gear lubricates your skin while you stretch! Helps Insertion of Tapers and Plugs Double Flared/Oversized Plugs. Also perfect to restart a closed piercing with an earring', 'PIERCING AFTERCARE - Great for any new external piercing. Helps relieve the effects of a fresh piercing', 'ALL NATURAL INGREDIENTS - Jojoba Oil, Sweet Almond Oil, Tea Tree Oil, Wheat Germ Oil, Myrhh Oil and Beeswax', 'Never stretch your ears without Gauge Gear! Read ingredient list below to see their effects']",013,"[""title: Here it is \ntext: This product is amazing it helps my ear heal so fast after i've gauged it and its better than petroleum jelly"", 'title: Great Product \ntext: Helps my ear heal very quickly and makes the stretching process quite easy. Definitely would recommend this to anyone who is thinking about stretching', 'title: Awesome! \ntext: This stuff is so awesome! Not only does it make stretching SOOO much easier but it also does wonders with healing. One of my ears got infected and this stuff wiped the infection away over night. I was a little worried about the small size at first but a little goes a long way. I bought mine a few weeks ago and use it twice a day and the jar is still pretty much full. I recommend this product to anyone.']","The product is highly praised for its healing properties, particularly in aiding the healing process of stretched ears. Users report that it helps their ears heal quickly after gauging, outperforming alternatives like petroleum jelly [0]. It is noted for making the stretching process easier and is recommended for those considering ear stretching due to its effectiveness in promoting fast healing [1]. Additionally, the product is credited with resolving ear infections overnight, demonstrating its potent healing capabilities. Despite initial concerns about the product's size, users find that a small amount is sufficient for prolonged use, further enhancing its value [2].",9.0
Does the gauge gear help with healing,"['LUBRICANT - Gauge Gear lubricates your skin while you stretch! Helps Insertion of Tapers and Plugs Double Flared/Oversized Plugs. Also perfect to restart a closed piercing with an earring', 'PIERCING AFTERCARE - Great for any new external piercing. Helps relieve the effects of a fresh piercing', 'ALL NATURAL INGREDIENTS - Jojoba Oil, Sweet Almond Oil, Tea Tree Oil, Wheat Germ Oil, Myrhh Oil and Beeswax', 'Never stretch your ears without Gauge Gear! Read ingredient list below to see their effects']",014,"[""title: Here it is \ntext: This product is amazing it helps my ear heal so fast after i've gauged it and its better than petroleum jelly"", 'title: Great Product \ntext: Helps my ear heal very quickly and makes the stretching process quite easy. Definitely would recommend this to anyone who is thinking about stretching', 'title: Great \ntext: The product did meet the expectations . I really loved it, made gauging sooo much easier, and organic oils made for clean healing . Highly Recommend it .']","The product is highly praised for its healing properties, particularly in aiding the healing process of ears after gauging. Users report that it helps the ear heal quickly and effectively, outperforming alternatives like petroleum jelly [0][1]. The inclusion of organic oils is noted to contribute to a clean healing process, making the product a recommended choice for those undergoing ear stretching [2].",9.0
Does the gauge gear help with healing,"['LUBRICANT - Gauge Gear lubricates your skin while you stretch! Helps Insertion of Tapers and Plugs Double Flared/Oversized Plugs. Also perfect to restart a closed piercing with an earring', 'PIERCING AFTERCARE - Great for any new external piercing. Helps relieve the effects of a fresh piercing', 'ALL NATURAL INGREDIENTS - Jojoba Oil, Sweet Almond Oil, Tea Tree Oil, Wheat Germ Oil, Myrhh Oil and Beeswax', 'Never stretch your ears without Gauge Gear! Read ingredient list below to see their effects']",015,"[""title: Here it is \ntext: This product is amazing it helps my ear heal so fast after i've gauged it and its better than petroleum jelly"", 'title: Great Product \ntext: Helps my ear heal very quickly and makes the stretching process quite easy. Definitely would recommend this to anyone who is thinking about stretching', 'title: Awesome! \ntext: This product is fantastic. It makes the gauge healing process faster and less painful than when using other products like Vaseline. I would truly recommend this product to anyone who is stretching their ears and especially if you have sensitive ears or more scar tissue than normal. I absolutely love it!']","The product is highly praised for its healing properties, particularly in aiding the healing process of gauged ears. Users report that it helps their ears heal quickly and effectively, outperforming alternatives like petroleum jelly and Vaseline. The product is recommended for those stretching their ears, especially for individuals with sensitive ears or more scar tissue, as it makes the process easier and less painful [0][1][2].",9.0
Does the gauge gear help with healing,"['LUBRICANT - Gauge Gear lubricates your skin while you stretch! Helps Insertion of Tapers and Plugs Double Flared/Oversized Plugs. Also perfect to restart a closed piercing with an earring', 'PIERCING AFTERCARE - Great for any new external piercing. Helps relieve the effects of a fresh piercing', 'ALL NATURAL INGREDIENTS - Jojoba Oil, Sweet Almond Oil, Tea Tree Oil, Wheat Germ Oil, Myrhh Oil and Beeswax', 'Never stretch your ears without Gauge Gear! Read ingredient list below to see their effects']",016,"[""title: Here it is \ntext: This product is amazing it helps my ear heal so fast after i've gauged it and its better than petroleum jelly"", 'title: Great Product \ntext: Helps my ear heal very quickly and makes the stretching process quite easy. Definitely would recommend this to anyone who is thinking about stretching', 'title: It really helped with the smell of stretching your ears ... \ntext: It really helped with the smell of stretching your ears and helped them heal faster. Because you heal faster you can go up sizes faster. It also helps with other cuts and minor abrasions in the healing process.']","The product is highly praised for its healing properties, particularly in aiding the healing process of stretched ears. Users report that it helps their ears heal quickly after gauging, outperforming alternatives like petroleum jelly [0]. It is noted for making the ear stretching process easier and faster, which is beneficial for those looking to increase their gauge size more rapidly [1][2]. Additionally, the product is effective in reducing the smell associated with ear stretching and is also useful for healing other cuts and minor abrasions [2].",9.0
Does the gauge gear help with healing,"['LUBRICANT - Gauge Gear lubricates your skin while you stretch! Helps Insertion of Tapers and Plugs Double Flared/Oversized Plugs. Also perfect to restart a closed piercing with an earring', 'PIERCING AFTERCARE - Great for any new external piercing. Helps relieve the effects of a fresh piercing', 'ALL NATURAL INGREDIENTS - Jojoba Oil, Sweet Almond Oil, Tea Tree Oil, Wheat Germ Oil, Myrhh Oil and Beeswax', 'Never stretch your ears without Gauge Gear! Read ingredient list below to see their effects']",017,"[""title: Here it is \ntext: This product is amazing it helps my ear heal so fast after i've gauged it and its better than petroleum jelly"", 'title: Great Product \ntext: Helps my ear heal very quickly and makes the stretching process quite easy. Definitely would recommend this to anyone who is thinking about stretching', 'title: Great \ntext: What a great product. Its really helped in the healing process. Whithout it starting up my first guages would have been much more painful. I would deffinatly buy from this seller again.']","The product is highly praised for its healing properties, particularly in aiding the healing process of ears after gauging. Users report that it helps their ears heal quickly and effectively, surpassing the performance of petroleum jelly[0][1]. Additionally, it eases the stretching process, making it less painful and more manageable[1][2]. Overall, the product is recommended for its effectiveness in promoting healing and reducing discomfort during ear stretching[0][1][2].",9.0
Does the gauge gear help with healing,"['LUBRICANT - Gauge Gear lubricates your skin while you stretch! Helps Insertion of Tapers and Plugs Double Flared/Oversized Plugs. Also perfect to restart a closed piercing with an earring', 'PIERCING AFTERCARE - Great for any new external piercing. Helps relieve the effects of a fresh piercing', 'ALL NATURAL INGREDIENTS - Jojoba Oil, Sweet Almond Oil, Tea Tree Oil, Wheat Germ Oil, Myrhh Oil and Beeswax', 'Never stretch your ears without Gauge Gear! Read ingredient list below to see their effects']",023,"[""title: Here it is \ntext: This product is amazing it helps my ear heal so fast after i've gauged it and its better than petroleum jelly"", 'title: GREAT PRODUCT! \ntext: Best stretching balm ive used.  Very good product, helps your ears heal while your in the stretching process.  I still use it even now, after I have stopped stretching.', 'title: Awesome! \ntext: This stuff is so awesome! Not only does it make stretching SOOO much easier but it also does wonders with healing. One of my ears got infected and this stuff wiped the infection away over night. I was a little worried about the small size at first but a little goes a long way. I bought mine a few weeks ago and use it twice a day and the jar is still pretty much full. I recommend this product to anyone.']","The product is highly praised for its healing properties, particularly in aiding the healing process of ears after stretching. Users have noted that it is more effective than petroleum jelly in promoting fast healing after gauging ears[0]. It is described as the best stretching balm, helping ears heal during the stretching process and even after stretching has stopped[1]. Additionally, the product is effective in treating infections, with one user reporting that it cleared an ear infection overnight[2]. Overall, the product is recommended for its healing benefits and efficiency in use[0][1][2].",9.0
Does the gauge gear help with healing,"['LUBRICANT - Gauge Gear lubricates your skin while you stretch! Helps Insertion of Tapers and Plugs Double Flared/Oversized Plugs. Also perfect to restart a closed piercing with an earring', 'PIERCING AFTERCARE - Great for any new external piercing. Helps relieve the effects of a fresh piercing', 'ALL NATURAL INGREDIENTS - Jojoba Oil, Sweet Almond Oil, Tea Tree Oil, Wheat Germ Oil, Myrhh Oil and Beeswax', 'Never stretch your ears without Gauge Gear! Read ingredient list below to see their effects']",024,"[""title: Here it is \ntext: This product is amazing it helps my ear heal so fast after i've gauged it and its better than petroleum jelly"", 'title: GREAT PRODUCT! \ntext: Best stretching balm ive used.  Very good product, helps your ears heal while your in the stretching process.  I still use it even now, after I have stopped stretching.', 'title: Great \ntext: The product did meet the expectations . I really loved it, made gauging sooo much easier, and organic oils made for clean healing . Highly Recommend it .']","The product is highly praised for its healing properties, particularly in aiding the healing process of ears after gauging. Users have noted that it is more effective than petroleum jelly in promoting fast healing[0]. It is also described as the best stretching balm, supporting ear healing during the stretching process and even after stretching has stopped[1]. The inclusion of organic oils is highlighted as a factor that contributes to clean healing, making the gauging process easier and more effective[2].",9.0
Does the gauge gear help with healing,"['LUBRICANT - Gauge Gear lubricates your skin while you stretch! Helps Insertion of Tapers and Plugs Double Flared/Oversized Plugs. Also perfect to restart a closed piercing with an earring', 'PIERCING AFTERCARE - Great for any new external piercing. Helps relieve the effects of a fresh piercing', 'ALL NATURAL INGREDIENTS - Jojoba Oil, Sweet Almond Oil, Tea Tree Oil, Wheat Germ Oil, Myrhh Oil and Beeswax', 'Never stretch your ears without Gauge Gear! Read ingredient list below to see their effects']",025,"[""title: Here it is \ntext: This product is amazing it helps my ear heal so fast after i've gauged it and its better than petroleum jelly"", 'title: GREAT PRODUCT! \ntext: Best stretching balm ive used.  Very good product, helps your ears heal while your in the stretching process.  I still use it even now, after I have stopped stretching.', 'title: Awesome! \ntext: This product is fantastic. It makes the gauge healing process faster and less painful than when using other products like Vaseline. I would truly recommend this product to anyone who is stretching their ears and especially if you have sensitive ears or more scar tissue than normal. I absolutely love it!']","The product is highly praised for its healing properties, particularly in aiding the healing process of stretched ears. Users report that it helps ears heal quickly after gauging, outperforming alternatives like petroleum jelly and Vaseline [0][2]. It is noted for making the healing process faster and less painful, which is beneficial for those with sensitive ears or more scar tissue [2]. Additionally, the product is effective during the stretching process and continues to be useful even after stretching has stopped [1].",9.0
Does the gauge gear help with healing,"['LUBRICANT - Gauge Gear lubricates your skin while you stretch! Helps Insertion of Tapers and Plugs Double Flared/Oversized Plugs. Also perfect to restart a closed piercing with an earring', 'PIERCING AFTERCARE - Great for any new external piercing. Helps relieve the effects of a fresh piercing', 'ALL NATURAL INGREDIENTS - Jojoba Oil, Sweet Almond Oil, Tea Tree Oil, Wheat Germ Oil, Myrhh Oil and Beeswax', 'Never stretch your ears without Gauge Gear! Read ingredient list below to see their effects']",026,"[""title: Here it is \ntext: This product is amazing it helps my ear heal so fast after i've gauged it and its better than petroleum jelly"", 'title: GREAT PRODUCT! \ntext: Best stretching balm ive used.  Very good product, helps your ears heal while your in the stretching process.  I still use it even now, after I have stopped stretching.', 'title: It really helped with the smell of stretching your ears ... \ntext: It really helped with the smell of stretching your ears and helped them heal faster. Because you heal faster you can go up sizes faster. It also helps with other cuts and minor abrasions in the healing process.']","The product is highly praised for its healing properties, particularly in aiding the healing process of stretched ears. Users have reported that it helps ears heal quickly after gauging, outperforming alternatives like petroleum jelly [0]. It is described as the best stretching balm, effective during and after the stretching process, and continues to be beneficial even after stretching has ceased [1]. Additionally, the product is noted for reducing the smell associated with ear stretching and accelerating the healing process, allowing for quicker size increases. It is also effective in healing other cuts and minor abrasions [2].",9.0
Does the gauge gear help with healing,"['LUBRICANT - Gauge Gear lubricates your skin while you stretch! Helps Insertion of Tapers and Plugs Double Flared/Oversized Plugs. Also perfect to restart a closed piercing with an earring', 'PIERCING AFTERCARE - Great for any new external piercing. Helps relieve the effects of a fresh piercing', 'ALL NATURAL INGREDIENTS - Jojoba Oil, Sweet Almond Oil, Tea Tree Oil, Wheat Germ Oil, Myrhh Oil and Beeswax', 'Never stretch your ears without Gauge Gear! Read ingredient list below to see their effects']",027,"[""title: Here it is \ntext: This product is amazing it helps my ear heal so fast after i've gauged it and its better than petroleum jelly"", 'title: GREAT PRODUCT! \ntext: Best stretching balm ive used.  Very good product, helps your ears heal while your in the stretching process.  I still use it even now, after I have stopped stretching.', 'title: Great \ntext: What a great product. Its really helped in the healing process. Whithout it starting up my first guages would have been much more painful. I would deffinatly buy from this seller again.']","The product is highly praised for its healing properties, particularly in aiding the healing process of ears after gauging. Users have noted that it is more effective than petroleum jelly in promoting fast healing[0]. It is described as the best stretching balm, helping ears heal during the stretching process, and is still used by some even after they have stopped stretching[1]. Additionally, it has been highlighted as a great aid in the healing process, reducing pain during initial gauging[2].",9.0
Does the gauge gear help with healing,"['LUBRICANT - Gauge Gear lubricates your skin while you stretch! Helps Insertion of Tapers and Plugs Double Flared/Oversized Plugs. Also perfect to restart a closed piercing with an earring', 'PIERCING AFTERCARE - Great for any new external piercing. Helps relieve the effects of a fresh piercing', 'ALL NATURAL INGREDIENTS - Jojoba Oil, Sweet Almond Oil, Tea Tree Oil, Wheat Germ Oil, Myrhh Oil and Beeswax', 'Never stretch your ears without Gauge Gear! Read ingredient list below to see their effects']",034,"[""title: Here it is \ntext: This product is amazing it helps my ear heal so fast after i've gauged it and its better than petroleum jelly"", 'title: Awesome! \ntext: This stuff is so awesome! Not only does it make stretching SOOO much easier but it also does wonders with healing. One of my ears got infected and this stuff wiped the infection away over night. I was a little worried about the small size at first but a little goes a long way. I bought mine a few weeks ago and use it twice a day and the jar is still pretty much full. I recommend this product to anyone.', 'title: Great \ntext: The product did meet the expectations . I really loved it, made gauging sooo much easier, and organic oils made for clean healing . Highly Recommend it .']","The product is highly praised for its healing properties, particularly in aiding the healing process after ear gauging. Users report that it is more effective than petroleum jelly in promoting fast healing[0]. Additionally, it is noted for its ability to ease the stretching process and effectively treat infections, with one user experiencing overnight relief from an ear infection[1]. The inclusion of organic oils is highlighted as beneficial for clean healing, further enhancing the product's reputation for supporting the healing process[2].",9.0
Does the gauge gear help with healing,"['LUBRICANT - Gauge Gear lubricates your skin while you stretch! Helps Insertion of Tapers and Plugs Double Flared/Oversized Plugs. Also perfect to restart a closed piercing with an earring', 'PIERCING AFTERCARE - Great for any new external piercing. Helps relieve the effects of a fresh piercing', 'ALL NATURAL INGREDIENTS - Jojoba Oil, Sweet Almond Oil, Tea Tree Oil, Wheat Germ Oil, Myrhh Oil and Beeswax', 'Never stretch your ears without Gauge Gear! Read ingredient list below to see their effects']",035,"[""title: Here it is \ntext: This product is amazing it helps my ear heal so fast after i've gauged it and its better than petroleum jelly"", 'title: Awesome! \ntext: This stuff is so awesome! Not only does it make stretching SOOO much easier but it also does wonders with healing. One of my ears got infected and this stuff wiped the infection away over night. I was a little worried about the small size at first but a little goes a long way. I bought mine a few weeks ago and use it twice a day and the jar is still pretty much full. I recommend this product to anyone.', 'title: Awesome! \ntext: This product is fantastic. It makes the gauge healing process faster and less painful than when using other products like Vaseline. I would truly recommend this product to anyone who is stretching their ears and especially if you have sensitive ears or more scar tissue than normal. I absolutely love it!']","The product is highly praised for its healing properties, particularly in aiding the healing process after ear gauging. Users report that it is more effective than petroleum jelly, helping ears heal quickly and reducing pain during the process [0][2]. Additionally, the product is noted for its ability to clear infections overnight, making it a reliable choice for those with sensitive ears or scar tissue [1]. Overall, users recommend it for its efficiency and long-lasting use, as a small amount goes a long way [1].",9.0
Does the gauge gear help with healing,"['LUBRICANT - Gauge Gear lubricates your skin while you stretch! Helps Insertion of Tapers and Plugs Double Flared/Oversized Plugs. Also perfect to restart a closed piercing with an earring', 'PIERCING AFTERCARE - Great for any new external piercing. Helps relieve the effects of a fresh piercing', 'ALL NATURAL INGREDIENTS - Jojoba Oil, Sweet Almond Oil, Tea Tree Oil, Wheat Germ Oil, Myrhh Oil and Beeswax', 'Never stretch your ears without Gauge Gear! Read ingredient list below to see their effects']",036,"[""title: Here it is \ntext: This product is amazing it helps my ear heal so fast after i've gauged it and its better than petroleum jelly"", 'title: Awesome! \ntext: This stuff is so awesome! Not only does it make stretching SOOO much easier but it also does wonders with healing. One of my ears got infected and this stuff wiped the infection away over night. I was a little worried about the small size at first but a little goes a long way. I bought mine a few weeks ago and use it twice a day and the jar is still pretty much full. I recommend this product to anyone.', 'title: It really helped with the smell of stretching your ears ... \ntext: It really helped with the smell of stretching your ears and helped them heal faster. Because you heal faster you can go up sizes faster. It also helps with other cuts and minor abrasions in the healing process.']","The product is highly praised for its healing properties, particularly in aiding the healing process after ear stretching. Users report that it helps ears heal quickly after gauging, outperforming petroleum jelly in effectiveness [0]. Additionally, it is noted for its ability to alleviate infections overnight, making it a reliable choice for those experiencing ear infections during stretching [1]. The product also assists in reducing the smell associated with ear stretching and accelerates the healing process, allowing users to increase sizes more rapidly. Furthermore, it is effective in healing other cuts and minor abrasions [2].",9.0
Does the gauge gear help with healing,"['LUBRICANT - Gauge Gear lubricates your skin while you stretch! Helps Insertion of Tapers and Plugs Double Flared/Oversized Plugs. Also perfect to restart a closed piercing with an earring', 'PIERCING AFTERCARE - Great for any new external piercing. Helps relieve the effects of a fresh piercing', 'ALL NATURAL INGREDIENTS - Jojoba Oil, Sweet Almond Oil, Tea Tree Oil, Wheat Germ Oil, Myrhh Oil and Beeswax', 'Never stretch your ears without Gauge Gear! Read ingredient list below to see their effects']",037,"[""title: Here it is \ntext: This product is amazing it helps my ear heal so fast after i've gauged it and its better than petroleum jelly"", 'title: Awesome! \ntext: This stuff is so awesome! Not only does it make stretching SOOO much easier but it also does wonders with healing. One of my ears got infected and this stuff wiped the infection away over night. I was a little worried about the small size at first but a little goes a long way. I bought mine a few weeks ago and use it twice a day and the jar is still pretty much full. I recommend this product to anyone.', 'title: Great \ntext: What a great product. Its really helped in the healing process. Whithout it starting up my first guages would have been much more painful. I would deffinatly buy from this seller again.']","The product is highly praised for its healing properties, particularly in aiding the recovery of ears after gauging. Users have noted that it is more effective than petroleum jelly in promoting fast healing[0]. Additionally, the product is credited with making the stretching process easier and effectively treating infections overnight[1]. It is also highlighted for its role in reducing pain during the initial gauging process, contributing significantly to the healing process[2].",9.0
Does the gauge gear help with healing,"['LUBRICANT - Gauge Gear lubricates your skin while you stretch! Helps Insertion of Tapers and Plugs Double Flared/Oversized Plugs. Also perfect to restart a closed piercing with an earring', 'PIERCING AFTERCARE - Great for any new external piercing. Helps relieve the effects of a fresh piercing', 'ALL NATURAL INGREDIENTS - Jojoba Oil, Sweet Almond Oil, Tea Tree Oil, Wheat Germ Oil, Myrhh Oil and Beeswax', 'Never stretch your ears without Gauge Gear! Read ingredient list below to see their effects']",045,"[""title: Here it is \ntext: This product is amazing it helps my ear heal so fast after i've gauged it and its better than petroleum jelly"", 'title: Great \ntext: The product did meet the expectations . I really loved it, made gauging sooo much easier, and organic oils made for clean healing . Highly Recommend it .', 'title: Awesome! \ntext: This product is fantastic. It makes the gauge healing process faster and less painful than when using other products like Vaseline. I would truly recommend this product to anyone who is stretching their ears and especially if you have sensitive ears or more scar tissue than normal. I absolutely love it!']","The product is highly praised for its healing properties, particularly in aiding the healing process after ear gauging. Users report that it facilitates faster healing compared to alternatives like petroleum jelly and Vaseline, making the process less painful and more efficient. The inclusion of organic oils is noted to contribute to a cleaner healing experience, which is especially beneficial for individuals with sensitive ears or excessive scar tissue. Overall, the product is recommended for its effectiveness in promoting quick and clean healing after ear stretching [0][1][2].",9.0
Does the gauge gear help with healing,"['LUBRICANT - Gauge Gear lubricates your skin while you stretch! Helps Insertion of Tapers and Plugs Double Flared/Oversized Plugs. Also perfect to restart a closed piercing with an earring', 'PIERCING AFTERCARE - Great for any new external piercing. Helps relieve the effects of a fresh piercing', 'ALL NATURAL INGREDIENTS - Jojoba Oil, Sweet Almond Oil, Tea Tree Oil, Wheat Germ Oil, Myrhh Oil and Beeswax', 'Never stretch your ears without Gauge Gear! Read ingredient list below to see their effects']",046,"[""title: Here it is \ntext: This product is amazing it helps my ear heal so fast after i've gauged it and its better than petroleum jelly"", 'title: Great \ntext: The product did meet the expectations . I really loved it, made gauging sooo much easier, and organic oils made for clean healing . Highly Recommend it .', 'title: It really helped with the smell of stretching your ears ... \ntext: It really helped with the smell of stretching your ears and helped them heal faster. Because you heal faster you can go up sizes faster. It also helps with other cuts and minor abrasions in the healing process.']","The product is highly praised for its healing properties, particularly in aiding the healing process after ear gauging. Users report that it helps ears heal faster than when using petroleum jelly, making it easier to increase gauge sizes more quickly. Additionally, the product's organic oils contribute to a clean healing process, and it is also effective in healing other cuts and minor abrasions, enhancing its versatility as a healing aid [0][1][2].",9.0
Does the gauge gear help with healing,"['LUBRICANT - Gauge Gear lubricates your skin while you stretch! Helps Insertion of Tapers and Plugs Double Flared/Oversized Plugs. Also perfect to restart a closed piercing with an earring', 'PIERCING AFTERCARE - Great for any new external piercing. Helps relieve the effects of a fresh piercing', 'ALL NATURAL INGREDIENTS - Jojoba Oil, Sweet Almond Oil, Tea Tree Oil, Wheat Germ Oil, Myrhh Oil and Beeswax', 'Never stretch your ears without Gauge Gear! Read ingredient list below to see their effects']",047,"[""title: Here it is \ntext: This product is amazing it helps my ear heal so fast after i've gauged it and its better than petroleum jelly"", 'title: Great \ntext: The product did meet the expectations . I really loved it, made gauging sooo much easier, and organic oils made for clean healing . Highly Recommend it .', 'title: Great \ntext: What a great product. Its really helped in the healing process. Whithout it starting up my first guages would have been much more painful. I would deffinatly buy from this seller again.']","The product is highly praised for its healing properties, particularly in aiding the healing process after ear gauging. Users have noted that it is more effective than petroleum jelly in promoting fast healing[0]. The inclusion of organic oils is highlighted as beneficial for clean healing, making the gauging process easier and more comfortable[1]. Overall, the product is credited with significantly reducing pain and facilitating a smoother healing experience, leading to strong recommendations from users[2].",9.0
Does the gauge gear help with healing,"['LUBRICANT - Gauge Gear lubricates your skin while you stretch! Helps Insertion of Tapers and Plugs Double Flared/Oversized Plugs. Also perfect to restart a closed piercing with an earring', 'PIERCING AFTERCARE - Great for any new external piercing. Helps relieve the effects of a fresh piercing', 'ALL NATURAL INGREDIENTS - Jojoba Oil, Sweet Almond Oil, Tea Tree Oil, Wheat Germ Oil, Myrhh Oil and Beeswax', 'Never stretch your ears without Gauge Gear! Read ingredient list below to see their effects']",056,"[""title: Here it is \ntext: This product is amazing it helps my ear heal so fast after i've gauged it and its better than petroleum jelly"", 'title: Awesome! \ntext: This product is fantastic. It makes the gauge healing process faster and less painful than when using other products like Vaseline. I would truly recommend this product to anyone who is stretching their ears and especially if you have sensitive ears or more scar tissue than normal. I absolutely love it!', 'title: It really helped with the smell of stretching your ears ... \ntext: It really helped with the smell of stretching your ears and helped them heal faster. Because you heal faster you can go up sizes faster. It also helps with other cuts and minor abrasions in the healing process.']","The product is highly praised for its healing properties, particularly in aiding the healing process after ear gauging. Users report that it accelerates healing faster than alternatives like petroleum jelly or Vaseline, making the process less painful and more efficient. It is especially beneficial for those with sensitive ears or more scar tissue, and it also helps with the smell associated with ear stretching. Additionally, the product is noted for its effectiveness in healing other cuts and minor abrasions, allowing for quicker recovery and the ability to increase gauge sizes more rapidly [0][1][2].",9.0
Does the gauge gear help with healing,"['LUBRICANT - Gauge Gear lubricates your skin while you stretch! Helps Insertion of Tapers and Plugs Double Flared/Oversized Plugs. Also perfect to restart a closed piercing with an earring', 'PIERCING AFTERCARE - Great for any new external piercing. Helps relieve the effects of a fresh piercing', 'ALL NATURAL INGREDIENTS - Jojoba Oil, Sweet Almond Oil, Tea Tree Oil, Wheat Germ Oil, Myrhh Oil and Beeswax', 'Never stretch your ears without Gauge Gear! Read ingredient list below to see their effects']",057,"[""title: Here it is \ntext: This product is amazing it helps my ear heal so fast after i've gauged it and its better than petroleum jelly"", 'title: Awesome! \ntext: This product is fantastic. It makes the gauge healing process faster and less painful than when using other products like Vaseline. I would truly recommend this product to anyone who is stretching their ears and especially if you have sensitive ears or more scar tissue than normal. I absolutely love it!', 'title: Great \ntext: What a great product. Its really helped in the healing process. Whithout it starting up my first guages would have been much more painful. I would deffinatly buy from this seller again.']","Users have praised the product for its healing properties, particularly in aiding the recovery process after ear gauging. One user noted that it helps the ear heal quickly and is more effective than petroleum jelly [0]. Another user highlighted that the product accelerates the healing process and reduces pain compared to other products like Vaseline, making it ideal for those with sensitive ears or more scar tissue [1]. Additionally, a third user mentioned that the product significantly eased the initial pain of starting ear gauges, indicating its effectiveness in the healing process [2].",9.0
Does the gauge gear help with healing,"['LUBRICANT - Gauge Gear lubricates your skin while you stretch! Helps Insertion of Tapers and Plugs Double Flared/Oversized Plugs. Also perfect to restart a closed piercing with an earring', 'PIERCING AFTERCARE - Great for any new external piercing. Helps relieve the effects of a fresh piercing', 'ALL NATURAL INGREDIENTS - Jojoba Oil, Sweet Almond Oil, Tea Tree Oil, Wheat Germ Oil, Myrhh Oil and Beeswax', 'Never stretch your ears without Gauge Gear! Read ingredient list below to see their effects']",067,"[""title: Here it is \ntext: This product is amazing it helps my ear heal so fast after i've gauged it and its better than petroleum jelly"", 'title: It really helped with the smell of stretching your ears ... \ntext: It really helped with the smell of stretching your ears and helped them heal faster. Because you heal faster you can go up sizes faster. It also helps with other cuts and minor abrasions in the healing process.', 'title: Great \ntext: What a great product. Its really helped in the healing process. Whithout it starting up my first guages would have been much more painful. I would deffinatly buy from this seller again.']","The product is highly praised for its healing properties, particularly in aiding the healing process after ear gauging. Users report that it helps ears heal faster than when using petroleum jelly, allowing for quicker size increases in ear gauges[0][1]. Additionally, it is noted for its effectiveness in healing cuts and minor abrasions, making it a versatile option for various healing needs[1]. Overall, the product is credited with significantly reducing pain during the initial stages of ear gauging, leading to positive user experiences and repeat purchases[2].",9.0
Does the gauge gear help with healing,"['LUBRICANT - Gauge Gear lubricates your skin while you stretch! Helps Insertion of Tapers and Plugs Double Flared/Oversized Plugs. Also perfect to restart a closed piercing with an earring', 'PIERCING AFTERCARE - Great for any new external piercing. Helps relieve the effects of a fresh piercing', 'ALL NATURAL INGREDIENTS - Jojoba Oil, Sweet Almond Oil, Tea Tree Oil, Wheat Germ Oil, Myrhh Oil and Beeswax', 'Never stretch your ears without Gauge Gear! Read ingredient list below to see their effects']",123,"['title: Great Product \ntext: Helps my ear heal very quickly and makes the stretching process quite easy. Definitely would recommend this to anyone who is thinking about stretching', 'title: GREAT PRODUCT! \ntext: Best stretching balm ive used.  Very good product, helps your ears heal while your in the stretching process.  I still use it even now, after I have stopped stretching.', 'title: Awesome! \ntext: This stuff is so awesome! Not only does it make stretching SOOO much easier but it also does wonders with healing. One of my ears got infected and this stuff wiped the infection away over night. I was a little worried about the small size at first but a little goes a long way. I bought mine a few weeks ago and use it twice a day and the jar is still pretty much full. I recommend this product to anyone.']","The product is highly praised for its healing properties, particularly in aiding the healing process during ear stretching. Users report that it helps ears heal quickly and effectively, even in cases of infection, with one user noting that it cleared an ear infection overnight[0][1][2]. The balm is also noted for its efficiency, as a small amount goes a long way, making it a cost-effective solution for those undergoing the stretching process[2]. Overall, the product is recommended for its dual benefits of easing the stretching process and promoting healing[0][1][2].",9.0
Does the gauge gear help with healing,"['LUBRICANT - Gauge Gear lubricates your skin while you stretch! Helps Insertion of Tapers and Plugs Double Flared/Oversized Plugs. Also perfect to restart a closed piercing with an earring', 'PIERCING AFTERCARE - Great for any new external piercing. Helps relieve the effects of a fresh piercing', 'ALL NATURAL INGREDIENTS - Jojoba Oil, Sweet Almond Oil, Tea Tree Oil, Wheat Germ Oil, Myrhh Oil and Beeswax', 'Never stretch your ears without Gauge Gear! Read ingredient list below to see their effects']",124,"['title: Great Product \ntext: Helps my ear heal very quickly and makes the stretching process quite easy. Definitely would recommend this to anyone who is thinking about stretching', 'title: GREAT PRODUCT! \ntext: Best stretching balm ive used.  Very good product, helps your ears heal while your in the stretching process.  I still use it even now, after I have stopped stretching.', 'title: Great \ntext: The product did meet the expectations . I really loved it, made gauging sooo much easier, and organic oils made for clean healing . Highly Recommend it .']","The product is highly praised for its healing properties, particularly in aiding the healing process of ears during stretching. Users have noted that it helps ears heal quickly and makes the stretching process easier, with one user mentioning the use of organic oils contributing to clean healing. The product is recommended for those considering stretching, and its benefits are appreciated even after the stretching process is complete [0][1][2].",9.0
Does the gauge gear help with healing,"['LUBRICANT - Gauge Gear lubricates your skin while you stretch! Helps Insertion of Tapers and Plugs Double Flared/Oversized Plugs. Also perfect to restart a closed piercing with an earring', 'PIERCING AFTERCARE - Great for any new external piercing. Helps relieve the effects of a fresh piercing', 'ALL NATURAL INGREDIENTS - Jojoba Oil, Sweet Almond Oil, Tea Tree Oil, Wheat Germ Oil, Myrhh Oil and Beeswax', 'Never stretch your ears without Gauge Gear! Read ingredient list below to see their effects']",125,"['title: Great Product \ntext: Helps my ear heal very quickly and makes the stretching process quite easy. Definitely would recommend this to anyone who is thinking about stretching', 'title: GREAT PRODUCT! \ntext: Best stretching balm ive used.  Very good product, helps your ears heal while your in the stretching process.  I still use it even now, after I have stopped stretching.', 'title: Awesome! \ntext: This product is fantastic. It makes the gauge healing process faster and less painful than when using other products like Vaseline. I would truly recommend this product to anyone who is stretching their ears and especially if you have sensitive ears or more scar tissue than normal. I absolutely love it!']","The product is highly praised for its healing properties, particularly in aiding the ear stretching process. Users report that it helps ears heal quickly and makes the stretching process easier, with one user noting that it is the best stretching balm they have used and continues to use it even after stopping the stretching process [0][1]. Another user highlights that the product accelerates the gauge healing process and reduces pain compared to other products like Vaseline, making it ideal for those with sensitive ears or more scar tissue [2].",9.0
Does the gauge gear help with healing,"['LUBRICANT - Gauge Gear lubricates your skin while you stretch! Helps Insertion of Tapers and Plugs Double Flared/Oversized Plugs. Also perfect to restart a closed piercing with an earring', 'PIERCING AFTERCARE - Great for any new external piercing. Helps relieve the effects of a fresh piercing', 'ALL NATURAL INGREDIENTS - Jojoba Oil, Sweet Almond Oil, Tea Tree Oil, Wheat Germ Oil, Myrhh Oil and Beeswax', 'Never stretch your ears without Gauge Gear! Read ingredient list below to see their effects']",126,"['title: Great Product \ntext: Helps my ear heal very quickly and makes the stretching process quite easy. Definitely would recommend this to anyone who is thinking about stretching', 'title: GREAT PRODUCT! \ntext: Best stretching balm ive used.  Very good product, helps your ears heal while your in the stretching process.  I still use it even now, after I have stopped stretching.', 'title: It really helped with the smell of stretching your ears ... \ntext: It really helped with the smell of stretching your ears and helped them heal faster. Because you heal faster you can go up sizes faster. It also helps with other cuts and minor abrasions in the healing process.']","The product is highly praised for its healing properties, particularly in the context of ear stretching. Users report that it aids in the healing process, allowing for quicker recovery and easier stretching. This accelerated healing also enables users to increase sizes more rapidly. Additionally, the product is noted for its effectiveness in healing other minor cuts and abrasions, making it a versatile option for various healing needs [0][1][2].",9.0
Does the gauge gear help with healing,"['LUBRICANT - Gauge Gear lubricates your skin while you stretch! Helps Insertion of Tapers and Plugs Double Flared/Oversized Plugs. Also perfect to restart a closed piercing with an earring', 'PIERCING AFTERCARE - Great for any new external piercing. Helps relieve the effects of a fresh piercing', 'ALL NATURAL INGREDIENTS - Jojoba Oil, Sweet Almond Oil, Tea Tree Oil, Wheat Germ Oil, Myrhh Oil and Beeswax', 'Never stretch your ears without Gauge Gear! Read ingredient list below to see their effects']",127,"['title: Great Product \ntext: Helps my ear heal very quickly and makes the stretching process quite easy. Definitely would recommend this to anyone who is thinking about stretching', 'title: GREAT PRODUCT! \ntext: Best stretching balm ive used.  Very good product, helps your ears heal while your in the stretching process.  I still use it even now, after I have stopped stretching.', 'title: Great \ntext: What a great product. Its really helped in the healing process. Whithout it starting up my first guages would have been much more painful. I would deffinatly buy from this seller again.']","The product is highly praised for its healing properties, particularly in aiding the healing process during ear stretching. Users report that it helps ears heal quickly and makes the stretching process easier, with one user noting that it alleviated pain when starting with gauges[0][1][2]. Another user continues to use the product even after completing the stretching process, highlighting its effectiveness in promoting healing[1]. Overall, the product is recommended for its ability to facilitate healing and ease discomfort during ear stretching[0][1][2].",9.0
Does the gauge gear help with healing,"['LUBRICANT - Gauge Gear lubricates your skin while you stretch! Helps Insertion of Tapers and Plugs Double Flared/Oversized Plugs. Also perfect to restart a closed piercing with an earring', 'PIERCING AFTERCARE - Great for any new external piercing. Helps relieve the effects of a fresh piercing', 'ALL NATURAL INGREDIENTS - Jojoba Oil, Sweet Almond Oil, Tea Tree Oil, Wheat Germ Oil, Myrhh Oil and Beeswax', 'Never stretch your ears without Gauge Gear! Read ingredient list below to see their effects']",134,"['title: Great Product \ntext: Helps my ear heal very quickly and makes the stretching process quite easy. Definitely would recommend this to anyone who is thinking about stretching', 'title: Awesome! \ntext: This stuff is so awesome! Not only does it make stretching SOOO much easier but it also does wonders with healing. One of my ears got infected and this stuff wiped the infection away over night. I was a little worried about the small size at first but a little goes a long way. I bought mine a few weeks ago and use it twice a day and the jar is still pretty much full. I recommend this product to anyone.', 'title: Great \ntext: The product did meet the expectations . I really loved it, made gauging sooo much easier, and organic oils made for clean healing . Highly Recommend it .']","The product is highly praised for its healing properties, particularly in aiding the healing process of stretched ears. Users report that it helps ears heal quickly and effectively, even in cases of infection, with one user noting that it cleared an ear infection overnight[0][1]. The product's organic oils contribute to clean healing, making it a recommended choice for those undergoing ear stretching[2].",9.0
Does the gauge gear help with healing,"['LUBRICANT - Gauge Gear lubricates your skin while you stretch! Helps Insertion of Tapers and Plugs Double Flared/Oversized Plugs. Also perfect to restart a closed piercing with an earring', 'PIERCING AFTERCARE - Great for any new external piercing. Helps relieve the effects of a fresh piercing', 'ALL NATURAL INGREDIENTS - Jojoba Oil, Sweet Almond Oil, Tea Tree Oil, Wheat Germ Oil, Myrhh Oil and Beeswax', 'Never stretch your ears without Gauge Gear! Read ingredient list below to see their effects']",135,"['title: Great Product \ntext: Helps my ear heal very quickly and makes the stretching process quite easy. Definitely would recommend this to anyone who is thinking about stretching', 'title: Awesome! \ntext: This stuff is so awesome! Not only does it make stretching SOOO much easier but it also does wonders with healing. One of my ears got infected and this stuff wiped the infection away over night. I was a little worried about the small size at first but a little goes a long way. I bought mine a few weeks ago and use it twice a day and the jar is still pretty much full. I recommend this product to anyone.', 'title: Awesome! \ntext: This product is fantastic. It makes the gauge healing process faster and less painful than when using other products like Vaseline. I would truly recommend this product to anyone who is stretching their ears and especially if you have sensitive ears or more scar tissue than normal. I absolutely love it!']","The product is highly praised for its healing properties, particularly in aiding the ear stretching process. Users report that it helps ears heal quickly and effectively, making the stretching process easier and less painful compared to other products like Vaseline. One user noted that the product was effective in eliminating an ear infection overnight, highlighting its potent healing capabilities. Despite initial concerns about the product's size, users find that a small amount is sufficient for prolonged use, making it economical as well. Overall, the product is recommended for those stretching their ears, especially for individuals with sensitive ears or significant scar tissue, due to its ability to expedite healing and reduce discomfort [0][1][2].",9.0
Does the gauge gear help with healing,"['LUBRICANT - Gauge Gear lubricates your skin while you stretch! Helps Insertion of Tapers and Plugs Double Flared/Oversized Plugs. Also perfect to restart a closed piercing with an earring', 'PIERCING AFTERCARE - Great for any new external piercing. Helps relieve the effects of a fresh piercing', 'ALL NATURAL INGREDIENTS - Jojoba Oil, Sweet Almond Oil, Tea Tree Oil, Wheat Germ Oil, Myrhh Oil and Beeswax', 'Never stretch your ears without Gauge Gear! Read ingredient list below to see their effects']",136,"['title: Great Product \ntext: Helps my ear heal very quickly and makes the stretching process quite easy. Definitely would recommend this to anyone who is thinking about stretching', 'title: Awesome! \ntext: This stuff is so awesome! Not only does it make stretching SOOO much easier but it also does wonders with healing. One of my ears got infected and this stuff wiped the infection away over night. I was a little worried about the small size at first but a little goes a long way. I bought mine a few weeks ago and use it twice a day and the jar is still pretty much full. I recommend this product to anyone.', 'title: It really helped with the smell of stretching your ears ... \ntext: It really helped with the smell of stretching your ears and helped them heal faster. Because you heal faster you can go up sizes faster. It also helps with other cuts and minor abrasions in the healing process.']","The product is highly praised for its healing properties, particularly in aiding the healing process of stretched ears. Users report that it helps ears heal quickly, making the stretching process easier and more efficient[0][1]. One user noted that the product effectively treated an ear infection overnight, highlighting its potent healing capabilities[1]. Additionally, the product is said to help with the smell associated with ear stretching and can also assist in healing other cuts and minor abrasions[2]. Overall, users recommend the product for its effectiveness in promoting faster healing and ease of use during the ear stretching process[0][1][2].",9.0
Does the gauge gear help with healing,"['LUBRICANT - Gauge Gear lubricates your skin while you stretch! Helps Insertion of Tapers and Plugs Double Flared/Oversized Plugs. Also perfect to restart a closed piercing with an earring', 'PIERCING AFTERCARE - Great for any new external piercing. Helps relieve the effects of a fresh piercing', 'ALL NATURAL INGREDIENTS - Jojoba Oil, Sweet Almond Oil, Tea Tree Oil, Wheat Germ Oil, Myrhh Oil and Beeswax', 'Never stretch your ears without Gauge Gear! Read ingredient list below to see their effects']",137,"['title: Great Product \ntext: Helps my ear heal very quickly and makes the stretching process quite easy. Definitely would recommend this to anyone who is thinking about stretching', 'title: Awesome! \ntext: This stuff is so awesome! Not only does it make stretching SOOO much easier but it also does wonders with healing. One of my ears got infected and this stuff wiped the infection away over night. I was a little worried about the small size at first but a little goes a long way. I bought mine a few weeks ago and use it twice a day and the jar is still pretty much full. I recommend this product to anyone.', 'title: Great \ntext: What a great product. Its really helped in the healing process. Whithout it starting up my first guages would have been much more painful. I would deffinatly buy from this seller again.']","The product is highly praised for its healing properties, particularly in aiding the healing process of stretched ears. Users have reported that it helps ears heal quickly and effectively, making the stretching process easier and less painful. One user noted that the product was effective in treating an ear infection overnight, highlighting its potent healing capabilities. Despite initial concerns about the product's size, users found that a small amount goes a long way, making it a cost-effective solution for ear stretching and healing needs [0][1][2].",9.0
Does the gauge gear help with healing,"['LUBRICANT - Gauge Gear lubricates your skin while you stretch! Helps Insertion of Tapers and Plugs Double Flared/Oversized Plugs. Also perfect to restart a closed piercing with an earring', 'PIERCING AFTERCARE - Great for any new external piercing. Helps relieve the effects of a fresh piercing', 'ALL NATURAL INGREDIENTS - Jojoba Oil, Sweet Almond Oil, Tea Tree Oil, Wheat Germ Oil, Myrhh Oil and Beeswax', 'Never stretch your ears without Gauge Gear! Read ingredient list below to see their effects']",145,"['title: Great Product \ntext: Helps my ear heal very quickly and makes the stretching process quite easy. Definitely would recommend this to anyone who is thinking about stretching', 'title: Great \ntext: The product did meet the expectations . I really loved it, made gauging sooo much easier, and organic oils made for clean healing . Highly Recommend it .', 'title: Awesome! \ntext: This product is fantastic. It makes the gauge healing process faster and less painful than when using other products like Vaseline. I would truly recommend this product to anyone who is stretching their ears and especially if you have sensitive ears or more scar tissue than normal. I absolutely love it!']","The product is highly praised for its healing properties, particularly in aiding the ear stretching process. Users report that it helps ears heal quickly and makes the stretching process easier, with one user noting that it is especially beneficial for those with sensitive ears or more scar tissue than normal. The inclusion of organic oils is highlighted as contributing to a clean healing process, making it a preferred choice over other products like Vaseline. Overall, the product is recommended for its effectiveness in promoting faster and less painful healing during ear stretching [0][1][2].",9.0
Does the gauge gear help with healing,"['LUBRICANT - Gauge Gear lubricates your skin while you stretch! Helps Insertion of Tapers and Plugs Double Flared/Oversized Plugs. Also perfect to restart a closed piercing with an earring', 'PIERCING AFTERCARE - Great for any new external piercing. Helps relieve the effects of a fresh piercing', 'ALL NATURAL INGREDIENTS - Jojoba Oil, Sweet Almond Oil, Tea Tree Oil, Wheat Germ Oil, Myrhh Oil and Beeswax', 'Never stretch your ears without Gauge Gear! Read ingredient list below to see their effects']",146,"['title: Great Product \ntext: Helps my ear heal very quickly and makes the stretching process quite easy. Definitely would recommend this to anyone who is thinking about stretching', 'title: Great \ntext: The product did meet the expectations . I really loved it, made gauging sooo much easier, and organic oils made for clean healing . Highly Recommend it .', 'title: It really helped with the smell of stretching your ears ... \ntext: It really helped with the smell of stretching your ears and helped them heal faster. Because you heal faster you can go up sizes faster. It also helps with other cuts and minor abrasions in the healing process.']","The product is praised for its healing properties, particularly in aiding the healing process of stretched ears. Users report that it helps ears heal quickly, making the stretching process easier and more efficient. The inclusion of organic oils is noted to contribute to clean healing, and the product is also effective in addressing the smell associated with ear stretching. Additionally, it is beneficial for healing other cuts and minor abrasions, allowing for faster recovery and the ability to increase sizes more rapidly [0][1][2].",9.0
Does the gauge gear help with healing,"['LUBRICANT - Gauge Gear lubricates your skin while you stretch! Helps Insertion of Tapers and Plugs Double Flared/Oversized Plugs. Also perfect to restart a closed piercing with an earring', 'PIERCING AFTERCARE - Great for any new external piercing. Helps relieve the effects of a fresh piercing', 'ALL NATURAL INGREDIENTS - Jojoba Oil, Sweet Almond Oil, Tea Tree Oil, Wheat Germ Oil, Myrhh Oil and Beeswax', 'Never stretch your ears without Gauge Gear! Read ingredient list below to see their effects']",147,"['title: Great Product \ntext: Helps my ear heal very quickly and makes the stretching process quite easy. Definitely would recommend this to anyone who is thinking about stretching', 'title: Great \ntext: The product did meet the expectations . I really loved it, made gauging sooo much easier, and organic oils made for clean healing . Highly Recommend it .', 'title: Great \ntext: What a great product. Its really helped in the healing process. Whithout it starting up my first guages would have been much more painful. I would deffinatly buy from this seller again.']","The product is highly praised for its healing properties, particularly in aiding the healing process during ear stretching. Users report that it helps the ear heal quickly and makes the stretching process easier, with organic oils contributing to clean healing. The product is recommended for those considering stretching, as it alleviates pain and facilitates a smoother experience [0][1][2].",9.0
Does the gauge gear help with healing,"['LUBRICANT - Gauge Gear lubricates your skin while you stretch! Helps Insertion of Tapers and Plugs Double Flared/Oversized Plugs. Also perfect to restart a closed piercing with an earring', 'PIERCING AFTERCARE - Great for any new external piercing. Helps relieve the effects of a fresh piercing', 'ALL NATURAL INGREDIENTS - Jojoba Oil, Sweet Almond Oil, Tea Tree Oil, Wheat Germ Oil, Myrhh Oil and Beeswax', 'Never stretch your ears without Gauge Gear! Read ingredient list below to see their effects']",156,"['title: Great Product \ntext: Helps my ear heal very quickly and makes the stretching process quite easy. Definitely would recommend this to anyone who is thinking about stretching', 'title: Awesome! \ntext: This product is fantastic. It makes the gauge healing process faster and less painful than when using other products like Vaseline. I would truly recommend this product to anyone who is stretching their ears and especially if you have sensitive ears or more scar tissue than normal. I absolutely love it!', 'title: It really helped with the smell of stretching your ears ... \ntext: It really helped with the smell of stretching your ears and helped them heal faster. Because you heal faster you can go up sizes faster. It also helps with other cuts and minor abrasions in the healing process.']","The product is highly praised for its healing properties, particularly in aiding the ear stretching process. Users report that it helps ears heal quickly, making the stretching process easier and less painful compared to other products like Vaseline[0][1]. Additionally, it is noted for its effectiveness in reducing the smell associated with ear stretching and accelerating the healing process, allowing users to increase sizes more rapidly. The product is also beneficial for healing other cuts and minor abrasions[2].",9.0
Does the gauge gear help with healing,"['LUBRICANT - Gauge Gear lubricates your skin while you stretch! Helps Insertion of Tapers and Plugs Double Flared/Oversized Plugs. Also perfect to restart a closed piercing with an earring', 'PIERCING AFTERCARE - Great for any new external piercing. Helps relieve the effects of a fresh piercing', 'ALL NATURAL INGREDIENTS - Jojoba Oil, Sweet Almond Oil, Tea Tree Oil, Wheat Germ Oil, Myrhh Oil and Beeswax', 'Never stretch your ears without Gauge Gear! Read ingredient list below to see their effects']",157,"['title: Great Product \ntext: Helps my ear heal very quickly and makes the stretching process quite easy. Definitely would recommend this to anyone who is thinking about stretching', 'title: Awesome! \ntext: This product is fantastic. It makes the gauge healing process faster and less painful than when using other products like Vaseline. I would truly recommend this product to anyone who is stretching their ears and especially if you have sensitive ears or more scar tissue than normal. I absolutely love it!', 'title: Great \ntext: What a great product. Its really helped in the healing process. Whithout it starting up my first guages would have been much more painful. I would deffinatly buy from this seller again.']","The product is highly praised for its healing properties, particularly in aiding the ear stretching process. Users report that it helps ears heal quickly and makes the stretching process easier, with one user noting that it is more effective than other products like Vaseline in reducing pain and accelerating healing. This makes it especially beneficial for those with sensitive ears or significant scar tissue. Overall, the product is recommended for its ability to facilitate a less painful and faster healing experience during ear stretching [0][1][2].",9.0
Does the gauge gear help with healing,"['LUBRICANT - Gauge Gear lubricates your skin while you stretch! Helps Insertion of Tapers and Plugs Double Flared/Oversized Plugs. Also perfect to restart a closed piercing with an earring', 'PIERCING AFTERCARE - Great for any new external piercing. Helps relieve the effects of a fresh piercing', 'ALL NATURAL INGREDIENTS - Jojoba Oil, Sweet Almond Oil, Tea Tree Oil, Wheat Germ Oil, Myrhh Oil and Beeswax', 'Never stretch your ears without Gauge Gear! Read ingredient list below to see their effects']",167,"['title: Great Product \ntext: Helps my ear heal very quickly and makes the stretching process quite easy. Definitely would recommend this to anyone who is thinking about stretching', 'title: It really helped with the smell of stretching your ears ... \ntext: It really helped with the smell of stretching your ears and helped them heal faster. Because you heal faster you can go up sizes faster. It also helps with other cuts and minor abrasions in the healing process.', 'title: Great \ntext: What a great product. Its really helped in the healing process. Whithout it starting up my first guages would have been much more painful. I would deffinatly buy from this seller again.']","The product is highly praised for its healing properties, particularly in aiding the healing process of stretched ears. Users report that it helps ears heal quickly, making the stretching process easier and less painful, which allows for faster size progression[0][1][2]. Additionally, it is noted to assist in healing other cuts and minor abrasions[1]. Overall, the product is recommended for its effectiveness in promoting faster healing[0][1][2].",9.0
Does the gauge gear help with healing,"['LUBRICANT - Gauge Gear lubricates your skin while you stretch! Helps Insertion of Tapers and Plugs Double Flared/Oversized Plugs. Also perfect to restart a closed piercing with an earring', 'PIERCING AFTERCARE - Great for any new external piercing. Helps relieve the effects of a fresh piercing', 'ALL NATURAL INGREDIENTS - Jojoba Oil, Sweet Almond Oil, Tea Tree Oil, Wheat Germ Oil, Myrhh Oil and Beeswax', 'Never stretch your ears without Gauge Gear! Read ingredient list below to see their effects']",234,"['title: GREAT PRODUCT! \ntext: Best stretching balm ive used.  Very good product, helps your ears heal while your in the stretching process.  I still use it even now, after I have stopped stretching.', 'title: Awesome! \ntext: This stuff is so awesome! Not only does it make stretching SOOO much easier but it also does wonders with healing. One of my ears got infected and this stuff wiped the infection away over night. I was a little worried about the small size at first but a little goes a long way. I bought mine a few weeks ago and use it twice a day and the jar is still pretty much full. I recommend this product to anyone.', 'title: Great \ntext: The product did meet the expectations . I really loved it, made gauging sooo much easier, and organic oils made for clean healing . Highly Recommend it .']","The product is highly praised for its healing properties, particularly in the context of ear stretching. Users report that it aids in the healing process during and after stretching, with one user noting that it helped clear an ear infection overnight, demonstrating its effectiveness in promoting healing[0][1]. The inclusion of organic oils is highlighted as a factor contributing to clean healing, making the product a recommended choice for those undergoing ear stretching[2].",9.0
Does the gauge gear help with healing,"['LUBRICANT - Gauge Gear lubricates your skin while you stretch! Helps Insertion of Tapers and Plugs Double Flared/Oversized Plugs. Also perfect to restart a closed piercing with an earring', 'PIERCING AFTERCARE - Great for any new external piercing. Helps relieve the effects of a fresh piercing', 'ALL NATURAL INGREDIENTS - Jojoba Oil, Sweet Almond Oil, Tea Tree Oil, Wheat Germ Oil, Myrhh Oil and Beeswax', 'Never stretch your ears without Gauge Gear! Read ingredient list below to see their effects']",235,"['title: GREAT PRODUCT! \ntext: Best stretching balm ive used.  Very good product, helps your ears heal while your in the stretching process.  I still use it even now, after I have stopped stretching.', 'title: Awesome! \ntext: This stuff is so awesome! Not only does it make stretching SOOO much easier but it also does wonders with healing. One of my ears got infected and this stuff wiped the infection away over night. I was a little worried about the small size at first but a little goes a long way. I bought mine a few weeks ago and use it twice a day and the jar is still pretty much full. I recommend this product to anyone.', 'title: Awesome! \ntext: This product is fantastic. It makes the gauge healing process faster and less painful than when using other products like Vaseline. I would truly recommend this product to anyone who is stretching their ears and especially if you have sensitive ears or more scar tissue than normal. I absolutely love it!']","The product is highly praised for its healing properties, particularly in the context of ear stretching. Users report that it aids in the healing process during and after stretching, with one user noting that it continues to be beneficial even after they have stopped stretching their ears[0]. Another user highlights its effectiveness in treating infections, stating that it cleared an ear infection overnight, and appreciates its long-lasting nature despite the small size of the jar[1]. Additionally, the product is credited with making the gauge healing process faster and less painful compared to other products like Vaseline, making it especially suitable for those with sensitive ears or more scar tissue[2].",9.0
Does the gauge gear help with healing,"['LUBRICANT - Gauge Gear lubricates your skin while you stretch! Helps Insertion of Tapers and Plugs Double Flared/Oversized Plugs. Also perfect to restart a closed piercing with an earring', 'PIERCING AFTERCARE - Great for any new external piercing. Helps relieve the effects of a fresh piercing', 'ALL NATURAL INGREDIENTS - Jojoba Oil, Sweet Almond Oil, Tea Tree Oil, Wheat Germ Oil, Myrhh Oil and Beeswax', 'Never stretch your ears without Gauge Gear! Read ingredient list below to see their effects']",236,"['title: GREAT PRODUCT! \ntext: Best stretching balm ive used.  Very good product, helps your ears heal while your in the stretching process.  I still use it even now, after I have stopped stretching.', 'title: Awesome! \ntext: This stuff is so awesome! Not only does it make stretching SOOO much easier but it also does wonders with healing. One of my ears got infected and this stuff wiped the infection away over night. I was a little worried about the small size at first but a little goes a long way. I bought mine a few weeks ago and use it twice a day and the jar is still pretty much full. I recommend this product to anyone.', 'title: It really helped with the smell of stretching your ears ... \ntext: It really helped with the smell of stretching your ears and helped them heal faster. Because you heal faster you can go up sizes faster. It also helps with other cuts and minor abrasions in the healing process.']","The product is highly praised for its healing properties, particularly in the context of ear stretching. Users report that it aids in the healing process during and after stretching, with one user noting that it helped clear an ear infection overnight, demonstrating its effectiveness in promoting healing and preventing infections [0][1]. Additionally, the balm is noted for its ability to accelerate healing, allowing users to increase ear sizes more quickly, and it is also effective for other minor cuts and abrasions [2].",9.0
Does the gauge gear help with healing,"['LUBRICANT - Gauge Gear lubricates your skin while you stretch! Helps Insertion of Tapers and Plugs Double Flared/Oversized Plugs. Also perfect to restart a closed piercing with an earring', 'PIERCING AFTERCARE - Great for any new external piercing. Helps relieve the effects of a fresh piercing', 'ALL NATURAL INGREDIENTS - Jojoba Oil, Sweet Almond Oil, Tea Tree Oil, Wheat Germ Oil, Myrhh Oil and Beeswax', 'Never stretch your ears without Gauge Gear! Read ingredient list below to see their effects']",237,"['title: GREAT PRODUCT! \ntext: Best stretching balm ive used.  Very good product, helps your ears heal while your in the stretching process.  I still use it even now, after I have stopped stretching.', 'title: Awesome! \ntext: This stuff is so awesome! Not only does it make stretching SOOO much easier but it also does wonders with healing. One of my ears got infected and this stuff wiped the infection away over night. I was a little worried about the small size at first but a little goes a long way. I bought mine a few weeks ago and use it twice a day and the jar is still pretty much full. I recommend this product to anyone.', 'title: Great \ntext: What a great product. Its really helped in the healing process. Whithout it starting up my first guages would have been much more painful. I would deffinatly buy from this seller again.']","The product is highly praised for its healing properties, particularly in the context of ear stretching. Users report that it aids in the healing process during and after stretching, with one user noting that it helped heal an ear infection overnight[0][1][2]. The balm is described as effective and long-lasting, with a small amount being sufficient for regular use[1]. Overall, users express satisfaction with the product's ability to ease pain and promote healing[0][1][2].",9.0
Does the gauge gear help with healing,"['LUBRICANT - Gauge Gear lubricates your skin while you stretch! Helps Insertion of Tapers and Plugs Double Flared/Oversized Plugs. Also perfect to restart a closed piercing with an earring', 'PIERCING AFTERCARE - Great for any new external piercing. Helps relieve the effects of a fresh piercing', 'ALL NATURAL INGREDIENTS - Jojoba Oil, Sweet Almond Oil, Tea Tree Oil, Wheat Germ Oil, Myrhh Oil and Beeswax', 'Never stretch your ears without Gauge Gear! Read ingredient list below to see their effects']",245,"['title: GREAT PRODUCT! \ntext: Best stretching balm ive used.  Very good product, helps your ears heal while your in the stretching process.  I still use it even now, after I have stopped stretching.', 'title: Great \ntext: The product did meet the expectations . I really loved it, made gauging sooo much easier, and organic oils made for clean healing . Highly Recommend it .', 'title: Awesome! \ntext: This product is fantastic. It makes the gauge healing process faster and less painful than when using other products like Vaseline. I would truly recommend this product to anyone who is stretching their ears and especially if you have sensitive ears or more scar tissue than normal. I absolutely love it!']","The product is highly praised for its healing properties, particularly in the context of ear stretching. Users report that it aids in the healing process during and after stretching, with one user noting that they continue to use it even after completing the stretching process due to its effectiveness [0]. The inclusion of organic oils is highlighted as beneficial for clean healing, making the gauging process easier [1]. Additionally, the product is noted for making the gauge healing process faster and less painful compared to alternatives like Vaseline, which is especially beneficial for those with sensitive ears or more scar tissue [2].",9.0
Does the gauge gear help with healing,"['LUBRICANT - Gauge Gear lubricates your skin while you stretch! Helps Insertion of Tapers and Plugs Double Flared/Oversized Plugs. Also perfect to restart a closed piercing with an earring', 'PIERCING AFTERCARE - Great for any new external piercing. Helps relieve the effects of a fresh piercing', 'ALL NATURAL INGREDIENTS - Jojoba Oil, Sweet Almond Oil, Tea Tree Oil, Wheat Germ Oil, Myrhh Oil and Beeswax', 'Never stretch your ears without Gauge Gear! Read ingredient list below to see their effects']",246,"['title: GREAT PRODUCT! \ntext: Best stretching balm ive used.  Very good product, helps your ears heal while your in the stretching process.  I still use it even now, after I have stopped stretching.', 'title: Great \ntext: The product did meet the expectations . I really loved it, made gauging sooo much easier, and organic oils made for clean healing . Highly Recommend it .', 'title: It really helped with the smell of stretching your ears ... \ntext: It really helped with the smell of stretching your ears and helped them heal faster. Because you heal faster you can go up sizes faster. It also helps with other cuts and minor abrasions in the healing process.']","The product is highly praised for its healing properties, particularly in the context of ear stretching. Users report that it aids in the healing process during and after stretching, making the transition smoother and more comfortable[0]. The inclusion of organic oils is noted for promoting clean healing, which is beneficial for those gauging their ears[1]. Additionally, the product is effective in reducing the smell associated with ear stretching and accelerates the healing process, allowing users to increase sizes more quickly. It is also useful for healing other cuts and minor abrasions[2].",9.0
Does the gauge gear help with healing,"['LUBRICANT - Gauge Gear lubricates your skin while you stretch! Helps Insertion of Tapers and Plugs Double Flared/Oversized Plugs. Also perfect to restart a closed piercing with an earring', 'PIERCING AFTERCARE - Great for any new external piercing. Helps relieve the effects of a fresh piercing', 'ALL NATURAL INGREDIENTS - Jojoba Oil, Sweet Almond Oil, Tea Tree Oil, Wheat Germ Oil, Myrhh Oil and Beeswax', 'Never stretch your ears without Gauge Gear! Read ingredient list below to see their effects']",247,"['title: GREAT PRODUCT! \ntext: Best stretching balm ive used.  Very good product, helps your ears heal while your in the stretching process.  I still use it even now, after I have stopped stretching.', 'title: Great \ntext: The product did meet the expectations . I really loved it, made gauging sooo much easier, and organic oils made for clean healing . Highly Recommend it .', 'title: Great \ntext: What a great product. Its really helped in the healing process. Whithout it starting up my first guages would have been much more painful. I would deffinatly buy from this seller again.']","The product is highly praised for its healing properties, particularly in the context of ear stretching. Users have noted that it aids in the healing process during and after stretching, making the experience less painful and more manageable. The inclusion of organic oils is highlighted as a factor that contributes to clean and effective healing, with users expressing satisfaction and a willingness to purchase the product again [0][1][2].",9.0
Does the gauge gear help with healing,"['LUBRICANT - Gauge Gear lubricates your skin while you stretch! Helps Insertion of Tapers and Plugs Double Flared/Oversized Plugs. Also perfect to restart a closed piercing with an earring', 'PIERCING AFTERCARE - Great for any new external piercing. Helps relieve the effects of a fresh piercing', 'ALL NATURAL INGREDIENTS - Jojoba Oil, Sweet Almond Oil, Tea Tree Oil, Wheat Germ Oil, Myrhh Oil and Beeswax', 'Never stretch your ears without Gauge Gear! Read ingredient list below to see their effects']",256,"['title: GREAT PRODUCT! \ntext: Best stretching balm ive used.  Very good product, helps your ears heal while your in the stretching process.  I still use it even now, after I have stopped stretching.', 'title: Awesome! \ntext: This product is fantastic. It makes the gauge healing process faster and less painful than when using other products like Vaseline. I would truly recommend this product to anyone who is stretching their ears and especially if you have sensitive ears or more scar tissue than normal. I absolutely love it!', 'title: It really helped with the smell of stretching your ears ... \ntext: It really helped with the smell of stretching your ears and helped them heal faster. Because you heal faster you can go up sizes faster. It also helps with other cuts and minor abrasions in the healing process.']","The product is highly praised for its healing properties, particularly in the context of ear stretching. Users report that it aids in the healing process, making it faster and less painful compared to other products like Vaseline, which is beneficial for those with sensitive ears or scar tissue [0][1]. Additionally, the balm not only helps with the healing of stretched ears but also with other cuts and minor abrasions, allowing users to increase sizes more quickly due to the accelerated healing [2].",9.0
Does the gauge gear help with healing,"['LUBRICANT - Gauge Gear lubricates your skin while you stretch! Helps Insertion of Tapers and Plugs Double Flared/Oversized Plugs. Also perfect to restart a closed piercing with an earring', 'PIERCING AFTERCARE - Great for any new external piercing. Helps relieve the effects of a fresh piercing', 'ALL NATURAL INGREDIENTS - Jojoba Oil, Sweet Almond Oil, Tea Tree Oil, Wheat Germ Oil, Myrhh Oil and Beeswax', 'Never stretch your ears without Gauge Gear! Read ingredient list below to see their effects']",257,"['title: GREAT PRODUCT! \ntext: Best stretching balm ive used.  Very good product, helps your ears heal while your in the stretching process.  I still use it even now, after I have stopped stretching.', 'title: Awesome! \ntext: This product is fantastic. It makes the gauge healing process faster and less painful than when using other products like Vaseline. I would truly recommend this product to anyone who is stretching their ears and especially if you have sensitive ears or more scar tissue than normal. I absolutely love it!', 'title: Great \ntext: What a great product. Its really helped in the healing process. Whithout it starting up my first guages would have been much more painful. I would deffinatly buy from this seller again.']","The product is highly praised for its healing properties, particularly in the context of ear stretching. Users report that it significantly aids in the healing process, making it faster and less painful compared to other products like Vaseline[0][1]. It is especially beneficial for those with sensitive ears or more scar tissue, as it helps alleviate discomfort during the stretching process[1]. Additionally, the balm continues to be useful even after the stretching process is complete, indicating its effectiveness in maintaining ear health[0]. Overall, users express high satisfaction with the product's ability to facilitate healing and reduce pain during ear stretching[2].",9.0
Does the gauge gear help with healing,"['LUBRICANT - Gauge Gear lubricates your skin while you stretch! Helps Insertion of Tapers and Plugs Double Flared/Oversized Plugs. Also perfect to restart a closed piercing with an earring', 'PIERCING AFTERCARE - Great for any new external piercing. Helps relieve the effects of a fresh piercing', 'ALL NATURAL INGREDIENTS - Jojoba Oil, Sweet Almond Oil, Tea Tree Oil, Wheat Germ Oil, Myrhh Oil and Beeswax', 'Never stretch your ears without Gauge Gear! Read ingredient list below to see their effects']",267,"['title: GREAT PRODUCT! \ntext: Best stretching balm ive used.  Very good product, helps your ears heal while your in the stretching process.  I still use it even now, after I have stopped stretching.', 'title: It really helped with the smell of stretching your ears ... \ntext: It really helped with the smell of stretching your ears and helped them heal faster. Because you heal faster you can go up sizes faster. It also helps with other cuts and minor abrasions in the healing process.', 'title: Great \ntext: What a great product. Its really helped in the healing process. Whithout it starting up my first guages would have been much more painful. I would deffinatly buy from this seller again.']","The product is highly praised for its healing properties, particularly in the context of ear stretching. Users report that it aids in the healing process, allowing for faster recovery and enabling them to increase sizes more quickly. Additionally, it is noted for its effectiveness in reducing the smell associated with ear stretching and is also beneficial for healing other cuts and minor abrasions. Overall, the product is considered essential for a less painful and more efficient stretching experience, with users expressing satisfaction and willingness to purchase again from the seller [0][1][2].",9.0
Does the gauge gear help with healing,"['LUBRICANT - Gauge Gear lubricates your skin while you stretch! Helps Insertion of Tapers and Plugs Double Flared/Oversized Plugs. Also perfect to restart a closed piercing with an earring', 'PIERCING AFTERCARE - Great for any new external piercing. Helps relieve the effects of a fresh piercing', 'ALL NATURAL INGREDIENTS - Jojoba Oil, Sweet Almond Oil, Tea Tree Oil, Wheat Germ Oil, Myrhh Oil and Beeswax', 'Never stretch your ears without Gauge Gear! Read ingredient list below to see their effects']",345,"['title: Awesome! \ntext: This stuff is so awesome! Not only does it make stretching SOOO much easier but it also does wonders with healing. One of my ears got infected and this stuff wiped the infection away over night. I was a little worried about the small size at first but a little goes a long way. I bought mine a few weeks ago and use it twice a day and the jar is still pretty much full. I recommend this product to anyone.', 'title: Great \ntext: The product did meet the expectations . I really loved it, made gauging sooo much easier, and organic oils made for clean healing . Highly Recommend it .', 'title: Awesome! \ntext: This product is fantastic. It makes the gauge healing process faster and less painful than when using other products like Vaseline. I would truly recommend this product to anyone who is stretching their ears and especially if you have sensitive ears or more scar tissue than normal. I absolutely love it!']","The product is praised for its healing properties, particularly in aiding the healing process of ear stretching and infections. One user reported that it effectively healed an ear infection overnight, highlighting its efficiency despite the small size of the container, which lasts a long time with regular use [0]. Another user noted that the organic oils in the product contribute to clean healing, making the gauging process easier [1]. Additionally, the product is said to speed up the gauge healing process and reduce pain compared to other products like Vaseline, making it suitable for those with sensitive ears or more scar tissue [2].",9.0
Does the gauge gear help with healing,"['LUBRICANT - Gauge Gear lubricates your skin while you stretch! Helps Insertion of Tapers and Plugs Double Flared/Oversized Plugs. Also perfect to restart a closed piercing with an earring', 'PIERCING AFTERCARE - Great for any new external piercing. Helps relieve the effects of a fresh piercing', 'ALL NATURAL INGREDIENTS - Jojoba Oil, Sweet Almond Oil, Tea Tree Oil, Wheat Germ Oil, Myrhh Oil and Beeswax', 'Never stretch your ears without Gauge Gear! Read ingredient list below to see their effects']",346,"['title: Awesome! \ntext: This stuff is so awesome! Not only does it make stretching SOOO much easier but it also does wonders with healing. One of my ears got infected and this stuff wiped the infection away over night. I was a little worried about the small size at first but a little goes a long way. I bought mine a few weeks ago and use it twice a day and the jar is still pretty much full. I recommend this product to anyone.', 'title: Great \ntext: The product did meet the expectations . I really loved it, made gauging sooo much easier, and organic oils made for clean healing . Highly Recommend it .', 'title: It really helped with the smell of stretching your ears ... \ntext: It really helped with the smell of stretching your ears and helped them heal faster. Because you heal faster you can go up sizes faster. It also helps with other cuts and minor abrasions in the healing process.']","The product is praised for its healing properties, particularly in aiding the healing of ear infections and making the process of stretching ears easier and cleaner. Users have reported that it effectively healed an ear infection overnight and facilitated faster healing of stretched ears, allowing for quicker size progression. Additionally, it is noted for helping with other cuts and minor abrasions, highlighting its versatility in promoting healing[0][1][2].",9.0
Does the gauge gear help with healing,"['LUBRICANT - Gauge Gear lubricates your skin while you stretch! Helps Insertion of Tapers and Plugs Double Flared/Oversized Plugs. Also perfect to restart a closed piercing with an earring', 'PIERCING AFTERCARE - Great for any new external piercing. Helps relieve the effects of a fresh piercing', 'ALL NATURAL INGREDIENTS - Jojoba Oil, Sweet Almond Oil, Tea Tree Oil, Wheat Germ Oil, Myrhh Oil and Beeswax', 'Never stretch your ears without Gauge Gear! Read ingredient list below to see their effects']",347,"['title: Awesome! \ntext: This stuff is so awesome! Not only does it make stretching SOOO much easier but it also does wonders with healing. One of my ears got infected and this stuff wiped the infection away over night. I was a little worried about the small size at first but a little goes a long way. I bought mine a few weeks ago and use it twice a day and the jar is still pretty much full. I recommend this product to anyone.', 'title: Great \ntext: The product did meet the expectations . I really loved it, made gauging sooo much easier, and organic oils made for clean healing . Highly Recommend it .', 'title: Great \ntext: What a great product. Its really helped in the healing process. Whithout it starting up my first guages would have been much more painful. I would deffinatly buy from this seller again.']","The product is highly praised for its healing properties, particularly in aiding the healing process of infections and making stretching and gauging easier. One user reported that it effectively cleared an ear infection overnight, highlighting its potent healing capabilities despite its small size, as a little goes a long way [0]. Another user appreciated the organic oils in the product, which contributed to clean healing, and recommended it highly [1]. Additionally, the product was noted for significantly easing the pain associated with starting gauges, further emphasizing its role in facilitating healing [2].",9.0
Does the gauge gear help with healing,"['LUBRICANT - Gauge Gear lubricates your skin while you stretch! Helps Insertion of Tapers and Plugs Double Flared/Oversized Plugs. Also perfect to restart a closed piercing with an earring', 'PIERCING AFTERCARE - Great for any new external piercing. Helps relieve the effects of a fresh piercing', 'ALL NATURAL INGREDIENTS - Jojoba Oil, Sweet Almond Oil, Tea Tree Oil, Wheat Germ Oil, Myrhh Oil and Beeswax', 'Never stretch your ears without Gauge Gear! Read ingredient list below to see their effects']",356,"['title: Awesome! \ntext: This stuff is so awesome! Not only does it make stretching SOOO much easier but it also does wonders with healing. One of my ears got infected and this stuff wiped the infection away over night. I was a little worried about the small size at first but a little goes a long way. I bought mine a few weeks ago and use it twice a day and the jar is still pretty much full. I recommend this product to anyone.', 'title: Awesome! \ntext: This product is fantastic. It makes the gauge healing process faster and less painful than when using other products like Vaseline. I would truly recommend this product to anyone who is stretching their ears and especially if you have sensitive ears or more scar tissue than normal. I absolutely love it!', 'title: It really helped with the smell of stretching your ears ... \ntext: It really helped with the smell of stretching your ears and helped them heal faster. Because you heal faster you can go up sizes faster. It also helps with other cuts and minor abrasions in the healing process.']","The product is highly praised for its healing properties, particularly in the context of ear stretching and infections. Users report that it effectively aids in healing infections overnight and accelerates the gauge healing process, making it less painful compared to other products like Vaseline. Additionally, it helps with the smell associated with ear stretching and allows for faster size progression due to quicker healing. The product is also noted for its efficacy in healing minor cuts and abrasions, making it a versatile option for those with sensitive skin or more scar tissue than usual [0][1][2].",9.0
Does the gauge gear help with healing,"['LUBRICANT - Gauge Gear lubricates your skin while you stretch! Helps Insertion of Tapers and Plugs Double Flared/Oversized Plugs. Also perfect to restart a closed piercing with an earring', 'PIERCING AFTERCARE - Great for any new external piercing. Helps relieve the effects of a fresh piercing', 'ALL NATURAL INGREDIENTS - Jojoba Oil, Sweet Almond Oil, Tea Tree Oil, Wheat Germ Oil, Myrhh Oil and Beeswax', 'Never stretch your ears without Gauge Gear! Read ingredient list below to see their effects']",357,"['title: Awesome! \ntext: This stuff is so awesome! Not only does it make stretching SOOO much easier but it also does wonders with healing. One of my ears got infected and this stuff wiped the infection away over night. I was a little worried about the small size at first but a little goes a long way. I bought mine a few weeks ago and use it twice a day and the jar is still pretty much full. I recommend this product to anyone.', 'title: Awesome! \ntext: This product is fantastic. It makes the gauge healing process faster and less painful than when using other products like Vaseline. I would truly recommend this product to anyone who is stretching their ears and especially if you have sensitive ears or more scar tissue than normal. I absolutely love it!', 'title: Great \ntext: What a great product. Its really helped in the healing process. Whithout it starting up my first guages would have been much more painful. I would deffinatly buy from this seller again.']","The product is highly praised for its healing properties, particularly in aiding the healing process of ear gauges. Users report that it effectively reduces pain and speeds up healing compared to other products like Vaseline, making it especially beneficial for those with sensitive ears or more scar tissue. One user noted that it helped clear an ear infection overnight, highlighting its efficacy in promoting healing. Despite initial concerns about the product's small size, users find that a little goes a long way, maintaining its effectiveness over time [0][1][2].",9.0
Does the gauge gear help with healing,"['LUBRICANT - Gauge Gear lubricates your skin while you stretch! Helps Insertion of Tapers and Plugs Double Flared/Oversized Plugs. Also perfect to restart a closed piercing with an earring', 'PIERCING AFTERCARE - Great for any new external piercing. Helps relieve the effects of a fresh piercing', 'ALL NATURAL INGREDIENTS - Jojoba Oil, Sweet Almond Oil, Tea Tree Oil, Wheat Germ Oil, Myrhh Oil and Beeswax', 'Never stretch your ears without Gauge Gear! Read ingredient list below to see their effects']",367,"['title: Awesome! \ntext: This stuff is so awesome! Not only does it make stretching SOOO much easier but it also does wonders with healing. One of my ears got infected and this stuff wiped the infection away over night. I was a little worried about the small size at first but a little goes a long way. I bought mine a few weeks ago and use it twice a day and the jar is still pretty much full. I recommend this product to anyone.', 'title: It really helped with the smell of stretching your ears ... \ntext: It really helped with the smell of stretching your ears and helped them heal faster. Because you heal faster you can go up sizes faster. It also helps with other cuts and minor abrasions in the healing process.', 'title: Great \ntext: What a great product. Its really helped in the healing process. Whithout it starting up my first guages would have been much more painful. I would deffinatly buy from this seller again.']","The product is highly praised for its healing properties, particularly in aiding the healing process of ear stretching and infections. Users have reported that it effectively reduces infection overnight and accelerates healing, allowing for quicker progression in ear stretching sizes. Additionally, it is noted to assist in healing minor cuts and abrasions, making it a versatile product for various healing needs. Despite initial concerns about the product's size, users find that a small amount is sufficient for prolonged use, enhancing its value and effectiveness [0][1][2].",9.0
Does the gauge gear help with healing,"['LUBRICANT - Gauge Gear lubricates your skin while you stretch! Helps Insertion of Tapers and Plugs Double Flared/Oversized Plugs. Also perfect to restart a closed piercing with an earring', 'PIERCING AFTERCARE - Great for any new external piercing. Helps relieve the effects of a fresh piercing', 'ALL NATURAL INGREDIENTS - Jojoba Oil, Sweet Almond Oil, Tea Tree Oil, Wheat Germ Oil, Myrhh Oil and Beeswax', 'Never stretch your ears without Gauge Gear! Read ingredient list below to see their effects']",456,"['title: Great \ntext: The product did meet the expectations . I really loved it, made gauging sooo much easier, and organic oils made for clean healing . Highly Recommend it .', 'title: Awesome! \ntext: This product is fantastic. It makes the gauge healing process faster and less painful than when using other products like Vaseline. I would truly recommend this product to anyone who is stretching their ears and especially if you have sensitive ears or more scar tissue than normal. I absolutely love it!', 'title: It really helped with the smell of stretching your ears ... \ntext: It really helped with the smell of stretching your ears and helped them heal faster. Because you heal faster you can go up sizes faster. It also helps with other cuts and minor abrasions in the healing process.']","The product is highly praised for its healing properties, particularly in the context of ear stretching. Users report that the inclusion of organic oils aids in clean healing, making the process of gauging easier and more efficient [0]. It is noted for accelerating the healing process and reducing pain compared to other products like Vaseline, making it suitable for individuals with sensitive ears or significant scar tissue [1]. Additionally, the product is effective in reducing odor associated with ear stretching and promotes faster healing, allowing for quicker progression to larger sizes. It is also beneficial for healing minor cuts and abrasions [2].",9.0
Does the gauge gear help with healing,"['LUBRICANT - Gauge Gear lubricates your skin while you stretch! Helps Insertion of Tapers and Plugs Double Flared/Oversized Plugs. Also perfect to restart a closed piercing with an earring', 'PIERCING AFTERCARE - Great for any new external piercing. Helps relieve the effects of a fresh piercing', 'ALL NATURAL INGREDIENTS - Jojoba Oil, Sweet Almond Oil, Tea Tree Oil, Wheat Germ Oil, Myrhh Oil and Beeswax', 'Never stretch your ears without Gauge Gear! Read ingredient list below to see their effects']",457,"['title: Great \ntext: The product did meet the expectations . I really loved it, made gauging sooo much easier, and organic oils made for clean healing . Highly Recommend it .', 'title: Awesome! \ntext: This product is fantastic. It makes the gauge healing process faster and less painful than when using other products like Vaseline. I would truly recommend this product to anyone who is stretching their ears and especially if you have sensitive ears or more scar tissue than normal. I absolutely love it!', 'title: Great \ntext: What a great product. Its really helped in the healing process. Whithout it starting up my first guages would have been much more painful. I would deffinatly buy from this seller again.']","The product is highly praised for its healing properties, particularly in the context of ear gauging. Users report that the inclusion of organic oils contributes to a clean healing process, making it easier and more effective than using alternatives like Vaseline[0][1]. The product is noted for accelerating the healing process and reducing pain, which is especially beneficial for individuals with sensitive ears or significant scar tissue[1]. Overall, the product is credited with significantly aiding the healing process during the initial stages of gauging, making it a recommended choice for users[2].",9.0
Does the gauge gear help with healing,"['LUBRICANT - Gauge Gear lubricates your skin while you stretch! Helps Insertion of Tapers and Plugs Double Flared/Oversized Plugs. Also perfect to restart a closed piercing with an earring', 'PIERCING AFTERCARE - Great for any new external piercing. Helps relieve the effects of a fresh piercing', 'ALL NATURAL INGREDIENTS - Jojoba Oil, Sweet Almond Oil, Tea Tree Oil, Wheat Germ Oil, Myrhh Oil and Beeswax', 'Never stretch your ears without Gauge Gear! Read ingredient list below to see their effects']",467,"['title: Great \ntext: The product did meet the expectations . I really loved it, made gauging sooo much easier, and organic oils made for clean healing . Highly Recommend it .', 'title: It really helped with the smell of stretching your ears ... \ntext: It really helped with the smell of stretching your ears and helped them heal faster. Because you heal faster you can go up sizes faster. It also helps with other cuts and minor abrasions in the healing process.', 'title: Great \ntext: What a great product. Its really helped in the healing process. Whithout it starting up my first guages would have been much more painful. I would deffinatly buy from this seller again.']","The product is highly praised for its healing properties, particularly in the context of ear stretching and gauging. Users have noted that the inclusion of organic oils contributes to a cleaner healing process, making it easier to manage and less painful[0]. Additionally, the product is effective in reducing the smell associated with ear stretching and accelerates the healing process, allowing users to increase sizes more quickly. It is also beneficial for healing other cuts and minor abrasions[1]. Overall, the product is considered essential for a smoother and less painful gauging experience, with users expressing a strong willingness to purchase it again[2].",9.0
Does the gauge gear help with healing,"['LUBRICANT - Gauge Gear lubricates your skin while you stretch! Helps Insertion of Tapers and Plugs Double Flared/Oversized Plugs. Also perfect to restart a closed piercing with an earring', 'PIERCING AFTERCARE - Great for any new external piercing. Helps relieve the effects of a fresh piercing', 'ALL NATURAL INGREDIENTS - Jojoba Oil, Sweet Almond Oil, Tea Tree Oil, Wheat Germ Oil, Myrhh Oil and Beeswax', 'Never stretch your ears without Gauge Gear! Read ingredient list below to see their effects']",567,"['title: Awesome! \ntext: This product is fantastic. It makes the gauge healing process faster and less painful than when using other products like Vaseline. I would truly recommend this product to anyone who is stretching their ears and especially if you have sensitive ears or more scar tissue than normal. I absolutely love it!', 'title: It really helped with the smell of stretching your ears ... \ntext: It really helped with the smell of stretching your ears and helped them heal faster. Because you heal faster you can go up sizes faster. It also helps with other cuts and minor abrasions in the healing process.', 'title: Great \ntext: What a great product. Its really helped in the healing process. Whithout it starting up my first guages would have been much more painful. I would deffinatly buy from this seller again.']","The product is highly praised for its healing properties, particularly in the context of ear stretching. Users report that it accelerates the healing process and reduces pain compared to other products like Vaseline, making it especially beneficial for those with sensitive ears or excess scar tissue [0]. Additionally, it helps mitigate the smell associated with ear stretching and facilitates faster size progression by promoting quicker healing. The product is also effective for other minor cuts and abrasions [1]. Overall, users find it significantly aids in the healing process, reducing pain and discomfort during initial gauge use [2].",9.0
Does the gauge gear help with healing,"['LUBRICANT - Gauge Gear lubricates your skin while you stretch! Helps Insertion of Tapers and Plugs Double Flared/Oversized Plugs. Also perfect to restart a closed piercing with an earring', 'PIERCING AFTERCARE - Great for any new external piercing. Helps relieve the effects of a fresh piercing', 'ALL NATURAL INGREDIENTS - Jojoba Oil, Sweet Almond Oil, Tea Tree Oil, Wheat Germ Oil, Myrhh Oil and Beeswax', 'Never stretch your ears without Gauge Gear! Read ingredient list below to see their effects']",0123,"[""title: Here it is \ntext: This product is amazing it helps my ear heal so fast after i've gauged it and its better than petroleum jelly"", 'title: Great Product \ntext: Helps my ear heal very quickly and makes the stretching process quite easy. Definitely would recommend this to anyone who is thinking about stretching', 'title: GREAT PRODUCT! \ntext: Best stretching balm ive used.  Very good product, helps your ears heal while your in the stretching process.  I still use it even now, after I have stopped stretching.', 'title: Awesome! \ntext: This stuff is so awesome! Not only does it make stretching SOOO much easier but it also does wonders with healing. One of my ears got infected and this stuff wiped the infection away over night. I was a little worried about the small size at first but a little goes a long way. I bought mine a few weeks ago and use it twice a day and the jar is still pretty much full. I recommend this product to anyone.']","The product is highly praised for its healing properties, particularly in aiding the healing process of ears after stretching. Users report that it helps ears heal quickly and effectively, even better than petroleum jelly, making the stretching process easier and more comfortable [0][1][2]. Additionally, it is noted for its ability to clear infections overnight, demonstrating its potent healing capabilities [3]. Overall, the product is recommended for anyone involved in ear stretching due to its effectiveness in promoting healing and preventing infections [0][1][2][3].",9.0
Does the gauge gear help with healing,"['LUBRICANT - Gauge Gear lubricates your skin while you stretch! Helps Insertion of Tapers and Plugs Double Flared/Oversized Plugs. Also perfect to restart a closed piercing with an earring', 'PIERCING AFTERCARE - Great for any new external piercing. Helps relieve the effects of a fresh piercing', 'ALL NATURAL INGREDIENTS - Jojoba Oil, Sweet Almond Oil, Tea Tree Oil, Wheat Germ Oil, Myrhh Oil and Beeswax', 'Never stretch your ears without Gauge Gear! Read ingredient list below to see their effects']",0124,"[""title: Here it is \ntext: This product is amazing it helps my ear heal so fast after i've gauged it and its better than petroleum jelly"", 'title: Great Product \ntext: Helps my ear heal very quickly and makes the stretching process quite easy. Definitely would recommend this to anyone who is thinking about stretching', 'title: GREAT PRODUCT! \ntext: Best stretching balm ive used.  Very good product, helps your ears heal while your in the stretching process.  I still use it even now, after I have stopped stretching.', 'title: Great \ntext: The product did meet the expectations . I really loved it, made gauging sooo much easier, and organic oils made for clean healing . Highly Recommend it .']","The product is highly praised for its healing properties, particularly in aiding the healing process of ears after gauging or stretching. Users report that it helps their ears heal quickly and effectively, outperforming alternatives like petroleum jelly[0][1]. The product is described as a very good stretching balm that continues to be useful even after the stretching process is complete, indicating its ongoing healing benefits[2]. Additionally, the inclusion of organic oils is noted for promoting clean healing, further enhancing its effectiveness[3].",9.0
Does the gauge gear help with healing,"['LUBRICANT - Gauge Gear lubricates your skin while you stretch! Helps Insertion of Tapers and Plugs Double Flared/Oversized Plugs. Also perfect to restart a closed piercing with an earring', 'PIERCING AFTERCARE - Great for any new external piercing. Helps relieve the effects of a fresh piercing', 'ALL NATURAL INGREDIENTS - Jojoba Oil, Sweet Almond Oil, Tea Tree Oil, Wheat Germ Oil, Myrhh Oil and Beeswax', 'Never stretch your ears without Gauge Gear! Read ingredient list below to see their effects']",0125,"[""title: Here it is \ntext: This product is amazing it helps my ear heal so fast after i've gauged it and its better than petroleum jelly"", 'title: Great Product \ntext: Helps my ear heal very quickly and makes the stretching process quite easy. Definitely would recommend this to anyone who is thinking about stretching', 'title: GREAT PRODUCT! \ntext: Best stretching balm ive used.  Very good product, helps your ears heal while your in the stretching process.  I still use it even now, after I have stopped stretching.', 'title: Awesome! \ntext: This product is fantastic. It makes the gauge healing process faster and less painful than when using other products like Vaseline. I would truly recommend this product to anyone who is stretching their ears and especially if you have sensitive ears or more scar tissue than normal. I absolutely love it!']","The product is highly praised for its healing properties, particularly in aiding the healing process of stretched ears. Users report that it helps their ears heal quickly and effectively, making the stretching process easier and less painful compared to using other products like petroleum jelly or Vaseline. It is recommended for those with sensitive ears or more scar tissue, as it provides a superior healing experience during and after the stretching process [0][1][2][3].",9.0
Does the gauge gear help with healing,"['LUBRICANT - Gauge Gear lubricates your skin while you stretch! Helps Insertion of Tapers and Plugs Double Flared/Oversized Plugs. Also perfect to restart a closed piercing with an earring', 'PIERCING AFTERCARE - Great for any new external piercing. Helps relieve the effects of a fresh piercing', 'ALL NATURAL INGREDIENTS - Jojoba Oil, Sweet Almond Oil, Tea Tree Oil, Wheat Germ Oil, Myrhh Oil and Beeswax', 'Never stretch your ears without Gauge Gear! Read ingredient list below to see their effects']",0126,"[""title: Here it is \ntext: This product is amazing it helps my ear heal so fast after i've gauged it and its better than petroleum jelly"", 'title: Great Product \ntext: Helps my ear heal very quickly and makes the stretching process quite easy. Definitely would recommend this to anyone who is thinking about stretching', 'title: GREAT PRODUCT! \ntext: Best stretching balm ive used.  Very good product, helps your ears heal while your in the stretching process.  I still use it even now, after I have stopped stretching.', 'title: It really helped with the smell of stretching your ears ... \ntext: It really helped with the smell of stretching your ears and helped them heal faster. Because you heal faster you can go up sizes faster. It also helps with other cuts and minor abrasions in the healing process.']","The product is highly praised for its healing properties, particularly in aiding the healing process of stretched ears. Users report that it helps their ears heal quickly after gauging, making it more effective than petroleum jelly [0]. It is recommended for those undergoing the ear stretching process as it facilitates faster healing and makes the process easier [1]. The balm is noted for its effectiveness in healing during and after the stretching process, with users continuing to use it even after they have stopped stretching [2]. Additionally, the product is beneficial in reducing the smell associated with ear stretching and accelerates healing, allowing users to increase sizes more rapidly. It is also effective for healing other cuts and minor abrasions [3].",9.0
Does the gauge gear help with healing,"['LUBRICANT - Gauge Gear lubricates your skin while you stretch! Helps Insertion of Tapers and Plugs Double Flared/Oversized Plugs. Also perfect to restart a closed piercing with an earring', 'PIERCING AFTERCARE - Great for any new external piercing. Helps relieve the effects of a fresh piercing', 'ALL NATURAL INGREDIENTS - Jojoba Oil, Sweet Almond Oil, Tea Tree Oil, Wheat Germ Oil, Myrhh Oil and Beeswax', 'Never stretch your ears without Gauge Gear! Read ingredient list below to see their effects']",0127,"[""title: Here it is \ntext: This product is amazing it helps my ear heal so fast after i've gauged it and its better than petroleum jelly"", 'title: Great Product \ntext: Helps my ear heal very quickly and makes the stretching process quite easy. Definitely would recommend this to anyone who is thinking about stretching', 'title: GREAT PRODUCT! \ntext: Best stretching balm ive used.  Very good product, helps your ears heal while your in the stretching process.  I still use it even now, after I have stopped stretching.', 'title: Great \ntext: What a great product. Its really helped in the healing process. Whithout it starting up my first guages would have been much more painful. I would deffinatly buy from this seller again.']","The product is highly praised for its healing properties, particularly in aiding the healing process of ears after gauging or stretching. Users report that it helps their ears heal quickly and effectively, making the stretching process easier and less painful compared to using petroleum jelly. Many recommend it for anyone considering ear stretching, noting its continued usefulness even after the stretching process is complete [0][1][2][3].",9.0
Does the gauge gear help with healing,"['LUBRICANT - Gauge Gear lubricates your skin while you stretch! Helps Insertion of Tapers and Plugs Double Flared/Oversized Plugs. Also perfect to restart a closed piercing with an earring', 'PIERCING AFTERCARE - Great for any new external piercing. Helps relieve the effects of a fresh piercing', 'ALL NATURAL INGREDIENTS - Jojoba Oil, Sweet Almond Oil, Tea Tree Oil, Wheat Germ Oil, Myrhh Oil and Beeswax', 'Never stretch your ears without Gauge Gear! Read ingredient list below to see their effects']",0134,"[""title: Here it is \ntext: This product is amazing it helps my ear heal so fast after i've gauged it and its better than petroleum jelly"", 'title: Great Product \ntext: Helps my ear heal very quickly and makes the stretching process quite easy. Definitely would recommend this to anyone who is thinking about stretching', 'title: Awesome! \ntext: This stuff is so awesome! Not only does it make stretching SOOO much easier but it also does wonders with healing. One of my ears got infected and this stuff wiped the infection away over night. I was a little worried about the small size at first but a little goes a long way. I bought mine a few weeks ago and use it twice a day and the jar is still pretty much full. I recommend this product to anyone.', 'title: Great \ntext: The product did meet the expectations . I really loved it, made gauging sooo much easier, and organic oils made for clean healing . Highly Recommend it .']","The product is highly praised for its healing properties, particularly in aiding the healing process of ears after gauging. Users report that it helps their ears heal quickly and effectively, surpassing the performance of petroleum jelly [0][1]. Additionally, the product is noted for its ability to ease the stretching process and even combat infections, with one user mentioning that it cleared an ear infection overnight [2]. The inclusion of organic oils is highlighted as contributing to clean healing, making the product a recommended choice for those involved in ear stretching [3].",9.0
Does the gauge gear help with healing,"['LUBRICANT - Gauge Gear lubricates your skin while you stretch! Helps Insertion of Tapers and Plugs Double Flared/Oversized Plugs. Also perfect to restart a closed piercing with an earring', 'PIERCING AFTERCARE - Great for any new external piercing. Helps relieve the effects of a fresh piercing', 'ALL NATURAL INGREDIENTS - Jojoba Oil, Sweet Almond Oil, Tea Tree Oil, Wheat Germ Oil, Myrhh Oil and Beeswax', 'Never stretch your ears without Gauge Gear! Read ingredient list below to see their effects']",0135,"[""title: Here it is \ntext: This product is amazing it helps my ear heal so fast after i've gauged it and its better than petroleum jelly"", 'title: Great Product \ntext: Helps my ear heal very quickly and makes the stretching process quite easy. Definitely would recommend this to anyone who is thinking about stretching', 'title: Awesome! \ntext: This stuff is so awesome! Not only does it make stretching SOOO much easier but it also does wonders with healing. One of my ears got infected and this stuff wiped the infection away over night. I was a little worried about the small size at first but a little goes a long way. I bought mine a few weeks ago and use it twice a day and the jar is still pretty much full. I recommend this product to anyone.', 'title: Awesome! \ntext: This product is fantastic. It makes the gauge healing process faster and less painful than when using other products like Vaseline. I would truly recommend this product to anyone who is stretching their ears and especially if you have sensitive ears or more scar tissue than normal. I absolutely love it!']","The product is highly praised for its healing properties, particularly in aiding the healing process of stretched ears. Users report that it helps their ears heal quickly after gauging, outperforming alternatives like petroleum jelly and Vaseline [0][3]. It is noted for making the stretching process easier and less painful, which is beneficial for those with sensitive ears or more scar tissue [1][3]. Additionally, the product is effective in treating infections, with one user experiencing a significant improvement overnight [2]. Overall, the product is recommended for its efficiency in promoting healing and ease of use during ear stretching [0][1][2][3].",9.0
Does the gauge gear help with healing,"['LUBRICANT - Gauge Gear lubricates your skin while you stretch! Helps Insertion of Tapers and Plugs Double Flared/Oversized Plugs. Also perfect to restart a closed piercing with an earring', 'PIERCING AFTERCARE - Great for any new external piercing. Helps relieve the effects of a fresh piercing', 'ALL NATURAL INGREDIENTS - Jojoba Oil, Sweet Almond Oil, Tea Tree Oil, Wheat Germ Oil, Myrhh Oil and Beeswax', 'Never stretch your ears without Gauge Gear! Read ingredient list below to see their effects']",0136,"[""title: Here it is \ntext: This product is amazing it helps my ear heal so fast after i've gauged it and its better than petroleum jelly"", 'title: Great Product \ntext: Helps my ear heal very quickly and makes the stretching process quite easy. Definitely would recommend this to anyone who is thinking about stretching', 'title: Awesome! \ntext: This stuff is so awesome! Not only does it make stretching SOOO much easier but it also does wonders with healing. One of my ears got infected and this stuff wiped the infection away over night. I was a little worried about the small size at first but a little goes a long way. I bought mine a few weeks ago and use it twice a day and the jar is still pretty much full. I recommend this product to anyone.', 'title: It really helped with the smell of stretching your ears ... \ntext: It really helped with the smell of stretching your ears and helped them heal faster. Because you heal faster you can go up sizes faster. It also helps with other cuts and minor abrasions in the healing process.']","The product is highly praised for its healing properties, particularly in aiding the healing process of stretched ears. Users report that it helps their ears heal quickly after gauging, outperforming alternatives like petroleum jelly [0]. It is noted for making the stretching process easier and is recommended for those considering ear stretching due to its effectiveness in promoting fast healing [1]. Additionally, the product is credited with resolving infections overnight, demonstrating its potent healing capabilities [2]. It also assists in reducing the smell associated with ear stretching and accelerates the healing of cuts and minor abrasions, allowing users to increase sizes more rapidly [3].",9.0
Does the gauge gear help with healing,"['LUBRICANT - Gauge Gear lubricates your skin while you stretch! Helps Insertion of Tapers and Plugs Double Flared/Oversized Plugs. Also perfect to restart a closed piercing with an earring', 'PIERCING AFTERCARE - Great for any new external piercing. Helps relieve the effects of a fresh piercing', 'ALL NATURAL INGREDIENTS - Jojoba Oil, Sweet Almond Oil, Tea Tree Oil, Wheat Germ Oil, Myrhh Oil and Beeswax', 'Never stretch your ears without Gauge Gear! Read ingredient list below to see their effects']",0137,"[""title: Here it is \ntext: This product is amazing it helps my ear heal so fast after i've gauged it and its better than petroleum jelly"", 'title: Great Product \ntext: Helps my ear heal very quickly and makes the stretching process quite easy. Definitely would recommend this to anyone who is thinking about stretching', 'title: Awesome! \ntext: This stuff is so awesome! Not only does it make stretching SOOO much easier but it also does wonders with healing. One of my ears got infected and this stuff wiped the infection away over night. I was a little worried about the small size at first but a little goes a long way. I bought mine a few weeks ago and use it twice a day and the jar is still pretty much full. I recommend this product to anyone.', 'title: Great \ntext: What a great product. Its really helped in the healing process. Whithout it starting up my first guages would have been much more painful. I would deffinatly buy from this seller again.']","The product is highly praised for its healing properties, particularly in aiding the healing process after ear stretching. Users report that it helps their ears heal quickly and effectively, even better than petroleum jelly, making the stretching process easier and less painful[0][1][2][3]. One user noted that the product was effective in treating an ear infection overnight, highlighting its potent healing capabilities[2]. Despite initial concerns about the product's small size, users found that a little goes a long way, making it a cost-effective solution for ear care[2]. Overall, the product is recommended for its ability to facilitate healing and ease the discomfort associated with ear stretching[0][1][2][3].",9.0
Does the gauge gear help with healing,"['LUBRICANT - Gauge Gear lubricates your skin while you stretch! Helps Insertion of Tapers and Plugs Double Flared/Oversized Plugs. Also perfect to restart a closed piercing with an earring', 'PIERCING AFTERCARE - Great for any new external piercing. Helps relieve the effects of a fresh piercing', 'ALL NATURAL INGREDIENTS - Jojoba Oil, Sweet Almond Oil, Tea Tree Oil, Wheat Germ Oil, Myrhh Oil and Beeswax', 'Never stretch your ears without Gauge Gear! Read ingredient list below to see their effects']",0145,"[""title: Here it is \ntext: This product is amazing it helps my ear heal so fast after i've gauged it and its better than petroleum jelly"", 'title: Great Product \ntext: Helps my ear heal very quickly and makes the stretching process quite easy. Definitely would recommend this to anyone who is thinking about stretching', 'title: Great \ntext: The product did meet the expectations . I really loved it, made gauging sooo much easier, and organic oils made for clean healing . Highly Recommend it .', 'title: Awesome! \ntext: This product is fantastic. It makes the gauge healing process faster and less painful than when using other products like Vaseline. I would truly recommend this product to anyone who is stretching their ears and especially if you have sensitive ears or more scar tissue than normal. I absolutely love it!']","The product is highly praised for its healing properties, particularly in aiding the healing process of gauged ears. Users report that it helps their ears heal quickly and effectively, making the stretching process easier and less painful compared to using other products like petroleum jelly or Vaseline. The inclusion of organic oils is noted to contribute to a clean healing process, making it a recommended choice for those with sensitive ears or more scar tissue than usual. Overall, the product is recommended for anyone considering ear stretching due to its superior healing benefits [0][1][2][3].",9.0
Does the gauge gear help with healing,"['LUBRICANT - Gauge Gear lubricates your skin while you stretch! Helps Insertion of Tapers and Plugs Double Flared/Oversized Plugs. Also perfect to restart a closed piercing with an earring', 'PIERCING AFTERCARE - Great for any new external piercing. Helps relieve the effects of a fresh piercing', 'ALL NATURAL INGREDIENTS - Jojoba Oil, Sweet Almond Oil, Tea Tree Oil, Wheat Germ Oil, Myrhh Oil and Beeswax', 'Never stretch your ears without Gauge Gear! Read ingredient list below to see their effects']",0146,"[""title: Here it is \ntext: This product is amazing it helps my ear heal so fast after i've gauged it and its better than petroleum jelly"", 'title: Great Product \ntext: Helps my ear heal very quickly and makes the stretching process quite easy. Definitely would recommend this to anyone who is thinking about stretching', 'title: Great \ntext: The product did meet the expectations . I really loved it, made gauging sooo much easier, and organic oils made for clean healing . Highly Recommend it .', 'title: It really helped with the smell of stretching your ears ... \ntext: It really helped with the smell of stretching your ears and helped them heal faster. Because you heal faster you can go up sizes faster. It also helps with other cuts and minor abrasions in the healing process.']","The product is highly praised for its healing properties, particularly in aiding the healing process of stretched ears. Users report that it helps their ears heal quickly after gauging, making it more effective than petroleum jelly [0]. The product is recommended for its ability to facilitate the stretching process by promoting fast healing [1]. It is noted for meeting expectations and utilizing organic oils that contribute to clean healing [2]. Additionally, the product is effective in reducing the smell associated with ear stretching and accelerates the healing process, allowing users to increase sizes more rapidly. It is also beneficial for healing other cuts and minor abrasions [3].",9.0
Does the gauge gear help with healing,"['LUBRICANT - Gauge Gear lubricates your skin while you stretch! Helps Insertion of Tapers and Plugs Double Flared/Oversized Plugs. Also perfect to restart a closed piercing with an earring', 'PIERCING AFTERCARE - Great for any new external piercing. Helps relieve the effects of a fresh piercing', 'ALL NATURAL INGREDIENTS - Jojoba Oil, Sweet Almond Oil, Tea Tree Oil, Wheat Germ Oil, Myrhh Oil and Beeswax', 'Never stretch your ears without Gauge Gear! Read ingredient list below to see their effects']",0147,"[""title: Here it is \ntext: This product is amazing it helps my ear heal so fast after i've gauged it and its better than petroleum jelly"", 'title: Great Product \ntext: Helps my ear heal very quickly and makes the stretching process quite easy. Definitely would recommend this to anyone who is thinking about stretching', 'title: Great \ntext: The product did meet the expectations . I really loved it, made gauging sooo much easier, and organic oils made for clean healing . Highly Recommend it .', 'title: Great \ntext: What a great product. Its really helped in the healing process. Whithout it starting up my first guages would have been much more painful. I would deffinatly buy from this seller again.']","The product is highly praised for its healing properties, particularly in aiding the healing process of ears after gauging. Users report that it helps their ears heal quickly and effectively, making the stretching process easier and less painful compared to using petroleum jelly[0][1][2][3]. The inclusion of organic oils is noted to contribute to clean healing, further enhancing the product's effectiveness[2]. Overall, users highly recommend the product for its ability to facilitate a smooth and efficient healing process[1][3].",9.0
Does the gauge gear help with healing,"['LUBRICANT - Gauge Gear lubricates your skin while you stretch! Helps Insertion of Tapers and Plugs Double Flared/Oversized Plugs. Also perfect to restart a closed piercing with an earring', 'PIERCING AFTERCARE - Great for any new external piercing. Helps relieve the effects of a fresh piercing', 'ALL NATURAL INGREDIENTS - Jojoba Oil, Sweet Almond Oil, Tea Tree Oil, Wheat Germ Oil, Myrhh Oil and Beeswax', 'Never stretch your ears without Gauge Gear! Read ingredient list below to see their effects']",0156,"[""title: Here it is \ntext: This product is amazing it helps my ear heal so fast after i've gauged it and its better than petroleum jelly"", 'title: Great Product \ntext: Helps my ear heal very quickly and makes the stretching process quite easy. Definitely would recommend this to anyone who is thinking about stretching', 'title: Awesome! \ntext: This product is fantastic. It makes the gauge healing process faster and less painful than when using other products like Vaseline. I would truly recommend this product to anyone who is stretching their ears and especially if you have sensitive ears or more scar tissue than normal. I absolutely love it!', 'title: It really helped with the smell of stretching your ears ... \ntext: It really helped with the smell of stretching your ears and helped them heal faster. Because you heal faster you can go up sizes faster. It also helps with other cuts and minor abrasions in the healing process.']","The product is highly praised for its healing properties, particularly in aiding the healing process of stretched ears. Users report that it helps their ears heal quickly after gauging, making it more effective than petroleum jelly or Vaseline [0][2]. The product is also noted for making the stretching process easier and less painful, which is beneficial for those with sensitive ears or more scar tissue [1][2]. Additionally, it helps with the smell associated with ear stretching and can be used for other cuts and minor abrasions, promoting faster healing and allowing users to increase gauge sizes more rapidly [3].",9.0
Does the gauge gear help with healing,"['LUBRICANT - Gauge Gear lubricates your skin while you stretch! Helps Insertion of Tapers and Plugs Double Flared/Oversized Plugs. Also perfect to restart a closed piercing with an earring', 'PIERCING AFTERCARE - Great for any new external piercing. Helps relieve the effects of a fresh piercing', 'ALL NATURAL INGREDIENTS - Jojoba Oil, Sweet Almond Oil, Tea Tree Oil, Wheat Germ Oil, Myrhh Oil and Beeswax', 'Never stretch your ears without Gauge Gear! Read ingredient list below to see their effects']",0157,"[""title: Here it is \ntext: This product is amazing it helps my ear heal so fast after i've gauged it and its better than petroleum jelly"", 'title: Great Product \ntext: Helps my ear heal very quickly and makes the stretching process quite easy. Definitely would recommend this to anyone who is thinking about stretching', 'title: Awesome! \ntext: This product is fantastic. It makes the gauge healing process faster and less painful than when using other products like Vaseline. I would truly recommend this product to anyone who is stretching their ears and especially if you have sensitive ears or more scar tissue than normal. I absolutely love it!', 'title: Great \ntext: What a great product. Its really helped in the healing process. Whithout it starting up my first guages would have been much more painful. I would deffinatly buy from this seller again.']","The product is highly praised for its healing properties, particularly in aiding the healing process after ear gauging. Users report that it helps their ears heal quickly and effectively, making the stretching process easier and less painful compared to using other products like petroleum jelly or Vaseline [0][1][2][3]. Additionally, it is recommended for individuals with sensitive ears or those with more scar tissue, as it appears to facilitate a smoother healing experience [2]. Overall, the product is well-received for its effectiveness in promoting faster healing and reducing discomfort during ear stretching [0][1][2][3].",9.0
Does the gauge gear help with healing,"['LUBRICANT - Gauge Gear lubricates your skin while you stretch! Helps Insertion of Tapers and Plugs Double Flared/Oversized Plugs. Also perfect to restart a closed piercing with an earring', 'PIERCING AFTERCARE - Great for any new external piercing. Helps relieve the effects of a fresh piercing', 'ALL NATURAL INGREDIENTS - Jojoba Oil, Sweet Almond Oil, Tea Tree Oil, Wheat Germ Oil, Myrhh Oil and Beeswax', 'Never stretch your ears without Gauge Gear! Read ingredient list below to see their effects']",0167,"[""title: Here it is \ntext: This product is amazing it helps my ear heal so fast after i've gauged it and its better than petroleum jelly"", 'title: Great Product \ntext: Helps my ear heal very quickly and makes the stretching process quite easy. Definitely would recommend this to anyone who is thinking about stretching', 'title: It really helped with the smell of stretching your ears ... \ntext: It really helped with the smell of stretching your ears and helped them heal faster. Because you heal faster you can go up sizes faster. It also helps with other cuts and minor abrasions in the healing process.', 'title: Great \ntext: What a great product. Its really helped in the healing process. Whithout it starting up my first guages would have been much more painful. I would deffinatly buy from this seller again.']","The product is highly praised for its healing properties, particularly in aiding the healing process of stretched ears. Users report that it helps their ears heal quickly after gauging, making it more effective than petroleum jelly [0]. It facilitates a faster healing process, which in turn allows for quicker progression to larger sizes during ear stretching [1][2]. Additionally, the product is noted for reducing the smell associated with ear stretching and is also effective in healing other minor cuts and abrasions [2]. Overall, users find it essential for reducing pain and discomfort during the initial stages of ear gauging [3].",9.0
Does the gauge gear help with healing,"['LUBRICANT - Gauge Gear lubricates your skin while you stretch! Helps Insertion of Tapers and Plugs Double Flared/Oversized Plugs. Also perfect to restart a closed piercing with an earring', 'PIERCING AFTERCARE - Great for any new external piercing. Helps relieve the effects of a fresh piercing', 'ALL NATURAL INGREDIENTS - Jojoba Oil, Sweet Almond Oil, Tea Tree Oil, Wheat Germ Oil, Myrhh Oil and Beeswax', 'Never stretch your ears without Gauge Gear! Read ingredient list below to see their effects']",0234,"[""title: Here it is \ntext: This product is amazing it helps my ear heal so fast after i've gauged it and its better than petroleum jelly"", 'title: GREAT PRODUCT! \ntext: Best stretching balm ive used.  Very good product, helps your ears heal while your in the stretching process.  I still use it even now, after I have stopped stretching.', 'title: Awesome! \ntext: This stuff is so awesome! Not only does it make stretching SOOO much easier but it also does wonders with healing. One of my ears got infected and this stuff wiped the infection away over night. I was a little worried about the small size at first but a little goes a long way. I bought mine a few weeks ago and use it twice a day and the jar is still pretty much full. I recommend this product to anyone.', 'title: Great \ntext: The product did meet the expectations . I really loved it, made gauging sooo much easier, and organic oils made for clean healing . Highly Recommend it .']","The product is highly praised for its healing properties, particularly in aiding the healing process after ear stretching. Users report that it helps ears heal quickly and effectively, even outperforming petroleum jelly in this regard [0]. It is noted for being an excellent stretching balm that continues to be beneficial even after the stretching process is complete [1]. Additionally, the product is effective in treating infections, with one user experiencing a significant reduction in infection overnight [2]. The inclusion of organic oils is highlighted as contributing to clean healing, making the product highly recommended [3].",9.0
Does the gauge gear help with healing,"['LUBRICANT - Gauge Gear lubricates your skin while you stretch! Helps Insertion of Tapers and Plugs Double Flared/Oversized Plugs. Also perfect to restart a closed piercing with an earring', 'PIERCING AFTERCARE - Great for any new external piercing. Helps relieve the effects of a fresh piercing', 'ALL NATURAL INGREDIENTS - Jojoba Oil, Sweet Almond Oil, Tea Tree Oil, Wheat Germ Oil, Myrhh Oil and Beeswax', 'Never stretch your ears without Gauge Gear! Read ingredient list below to see their effects']",0235,"[""title: Here it is \ntext: This product is amazing it helps my ear heal so fast after i've gauged it and its better than petroleum jelly"", 'title: GREAT PRODUCT! \ntext: Best stretching balm ive used.  Very good product, helps your ears heal while your in the stretching process.  I still use it even now, after I have stopped stretching.', 'title: Awesome! \ntext: This stuff is so awesome! Not only does it make stretching SOOO much easier but it also does wonders with healing. One of my ears got infected and this stuff wiped the infection away over night. I was a little worried about the small size at first but a little goes a long way. I bought mine a few weeks ago and use it twice a day and the jar is still pretty much full. I recommend this product to anyone.', 'title: Awesome! \ntext: This product is fantastic. It makes the gauge healing process faster and less painful than when using other products like Vaseline. I would truly recommend this product to anyone who is stretching their ears and especially if you have sensitive ears or more scar tissue than normal. I absolutely love it!']","The product is highly praised for its healing properties, particularly in aiding the healing process of stretched ears. Users have noted that it helps ears heal quickly after gauging, outperforming alternatives like petroleum jelly [0]. It is described as an excellent stretching balm that facilitates healing during the stretching process and continues to be beneficial even after stretching has stopped [1]. Additionally, the product is effective in treating infections, with one user reporting that it cleared an ear infection overnight [2]. The product is also noted for making the healing process faster and less painful, especially for those with sensitive ears or more scar tissue [3].",9.0
Does the gauge gear help with healing,"['LUBRICANT - Gauge Gear lubricates your skin while you stretch! Helps Insertion of Tapers and Plugs Double Flared/Oversized Plugs. Also perfect to restart a closed piercing with an earring', 'PIERCING AFTERCARE - Great for any new external piercing. Helps relieve the effects of a fresh piercing', 'ALL NATURAL INGREDIENTS - Jojoba Oil, Sweet Almond Oil, Tea Tree Oil, Wheat Germ Oil, Myrhh Oil and Beeswax', 'Never stretch your ears without Gauge Gear! Read ingredient list below to see their effects']",0236,"[""title: Here it is \ntext: This product is amazing it helps my ear heal so fast after i've gauged it and its better than petroleum jelly"", 'title: GREAT PRODUCT! \ntext: Best stretching balm ive used.  Very good product, helps your ears heal while your in the stretching process.  I still use it even now, after I have stopped stretching.', 'title: Awesome! \ntext: This stuff is so awesome! Not only does it make stretching SOOO much easier but it also does wonders with healing. One of my ears got infected and this stuff wiped the infection away over night. I was a little worried about the small size at first but a little goes a long way. I bought mine a few weeks ago and use it twice a day and the jar is still pretty much full. I recommend this product to anyone.', 'title: It really helped with the smell of stretching your ears ... \ntext: It really helped with the smell of stretching your ears and helped them heal faster. Because you heal faster you can go up sizes faster. It also helps with other cuts and minor abrasions in the healing process.']","The product is highly praised for its healing properties, particularly in aiding the healing process of stretched ears. Users report that it helps ears heal quickly after gauging, outperforming petroleum jelly in effectiveness [0]. It is noted as the best stretching balm, assisting in healing during the stretching process and continuing to be beneficial even after stretching has stopped [1]. The product is also effective in treating infections, with one user experiencing overnight relief from an ear infection [2]. Additionally, it helps with the smell associated with ear stretching and accelerates the healing process, allowing for faster size increases. It is also useful for healing other cuts and minor abrasions [3].",9.0
Does the gauge gear help with healing,"['LUBRICANT - Gauge Gear lubricates your skin while you stretch! Helps Insertion of Tapers and Plugs Double Flared/Oversized Plugs. Also perfect to restart a closed piercing with an earring', 'PIERCING AFTERCARE - Great for any new external piercing. Helps relieve the effects of a fresh piercing', 'ALL NATURAL INGREDIENTS - Jojoba Oil, Sweet Almond Oil, Tea Tree Oil, Wheat Germ Oil, Myrhh Oil and Beeswax', 'Never stretch your ears without Gauge Gear! Read ingredient list below to see their effects']",0237,"[""title: Here it is \ntext: This product is amazing it helps my ear heal so fast after i've gauged it and its better than petroleum jelly"", 'title: GREAT PRODUCT! \ntext: Best stretching balm ive used.  Very good product, helps your ears heal while your in the stretching process.  I still use it even now, after I have stopped stretching.', 'title: Awesome! \ntext: This stuff is so awesome! Not only does it make stretching SOOO much easier but it also does wonders with healing. One of my ears got infected and this stuff wiped the infection away over night. I was a little worried about the small size at first but a little goes a long way. I bought mine a few weeks ago and use it twice a day and the jar is still pretty much full. I recommend this product to anyone.', 'title: Great \ntext: What a great product. Its really helped in the healing process. Whithout it starting up my first guages would have been much more painful. I would deffinatly buy from this seller again.']","The product is highly praised for its healing properties, particularly in aiding the healing process of ears after gauging. Users have noted that it is more effective than petroleum jelly in promoting fast healing [0]. It is described as the best stretching balm, helping ears heal during the stretching process and even after stretching has stopped [1]. Additionally, the product is effective in treating infections, with one user reporting that it cleared an ear infection overnight [2]. Despite concerns about its small size, users find that a little goes a long way, making it a worthwhile purchase [2]. Overall, the product significantly aids in the healing process, reducing pain and discomfort associated with ear gauging [3].",9.0
Does the gauge gear help with healing,"['LUBRICANT - Gauge Gear lubricates your skin while you stretch! Helps Insertion of Tapers and Plugs Double Flared/Oversized Plugs. Also perfect to restart a closed piercing with an earring', 'PIERCING AFTERCARE - Great for any new external piercing. Helps relieve the effects of a fresh piercing', 'ALL NATURAL INGREDIENTS - Jojoba Oil, Sweet Almond Oil, Tea Tree Oil, Wheat Germ Oil, Myrhh Oil and Beeswax', 'Never stretch your ears without Gauge Gear! Read ingredient list below to see their effects']",0245,"[""title: Here it is \ntext: This product is amazing it helps my ear heal so fast after i've gauged it and its better than petroleum jelly"", 'title: GREAT PRODUCT! \ntext: Best stretching balm ive used.  Very good product, helps your ears heal while your in the stretching process.  I still use it even now, after I have stopped stretching.', 'title: Great \ntext: The product did meet the expectations . I really loved it, made gauging sooo much easier, and organic oils made for clean healing . Highly Recommend it .', 'title: Awesome! \ntext: This product is fantastic. It makes the gauge healing process faster and less painful than when using other products like Vaseline. I would truly recommend this product to anyone who is stretching their ears and especially if you have sensitive ears or more scar tissue than normal. I absolutely love it!']","The product is highly praised for its healing properties, particularly in aiding the healing process of gauged ears. Users have noted that it helps ears heal quickly and effectively, outperforming alternatives like petroleum jelly and Vaseline [0][3]. The product is described as a very good stretching balm that continues to be beneficial even after the stretching process is complete [1]. It is also highlighted for making the gauging process easier and promoting clean healing due to its organic oils [2]. Overall, the product is recommended for its ability to speed up healing and reduce pain, especially for those with sensitive ears or scar tissue [3].",9.0
Does the gauge gear help with healing,"['LUBRICANT - Gauge Gear lubricates your skin while you stretch! Helps Insertion of Tapers and Plugs Double Flared/Oversized Plugs. Also perfect to restart a closed piercing with an earring', 'PIERCING AFTERCARE - Great for any new external piercing. Helps relieve the effects of a fresh piercing', 'ALL NATURAL INGREDIENTS - Jojoba Oil, Sweet Almond Oil, Tea Tree Oil, Wheat Germ Oil, Myrhh Oil and Beeswax', 'Never stretch your ears without Gauge Gear! Read ingredient list below to see their effects']",0246,"[""title: Here it is \ntext: This product is amazing it helps my ear heal so fast after i've gauged it and its better than petroleum jelly"", 'title: GREAT PRODUCT! \ntext: Best stretching balm ive used.  Very good product, helps your ears heal while your in the stretching process.  I still use it even now, after I have stopped stretching.', 'title: Great \ntext: The product did meet the expectations . I really loved it, made gauging sooo much easier, and organic oils made for clean healing . Highly Recommend it .', 'title: It really helped with the smell of stretching your ears ... \ntext: It really helped with the smell of stretching your ears and helped them heal faster. Because you heal faster you can go up sizes faster. It also helps with other cuts and minor abrasions in the healing process.']","The product is highly praised for its healing properties, particularly in aiding the healing process of stretched ears. Users have noted that it helps ears heal quickly after gauging, outperforming alternatives like petroleum jelly [0]. It is described as an excellent stretching balm that supports healing during the stretching process, with continued use even after stretching has stopped [1]. The product's organic oils contribute to a clean healing process, making gauging easier [2]. Additionally, it helps reduce the smell associated with ear stretching and accelerates healing, allowing for quicker size increases. It is also effective for healing other cuts and minor abrasions [3].",9.0
Does the gauge gear help with healing,"['LUBRICANT - Gauge Gear lubricates your skin while you stretch! Helps Insertion of Tapers and Plugs Double Flared/Oversized Plugs. Also perfect to restart a closed piercing with an earring', 'PIERCING AFTERCARE - Great for any new external piercing. Helps relieve the effects of a fresh piercing', 'ALL NATURAL INGREDIENTS - Jojoba Oil, Sweet Almond Oil, Tea Tree Oil, Wheat Germ Oil, Myrhh Oil and Beeswax', 'Never stretch your ears without Gauge Gear! Read ingredient list below to see their effects']",0247,"[""title: Here it is \ntext: This product is amazing it helps my ear heal so fast after i've gauged it and its better than petroleum jelly"", 'title: GREAT PRODUCT! \ntext: Best stretching balm ive used.  Very good product, helps your ears heal while your in the stretching process.  I still use it even now, after I have stopped stretching.', 'title: Great \ntext: The product did meet the expectations . I really loved it, made gauging sooo much easier, and organic oils made for clean healing . Highly Recommend it .', 'title: Great \ntext: What a great product. Its really helped in the healing process. Whithout it starting up my first guages would have been much more painful. I would deffinatly buy from this seller again.']","The product is highly praised for its healing properties, particularly in aiding the healing process of ears after gauging. Users have noted that it is more effective than petroleum jelly in promoting fast healing[0]. It is described as the best stretching balm, supporting ear healing during the stretching process and even after stretching has stopped[1]. The inclusion of organic oils is highlighted as beneficial for clean healing, making the gauging process easier[2]. Overall, the product is credited with significantly reducing pain and facilitating the healing process, with users expressing a strong willingness to purchase it again[3].",9.0
Does the gauge gear help with healing,"['LUBRICANT - Gauge Gear lubricates your skin while you stretch! Helps Insertion of Tapers and Plugs Double Flared/Oversized Plugs. Also perfect to restart a closed piercing with an earring', 'PIERCING AFTERCARE - Great for any new external piercing. Helps relieve the effects of a fresh piercing', 'ALL NATURAL INGREDIENTS - Jojoba Oil, Sweet Almond Oil, Tea Tree Oil, Wheat Germ Oil, Myrhh Oil and Beeswax', 'Never stretch your ears without Gauge Gear! Read ingredient list below to see their effects']",0256,"[""title: Here it is \ntext: This product is amazing it helps my ear heal so fast after i've gauged it and its better than petroleum jelly"", 'title: GREAT PRODUCT! \ntext: Best stretching balm ive used.  Very good product, helps your ears heal while your in the stretching process.  I still use it even now, after I have stopped stretching.', 'title: Awesome! \ntext: This product is fantastic. It makes the gauge healing process faster and less painful than when using other products like Vaseline. I would truly recommend this product to anyone who is stretching their ears and especially if you have sensitive ears or more scar tissue than normal. I absolutely love it!', 'title: It really helped with the smell of stretching your ears ... \ntext: It really helped with the smell of stretching your ears and helped them heal faster. Because you heal faster you can go up sizes faster. It also helps with other cuts and minor abrasions in the healing process.']","The product is highly praised for its healing properties, particularly in aiding the healing process of stretched ears. Users report that it helps ears heal quickly after gauging, outperforming alternatives like petroleum jelly [0]. It is described as the best stretching balm, effective during and after the stretching process [1]. The product is noted for making the gauge healing process faster and less painful, especially beneficial for those with sensitive ears or more scar tissue [2]. Additionally, it helps with the smell associated with ear stretching and accelerates the healing process, allowing users to increase sizes more rapidly. It is also effective for healing other cuts and minor abrasions [3].",9.0
Does the gauge gear help with healing,"['LUBRICANT - Gauge Gear lubricates your skin while you stretch! Helps Insertion of Tapers and Plugs Double Flared/Oversized Plugs. Also perfect to restart a closed piercing with an earring', 'PIERCING AFTERCARE - Great for any new external piercing. Helps relieve the effects of a fresh piercing', 'ALL NATURAL INGREDIENTS - Jojoba Oil, Sweet Almond Oil, Tea Tree Oil, Wheat Germ Oil, Myrhh Oil and Beeswax', 'Never stretch your ears without Gauge Gear! Read ingredient list below to see their effects']",0257,"[""title: Here it is \ntext: This product is amazing it helps my ear heal so fast after i've gauged it and its better than petroleum jelly"", 'title: GREAT PRODUCT! \ntext: Best stretching balm ive used.  Very good product, helps your ears heal while your in the stretching process.  I still use it even now, after I have stopped stretching.', 'title: Awesome! \ntext: This product is fantastic. It makes the gauge healing process faster and less painful than when using other products like Vaseline. I would truly recommend this product to anyone who is stretching their ears and especially if you have sensitive ears or more scar tissue than normal. I absolutely love it!', 'title: Great \ntext: What a great product. Its really helped in the healing process. Whithout it starting up my first guages would have been much more painful. I would deffinatly buy from this seller again.']","The product is highly praised for its healing properties, particularly in aiding the healing process of stretched ears. Users have noted that it helps ears heal quickly after gauging, outperforming alternatives like petroleum jelly and Vaseline [0][2]. It is described as the best stretching balm, effective during and after the stretching process, and is recommended for those with sensitive ears or scar tissue [1][2]. The product is credited with making the healing process faster and less painful, and users express a strong willingness to purchase it again [3].",9.0
Does the gauge gear help with healing,"['LUBRICANT - Gauge Gear lubricates your skin while you stretch! Helps Insertion of Tapers and Plugs Double Flared/Oversized Plugs. Also perfect to restart a closed piercing with an earring', 'PIERCING AFTERCARE - Great for any new external piercing. Helps relieve the effects of a fresh piercing', 'ALL NATURAL INGREDIENTS - Jojoba Oil, Sweet Almond Oil, Tea Tree Oil, Wheat Germ Oil, Myrhh Oil and Beeswax', 'Never stretch your ears without Gauge Gear! Read ingredient list below to see their effects']",0267,"[""title: Here it is \ntext: This product is amazing it helps my ear heal so fast after i've gauged it and its better than petroleum jelly"", 'title: GREAT PRODUCT! \ntext: Best stretching balm ive used.  Very good product, helps your ears heal while your in the stretching process.  I still use it even now, after I have stopped stretching.', 'title: It really helped with the smell of stretching your ears ... \ntext: It really helped with the smell of stretching your ears and helped them heal faster. Because you heal faster you can go up sizes faster. It also helps with other cuts and minor abrasions in the healing process.', 'title: Great \ntext: What a great product. Its really helped in the healing process. Whithout it starting up my first guages would have been much more painful. I would deffinatly buy from this seller again.']","The product is highly praised for its healing properties, particularly in aiding the healing process of stretched ears. Users have noted that it helps ears heal faster than when using petroleum jelly, making it an effective option for those who have gauged their ears [0]. It is described as the best stretching balm, assisting in the healing process during and after stretching, which allows users to continue using it even after they have stopped stretching [1]. Additionally, the product is effective in reducing the smell associated with ear stretching and accelerates healing, enabling users to increase sizes more quickly. It is also beneficial for healing other cuts and minor abrasions [2]. Overall, the product is considered essential for reducing pain and enhancing the healing process during the initial stages of ear gauging [3].",9.0
Does the gauge gear help with healing,"['LUBRICANT - Gauge Gear lubricates your skin while you stretch! Helps Insertion of Tapers and Plugs Double Flared/Oversized Plugs. Also perfect to restart a closed piercing with an earring', 'PIERCING AFTERCARE - Great for any new external piercing. Helps relieve the effects of a fresh piercing', 'ALL NATURAL INGREDIENTS - Jojoba Oil, Sweet Almond Oil, Tea Tree Oil, Wheat Germ Oil, Myrhh Oil and Beeswax', 'Never stretch your ears without Gauge Gear! Read ingredient list below to see their effects']",0345,"[""title: Here it is \ntext: This product is amazing it helps my ear heal so fast after i've gauged it and its better than petroleum jelly"", 'title: Awesome! \ntext: This stuff is so awesome! Not only does it make stretching SOOO much easier but it also does wonders with healing. One of my ears got infected and this stuff wiped the infection away over night. I was a little worried about the small size at first but a little goes a long way. I bought mine a few weeks ago and use it twice a day and the jar is still pretty much full. I recommend this product to anyone.', 'title: Great \ntext: The product did meet the expectations . I really loved it, made gauging sooo much easier, and organic oils made for clean healing . Highly Recommend it .', 'title: Awesome! \ntext: This product is fantastic. It makes the gauge healing process faster and less painful than when using other products like Vaseline. I would truly recommend this product to anyone who is stretching their ears and especially if you have sensitive ears or more scar tissue than normal. I absolutely love it!']","The product is highly praised for its healing properties, particularly in aiding the healing process after ear gauging. Users report that it is more effective than petroleum jelly, helping ears heal quickly and reducing infection risks. One user noted that it cleared an ear infection overnight, emphasizing its efficiency in healing and its long-lasting use despite the small jar size [0][1]. The product's organic oils contribute to a clean healing process, making it a preferred choice over other products like Vaseline, especially for those with sensitive ears or more scar tissue [2][3].",9.0
Does the gauge gear help with healing,"['LUBRICANT - Gauge Gear lubricates your skin while you stretch! Helps Insertion of Tapers and Plugs Double Flared/Oversized Plugs. Also perfect to restart a closed piercing with an earring', 'PIERCING AFTERCARE - Great for any new external piercing. Helps relieve the effects of a fresh piercing', 'ALL NATURAL INGREDIENTS - Jojoba Oil, Sweet Almond Oil, Tea Tree Oil, Wheat Germ Oil, Myrhh Oil and Beeswax', 'Never stretch your ears without Gauge Gear! Read ingredient list below to see their effects']",0346,"[""title: Here it is \ntext: This product is amazing it helps my ear heal so fast after i've gauged it and its better than petroleum jelly"", 'title: Awesome! \ntext: This stuff is so awesome! Not only does it make stretching SOOO much easier but it also does wonders with healing. One of my ears got infected and this stuff wiped the infection away over night. I was a little worried about the small size at first but a little goes a long way. I bought mine a few weeks ago and use it twice a day and the jar is still pretty much full. I recommend this product to anyone.', 'title: Great \ntext: The product did meet the expectations . I really loved it, made gauging sooo much easier, and organic oils made for clean healing . Highly Recommend it .', 'title: It really helped with the smell of stretching your ears ... \ntext: It really helped with the smell of stretching your ears and helped them heal faster. Because you heal faster you can go up sizes faster. It also helps with other cuts and minor abrasions in the healing process.']","The product is highly praised for its healing properties, particularly in aiding the healing process after ear gauging. Users report that it is more effective than petroleum jelly in promoting fast healing of the ears after stretching[0]. It is noted for its ability to ease the stretching process and effectively heal infections overnight, with a small amount of the product being sufficient for prolonged use[1]. The inclusion of organic oils is highlighted as beneficial for clean healing, making the product highly recommended[2]. Additionally, it helps reduce the smell associated with ear stretching and accelerates the healing process, allowing for quicker size increases. It is also effective in healing other cuts and minor abrasions[3].",9.0
Does the gauge gear help with healing,"['LUBRICANT - Gauge Gear lubricates your skin while you stretch! Helps Insertion of Tapers and Plugs Double Flared/Oversized Plugs. Also perfect to restart a closed piercing with an earring', 'PIERCING AFTERCARE - Great for any new external piercing. Helps relieve the effects of a fresh piercing', 'ALL NATURAL INGREDIENTS - Jojoba Oil, Sweet Almond Oil, Tea Tree Oil, Wheat Germ Oil, Myrhh Oil and Beeswax', 'Never stretch your ears without Gauge Gear! Read ingredient list below to see their effects']",0347,"[""title: Here it is \ntext: This product is amazing it helps my ear heal so fast after i've gauged it and its better than petroleum jelly"", 'title: Awesome! \ntext: This stuff is so awesome! Not only does it make stretching SOOO much easier but it also does wonders with healing. One of my ears got infected and this stuff wiped the infection away over night. I was a little worried about the small size at first but a little goes a long way. I bought mine a few weeks ago and use it twice a day and the jar is still pretty much full. I recommend this product to anyone.', 'title: Great \ntext: The product did meet the expectations . I really loved it, made gauging sooo much easier, and organic oils made for clean healing . Highly Recommend it .', 'title: Great \ntext: What a great product. Its really helped in the healing process. Whithout it starting up my first guages would have been much more painful. I would deffinatly buy from this seller again.']","The product is highly praised for its healing properties, particularly in aiding the healing process after ear gauging. Users report that it is more effective than petroleum jelly in promoting fast healing [0]. It is noted for its ability to ease the stretching process and effectively treat infections, with one user experiencing overnight relief from an ear infection [1]. The inclusion of organic oils is highlighted as beneficial for clean healing, making the product highly recommended [2]. Overall, the product is credited with significantly reducing pain and facilitating the healing process during initial gauging [3].",9.0
Does the gauge gear help with healing,"['LUBRICANT - Gauge Gear lubricates your skin while you stretch! Helps Insertion of Tapers and Plugs Double Flared/Oversized Plugs. Also perfect to restart a closed piercing with an earring', 'PIERCING AFTERCARE - Great for any new external piercing. Helps relieve the effects of a fresh piercing', 'ALL NATURAL INGREDIENTS - Jojoba Oil, Sweet Almond Oil, Tea Tree Oil, Wheat Germ Oil, Myrhh Oil and Beeswax', 'Never stretch your ears without Gauge Gear! Read ingredient list below to see their effects']",0356,"[""title: Here it is \ntext: This product is amazing it helps my ear heal so fast after i've gauged it and its better than petroleum jelly"", 'title: Awesome! \ntext: This stuff is so awesome! Not only does it make stretching SOOO much easier but it also does wonders with healing. One of my ears got infected and this stuff wiped the infection away over night. I was a little worried about the small size at first but a little goes a long way. I bought mine a few weeks ago and use it twice a day and the jar is still pretty much full. I recommend this product to anyone.', 'title: Awesome! \ntext: This product is fantastic. It makes the gauge healing process faster and less painful than when using other products like Vaseline. I would truly recommend this product to anyone who is stretching their ears and especially if you have sensitive ears or more scar tissue than normal. I absolutely love it!', 'title: It really helped with the smell of stretching your ears ... \ntext: It really helped with the smell of stretching your ears and helped them heal faster. Because you heal faster you can go up sizes faster. It also helps with other cuts and minor abrasions in the healing process.']","The product is highly praised for its healing properties, particularly in aiding the healing process after ear stretching. Users have reported that it helps ears heal faster than when using alternatives like petroleum jelly or Vaseline, making the process less painful and more efficient[0][2]. One user noted that it effectively treated an ear infection overnight, highlighting its potent healing capabilities[1]. Additionally, the product is said to help with the smell associated with ear stretching and can be used for other cuts and minor abrasions, further emphasizing its versatility in promoting healing[3].",9.0
Does the gauge gear help with healing,"['LUBRICANT - Gauge Gear lubricates your skin while you stretch! Helps Insertion of Tapers and Plugs Double Flared/Oversized Plugs. Also perfect to restart a closed piercing with an earring', 'PIERCING AFTERCARE - Great for any new external piercing. Helps relieve the effects of a fresh piercing', 'ALL NATURAL INGREDIENTS - Jojoba Oil, Sweet Almond Oil, Tea Tree Oil, Wheat Germ Oil, Myrhh Oil and Beeswax', 'Never stretch your ears without Gauge Gear! Read ingredient list below to see their effects']",0357,"[""title: Here it is \ntext: This product is amazing it helps my ear heal so fast after i've gauged it and its better than petroleum jelly"", 'title: Awesome! \ntext: This stuff is so awesome! Not only does it make stretching SOOO much easier but it also does wonders with healing. One of my ears got infected and this stuff wiped the infection away over night. I was a little worried about the small size at first but a little goes a long way. I bought mine a few weeks ago and use it twice a day and the jar is still pretty much full. I recommend this product to anyone.', 'title: Awesome! \ntext: This product is fantastic. It makes the gauge healing process faster and less painful than when using other products like Vaseline. I would truly recommend this product to anyone who is stretching their ears and especially if you have sensitive ears or more scar tissue than normal. I absolutely love it!', 'title: Great \ntext: What a great product. Its really helped in the healing process. Whithout it starting up my first guages would have been much more painful. I would deffinatly buy from this seller again.']","The product is highly praised for its healing properties, particularly in aiding the healing process after ear gauging. Users report that it is more effective than petroleum jelly, helping ears heal quickly and reducing pain during the process [0][2]. One user noted that it not only facilitates easier stretching but also effectively treats infections, with noticeable improvements overnight [1]. The product is recommended for those with sensitive ears or significant scar tissue, as it accelerates healing and minimizes discomfort compared to other products like Vaseline [2]. Overall, the product is considered essential for a less painful gauging experience and is favored for its efficiency and long-lasting use [3].",9.0
Does the gauge gear help with healing,"['LUBRICANT - Gauge Gear lubricates your skin while you stretch! Helps Insertion of Tapers and Plugs Double Flared/Oversized Plugs. Also perfect to restart a closed piercing with an earring', 'PIERCING AFTERCARE - Great for any new external piercing. Helps relieve the effects of a fresh piercing', 'ALL NATURAL INGREDIENTS - Jojoba Oil, Sweet Almond Oil, Tea Tree Oil, Wheat Germ Oil, Myrhh Oil and Beeswax', 'Never stretch your ears without Gauge Gear! Read ingredient list below to see their effects']",0367,"[""title: Here it is \ntext: This product is amazing it helps my ear heal so fast after i've gauged it and its better than petroleum jelly"", 'title: Awesome! \ntext: This stuff is so awesome! Not only does it make stretching SOOO much easier but it also does wonders with healing. One of my ears got infected and this stuff wiped the infection away over night. I was a little worried about the small size at first but a little goes a long way. I bought mine a few weeks ago and use it twice a day and the jar is still pretty much full. I recommend this product to anyone.', 'title: It really helped with the smell of stretching your ears ... \ntext: It really helped with the smell of stretching your ears and helped them heal faster. Because you heal faster you can go up sizes faster. It also helps with other cuts and minor abrasions in the healing process.', 'title: Great \ntext: What a great product. Its really helped in the healing process. Whithout it starting up my first guages would have been much more painful. I would deffinatly buy from this seller again.']","The product is highly praised for its healing properties, particularly in aiding the healing process after ear stretching. Users report that it helps ears heal quickly after gauging, outperforming alternatives like petroleum jelly [0]. It is noted for its effectiveness in reducing infections, with one user experiencing overnight relief from an ear infection [1]. Additionally, the product is credited with accelerating the healing of cuts and minor abrasions, allowing users to increase ear gauge sizes more rapidly [2]. Overall, the product is considered essential for reducing pain and enhancing the healing process during ear stretching [3].",9.0
Does the gauge gear help with healing,"['LUBRICANT - Gauge Gear lubricates your skin while you stretch! Helps Insertion of Tapers and Plugs Double Flared/Oversized Plugs. Also perfect to restart a closed piercing with an earring', 'PIERCING AFTERCARE - Great for any new external piercing. Helps relieve the effects of a fresh piercing', 'ALL NATURAL INGREDIENTS - Jojoba Oil, Sweet Almond Oil, Tea Tree Oil, Wheat Germ Oil, Myrhh Oil and Beeswax', 'Never stretch your ears without Gauge Gear! Read ingredient list below to see their effects']",0456,"[""title: Here it is \ntext: This product is amazing it helps my ear heal so fast after i've gauged it and its better than petroleum jelly"", 'title: Great \ntext: The product did meet the expectations . I really loved it, made gauging sooo much easier, and organic oils made for clean healing . Highly Recommend it .', 'title: Awesome! \ntext: This product is fantastic. It makes the gauge healing process faster and less painful than when using other products like Vaseline. I would truly recommend this product to anyone who is stretching their ears and especially if you have sensitive ears or more scar tissue than normal. I absolutely love it!', 'title: It really helped with the smell of stretching your ears ... \ntext: It really helped with the smell of stretching your ears and helped them heal faster. Because you heal faster you can go up sizes faster. It also helps with other cuts and minor abrasions in the healing process.']","The product is highly praised for its healing properties, particularly in the context of ear gauging. Users report that it facilitates faster healing compared to alternatives like petroleum jelly and Vaseline, making the process less painful and more efficient[0][2]. The inclusion of organic oils is noted for promoting clean healing, which is especially beneficial for those with sensitive ears or more scar tissue[1][2]. Additionally, the product is effective in reducing the smell associated with ear stretching and aids in healing other minor cuts and abrasions[3].",9.0
Does the gauge gear help with healing,"['LUBRICANT - Gauge Gear lubricates your skin while you stretch! Helps Insertion of Tapers and Plugs Double Flared/Oversized Plugs. Also perfect to restart a closed piercing with an earring', 'PIERCING AFTERCARE - Great for any new external piercing. Helps relieve the effects of a fresh piercing', 'ALL NATURAL INGREDIENTS - Jojoba Oil, Sweet Almond Oil, Tea Tree Oil, Wheat Germ Oil, Myrhh Oil and Beeswax', 'Never stretch your ears without Gauge Gear! Read ingredient list below to see their effects']",0457,"[""title: Here it is \ntext: This product is amazing it helps my ear heal so fast after i've gauged it and its better than petroleum jelly"", 'title: Great \ntext: The product did meet the expectations . I really loved it, made gauging sooo much easier, and organic oils made for clean healing . Highly Recommend it .', 'title: Awesome! \ntext: This product is fantastic. It makes the gauge healing process faster and less painful than when using other products like Vaseline. I would truly recommend this product to anyone who is stretching their ears and especially if you have sensitive ears or more scar tissue than normal. I absolutely love it!', 'title: Great \ntext: What a great product. Its really helped in the healing process. Whithout it starting up my first guages would have been much more painful. I would deffinatly buy from this seller again.']","The product is highly praised for its healing properties, particularly in aiding the healing process after ear gauging. Users report that it helps the ears heal faster and more effectively than other products like petroleum jelly or Vaseline, making the process less painful and more efficient. The inclusion of organic oils is noted to contribute to a cleaner healing experience, which is especially beneficial for those with sensitive ears or more scar tissue. Overall, the product is recommended for its ability to facilitate a smoother and more comfortable healing process after ear stretching [0][1][2][3].",9.0
Does the gauge gear help with healing,"['LUBRICANT - Gauge Gear lubricates your skin while you stretch! Helps Insertion of Tapers and Plugs Double Flared/Oversized Plugs. Also perfect to restart a closed piercing with an earring', 'PIERCING AFTERCARE - Great for any new external piercing. Helps relieve the effects of a fresh piercing', 'ALL NATURAL INGREDIENTS - Jojoba Oil, Sweet Almond Oil, Tea Tree Oil, Wheat Germ Oil, Myrhh Oil and Beeswax', 'Never stretch your ears without Gauge Gear! Read ingredient list below to see their effects']",0467,"[""title: Here it is \ntext: This product is amazing it helps my ear heal so fast after i've gauged it and its better than petroleum jelly"", 'title: Great \ntext: The product did meet the expectations . I really loved it, made gauging sooo much easier, and organic oils made for clean healing . Highly Recommend it .', 'title: It really helped with the smell of stretching your ears ... \ntext: It really helped with the smell of stretching your ears and helped them heal faster. Because you heal faster you can go up sizes faster. It also helps with other cuts and minor abrasions in the healing process.', 'title: Great \ntext: What a great product. Its really helped in the healing process. Whithout it starting up my first guages would have been much more painful. I would deffinatly buy from this seller again.']","The product is highly praised for its healing properties, particularly in aiding the healing process after ear gauging. Users report that it helps ears heal faster than when using petroleum jelly, making the process of stretching ears more efficient and less painful[0][2][3]. The inclusion of organic oils is noted to contribute to clean healing, and the product is also effective in addressing the smell associated with ear stretching[1][2]. Additionally, it is beneficial for healing other cuts and minor abrasions[2].",9.0
Does the gauge gear help with healing,"['LUBRICANT - Gauge Gear lubricates your skin while you stretch! Helps Insertion of Tapers and Plugs Double Flared/Oversized Plugs. Also perfect to restart a closed piercing with an earring', 'PIERCING AFTERCARE - Great for any new external piercing. Helps relieve the effects of a fresh piercing', 'ALL NATURAL INGREDIENTS - Jojoba Oil, Sweet Almond Oil, Tea Tree Oil, Wheat Germ Oil, Myrhh Oil and Beeswax', 'Never stretch your ears without Gauge Gear! Read ingredient list below to see their effects']",0567,"[""title: Here it is \ntext: This product is amazing it helps my ear heal so fast after i've gauged it and its better than petroleum jelly"", 'title: Awesome! \ntext: This product is fantastic. It makes the gauge healing process faster and less painful than when using other products like Vaseline. I would truly recommend this product to anyone who is stretching their ears and especially if you have sensitive ears or more scar tissue than normal. I absolutely love it!', 'title: It really helped with the smell of stretching your ears ... \ntext: It really helped with the smell of stretching your ears and helped them heal faster. Because you heal faster you can go up sizes faster. It also helps with other cuts and minor abrasions in the healing process.', 'title: Great \ntext: What a great product. Its really helped in the healing process. Whithout it starting up my first guages would have been much more painful. I would deffinatly buy from this seller again.']","The product is highly praised for its healing properties, particularly in aiding the healing process after ear gauging. Users report that it accelerates healing faster than alternatives like petroleum jelly and Vaseline, making the process less painful and more efficient, especially for those with sensitive ears or more scar tissue than usual [0][1]. Additionally, it helps with the smell associated with ear stretching and can be used for other cuts and minor abrasions, enhancing the overall healing process [2]. Users express satisfaction with the product's effectiveness and would consider purchasing it again [3].",9.0
Does the gauge gear help with healing,"['LUBRICANT - Gauge Gear lubricates your skin while you stretch! Helps Insertion of Tapers and Plugs Double Flared/Oversized Plugs. Also perfect to restart a closed piercing with an earring', 'PIERCING AFTERCARE - Great for any new external piercing. Helps relieve the effects of a fresh piercing', 'ALL NATURAL INGREDIENTS - Jojoba Oil, Sweet Almond Oil, Tea Tree Oil, Wheat Germ Oil, Myrhh Oil and Beeswax', 'Never stretch your ears without Gauge Gear! Read ingredient list below to see their effects']",1234,"['title: Great Product \ntext: Helps my ear heal very quickly and makes the stretching process quite easy. Definitely would recommend this to anyone who is thinking about stretching', 'title: GREAT PRODUCT! \ntext: Best stretching balm ive used.  Very good product, helps your ears heal while your in the stretching process.  I still use it even now, after I have stopped stretching.', 'title: Awesome! \ntext: This stuff is so awesome! Not only does it make stretching SOOO much easier but it also does wonders with healing. One of my ears got infected and this stuff wiped the infection away over night. I was a little worried about the small size at first but a little goes a long way. I bought mine a few weeks ago and use it twice a day and the jar is still pretty much full. I recommend this product to anyone.', 'title: Great \ntext: The product did meet the expectations . I really loved it, made gauging sooo much easier, and organic oils made for clean healing . Highly Recommend it .']","The product is highly praised for its healing properties, particularly in aiding the healing process during ear stretching. Users have noted that it helps ears heal quickly and effectively, even in cases of infection, with one user reporting that it cleared an ear infection overnight[0][1][2]. The inclusion of organic oils is highlighted as contributing to clean healing[3]. Overall, the product is recommended for its dual benefits of easing the stretching process and promoting healing[0][1][2][3].",9.0
Does the gauge gear help with healing,"['LUBRICANT - Gauge Gear lubricates your skin while you stretch! Helps Insertion of Tapers and Plugs Double Flared/Oversized Plugs. Also perfect to restart a closed piercing with an earring', 'PIERCING AFTERCARE - Great for any new external piercing. Helps relieve the effects of a fresh piercing', 'ALL NATURAL INGREDIENTS - Jojoba Oil, Sweet Almond Oil, Tea Tree Oil, Wheat Germ Oil, Myrhh Oil and Beeswax', 'Never stretch your ears without Gauge Gear! Read ingredient list below to see their effects']",1235,"['title: Great Product \ntext: Helps my ear heal very quickly and makes the stretching process quite easy. Definitely would recommend this to anyone who is thinking about stretching', 'title: GREAT PRODUCT! \ntext: Best stretching balm ive used.  Very good product, helps your ears heal while your in the stretching process.  I still use it even now, after I have stopped stretching.', 'title: Awesome! \ntext: This stuff is so awesome! Not only does it make stretching SOOO much easier but it also does wonders with healing. One of my ears got infected and this stuff wiped the infection away over night. I was a little worried about the small size at first but a little goes a long way. I bought mine a few weeks ago and use it twice a day and the jar is still pretty much full. I recommend this product to anyone.', 'title: Awesome! \ntext: This product is fantastic. It makes the gauge healing process faster and less painful than when using other products like Vaseline. I would truly recommend this product to anyone who is stretching their ears and especially if you have sensitive ears or more scar tissue than normal. I absolutely love it!']","The product is highly praised for its healing properties, particularly in aiding the ear stretching process. Users report that it helps ears heal quickly and effectively, making the stretching process easier and less painful compared to other products like Vaseline [0][3]. One user noted that the product was effective in treating an ear infection overnight, highlighting its potent healing capabilities [2]. The balm is recommended for those with sensitive ears or more scar tissue, as it facilitates faster healing [3]. Overall, the product is recommended for anyone considering ear stretching due to its dual benefits of easing the process and promoting healing [0][1][2][3].",9.0
Does the gauge gear help with healing,"['LUBRICANT - Gauge Gear lubricates your skin while you stretch! Helps Insertion of Tapers and Plugs Double Flared/Oversized Plugs. Also perfect to restart a closed piercing with an earring', 'PIERCING AFTERCARE - Great for any new external piercing. Helps relieve the effects of a fresh piercing', 'ALL NATURAL INGREDIENTS - Jojoba Oil, Sweet Almond Oil, Tea Tree Oil, Wheat Germ Oil, Myrhh Oil and Beeswax', 'Never stretch your ears without Gauge Gear! Read ingredient list below to see their effects']",1236,"['title: Great Product \ntext: Helps my ear heal very quickly and makes the stretching process quite easy. Definitely would recommend this to anyone who is thinking about stretching', 'title: GREAT PRODUCT! \ntext: Best stretching balm ive used.  Very good product, helps your ears heal while your in the stretching process.  I still use it even now, after I have stopped stretching.', 'title: Awesome! \ntext: This stuff is so awesome! Not only does it make stretching SOOO much easier but it also does wonders with healing. One of my ears got infected and this stuff wiped the infection away over night. I was a little worried about the small size at first but a little goes a long way. I bought mine a few weeks ago and use it twice a day and the jar is still pretty much full. I recommend this product to anyone.', 'title: It really helped with the smell of stretching your ears ... \ntext: It really helped with the smell of stretching your ears and helped them heal faster. Because you heal faster you can go up sizes faster. It also helps with other cuts and minor abrasions in the healing process.']","The product is highly praised for its healing properties, particularly in aiding the healing process during ear stretching. Users report that it helps ears heal quickly, making the stretching process easier and more comfortable [0][1]. One user noted that the product effectively treated an ear infection overnight, highlighting its potent healing capabilities [2]. Additionally, it is mentioned that the product not only assists with ear stretching but also helps with other cuts and minor abrasions, promoting faster healing [3]. Overall, the product is recommended for its effectiveness in healing and facilitating the stretching process [0][1][2][3].",9.0
Does the gauge gear help with healing,"['LUBRICANT - Gauge Gear lubricates your skin while you stretch! Helps Insertion of Tapers and Plugs Double Flared/Oversized Plugs. Also perfect to restart a closed piercing with an earring', 'PIERCING AFTERCARE - Great for any new external piercing. Helps relieve the effects of a fresh piercing', 'ALL NATURAL INGREDIENTS - Jojoba Oil, Sweet Almond Oil, Tea Tree Oil, Wheat Germ Oil, Myrhh Oil and Beeswax', 'Never stretch your ears without Gauge Gear! Read ingredient list below to see their effects']",1237,"['title: Great Product \ntext: Helps my ear heal very quickly and makes the stretching process quite easy. Definitely would recommend this to anyone who is thinking about stretching', 'title: GREAT PRODUCT! \ntext: Best stretching balm ive used.  Very good product, helps your ears heal while your in the stretching process.  I still use it even now, after I have stopped stretching.', 'title: Awesome! \ntext: This stuff is so awesome! Not only does it make stretching SOOO much easier but it also does wonders with healing. One of my ears got infected and this stuff wiped the infection away over night. I was a little worried about the small size at first but a little goes a long way. I bought mine a few weeks ago and use it twice a day and the jar is still pretty much full. I recommend this product to anyone.', 'title: Great \ntext: What a great product. Its really helped in the healing process. Whithout it starting up my first guages would have been much more painful. I would deffinatly buy from this seller again.']","The product is highly praised for its healing properties, particularly in aiding the healing process during ear stretching. Users have noted that it helps ears heal quickly and effectively, making the stretching process easier and less painful. One user even reported that the product helped clear an ear infection overnight, highlighting its efficacy in promoting healing. Despite initial concerns about the product's size, users found that a small amount goes a long way, making it a worthwhile purchase for those undergoing ear stretching.[0][1][2][3]",9.0
Does the gauge gear help with healing,"['LUBRICANT - Gauge Gear lubricates your skin while you stretch! Helps Insertion of Tapers and Plugs Double Flared/Oversized Plugs. Also perfect to restart a closed piercing with an earring', 'PIERCING AFTERCARE - Great for any new external piercing. Helps relieve the effects of a fresh piercing', 'ALL NATURAL INGREDIENTS - Jojoba Oil, Sweet Almond Oil, Tea Tree Oil, Wheat Germ Oil, Myrhh Oil and Beeswax', 'Never stretch your ears without Gauge Gear! Read ingredient list below to see their effects']",1245,"['title: Great Product \ntext: Helps my ear heal very quickly and makes the stretching process quite easy. Definitely would recommend this to anyone who is thinking about stretching', 'title: GREAT PRODUCT! \ntext: Best stretching balm ive used.  Very good product, helps your ears heal while your in the stretching process.  I still use it even now, after I have stopped stretching.', 'title: Great \ntext: The product did meet the expectations . I really loved it, made gauging sooo much easier, and organic oils made for clean healing . Highly Recommend it .', 'title: Awesome! \ntext: This product is fantastic. It makes the gauge healing process faster and less painful than when using other products like Vaseline. I would truly recommend this product to anyone who is stretching their ears and especially if you have sensitive ears or more scar tissue than normal. I absolutely love it!']","The product is highly praised for its healing properties, particularly in aiding the ear stretching process. Users report that it helps ears heal quickly and makes the stretching process easier, with one user noting that it is the best stretching balm they have used and continues to use it even after stopping the stretching process [0][1]. The inclusion of organic oils is highlighted as beneficial for clean healing, making the gauging process much easier [2]. Additionally, the product is noted for making the gauge healing process faster and less painful compared to other products like Vaseline, which is especially beneficial for those with sensitive ears or more scar tissue [3].",9.0
Does the gauge gear help with healing,"['LUBRICANT - Gauge Gear lubricates your skin while you stretch! Helps Insertion of Tapers and Plugs Double Flared/Oversized Plugs. Also perfect to restart a closed piercing with an earring', 'PIERCING AFTERCARE - Great for any new external piercing. Helps relieve the effects of a fresh piercing', 'ALL NATURAL INGREDIENTS - Jojoba Oil, Sweet Almond Oil, Tea Tree Oil, Wheat Germ Oil, Myrhh Oil and Beeswax', 'Never stretch your ears without Gauge Gear! Read ingredient list below to see their effects']",1246,"['title: Great Product \ntext: Helps my ear heal very quickly and makes the stretching process quite easy. Definitely would recommend this to anyone who is thinking about stretching', 'title: GREAT PRODUCT! \ntext: Best stretching balm ive used.  Very good product, helps your ears heal while your in the stretching process.  I still use it even now, after I have stopped stretching.', 'title: Great \ntext: The product did meet the expectations . I really loved it, made gauging sooo much easier, and organic oils made for clean healing . Highly Recommend it .', 'title: It really helped with the smell of stretching your ears ... \ntext: It really helped with the smell of stretching your ears and helped them heal faster. Because you heal faster you can go up sizes faster. It also helps with other cuts and minor abrasions in the healing process.']","The product is highly praised for its healing properties, particularly in aiding the ear stretching process. Users report that it helps ears heal quickly, making the stretching process easier and more comfortable[0][1]. The inclusion of organic oils is noted for promoting clean healing, which is beneficial for both ear stretching and other minor cuts and abrasions[2][3]. Additionally, the product is effective in reducing the smell associated with ear stretching, further enhancing the healing experience[3]. Overall, it is recommended for anyone considering or currently engaged in ear stretching due to its healing benefits[0][1][2].",9.0
Does the gauge gear help with healing,"['LUBRICANT - Gauge Gear lubricates your skin while you stretch! Helps Insertion of Tapers and Plugs Double Flared/Oversized Plugs. Also perfect to restart a closed piercing with an earring', 'PIERCING AFTERCARE - Great for any new external piercing. Helps relieve the effects of a fresh piercing', 'ALL NATURAL INGREDIENTS - Jojoba Oil, Sweet Almond Oil, Tea Tree Oil, Wheat Germ Oil, Myrhh Oil and Beeswax', 'Never stretch your ears without Gauge Gear! Read ingredient list below to see their effects']",1247,"['title: Great Product \ntext: Helps my ear heal very quickly and makes the stretching process quite easy. Definitely would recommend this to anyone who is thinking about stretching', 'title: GREAT PRODUCT! \ntext: Best stretching balm ive used.  Very good product, helps your ears heal while your in the stretching process.  I still use it even now, after I have stopped stretching.', 'title: Great \ntext: The product did meet the expectations . I really loved it, made gauging sooo much easier, and organic oils made for clean healing . Highly Recommend it .', 'title: Great \ntext: What a great product. Its really helped in the healing process. Whithout it starting up my first guages would have been much more painful. I would deffinatly buy from this seller again.']","The product is highly praised for its healing properties, particularly in aiding the ear stretching process. Users report that it helps ears heal quickly and makes the stretching process easier, with one user noting that it is the best stretching balm they have used and continues to use it even after stopping the stretching process [0][1]. The inclusion of organic oils is highlighted as contributing to clean healing, and the product is recommended for its effectiveness in reducing pain during initial gauging [2][3].",9.0
Does the gauge gear help with healing,"['LUBRICANT - Gauge Gear lubricates your skin while you stretch! Helps Insertion of Tapers and Plugs Double Flared/Oversized Plugs. Also perfect to restart a closed piercing with an earring', 'PIERCING AFTERCARE - Great for any new external piercing. Helps relieve the effects of a fresh piercing', 'ALL NATURAL INGREDIENTS - Jojoba Oil, Sweet Almond Oil, Tea Tree Oil, Wheat Germ Oil, Myrhh Oil and Beeswax', 'Never stretch your ears without Gauge Gear! Read ingredient list below to see their effects']",1256,"['title: Great Product \ntext: Helps my ear heal very quickly and makes the stretching process quite easy. Definitely would recommend this to anyone who is thinking about stretching', 'title: GREAT PRODUCT! \ntext: Best stretching balm ive used.  Very good product, helps your ears heal while your in the stretching process.  I still use it even now, after I have stopped stretching.', 'title: Awesome! \ntext: This product is fantastic. It makes the gauge healing process faster and less painful than when using other products like Vaseline. I would truly recommend this product to anyone who is stretching their ears and especially if you have sensitive ears or more scar tissue than normal. I absolutely love it!', 'title: It really helped with the smell of stretching your ears ... \ntext: It really helped with the smell of stretching your ears and helped them heal faster. Because you heal faster you can go up sizes faster. It also helps with other cuts and minor abrasions in the healing process.']","The product is highly praised for its healing properties, particularly in the context of ear stretching. Users report that it significantly accelerates the healing process, making it easier and less painful compared to other products like Vaseline, and is especially beneficial for those with sensitive ears or more scar tissue [0][1][2]. Additionally, it helps with the smell associated with ear stretching and can be used for other cuts and minor abrasions, further enhancing its utility in the healing process [3].",9.0
Does the gauge gear help with healing,"['LUBRICANT - Gauge Gear lubricates your skin while you stretch! Helps Insertion of Tapers and Plugs Double Flared/Oversized Plugs. Also perfect to restart a closed piercing with an earring', 'PIERCING AFTERCARE - Great for any new external piercing. Helps relieve the effects of a fresh piercing', 'ALL NATURAL INGREDIENTS - Jojoba Oil, Sweet Almond Oil, Tea Tree Oil, Wheat Germ Oil, Myrhh Oil and Beeswax', 'Never stretch your ears without Gauge Gear! Read ingredient list below to see their effects']",1257,"['title: Great Product \ntext: Helps my ear heal very quickly and makes the stretching process quite easy. Definitely would recommend this to anyone who is thinking about stretching', 'title: GREAT PRODUCT! \ntext: Best stretching balm ive used.  Very good product, helps your ears heal while your in the stretching process.  I still use it even now, after I have stopped stretching.', 'title: Awesome! \ntext: This product is fantastic. It makes the gauge healing process faster and less painful than when using other products like Vaseline. I would truly recommend this product to anyone who is stretching their ears and especially if you have sensitive ears or more scar tissue than normal. I absolutely love it!', 'title: Great \ntext: What a great product. Its really helped in the healing process. Whithout it starting up my first guages would have been much more painful. I would deffinatly buy from this seller again.']","The product is highly praised for its healing properties, particularly in aiding the ear stretching process. Users report that it helps ears heal quickly and makes the stretching process easier, with one user noting that it is the best stretching balm they have used and continues to use it even after stopping the stretching process [0][1]. Another user highlights that the product accelerates the healing process and reduces pain compared to other products like Vaseline, making it ideal for those with sensitive ears or more scar tissue [2]. Overall, the product is credited with significantly aiding the healing process during ear stretching, with users expressing a willingness to purchase it again [3].",9.0
Does the gauge gear help with healing,"['LUBRICANT - Gauge Gear lubricates your skin while you stretch! Helps Insertion of Tapers and Plugs Double Flared/Oversized Plugs. Also perfect to restart a closed piercing with an earring', 'PIERCING AFTERCARE - Great for any new external piercing. Helps relieve the effects of a fresh piercing', 'ALL NATURAL INGREDIENTS - Jojoba Oil, Sweet Almond Oil, Tea Tree Oil, Wheat Germ Oil, Myrhh Oil and Beeswax', 'Never stretch your ears without Gauge Gear! Read ingredient list below to see their effects']",1267,"['title: Great Product \ntext: Helps my ear heal very quickly and makes the stretching process quite easy. Definitely would recommend this to anyone who is thinking about stretching', 'title: GREAT PRODUCT! \ntext: Best stretching balm ive used.  Very good product, helps your ears heal while your in the stretching process.  I still use it even now, after I have stopped stretching.', 'title: It really helped with the smell of stretching your ears ... \ntext: It really helped with the smell of stretching your ears and helped them heal faster. Because you heal faster you can go up sizes faster. It also helps with other cuts and minor abrasions in the healing process.', 'title: Great \ntext: What a great product. Its really helped in the healing process. Whithout it starting up my first guages would have been much more painful. I would deffinatly buy from this seller again.']","The product is highly praised for its healing properties, particularly in aiding the healing process during ear stretching. Users report that it helps ears heal quickly, making the stretching process easier and less painful, and allowing for faster size progression[0][1][2][3]. Additionally, it is noted for its effectiveness in healing minor cuts and abrasions[2]. Overall, the product is recommended for its ability to facilitate healing and improve the stretching experience[0][1][2][3].",9.0
Does the gauge gear help with healing,"['LUBRICANT - Gauge Gear lubricates your skin while you stretch! Helps Insertion of Tapers and Plugs Double Flared/Oversized Plugs. Also perfect to restart a closed piercing with an earring', 'PIERCING AFTERCARE - Great for any new external piercing. Helps relieve the effects of a fresh piercing', 'ALL NATURAL INGREDIENTS - Jojoba Oil, Sweet Almond Oil, Tea Tree Oil, Wheat Germ Oil, Myrhh Oil and Beeswax', 'Never stretch your ears without Gauge Gear! Read ingredient list below to see their effects']",1345,"['title: Great Product \ntext: Helps my ear heal very quickly and makes the stretching process quite easy. Definitely would recommend this to anyone who is thinking about stretching', 'title: Awesome! \ntext: This stuff is so awesome! Not only does it make stretching SOOO much easier but it also does wonders with healing. One of my ears got infected and this stuff wiped the infection away over night. I was a little worried about the small size at first but a little goes a long way. I bought mine a few weeks ago and use it twice a day and the jar is still pretty much full. I recommend this product to anyone.', 'title: Great \ntext: The product did meet the expectations . I really loved it, made gauging sooo much easier, and organic oils made for clean healing . Highly Recommend it .', 'title: Awesome! \ntext: This product is fantastic. It makes the gauge healing process faster and less painful than when using other products like Vaseline. I would truly recommend this product to anyone who is stretching their ears and especially if you have sensitive ears or more scar tissue than normal. I absolutely love it!']","The product is highly praised for its healing properties, particularly in the context of ear stretching. Users report that it facilitates quick healing and makes the stretching process easier, with one user noting that it helped heal an ear infection overnight [0][1]. The inclusion of organic oils is highlighted as beneficial for clean healing, and the product is recommended for those with sensitive ears or scar tissue [2][3]. Overall, the product is recommended for its effectiveness in aiding the healing process during ear stretching [0][1][2][3].",9.0
Does the gauge gear help with healing,"['LUBRICANT - Gauge Gear lubricates your skin while you stretch! Helps Insertion of Tapers and Plugs Double Flared/Oversized Plugs. Also perfect to restart a closed piercing with an earring', 'PIERCING AFTERCARE - Great for any new external piercing. Helps relieve the effects of a fresh piercing', 'ALL NATURAL INGREDIENTS - Jojoba Oil, Sweet Almond Oil, Tea Tree Oil, Wheat Germ Oil, Myrhh Oil and Beeswax', 'Never stretch your ears without Gauge Gear! Read ingredient list below to see their effects']",1346,"['title: Great Product \ntext: Helps my ear heal very quickly and makes the stretching process quite easy. Definitely would recommend this to anyone who is thinking about stretching', 'title: Awesome! \ntext: This stuff is so awesome! Not only does it make stretching SOOO much easier but it also does wonders with healing. One of my ears got infected and this stuff wiped the infection away over night. I was a little worried about the small size at first but a little goes a long way. I bought mine a few weeks ago and use it twice a day and the jar is still pretty much full. I recommend this product to anyone.', 'title: Great \ntext: The product did meet the expectations . I really loved it, made gauging sooo much easier, and organic oils made for clean healing . Highly Recommend it .', 'title: It really helped with the smell of stretching your ears ... \ntext: It really helped with the smell of stretching your ears and helped them heal faster. Because you heal faster you can go up sizes faster. It also helps with other cuts and minor abrasions in the healing process.']","The product is highly praised for its healing properties, particularly in the context of ear stretching. Users report that it facilitates quick healing, making the stretching process easier and more comfortable. One user noted that the product effectively treated an ear infection overnight, highlighting its potent healing capabilities [0][1]. The inclusion of organic oils is mentioned as a factor contributing to clean healing, further enhancing its effectiveness [2]. Additionally, the product is noted for its ability to aid in the healing of other cuts and minor abrasions, suggesting its versatility in promoting faster recovery [3].",9.0
Does the gauge gear help with healing,"['LUBRICANT - Gauge Gear lubricates your skin while you stretch! Helps Insertion of Tapers and Plugs Double Flared/Oversized Plugs. Also perfect to restart a closed piercing with an earring', 'PIERCING AFTERCARE - Great for any new external piercing. Helps relieve the effects of a fresh piercing', 'ALL NATURAL INGREDIENTS - Jojoba Oil, Sweet Almond Oil, Tea Tree Oil, Wheat Germ Oil, Myrhh Oil and Beeswax', 'Never stretch your ears without Gauge Gear! Read ingredient list below to see their effects']",1347,"['title: Great Product \ntext: Helps my ear heal very quickly and makes the stretching process quite easy. Definitely would recommend this to anyone who is thinking about stretching', 'title: Awesome! \ntext: This stuff is so awesome! Not only does it make stretching SOOO much easier but it also does wonders with healing. One of my ears got infected and this stuff wiped the infection away over night. I was a little worried about the small size at first but a little goes a long way. I bought mine a few weeks ago and use it twice a day and the jar is still pretty much full. I recommend this product to anyone.', 'title: Great \ntext: The product did meet the expectations . I really loved it, made gauging sooo much easier, and organic oils made for clean healing . Highly Recommend it .', 'title: Great \ntext: What a great product. Its really helped in the healing process. Whithout it starting up my first guages would have been much more painful. I would deffinatly buy from this seller again.']","The product is highly praised for its healing properties, particularly in aiding the healing process of stretched ears. Users report that it helps ears heal quickly and makes the stretching process easier, with one user noting that it effectively cleared an ear infection overnight [0][1]. The inclusion of organic oils is highlighted as beneficial for clean healing, and the product is recommended for its effectiveness in reducing pain during the initial gauging process [2][3].",9.0
Does the gauge gear help with healing,"['LUBRICANT - Gauge Gear lubricates your skin while you stretch! Helps Insertion of Tapers and Plugs Double Flared/Oversized Plugs. Also perfect to restart a closed piercing with an earring', 'PIERCING AFTERCARE - Great for any new external piercing. Helps relieve the effects of a fresh piercing', 'ALL NATURAL INGREDIENTS - Jojoba Oil, Sweet Almond Oil, Tea Tree Oil, Wheat Germ Oil, Myrhh Oil and Beeswax', 'Never stretch your ears without Gauge Gear! Read ingredient list below to see their effects']",1356,"['title: Great Product \ntext: Helps my ear heal very quickly and makes the stretching process quite easy. Definitely would recommend this to anyone who is thinking about stretching', 'title: Awesome! \ntext: This stuff is so awesome! Not only does it make stretching SOOO much easier but it also does wonders with healing. One of my ears got infected and this stuff wiped the infection away over night. I was a little worried about the small size at first but a little goes a long way. I bought mine a few weeks ago and use it twice a day and the jar is still pretty much full. I recommend this product to anyone.', 'title: Awesome! \ntext: This product is fantastic. It makes the gauge healing process faster and less painful than when using other products like Vaseline. I would truly recommend this product to anyone who is stretching their ears and especially if you have sensitive ears or more scar tissue than normal. I absolutely love it!', 'title: It really helped with the smell of stretching your ears ... \ntext: It really helped with the smell of stretching your ears and helped them heal faster. Because you heal faster you can go up sizes faster. It also helps with other cuts and minor abrasions in the healing process.']","The product is highly praised for its healing properties, particularly in the context of ear stretching. Users report that it aids in the healing process, making it quicker and less painful compared to other products like Vaseline[0][2]. One user noted that it effectively treated an ear infection overnight, highlighting its potent healing capabilities[1]. Additionally, the product is said to help with the smell associated with ear stretching and can be used for other cuts and minor abrasions, further emphasizing its versatility in promoting healing[3]. Overall, the product is recommended for its ability to facilitate faster healing and ease the stretching process[0][1][2][3].",9.0
Does the gauge gear help with healing,"['LUBRICANT - Gauge Gear lubricates your skin while you stretch! Helps Insertion of Tapers and Plugs Double Flared/Oversized Plugs. Also perfect to restart a closed piercing with an earring', 'PIERCING AFTERCARE - Great for any new external piercing. Helps relieve the effects of a fresh piercing', 'ALL NATURAL INGREDIENTS - Jojoba Oil, Sweet Almond Oil, Tea Tree Oil, Wheat Germ Oil, Myrhh Oil and Beeswax', 'Never stretch your ears without Gauge Gear! Read ingredient list below to see their effects']",1357,"['title: Great Product \ntext: Helps my ear heal very quickly and makes the stretching process quite easy. Definitely would recommend this to anyone who is thinking about stretching', 'title: Awesome! \ntext: This stuff is so awesome! Not only does it make stretching SOOO much easier but it also does wonders with healing. One of my ears got infected and this stuff wiped the infection away over night. I was a little worried about the small size at first but a little goes a long way. I bought mine a few weeks ago and use it twice a day and the jar is still pretty much full. I recommend this product to anyone.', 'title: Awesome! \ntext: This product is fantastic. It makes the gauge healing process faster and less painful than when using other products like Vaseline. I would truly recommend this product to anyone who is stretching their ears and especially if you have sensitive ears or more scar tissue than normal. I absolutely love it!', 'title: Great \ntext: What a great product. Its really helped in the healing process. Whithout it starting up my first guages would have been much more painful. I would deffinatly buy from this seller again.']","The product is highly praised for its healing properties, particularly in the context of ear stretching. Users report that it significantly aids in the healing process, making it faster and less painful compared to other products like Vaseline[0][2]. One user noted that it effectively treated an ear infection overnight, highlighting its potent healing capabilities[1]. Additionally, the product is described as economical, with a small amount being sufficient for regular use[1]. Overall, the product is recommended for those stretching their ears, especially for individuals with sensitive ears or more scar tissue[2].",9.0
Does the gauge gear help with healing,"['LUBRICANT - Gauge Gear lubricates your skin while you stretch! Helps Insertion of Tapers and Plugs Double Flared/Oversized Plugs. Also perfect to restart a closed piercing with an earring', 'PIERCING AFTERCARE - Great for any new external piercing. Helps relieve the effects of a fresh piercing', 'ALL NATURAL INGREDIENTS - Jojoba Oil, Sweet Almond Oil, Tea Tree Oil, Wheat Germ Oil, Myrhh Oil and Beeswax', 'Never stretch your ears without Gauge Gear! Read ingredient list below to see their effects']",1367,"['title: Great Product \ntext: Helps my ear heal very quickly and makes the stretching process quite easy. Definitely would recommend this to anyone who is thinking about stretching', 'title: Awesome! \ntext: This stuff is so awesome! Not only does it make stretching SOOO much easier but it also does wonders with healing. One of my ears got infected and this stuff wiped the infection away over night. I was a little worried about the small size at first but a little goes a long way. I bought mine a few weeks ago and use it twice a day and the jar is still pretty much full. I recommend this product to anyone.', 'title: It really helped with the smell of stretching your ears ... \ntext: It really helped with the smell of stretching your ears and helped them heal faster. Because you heal faster you can go up sizes faster. It also helps with other cuts and minor abrasions in the healing process.', 'title: Great \ntext: What a great product. Its really helped in the healing process. Whithout it starting up my first guages would have been much more painful. I would deffinatly buy from this seller again.']","The product is highly praised for its healing properties, particularly in aiding the healing process of stretched ears. Users report that it helps ears heal quickly, making the stretching process easier and less painful[0][1][3]. One user noted that it effectively treated an ear infection overnight, highlighting its efficacy in promoting healing[1]. Additionally, the product is said to assist with healing minor cuts and abrasions, further demonstrating its versatility in healing applications[2]. Overall, the product is recommended for its ability to expedite healing and ease the stretching process[0][1][2][3].",9.0
Does the gauge gear help with healing,"['LUBRICANT - Gauge Gear lubricates your skin while you stretch! Helps Insertion of Tapers and Plugs Double Flared/Oversized Plugs. Also perfect to restart a closed piercing with an earring', 'PIERCING AFTERCARE - Great for any new external piercing. Helps relieve the effects of a fresh piercing', 'ALL NATURAL INGREDIENTS - Jojoba Oil, Sweet Almond Oil, Tea Tree Oil, Wheat Germ Oil, Myrhh Oil and Beeswax', 'Never stretch your ears without Gauge Gear! Read ingredient list below to see their effects']",1456,"['title: Great Product \ntext: Helps my ear heal very quickly and makes the stretching process quite easy. Definitely would recommend this to anyone who is thinking about stretching', 'title: Great \ntext: The product did meet the expectations . I really loved it, made gauging sooo much easier, and organic oils made for clean healing . Highly Recommend it .', 'title: Awesome! \ntext: This product is fantastic. It makes the gauge healing process faster and less painful than when using other products like Vaseline. I would truly recommend this product to anyone who is stretching their ears and especially if you have sensitive ears or more scar tissue than normal. I absolutely love it!', 'title: It really helped with the smell of stretching your ears ... \ntext: It really helped with the smell of stretching your ears and helped them heal faster. Because you heal faster you can go up sizes faster. It also helps with other cuts and minor abrasions in the healing process.']","The product is highly praised for its healing properties, particularly in aiding the ear stretching process. Users report that it helps ears heal quickly and makes the stretching process easier, with one user noting that it is especially beneficial for those with sensitive ears or more scar tissue than normal [0][2]. The inclusion of organic oils is highlighted as a factor that contributes to clean healing, making the product preferable over alternatives like Vaseline [1][2]. Additionally, the product is noted for its ability to reduce the smell associated with ear stretching and for promoting faster healing, which allows users to increase sizes more rapidly. It is also effective in healing other cuts and minor abrasions [3].",9.0
Does the gauge gear help with healing,"['LUBRICANT - Gauge Gear lubricates your skin while you stretch! Helps Insertion of Tapers and Plugs Double Flared/Oversized Plugs. Also perfect to restart a closed piercing with an earring', 'PIERCING AFTERCARE - Great for any new external piercing. Helps relieve the effects of a fresh piercing', 'ALL NATURAL INGREDIENTS - Jojoba Oil, Sweet Almond Oil, Tea Tree Oil, Wheat Germ Oil, Myrhh Oil and Beeswax', 'Never stretch your ears without Gauge Gear! Read ingredient list below to see their effects']",1457,"['title: Great Product \ntext: Helps my ear heal very quickly and makes the stretching process quite easy. Definitely would recommend this to anyone who is thinking about stretching', 'title: Great \ntext: The product did meet the expectations . I really loved it, made gauging sooo much easier, and organic oils made for clean healing . Highly Recommend it .', 'title: Awesome! \ntext: This product is fantastic. It makes the gauge healing process faster and less painful than when using other products like Vaseline. I would truly recommend this product to anyone who is stretching their ears and especially if you have sensitive ears or more scar tissue than normal. I absolutely love it!', 'title: Great \ntext: What a great product. Its really helped in the healing process. Whithout it starting up my first guages would have been much more painful. I would deffinatly buy from this seller again.']","The product is highly praised for its healing properties, particularly in aiding the ear stretching process. Users report that it helps ears heal quickly and makes the stretching process easier, with one user noting that it is especially beneficial for those with sensitive ears or more scar tissue than normal [0][2][3]. The inclusion of organic oils is highlighted as contributing to clean healing, making the product preferable over alternatives like Vaseline [1][2]. Overall, the product is recommended for its effectiveness in facilitating faster and less painful healing during ear stretching [0][1][2][3].",9.0
Does the gauge gear help with healing,"['LUBRICANT - Gauge Gear lubricates your skin while you stretch! Helps Insertion of Tapers and Plugs Double Flared/Oversized Plugs. Also perfect to restart a closed piercing with an earring', 'PIERCING AFTERCARE - Great for any new external piercing. Helps relieve the effects of a fresh piercing', 'ALL NATURAL INGREDIENTS - Jojoba Oil, Sweet Almond Oil, Tea Tree Oil, Wheat Germ Oil, Myrhh Oil and Beeswax', 'Never stretch your ears without Gauge Gear! Read ingredient list below to see their effects']",1467,"['title: Great Product \ntext: Helps my ear heal very quickly and makes the stretching process quite easy. Definitely would recommend this to anyone who is thinking about stretching', 'title: Great \ntext: The product did meet the expectations . I really loved it, made gauging sooo much easier, and organic oils made for clean healing . Highly Recommend it .', 'title: It really helped with the smell of stretching your ears ... \ntext: It really helped with the smell of stretching your ears and helped them heal faster. Because you heal faster you can go up sizes faster. It also helps with other cuts and minor abrasions in the healing process.', 'title: Great \ntext: What a great product. Its really helped in the healing process. Whithout it starting up my first guages would have been much more painful. I would deffinatly buy from this seller again.']","The product is highly praised for its healing properties, particularly in aiding the healing process of stretched ears. Users report that it helps ears heal quickly, making the stretching process easier and less painful, which allows for faster size progression[0][2][3]. The inclusion of organic oils is noted for promoting clean healing[1]. Additionally, the product is effective in healing other cuts and minor abrasions, further highlighting its versatile healing capabilities[2].",9.0
Does the gauge gear help with healing,"['LUBRICANT - Gauge Gear lubricates your skin while you stretch! Helps Insertion of Tapers and Plugs Double Flared/Oversized Plugs. Also perfect to restart a closed piercing with an earring', 'PIERCING AFTERCARE - Great for any new external piercing. Helps relieve the effects of a fresh piercing', 'ALL NATURAL INGREDIENTS - Jojoba Oil, Sweet Almond Oil, Tea Tree Oil, Wheat Germ Oil, Myrhh Oil and Beeswax', 'Never stretch your ears without Gauge Gear! Read ingredient list below to see their effects']",1567,"['title: Great Product \ntext: Helps my ear heal very quickly and makes the stretching process quite easy. Definitely would recommend this to anyone who is thinking about stretching', 'title: Awesome! \ntext: This product is fantastic. It makes the gauge healing process faster and less painful than when using other products like Vaseline. I would truly recommend this product to anyone who is stretching their ears and especially if you have sensitive ears or more scar tissue than normal. I absolutely love it!', 'title: It really helped with the smell of stretching your ears ... \ntext: It really helped with the smell of stretching your ears and helped them heal faster. Because you heal faster you can go up sizes faster. It also helps with other cuts and minor abrasions in the healing process.', 'title: Great \ntext: What a great product. Its really helped in the healing process. Whithout it starting up my first guages would have been much more painful. I would deffinatly buy from this seller again.']","The product is highly praised for its healing properties, particularly in the context of ear stretching. Users report that it significantly accelerates the healing process, making the stretching experience less painful and more efficient compared to other products like Vaseline [0][1]. Additionally, it is noted for its effectiveness in reducing unpleasant odors associated with ear stretching and aiding in the healing of other minor cuts and abrasions [2]. Overall, the product is recommended for its ability to ease the initial pain of stretching and improve the overall healing experience [3].",9.0
Does the gauge gear help with healing,"['LUBRICANT - Gauge Gear lubricates your skin while you stretch! Helps Insertion of Tapers and Plugs Double Flared/Oversized Plugs. Also perfect to restart a closed piercing with an earring', 'PIERCING AFTERCARE - Great for any new external piercing. Helps relieve the effects of a fresh piercing', 'ALL NATURAL INGREDIENTS - Jojoba Oil, Sweet Almond Oil, Tea Tree Oil, Wheat Germ Oil, Myrhh Oil and Beeswax', 'Never stretch your ears without Gauge Gear! Read ingredient list below to see their effects']",2345,"['title: GREAT PRODUCT! \ntext: Best stretching balm ive used.  Very good product, helps your ears heal while your in the stretching process.  I still use it even now, after I have stopped stretching.', 'title: Awesome! \ntext: This stuff is so awesome! Not only does it make stretching SOOO much easier but it also does wonders with healing. One of my ears got infected and this stuff wiped the infection away over night. I was a little worried about the small size at first but a little goes a long way. I bought mine a few weeks ago and use it twice a day and the jar is still pretty much full. I recommend this product to anyone.', 'title: Great \ntext: The product did meet the expectations . I really loved it, made gauging sooo much easier, and organic oils made for clean healing . Highly Recommend it .', 'title: Awesome! \ntext: This product is fantastic. It makes the gauge healing process faster and less painful than when using other products like Vaseline. I would truly recommend this product to anyone who is stretching their ears and especially if you have sensitive ears or more scar tissue than normal. I absolutely love it!']","The product is highly praised for its healing properties, particularly in the context of ear stretching. Users report that it aids in the healing process during and after stretching, with one user noting that it continues to be effective even after they have stopped stretching their ears [0]. Another user highlights its ability to heal infections quickly, stating that it cleared an ear infection overnight [1]. The product is also noted for its use of organic oils, which contribute to clean healing [2]. Additionally, it is described as making the healing process faster and less painful compared to other products, making it especially suitable for those with sensitive ears or more scar tissue [3].",9.0
Does the gauge gear help with healing,"['LUBRICANT - Gauge Gear lubricates your skin while you stretch! Helps Insertion of Tapers and Plugs Double Flared/Oversized Plugs. Also perfect to restart a closed piercing with an earring', 'PIERCING AFTERCARE - Great for any new external piercing. Helps relieve the effects of a fresh piercing', 'ALL NATURAL INGREDIENTS - Jojoba Oil, Sweet Almond Oil, Tea Tree Oil, Wheat Germ Oil, Myrhh Oil and Beeswax', 'Never stretch your ears without Gauge Gear! Read ingredient list below to see their effects']",2346,"['title: GREAT PRODUCT! \ntext: Best stretching balm ive used.  Very good product, helps your ears heal while your in the stretching process.  I still use it even now, after I have stopped stretching.', 'title: Awesome! \ntext: This stuff is so awesome! Not only does it make stretching SOOO much easier but it also does wonders with healing. One of my ears got infected and this stuff wiped the infection away over night. I was a little worried about the small size at first but a little goes a long way. I bought mine a few weeks ago and use it twice a day and the jar is still pretty much full. I recommend this product to anyone.', 'title: Great \ntext: The product did meet the expectations . I really loved it, made gauging sooo much easier, and organic oils made for clean healing . Highly Recommend it .', 'title: It really helped with the smell of stretching your ears ... \ntext: It really helped with the smell of stretching your ears and helped them heal faster. Because you heal faster you can go up sizes faster. It also helps with other cuts and minor abrasions in the healing process.']","The product is highly praised for its healing properties, particularly in the context of ear stretching. Users report that it aids in the healing process during and after stretching, with one user noting that it helped heal an ear infection overnight[0][1]. The balm is also appreciated for its organic oils, which contribute to clean healing[2]. Additionally, it is effective in reducing the smell associated with ear stretching and accelerates the healing process, allowing users to increase sizes more quickly[3].",9.0
Does the gauge gear help with healing,"['LUBRICANT - Gauge Gear lubricates your skin while you stretch! Helps Insertion of Tapers and Plugs Double Flared/Oversized Plugs. Also perfect to restart a closed piercing with an earring', 'PIERCING AFTERCARE - Great for any new external piercing. Helps relieve the effects of a fresh piercing', 'ALL NATURAL INGREDIENTS - Jojoba Oil, Sweet Almond Oil, Tea Tree Oil, Wheat Germ Oil, Myrhh Oil and Beeswax', 'Never stretch your ears without Gauge Gear! Read ingredient list below to see their effects']",2347,"['title: GREAT PRODUCT! \ntext: Best stretching balm ive used.  Very good product, helps your ears heal while your in the stretching process.  I still use it even now, after I have stopped stretching.', 'title: Awesome! \ntext: This stuff is so awesome! Not only does it make stretching SOOO much easier but it also does wonders with healing. One of my ears got infected and this stuff wiped the infection away over night. I was a little worried about the small size at first but a little goes a long way. I bought mine a few weeks ago and use it twice a day and the jar is still pretty much full. I recommend this product to anyone.', 'title: Great \ntext: The product did meet the expectations . I really loved it, made gauging sooo much easier, and organic oils made for clean healing . Highly Recommend it .', 'title: Great \ntext: What a great product. Its really helped in the healing process. Whithout it starting up my first guages would have been much more painful. I would deffinatly buy from this seller again.']","The product is highly praised for its healing properties, particularly in the context of ear stretching. Users report that it significantly aids in the healing process during and after stretching, with one user noting that it helped heal an infection overnight[0][1]. The balm is also appreciated for its organic oils, which contribute to clean healing[2]. Another user emphasized that the product alleviated pain during the initial gauging process, highlighting its effectiveness in promoting healing[3]. Overall, the product is recommended for its ability to facilitate healing and ease the stretching process[0][1][2][3].",9.0
Does the gauge gear help with healing,"['LUBRICANT - Gauge Gear lubricates your skin while you stretch! Helps Insertion of Tapers and Plugs Double Flared/Oversized Plugs. Also perfect to restart a closed piercing with an earring', 'PIERCING AFTERCARE - Great for any new external piercing. Helps relieve the effects of a fresh piercing', 'ALL NATURAL INGREDIENTS - Jojoba Oil, Sweet Almond Oil, Tea Tree Oil, Wheat Germ Oil, Myrhh Oil and Beeswax', 'Never stretch your ears without Gauge Gear! Read ingredient list below to see their effects']",2356,"['title: GREAT PRODUCT! \ntext: Best stretching balm ive used.  Very good product, helps your ears heal while your in the stretching process.  I still use it even now, after I have stopped stretching.', 'title: Awesome! \ntext: This stuff is so awesome! Not only does it make stretching SOOO much easier but it also does wonders with healing. One of my ears got infected and this stuff wiped the infection away over night. I was a little worried about the small size at first but a little goes a long way. I bought mine a few weeks ago and use it twice a day and the jar is still pretty much full. I recommend this product to anyone.', 'title: Awesome! \ntext: This product is fantastic. It makes the gauge healing process faster and less painful than when using other products like Vaseline. I would truly recommend this product to anyone who is stretching their ears and especially if you have sensitive ears or more scar tissue than normal. I absolutely love it!', 'title: It really helped with the smell of stretching your ears ... \ntext: It really helped with the smell of stretching your ears and helped them heal faster. Because you heal faster you can go up sizes faster. It also helps with other cuts and minor abrasions in the healing process.']","The product is highly praised for its healing properties, particularly in the context of ear stretching. Users report that it aids in the healing process during and after stretching, making it easier and less painful compared to other products like Vaseline [0][2]. One user noted that it effectively treated an ear infection overnight, highlighting its potent healing capabilities [1]. Additionally, the balm is said to help with the smell associated with stretching and accelerates the healing of cuts and minor abrasions, allowing users to progress to larger sizes more quickly [3]. Overall, the product is recommended for its efficiency in promoting faster and less painful healing during ear stretching [0][1][2][3].",9.0
Does the gauge gear help with healing,"['LUBRICANT - Gauge Gear lubricates your skin while you stretch! Helps Insertion of Tapers and Plugs Double Flared/Oversized Plugs. Also perfect to restart a closed piercing with an earring', 'PIERCING AFTERCARE - Great for any new external piercing. Helps relieve the effects of a fresh piercing', 'ALL NATURAL INGREDIENTS - Jojoba Oil, Sweet Almond Oil, Tea Tree Oil, Wheat Germ Oil, Myrhh Oil and Beeswax', 'Never stretch your ears without Gauge Gear! Read ingredient list below to see their effects']",2357,"['title: GREAT PRODUCT! \ntext: Best stretching balm ive used.  Very good product, helps your ears heal while your in the stretching process.  I still use it even now, after I have stopped stretching.', 'title: Awesome! \ntext: This stuff is so awesome! Not only does it make stretching SOOO much easier but it also does wonders with healing. One of my ears got infected and this stuff wiped the infection away over night. I was a little worried about the small size at first but a little goes a long way. I bought mine a few weeks ago and use it twice a day and the jar is still pretty much full. I recommend this product to anyone.', 'title: Awesome! \ntext: This product is fantastic. It makes the gauge healing process faster and less painful than when using other products like Vaseline. I would truly recommend this product to anyone who is stretching their ears and especially if you have sensitive ears or more scar tissue than normal. I absolutely love it!', 'title: Great \ntext: What a great product. Its really helped in the healing process. Whithout it starting up my first guages would have been much more painful. I would deffinatly buy from this seller again.']","The product is highly praised for its healing properties, particularly in the context of ear stretching. Users report that it significantly aids in the healing process, making it faster and less painful compared to other products like Vaseline[0][2]. One user noted that it effectively treated an ear infection overnight, highlighting its potent healing capabilities[1]. Additionally, the balm is described as being economical, with a small amount going a long way[1]. Overall, the product is recommended for those with sensitive ears or more scar tissue, as it facilitates a smoother and less painful stretching experience[2][3].",9.0
Does the gauge gear help with healing,"['LUBRICANT - Gauge Gear lubricates your skin while you stretch! Helps Insertion of Tapers and Plugs Double Flared/Oversized Plugs. Also perfect to restart a closed piercing with an earring', 'PIERCING AFTERCARE - Great for any new external piercing. Helps relieve the effects of a fresh piercing', 'ALL NATURAL INGREDIENTS - Jojoba Oil, Sweet Almond Oil, Tea Tree Oil, Wheat Germ Oil, Myrhh Oil and Beeswax', 'Never stretch your ears without Gauge Gear! Read ingredient list below to see their effects']",2367,"['title: GREAT PRODUCT! \ntext: Best stretching balm ive used.  Very good product, helps your ears heal while your in the stretching process.  I still use it even now, after I have stopped stretching.', 'title: Awesome! \ntext: This stuff is so awesome! Not only does it make stretching SOOO much easier but it also does wonders with healing. One of my ears got infected and this stuff wiped the infection away over night. I was a little worried about the small size at first but a little goes a long way. I bought mine a few weeks ago and use it twice a day and the jar is still pretty much full. I recommend this product to anyone.', 'title: It really helped with the smell of stretching your ears ... \ntext: It really helped with the smell of stretching your ears and helped them heal faster. Because you heal faster you can go up sizes faster. It also helps with other cuts and minor abrasions in the healing process.', 'title: Great \ntext: What a great product. Its really helped in the healing process. Whithout it starting up my first guages would have been much more painful. I would deffinatly buy from this seller again.']","The product is highly praised for its healing properties, particularly in the context of ear stretching. Users report that it aids in the healing process during and after stretching, making the experience less painful and more efficient. One user noted that it helped heal an ear infection overnight, highlighting its effectiveness in promoting rapid healing[0][1]. Additionally, the balm is said to help with the smell associated with ear stretching and can be used for other minor cuts and abrasions, further emphasizing its versatility in healing[2]. Overall, the product is recommended for its ability to facilitate faster healing and reduce discomfort during the stretching process[3].",9.0
Does the gauge gear help with healing,"['LUBRICANT - Gauge Gear lubricates your skin while you stretch! Helps Insertion of Tapers and Plugs Double Flared/Oversized Plugs. Also perfect to restart a closed piercing with an earring', 'PIERCING AFTERCARE - Great for any new external piercing. Helps relieve the effects of a fresh piercing', 'ALL NATURAL INGREDIENTS - Jojoba Oil, Sweet Almond Oil, Tea Tree Oil, Wheat Germ Oil, Myrhh Oil and Beeswax', 'Never stretch your ears without Gauge Gear! Read ingredient list below to see their effects']",2456,"['title: GREAT PRODUCT! \ntext: Best stretching balm ive used.  Very good product, helps your ears heal while your in the stretching process.  I still use it even now, after I have stopped stretching.', 'title: Great \ntext: The product did meet the expectations . I really loved it, made gauging sooo much easier, and organic oils made for clean healing . Highly Recommend it .', 'title: Awesome! \ntext: This product is fantastic. It makes the gauge healing process faster and less painful than when using other products like Vaseline. I would truly recommend this product to anyone who is stretching their ears and especially if you have sensitive ears or more scar tissue than normal. I absolutely love it!', 'title: It really helped with the smell of stretching your ears ... \ntext: It really helped with the smell of stretching your ears and helped them heal faster. Because you heal faster you can go up sizes faster. It also helps with other cuts and minor abrasions in the healing process.']","The product is highly praised for its healing properties, particularly in the context of ear stretching. Users report that it aids in the healing process during and after stretching, making it easier and less painful compared to other products like Vaseline[0][2]. The inclusion of organic oils is noted for promoting clean healing, which is beneficial for those with sensitive ears or more scar tissue[1][2]. Additionally, the product is effective in reducing the smell associated with ear stretching and accelerates the healing process, allowing users to increase sizes more quickly[3]. It is also mentioned to help with other minor cuts and abrasions[3].",9.0
Does the gauge gear help with healing,"['LUBRICANT - Gauge Gear lubricates your skin while you stretch! Helps Insertion of Tapers and Plugs Double Flared/Oversized Plugs. Also perfect to restart a closed piercing with an earring', 'PIERCING AFTERCARE - Great for any new external piercing. Helps relieve the effects of a fresh piercing', 'ALL NATURAL INGREDIENTS - Jojoba Oil, Sweet Almond Oil, Tea Tree Oil, Wheat Germ Oil, Myrhh Oil and Beeswax', 'Never stretch your ears without Gauge Gear! Read ingredient list below to see their effects']",2457,"['title: GREAT PRODUCT! \ntext: Best stretching balm ive used.  Very good product, helps your ears heal while your in the stretching process.  I still use it even now, after I have stopped stretching.', 'title: Great \ntext: The product did meet the expectations . I really loved it, made gauging sooo much easier, and organic oils made for clean healing . Highly Recommend it .', 'title: Awesome! \ntext: This product is fantastic. It makes the gauge healing process faster and less painful than when using other products like Vaseline. I would truly recommend this product to anyone who is stretching their ears and especially if you have sensitive ears or more scar tissue than normal. I absolutely love it!', 'title: Great \ntext: What a great product. Its really helped in the healing process. Whithout it starting up my first guages would have been much more painful. I would deffinatly buy from this seller again.']","The product is highly praised for its healing properties, particularly in the context of ear stretching. Users report that it aids in the healing process during and after stretching, making it less painful and more efficient compared to other products like Vaseline[0][2][3]. The inclusion of organic oils is noted to contribute to clean healing, which is beneficial for those with sensitive ears or scar tissue[1][2]. Overall, the product is recommended for its effectiveness in facilitating a smoother and less painful healing experience during ear stretching[0][1][2][3].",9.0
Does the gauge gear help with healing,"['LUBRICANT - Gauge Gear lubricates your skin while you stretch! Helps Insertion of Tapers and Plugs Double Flared/Oversized Plugs. Also perfect to restart a closed piercing with an earring', 'PIERCING AFTERCARE - Great for any new external piercing. Helps relieve the effects of a fresh piercing', 'ALL NATURAL INGREDIENTS - Jojoba Oil, Sweet Almond Oil, Tea Tree Oil, Wheat Germ Oil, Myrhh Oil and Beeswax', 'Never stretch your ears without Gauge Gear! Read ingredient list below to see their effects']",2467,"['title: GREAT PRODUCT! \ntext: Best stretching balm ive used.  Very good product, helps your ears heal while your in the stretching process.  I still use it even now, after I have stopped stretching.', 'title: Great \ntext: The product did meet the expectations . I really loved it, made gauging sooo much easier, and organic oils made for clean healing . Highly Recommend it .', 'title: It really helped with the smell of stretching your ears ... \ntext: It really helped with the smell of stretching your ears and helped them heal faster. Because you heal faster you can go up sizes faster. It also helps with other cuts and minor abrasions in the healing process.', 'title: Great \ntext: What a great product. Its really helped in the healing process. Whithout it starting up my first guages would have been much more painful. I would deffinatly buy from this seller again.']","The product is highly praised for its healing properties, particularly in the context of ear stretching. Users report that it aids in the healing process during and after stretching, making the experience less painful and more efficient[0][1][2][3]. The inclusion of organic oils is noted to contribute to clean healing, and the balm is also effective for other minor cuts and abrasions[1][2]. Overall, the product is recommended for its ability to facilitate faster healing, allowing users to progress through sizes more quickly[2].",9.0
Does the gauge gear help with healing,"['LUBRICANT - Gauge Gear lubricates your skin while you stretch! Helps Insertion of Tapers and Plugs Double Flared/Oversized Plugs. Also perfect to restart a closed piercing with an earring', 'PIERCING AFTERCARE - Great for any new external piercing. Helps relieve the effects of a fresh piercing', 'ALL NATURAL INGREDIENTS - Jojoba Oil, Sweet Almond Oil, Tea Tree Oil, Wheat Germ Oil, Myrhh Oil and Beeswax', 'Never stretch your ears without Gauge Gear! Read ingredient list below to see their effects']",2567,"['title: GREAT PRODUCT! \ntext: Best stretching balm ive used.  Very good product, helps your ears heal while your in the stretching process.  I still use it even now, after I have stopped stretching.', 'title: Awesome! \ntext: This product is fantastic. It makes the gauge healing process faster and less painful than when using other products like Vaseline. I would truly recommend this product to anyone who is stretching their ears and especially if you have sensitive ears or more scar tissue than normal. I absolutely love it!', 'title: It really helped with the smell of stretching your ears ... \ntext: It really helped with the smell of stretching your ears and helped them heal faster. Because you heal faster you can go up sizes faster. It also helps with other cuts and minor abrasions in the healing process.', 'title: Great \ntext: What a great product. Its really helped in the healing process. Whithout it starting up my first guages would have been much more painful. I would deffinatly buy from this seller again.']","The product is highly praised for its healing properties, particularly in the context of ear stretching. Users report that it aids in the healing process, making it faster and less painful compared to other products like Vaseline, which is beneficial for those with sensitive ears or more scar tissue [0][1]. Additionally, it helps with the smell associated with ear stretching and allows users to increase sizes more quickly due to faster healing [2]. The balm is also noted for its effectiveness in healing cuts and minor abrasions [2]. Overall, users express satisfaction with the product's ability to alleviate pain and enhance the healing process during ear stretching [3].",9.0
Does the gauge gear help with healing,"['LUBRICANT - Gauge Gear lubricates your skin while you stretch! Helps Insertion of Tapers and Plugs Double Flared/Oversized Plugs. Also perfect to restart a closed piercing with an earring', 'PIERCING AFTERCARE - Great for any new external piercing. Helps relieve the effects of a fresh piercing', 'ALL NATURAL INGREDIENTS - Jojoba Oil, Sweet Almond Oil, Tea Tree Oil, Wheat Germ Oil, Myrhh Oil and Beeswax', 'Never stretch your ears without Gauge Gear! Read ingredient list below to see their effects']",3456,"['title: Awesome! \ntext: This stuff is so awesome! Not only does it make stretching SOOO much easier but it also does wonders with healing. One of my ears got infected and this stuff wiped the infection away over night. I was a little worried about the small size at first but a little goes a long way. I bought mine a few weeks ago and use it twice a day and the jar is still pretty much full. I recommend this product to anyone.', 'title: Great \ntext: The product did meet the expectations . I really loved it, made gauging sooo much easier, and organic oils made for clean healing . Highly Recommend it .', 'title: Awesome! \ntext: This product is fantastic. It makes the gauge healing process faster and less painful than when using other products like Vaseline. I would truly recommend this product to anyone who is stretching their ears and especially if you have sensitive ears or more scar tissue than normal. I absolutely love it!', 'title: It really helped with the smell of stretching your ears ... \ntext: It really helped with the smell of stretching your ears and helped them heal faster. Because you heal faster you can go up sizes faster. It also helps with other cuts and minor abrasions in the healing process.']","The product is highly praised for its healing properties, particularly in the context of ear stretching and infections. Users report that it not only facilitates easier stretching but also effectively heals infections overnight, as one user experienced with an ear infection [0]. The inclusion of organic oils is noted to contribute to clean healing, making the process of gauging easier and meeting user expectations [1]. Compared to other products like Vaseline, this product accelerates the healing process and reduces pain, which is especially beneficial for those with sensitive ears or more scar tissue [2]. Additionally, it helps with the smell associated with ear stretching and speeds up the healing of cuts and minor abrasions, allowing users to increase sizes more quickly [3].",9.0
Does the gauge gear help with healing,"['LUBRICANT - Gauge Gear lubricates your skin while you stretch! Helps Insertion of Tapers and Plugs Double Flared/Oversized Plugs. Also perfect to restart a closed piercing with an earring', 'PIERCING AFTERCARE - Great for any new external piercing. Helps relieve the effects of a fresh piercing', 'ALL NATURAL INGREDIENTS - Jojoba Oil, Sweet Almond Oil, Tea Tree Oil, Wheat Germ Oil, Myrhh Oil and Beeswax', 'Never stretch your ears without Gauge Gear! Read ingredient list below to see their effects']",3457,"['title: Awesome! \ntext: This stuff is so awesome! Not only does it make stretching SOOO much easier but it also does wonders with healing. One of my ears got infected and this stuff wiped the infection away over night. I was a little worried about the small size at first but a little goes a long way. I bought mine a few weeks ago and use it twice a day and the jar is still pretty much full. I recommend this product to anyone.', 'title: Great \ntext: The product did meet the expectations . I really loved it, made gauging sooo much easier, and organic oils made for clean healing . Highly Recommend it .', 'title: Awesome! \ntext: This product is fantastic. It makes the gauge healing process faster and less painful than when using other products like Vaseline. I would truly recommend this product to anyone who is stretching their ears and especially if you have sensitive ears or more scar tissue than normal. I absolutely love it!', 'title: Great \ntext: What a great product. Its really helped in the healing process. Whithout it starting up my first guages would have been much more painful. I would deffinatly buy from this seller again.']","The product is highly praised for its healing properties, particularly in aiding the healing process of ear gauges. Users have reported that it not only makes stretching easier but also effectively heals infections, as one user noted that it cleared an ear infection overnight [0]. The inclusion of organic oils is highlighted as beneficial for clean healing, making the product highly recommended [1]. It is also noted for making the gauge healing process faster and less painful compared to other products like Vaseline, which is especially beneficial for those with sensitive ears or more scar tissue [2]. Overall, the product is credited with significantly aiding the healing process and reducing pain during the initial stages of using gauges [3].",9.0
Does the gauge gear help with healing,"['LUBRICANT - Gauge Gear lubricates your skin while you stretch! Helps Insertion of Tapers and Plugs Double Flared/Oversized Plugs. Also perfect to restart a closed piercing with an earring', 'PIERCING AFTERCARE - Great for any new external piercing. Helps relieve the effects of a fresh piercing', 'ALL NATURAL INGREDIENTS - Jojoba Oil, Sweet Almond Oil, Tea Tree Oil, Wheat Germ Oil, Myrhh Oil and Beeswax', 'Never stretch your ears without Gauge Gear! Read ingredient list below to see their effects']",3467,"['title: Awesome! \ntext: This stuff is so awesome! Not only does it make stretching SOOO much easier but it also does wonders with healing. One of my ears got infected and this stuff wiped the infection away over night. I was a little worried about the small size at first but a little goes a long way. I bought mine a few weeks ago and use it twice a day and the jar is still pretty much full. I recommend this product to anyone.', 'title: Great \ntext: The product did meet the expectations . I really loved it, made gauging sooo much easier, and organic oils made for clean healing . Highly Recommend it .', 'title: It really helped with the smell of stretching your ears ... \ntext: It really helped with the smell of stretching your ears and helped them heal faster. Because you heal faster you can go up sizes faster. It also helps with other cuts and minor abrasions in the healing process.', 'title: Great \ntext: What a great product. Its really helped in the healing process. Whithout it starting up my first guages would have been much more painful. I would deffinatly buy from this seller again.']","The product is highly praised for its healing properties, particularly in aiding the healing process of ear stretching and infections. One user reported that it effectively cleared an ear infection overnight, highlighting its potency despite the small size of the jar, which lasts a long time with regular use [0]. Another user emphasized the role of organic oils in promoting clean healing, making the process of gauging easier [1]. Additionally, the product is noted for helping with the smell associated with ear stretching and accelerating the healing process, which allows for quicker size progression and aids in healing cuts and minor abrasions [2]. Overall, users find the product essential in reducing pain and facilitating healing during the initial stages of ear gauging [3].",9.0
Does the gauge gear help with healing,"['LUBRICANT - Gauge Gear lubricates your skin while you stretch! Helps Insertion of Tapers and Plugs Double Flared/Oversized Plugs. Also perfect to restart a closed piercing with an earring', 'PIERCING AFTERCARE - Great for any new external piercing. Helps relieve the effects of a fresh piercing', 'ALL NATURAL INGREDIENTS - Jojoba Oil, Sweet Almond Oil, Tea Tree Oil, Wheat Germ Oil, Myrhh Oil and Beeswax', 'Never stretch your ears without Gauge Gear! Read ingredient list below to see their effects']",3567,"['title: Awesome! \ntext: This stuff is so awesome! Not only does it make stretching SOOO much easier but it also does wonders with healing. One of my ears got infected and this stuff wiped the infection away over night. I was a little worried about the small size at first but a little goes a long way. I bought mine a few weeks ago and use it twice a day and the jar is still pretty much full. I recommend this product to anyone.', 'title: Awesome! \ntext: This product is fantastic. It makes the gauge healing process faster and less painful than when using other products like Vaseline. I would truly recommend this product to anyone who is stretching their ears and especially if you have sensitive ears or more scar tissue than normal. I absolutely love it!', 'title: It really helped with the smell of stretching your ears ... \ntext: It really helped with the smell of stretching your ears and helped them heal faster. Because you heal faster you can go up sizes faster. It also helps with other cuts and minor abrasions in the healing process.', 'title: Great \ntext: What a great product. Its really helped in the healing process. Whithout it starting up my first guages would have been much more painful. I would deffinatly buy from this seller again.']","The product is highly praised for its healing properties, particularly in the context of ear stretching. Users report that it significantly aids in the healing process, making it faster and less painful compared to other products like Vaseline. One user noted that it effectively treated an ear infection overnight, highlighting its potent healing capabilities [0]. Another user emphasized its ability to speed up the gauge healing process, making it ideal for those with sensitive ears or more scar tissue [1]. Additionally, the product is noted for helping with the smell associated with ear stretching and aiding in the healing of cuts and minor abrasions [2]. Overall, the product is recommended for its effectiveness in facilitating a smoother and quicker healing process [3].",9.0
Does the gauge gear help with healing,"['LUBRICANT - Gauge Gear lubricates your skin while you stretch! Helps Insertion of Tapers and Plugs Double Flared/Oversized Plugs. Also perfect to restart a closed piercing with an earring', 'PIERCING AFTERCARE - Great for any new external piercing. Helps relieve the effects of a fresh piercing', 'ALL NATURAL INGREDIENTS - Jojoba Oil, Sweet Almond Oil, Tea Tree Oil, Wheat Germ Oil, Myrhh Oil and Beeswax', 'Never stretch your ears without Gauge Gear! Read ingredient list below to see their effects']",4567,"['title: Great \ntext: The product did meet the expectations . I really loved it, made gauging sooo much easier, and organic oils made for clean healing . Highly Recommend it .', 'title: Awesome! \ntext: This product is fantastic. It makes the gauge healing process faster and less painful than when using other products like Vaseline. I would truly recommend this product to anyone who is stretching their ears and especially if you have sensitive ears or more scar tissue than normal. I absolutely love it!', 'title: It really helped with the smell of stretching your ears ... \ntext: It really helped with the smell of stretching your ears and helped them heal faster. Because you heal faster you can go up sizes faster. It also helps with other cuts and minor abrasions in the healing process.', 'title: Great \ntext: What a great product. Its really helped in the healing process. Whithout it starting up my first guages would have been much more painful. I would deffinatly buy from this seller again.']","The product is highly praised for its healing properties, particularly in the context of ear stretching. Users report that it facilitates a faster and less painful healing process compared to other products like Vaseline, making it especially beneficial for those with sensitive ears or more scar tissue [0][1]. The inclusion of organic oils is noted for promoting clean healing, and the product is also effective in reducing the smell associated with ear stretching [0][2]. Additionally, it aids in the healing of other cuts and minor abrasions, further highlighting its versatility and effectiveness in promoting healing [2][3]. Overall, users express high satisfaction and recommend the product for its significant role in easing the healing process [0][1][3].",9.0
Does the gauge gear help with healing,"['LUBRICANT - Gauge Gear lubricates your skin while you stretch! Helps Insertion of Tapers and Plugs Double Flared/Oversized Plugs. Also perfect to restart a closed piercing with an earring', 'PIERCING AFTERCARE - Great for any new external piercing. Helps relieve the effects of a fresh piercing', 'ALL NATURAL INGREDIENTS - Jojoba Oil, Sweet Almond Oil, Tea Tree Oil, Wheat Germ Oil, Myrhh Oil and Beeswax', 'Never stretch your ears without Gauge Gear! Read ingredient list below to see their effects']",01234,"[""title: Here it is \ntext: This product is amazing it helps my ear heal so fast after i've gauged it and its better than petroleum jelly"", 'title: Great Product \ntext: Helps my ear heal very quickly and makes the stretching process quite easy. Definitely would recommend this to anyone who is thinking about stretching', 'title: GREAT PRODUCT! \ntext: Best stretching balm ive used.  Very good product, helps your ears heal while your in the stretching process.  I still use it even now, after I have stopped stretching.', 'title: Awesome! \ntext: This stuff is so awesome! Not only does it make stretching SOOO much easier but it also does wonders with healing. One of my ears got infected and this stuff wiped the infection away over night. I was a little worried about the small size at first but a little goes a long way. I bought mine a few weeks ago and use it twice a day and the jar is still pretty much full. I recommend this product to anyone.', 'title: Great \ntext: The product did meet the expectations . I really loved it, made gauging sooo much easier, and organic oils made for clean healing . Highly Recommend it .']","The product is highly praised for its healing properties, particularly in aiding the healing process of ears after gauging or stretching. Users report that it helps ears heal quickly and effectively, even better than petroleum jelly, and makes the stretching process easier[0][1][2]. It is noted for its ability to heal infections overnight, with users appreciating its efficiency and the fact that a small amount goes a long way[3]. The inclusion of organic oils is highlighted as contributing to clean healing, further enhancing the product's reputation for promoting healthy recovery[4].",9.0
Does the gauge gear help with healing,"['LUBRICANT - Gauge Gear lubricates your skin while you stretch! Helps Insertion of Tapers and Plugs Double Flared/Oversized Plugs. Also perfect to restart a closed piercing with an earring', 'PIERCING AFTERCARE - Great for any new external piercing. Helps relieve the effects of a fresh piercing', 'ALL NATURAL INGREDIENTS - Jojoba Oil, Sweet Almond Oil, Tea Tree Oil, Wheat Germ Oil, Myrhh Oil and Beeswax', 'Never stretch your ears without Gauge Gear! Read ingredient list below to see their effects']",01235,"[""title: Here it is \ntext: This product is amazing it helps my ear heal so fast after i've gauged it and its better than petroleum jelly"", 'title: Great Product \ntext: Helps my ear heal very quickly and makes the stretching process quite easy. Definitely would recommend this to anyone who is thinking about stretching', 'title: GREAT PRODUCT! \ntext: Best stretching balm ive used.  Very good product, helps your ears heal while your in the stretching process.  I still use it even now, after I have stopped stretching.', 'title: Awesome! \ntext: This stuff is so awesome! Not only does it make stretching SOOO much easier but it also does wonders with healing. One of my ears got infected and this stuff wiped the infection away over night. I was a little worried about the small size at first but a little goes a long way. I bought mine a few weeks ago and use it twice a day and the jar is still pretty much full. I recommend this product to anyone.', 'title: Awesome! \ntext: This product is fantastic. It makes the gauge healing process faster and less painful than when using other products like Vaseline. I would truly recommend this product to anyone who is stretching their ears and especially if you have sensitive ears or more scar tissue than normal. I absolutely love it!']","The product is highly praised for its healing properties, particularly in aiding the healing process of stretched ears. Users report that it helps their ears heal quickly and effectively, even outperforming petroleum jelly in terms of healing speed and comfort during the stretching process [0][1][2][4]. One user noted that the product was effective in treating an ear infection overnight, highlighting its potent healing capabilities [3]. Additionally, the product is described as being economical, as a small amount goes a long way [3]. Overall, it is recommended for those with sensitive ears or more scar tissue, as it makes the stretching process easier and less painful [4].",9.0
Does the gauge gear help with healing,"['LUBRICANT - Gauge Gear lubricates your skin while you stretch! Helps Insertion of Tapers and Plugs Double Flared/Oversized Plugs. Also perfect to restart a closed piercing with an earring', 'PIERCING AFTERCARE - Great for any new external piercing. Helps relieve the effects of a fresh piercing', 'ALL NATURAL INGREDIENTS - Jojoba Oil, Sweet Almond Oil, Tea Tree Oil, Wheat Germ Oil, Myrhh Oil and Beeswax', 'Never stretch your ears without Gauge Gear! Read ingredient list below to see their effects']",01236,"[""title: Here it is \ntext: This product is amazing it helps my ear heal so fast after i've gauged it and its better than petroleum jelly"", 'title: Great Product \ntext: Helps my ear heal very quickly and makes the stretching process quite easy. Definitely would recommend this to anyone who is thinking about stretching', 'title: GREAT PRODUCT! \ntext: Best stretching balm ive used.  Very good product, helps your ears heal while your in the stretching process.  I still use it even now, after I have stopped stretching.', 'title: Awesome! \ntext: This stuff is so awesome! Not only does it make stretching SOOO much easier but it also does wonders with healing. One of my ears got infected and this stuff wiped the infection away over night. I was a little worried about the small size at first but a little goes a long way. I bought mine a few weeks ago and use it twice a day and the jar is still pretty much full. I recommend this product to anyone.', 'title: It really helped with the smell of stretching your ears ... \ntext: It really helped with the smell of stretching your ears and helped them heal faster. Because you heal faster you can go up sizes faster. It also helps with other cuts and minor abrasions in the healing process.']","The product is highly praised for its healing properties, particularly in aiding the healing process of stretched ears. Users report that it helps ears heal quickly after gauging, outperforming alternatives like petroleum jelly [0]. It is recommended for those undergoing the ear stretching process due to its ability to facilitate quick healing and ease the stretching process [1][2]. Additionally, the product is noted for its effectiveness in treating infections, with one user experiencing a significant reduction in infection overnight [3]. Beyond ear stretching, it is also beneficial for healing other cuts and minor abrasions, allowing for faster recovery and the ability to increase ear gauge sizes more rapidly [4].",9.0
Does the gauge gear help with healing,"['LUBRICANT - Gauge Gear lubricates your skin while you stretch! Helps Insertion of Tapers and Plugs Double Flared/Oversized Plugs. Also perfect to restart a closed piercing with an earring', 'PIERCING AFTERCARE - Great for any new external piercing. Helps relieve the effects of a fresh piercing', 'ALL NATURAL INGREDIENTS - Jojoba Oil, Sweet Almond Oil, Tea Tree Oil, Wheat Germ Oil, Myrhh Oil and Beeswax', 'Never stretch your ears without Gauge Gear! Read ingredient list below to see their effects']",01237,"[""title: Here it is \ntext: This product is amazing it helps my ear heal so fast after i've gauged it and its better than petroleum jelly"", 'title: Great Product \ntext: Helps my ear heal very quickly and makes the stretching process quite easy. Definitely would recommend this to anyone who is thinking about stretching', 'title: GREAT PRODUCT! \ntext: Best stretching balm ive used.  Very good product, helps your ears heal while your in the stretching process.  I still use it even now, after I have stopped stretching.', 'title: Awesome! \ntext: This stuff is so awesome! Not only does it make stretching SOOO much easier but it also does wonders with healing. One of my ears got infected and this stuff wiped the infection away over night. I was a little worried about the small size at first but a little goes a long way. I bought mine a few weeks ago and use it twice a day and the jar is still pretty much full. I recommend this product to anyone.', 'title: Great \ntext: What a great product. Its really helped in the healing process. Whithout it starting up my first guages would have been much more painful. I would deffinatly buy from this seller again.']","The product is highly praised for its healing properties, particularly in aiding the healing process of ears after gauging or stretching. Users report that it helps their ears heal quickly and effectively, even better than petroleum jelly, making the stretching process easier and less painful [0][1][2][3][4]. One user noted that it was effective in treating an ear infection overnight, highlighting its potent healing capabilities [3]. Overall, the product is recommended for its ability to facilitate healing and ease the discomfort associated with ear stretching [0][1][2][3][4].",9.0
Does the gauge gear help with healing,"['LUBRICANT - Gauge Gear lubricates your skin while you stretch! Helps Insertion of Tapers and Plugs Double Flared/Oversized Plugs. Also perfect to restart a closed piercing with an earring', 'PIERCING AFTERCARE - Great for any new external piercing. Helps relieve the effects of a fresh piercing', 'ALL NATURAL INGREDIENTS - Jojoba Oil, Sweet Almond Oil, Tea Tree Oil, Wheat Germ Oil, Myrhh Oil and Beeswax', 'Never stretch your ears without Gauge Gear! Read ingredient list below to see their effects']",01245,"[""title: Here it is \ntext: This product is amazing it helps my ear heal so fast after i've gauged it and its better than petroleum jelly"", 'title: Great Product \ntext: Helps my ear heal very quickly and makes the stretching process quite easy. Definitely would recommend this to anyone who is thinking about stretching', 'title: GREAT PRODUCT! \ntext: Best stretching balm ive used.  Very good product, helps your ears heal while your in the stretching process.  I still use it even now, after I have stopped stretching.', 'title: Great \ntext: The product did meet the expectations . I really loved it, made gauging sooo much easier, and organic oils made for clean healing . Highly Recommend it .', 'title: Awesome! \ntext: This product is fantastic. It makes the gauge healing process faster and less painful than when using other products like Vaseline. I would truly recommend this product to anyone who is stretching their ears and especially if you have sensitive ears or more scar tissue than normal. I absolutely love it!']","The product is highly praised for its healing properties, particularly in aiding the healing process of stretched ears. Users report that it helps their ears heal quickly and effectively, outperforming alternatives like petroleum jelly and Vaseline [0][1][2][4]. The product is noted for making the stretching process easier and less painful, with the inclusion of organic oils contributing to a clean healing experience [3][4]. Overall, it is recommended for those with sensitive ears or more scar tissue, as it facilitates faster and more comfortable healing [4].",9.0
Does the gauge gear help with healing,"['LUBRICANT - Gauge Gear lubricates your skin while you stretch! Helps Insertion of Tapers and Plugs Double Flared/Oversized Plugs. Also perfect to restart a closed piercing with an earring', 'PIERCING AFTERCARE - Great for any new external piercing. Helps relieve the effects of a fresh piercing', 'ALL NATURAL INGREDIENTS - Jojoba Oil, Sweet Almond Oil, Tea Tree Oil, Wheat Germ Oil, Myrhh Oil and Beeswax', 'Never stretch your ears without Gauge Gear! Read ingredient list below to see their effects']",01246,"[""title: Here it is \ntext: This product is amazing it helps my ear heal so fast after i've gauged it and its better than petroleum jelly"", 'title: Great Product \ntext: Helps my ear heal very quickly and makes the stretching process quite easy. Definitely would recommend this to anyone who is thinking about stretching', 'title: GREAT PRODUCT! \ntext: Best stretching balm ive used.  Very good product, helps your ears heal while your in the stretching process.  I still use it even now, after I have stopped stretching.', 'title: Great \ntext: The product did meet the expectations . I really loved it, made gauging sooo much easier, and organic oils made for clean healing . Highly Recommend it .', 'title: It really helped with the smell of stretching your ears ... \ntext: It really helped with the smell of stretching your ears and helped them heal faster. Because you heal faster you can go up sizes faster. It also helps with other cuts and minor abrasions in the healing process.']","The product is highly praised for its healing properties, particularly in aiding the healing process of stretched ears. Users report that it helps ears heal quickly after gauging, making it a preferable alternative to petroleum jelly [0]. It facilitates the stretching process by promoting fast healing, which is beneficial for those looking to stretch their ears [1]. The product is described as the best stretching balm, continuing to be useful even after the stretching process is complete [2]. Its organic oils contribute to clean healing, making gauging easier [3]. Additionally, it helps reduce the smell associated with ear stretching and accelerates healing, allowing users to increase sizes more rapidly. It is also effective for healing other cuts and minor abrasions [4].",9.0
Does the gauge gear help with healing,"['LUBRICANT - Gauge Gear lubricates your skin while you stretch! Helps Insertion of Tapers and Plugs Double Flared/Oversized Plugs. Also perfect to restart a closed piercing with an earring', 'PIERCING AFTERCARE - Great for any new external piercing. Helps relieve the effects of a fresh piercing', 'ALL NATURAL INGREDIENTS - Jojoba Oil, Sweet Almond Oil, Tea Tree Oil, Wheat Germ Oil, Myrhh Oil and Beeswax', 'Never stretch your ears without Gauge Gear! Read ingredient list below to see their effects']",01247,"[""title: Here it is \ntext: This product is amazing it helps my ear heal so fast after i've gauged it and its better than petroleum jelly"", 'title: Great Product \ntext: Helps my ear heal very quickly and makes the stretching process quite easy. Definitely would recommend this to anyone who is thinking about stretching', 'title: GREAT PRODUCT! \ntext: Best stretching balm ive used.  Very good product, helps your ears heal while your in the stretching process.  I still use it even now, after I have stopped stretching.', 'title: Great \ntext: The product did meet the expectations . I really loved it, made gauging sooo much easier, and organic oils made for clean healing . Highly Recommend it .', 'title: Great \ntext: What a great product. Its really helped in the healing process. Whithout it starting up my first guages would have been much more painful. I would deffinatly buy from this seller again.']","The product is highly praised for its healing properties, particularly in aiding the healing process of ears after gauging or stretching. Users report that it helps their ears heal quickly and effectively, making the stretching process easier and less painful compared to using petroleum jelly[0][1][2][3][4]. The inclusion of organic oils is noted to contribute to a clean healing process, further enhancing its effectiveness[3]. Overall, the product is recommended for anyone undergoing ear stretching due to its superior healing benefits[1][2][4].",9.0
Does the gauge gear help with healing,"['LUBRICANT - Gauge Gear lubricates your skin while you stretch! Helps Insertion of Tapers and Plugs Double Flared/Oversized Plugs. Also perfect to restart a closed piercing with an earring', 'PIERCING AFTERCARE - Great for any new external piercing. Helps relieve the effects of a fresh piercing', 'ALL NATURAL INGREDIENTS - Jojoba Oil, Sweet Almond Oil, Tea Tree Oil, Wheat Germ Oil, Myrhh Oil and Beeswax', 'Never stretch your ears without Gauge Gear! Read ingredient list below to see their effects']",01256,"[""title: Here it is \ntext: This product is amazing it helps my ear heal so fast after i've gauged it and its better than petroleum jelly"", 'title: Great Product \ntext: Helps my ear heal very quickly and makes the stretching process quite easy. Definitely would recommend this to anyone who is thinking about stretching', 'title: GREAT PRODUCT! \ntext: Best stretching balm ive used.  Very good product, helps your ears heal while your in the stretching process.  I still use it even now, after I have stopped stretching.', 'title: Awesome! \ntext: This product is fantastic. It makes the gauge healing process faster and less painful than when using other products like Vaseline. I would truly recommend this product to anyone who is stretching their ears and especially if you have sensitive ears or more scar tissue than normal. I absolutely love it!', 'title: It really helped with the smell of stretching your ears ... \ntext: It really helped with the smell of stretching your ears and helped them heal faster. Because you heal faster you can go up sizes faster. It also helps with other cuts and minor abrasions in the healing process.']","The product is highly praised for its healing properties, particularly in aiding the healing process of stretched ears. Users report that it helps their ears heal quickly and effectively, making the stretching process easier and less painful compared to using other products like petroleum jelly or Vaseline [0][1][2][3]. Additionally, the product is noted for its ability to help with the smell associated with ear stretching and is also effective in healing other cuts and minor abrasions [4]. Overall, users recommend this product for anyone involved in ear stretching, especially those with sensitive ears or more scar tissue [3].",9.0
Does the gauge gear help with healing,"['LUBRICANT - Gauge Gear lubricates your skin while you stretch! Helps Insertion of Tapers and Plugs Double Flared/Oversized Plugs. Also perfect to restart a closed piercing with an earring', 'PIERCING AFTERCARE - Great for any new external piercing. Helps relieve the effects of a fresh piercing', 'ALL NATURAL INGREDIENTS - Jojoba Oil, Sweet Almond Oil, Tea Tree Oil, Wheat Germ Oil, Myrhh Oil and Beeswax', 'Never stretch your ears without Gauge Gear! Read ingredient list below to see their effects']",01257,"[""title: Here it is \ntext: This product is amazing it helps my ear heal so fast after i've gauged it and its better than petroleum jelly"", 'title: Great Product \ntext: Helps my ear heal very quickly and makes the stretching process quite easy. Definitely would recommend this to anyone who is thinking about stretching', 'title: GREAT PRODUCT! \ntext: Best stretching balm ive used.  Very good product, helps your ears heal while your in the stretching process.  I still use it even now, after I have stopped stretching.', 'title: Awesome! \ntext: This product is fantastic. It makes the gauge healing process faster and less painful than when using other products like Vaseline. I would truly recommend this product to anyone who is stretching their ears and especially if you have sensitive ears or more scar tissue than normal. I absolutely love it!', 'title: Great \ntext: What a great product. Its really helped in the healing process. Whithout it starting up my first guages would have been much more painful. I would deffinatly buy from this seller again.']","The product is highly praised for its healing properties, particularly in aiding the healing process of stretched ears. Users report that it helps their ears heal quickly and effectively, making the stretching process easier and less painful compared to using other products like petroleum jelly or Vaseline. Many recommend it for those with sensitive ears or more scar tissue, highlighting its effectiveness in reducing pain and promoting faster healing during and after the stretching process [0][1][2][3][4].",9.0
Does the gauge gear help with healing,"['LUBRICANT - Gauge Gear lubricates your skin while you stretch! Helps Insertion of Tapers and Plugs Double Flared/Oversized Plugs. Also perfect to restart a closed piercing with an earring', 'PIERCING AFTERCARE - Great for any new external piercing. Helps relieve the effects of a fresh piercing', 'ALL NATURAL INGREDIENTS - Jojoba Oil, Sweet Almond Oil, Tea Tree Oil, Wheat Germ Oil, Myrhh Oil and Beeswax', 'Never stretch your ears without Gauge Gear! Read ingredient list below to see their effects']",01267,"[""title: Here it is \ntext: This product is amazing it helps my ear heal so fast after i've gauged it and its better than petroleum jelly"", 'title: Great Product \ntext: Helps my ear heal very quickly and makes the stretching process quite easy. Definitely would recommend this to anyone who is thinking about stretching', 'title: GREAT PRODUCT! \ntext: Best stretching balm ive used.  Very good product, helps your ears heal while your in the stretching process.  I still use it even now, after I have stopped stretching.', 'title: It really helped with the smell of stretching your ears ... \ntext: It really helped with the smell of stretching your ears and helped them heal faster. Because you heal faster you can go up sizes faster. It also helps with other cuts and minor abrasions in the healing process.', 'title: Great \ntext: What a great product. Its really helped in the healing process. Whithout it starting up my first guages would have been much more painful. I would deffinatly buy from this seller again.']","The product is highly praised for its healing properties, particularly in aiding the healing process of stretched ears. Users report that it helps their ears heal quickly after gauging, making it more effective than petroleum jelly [0]. It facilitates the stretching process by promoting fast healing, which is beneficial for those considering ear stretching [1]. The balm is noted for its effectiveness in healing during the stretching process and is still used by some even after they have stopped stretching [2]. Additionally, it helps reduce the smell associated with ear stretching and accelerates healing, allowing users to increase sizes more rapidly. It is also effective for healing other cuts and minor abrasions [3]. The product is credited with significantly aiding the healing process, reducing pain, and is recommended for purchase [4].",9.0
Does the gauge gear help with healing,"['LUBRICANT - Gauge Gear lubricates your skin while you stretch! Helps Insertion of Tapers and Plugs Double Flared/Oversized Plugs. Also perfect to restart a closed piercing with an earring', 'PIERCING AFTERCARE - Great for any new external piercing. Helps relieve the effects of a fresh piercing', 'ALL NATURAL INGREDIENTS - Jojoba Oil, Sweet Almond Oil, Tea Tree Oil, Wheat Germ Oil, Myrhh Oil and Beeswax', 'Never stretch your ears without Gauge Gear! Read ingredient list below to see their effects']",01345,"[""title: Here it is \ntext: This product is amazing it helps my ear heal so fast after i've gauged it and its better than petroleum jelly"", 'title: Great Product \ntext: Helps my ear heal very quickly and makes the stretching process quite easy. Definitely would recommend this to anyone who is thinking about stretching', 'title: Awesome! \ntext: This stuff is so awesome! Not only does it make stretching SOOO much easier but it also does wonders with healing. One of my ears got infected and this stuff wiped the infection away over night. I was a little worried about the small size at first but a little goes a long way. I bought mine a few weeks ago and use it twice a day and the jar is still pretty much full. I recommend this product to anyone.', 'title: Great \ntext: The product did meet the expectations . I really loved it, made gauging sooo much easier, and organic oils made for clean healing . Highly Recommend it .', 'title: Awesome! \ntext: This product is fantastic. It makes the gauge healing process faster and less painful than when using other products like Vaseline. I would truly recommend this product to anyone who is stretching their ears and especially if you have sensitive ears or more scar tissue than normal. I absolutely love it!']","The product is highly praised for its healing properties, particularly in aiding the healing process of stretched ears. Users report that it helps their ears heal quickly after gauging, outperforming alternatives like petroleum jelly [0][1][4]. It is noted for making the stretching process easier and effectively treating infections, with one user experiencing overnight relief from an ear infection [2]. The product's organic oils contribute to clean healing, and it is recommended for those with sensitive ears or scar tissue [3][4]. Overall, users highly recommend it for its effectiveness in promoting fast and less painful healing [0][1][2][3][4].",9.0
Does the gauge gear help with healing,"['LUBRICANT - Gauge Gear lubricates your skin while you stretch! Helps Insertion of Tapers and Plugs Double Flared/Oversized Plugs. Also perfect to restart a closed piercing with an earring', 'PIERCING AFTERCARE - Great for any new external piercing. Helps relieve the effects of a fresh piercing', 'ALL NATURAL INGREDIENTS - Jojoba Oil, Sweet Almond Oil, Tea Tree Oil, Wheat Germ Oil, Myrhh Oil and Beeswax', 'Never stretch your ears without Gauge Gear! Read ingredient list below to see their effects']",01346,"[""title: Here it is \ntext: This product is amazing it helps my ear heal so fast after i've gauged it and its better than petroleum jelly"", 'title: Great Product \ntext: Helps my ear heal very quickly and makes the stretching process quite easy. Definitely would recommend this to anyone who is thinking about stretching', 'title: Awesome! \ntext: This stuff is so awesome! Not only does it make stretching SOOO much easier but it also does wonders with healing. One of my ears got infected and this stuff wiped the infection away over night. I was a little worried about the small size at first but a little goes a long way. I bought mine a few weeks ago and use it twice a day and the jar is still pretty much full. I recommend this product to anyone.', 'title: Great \ntext: The product did meet the expectations . I really loved it, made gauging sooo much easier, and organic oils made for clean healing . Highly Recommend it .', 'title: It really helped with the smell of stretching your ears ... \ntext: It really helped with the smell of stretching your ears and helped them heal faster. Because you heal faster you can go up sizes faster. It also helps with other cuts and minor abrasions in the healing process.']","The product is highly praised for its healing properties, particularly in aiding the healing process after ear stretching. Users report that it helps their ears heal quickly, even faster than when using petroleum jelly, making the stretching process easier and more efficient [0][1]. One user noted that the product effectively treated an ear infection overnight, highlighting its potent healing capabilities [2]. The inclusion of organic oils is mentioned as beneficial for clean healing, further enhancing its effectiveness [3]. Additionally, the product is noted for helping with the smell associated with ear stretching and accelerating the healing of other cuts and minor abrasions [4].",9.0
Does the gauge gear help with healing,"['LUBRICANT - Gauge Gear lubricates your skin while you stretch! Helps Insertion of Tapers and Plugs Double Flared/Oversized Plugs. Also perfect to restart a closed piercing with an earring', 'PIERCING AFTERCARE - Great for any new external piercing. Helps relieve the effects of a fresh piercing', 'ALL NATURAL INGREDIENTS - Jojoba Oil, Sweet Almond Oil, Tea Tree Oil, Wheat Germ Oil, Myrhh Oil and Beeswax', 'Never stretch your ears without Gauge Gear! Read ingredient list below to see their effects']",01347,"[""title: Here it is \ntext: This product is amazing it helps my ear heal so fast after i've gauged it and its better than petroleum jelly"", 'title: Great Product \ntext: Helps my ear heal very quickly and makes the stretching process quite easy. Definitely would recommend this to anyone who is thinking about stretching', 'title: Awesome! \ntext: This stuff is so awesome! Not only does it make stretching SOOO much easier but it also does wonders with healing. One of my ears got infected and this stuff wiped the infection away over night. I was a little worried about the small size at first but a little goes a long way. I bought mine a few weeks ago and use it twice a day and the jar is still pretty much full. I recommend this product to anyone.', 'title: Great \ntext: The product did meet the expectations . I really loved it, made gauging sooo much easier, and organic oils made for clean healing . Highly Recommend it .', 'title: Great \ntext: What a great product. Its really helped in the healing process. Whithout it starting up my first guages would have been much more painful. I would deffinatly buy from this seller again.']","The product is highly praised for its healing properties, particularly in aiding the healing process after ear gauging. Users report that it helps their ears heal quickly and effectively, surpassing the performance of petroleum jelly [0][1]. It is noted for making the stretching process easier and for its ability to clear infections overnight, with users appreciating its long-lasting nature despite the small jar size [2]. The inclusion of organic oils is highlighted as beneficial for clean healing, and the product is recommended for anyone considering ear stretching [3][4].",9.0
Does the gauge gear help with healing,"['LUBRICANT - Gauge Gear lubricates your skin while you stretch! Helps Insertion of Tapers and Plugs Double Flared/Oversized Plugs. Also perfect to restart a closed piercing with an earring', 'PIERCING AFTERCARE - Great for any new external piercing. Helps relieve the effects of a fresh piercing', 'ALL NATURAL INGREDIENTS - Jojoba Oil, Sweet Almond Oil, Tea Tree Oil, Wheat Germ Oil, Myrhh Oil and Beeswax', 'Never stretch your ears without Gauge Gear! Read ingredient list below to see their effects']",01356,"[""title: Here it is \ntext: This product is amazing it helps my ear heal so fast after i've gauged it and its better than petroleum jelly"", 'title: Great Product \ntext: Helps my ear heal very quickly and makes the stretching process quite easy. Definitely would recommend this to anyone who is thinking about stretching', 'title: Awesome! \ntext: This stuff is so awesome! Not only does it make stretching SOOO much easier but it also does wonders with healing. One of my ears got infected and this stuff wiped the infection away over night. I was a little worried about the small size at first but a little goes a long way. I bought mine a few weeks ago and use it twice a day and the jar is still pretty much full. I recommend this product to anyone.', 'title: Awesome! \ntext: This product is fantastic. It makes the gauge healing process faster and less painful than when using other products like Vaseline. I would truly recommend this product to anyone who is stretching their ears and especially if you have sensitive ears or more scar tissue than normal. I absolutely love it!', 'title: It really helped with the smell of stretching your ears ... \ntext: It really helped with the smell of stretching your ears and helped them heal faster. Because you heal faster you can go up sizes faster. It also helps with other cuts and minor abrasions in the healing process.']","The product is highly praised for its healing properties, particularly in aiding the healing process of stretched ears. Users report that it helps their ears heal quickly after gauging, outperforming alternatives like petroleum jelly [0][3]. It is noted for making the stretching process easier and is recommended for those considering ear stretching [1][3]. Additionally, the product is effective in treating infections, with one user experiencing overnight relief from an ear infection [2]. It is also beneficial for those with sensitive ears or scar tissue, providing a faster and less painful healing process [3]. Furthermore, the product assists in reducing the smell associated with ear stretching and accelerates the healing of other minor cuts and abrasions [4].",9.0
Does the gauge gear help with healing,"['LUBRICANT - Gauge Gear lubricates your skin while you stretch! Helps Insertion of Tapers and Plugs Double Flared/Oversized Plugs. Also perfect to restart a closed piercing with an earring', 'PIERCING AFTERCARE - Great for any new external piercing. Helps relieve the effects of a fresh piercing', 'ALL NATURAL INGREDIENTS - Jojoba Oil, Sweet Almond Oil, Tea Tree Oil, Wheat Germ Oil, Myrhh Oil and Beeswax', 'Never stretch your ears without Gauge Gear! Read ingredient list below to see their effects']",01357,"[""title: Here it is \ntext: This product is amazing it helps my ear heal so fast after i've gauged it and its better than petroleum jelly"", 'title: Great Product \ntext: Helps my ear heal very quickly and makes the stretching process quite easy. Definitely would recommend this to anyone who is thinking about stretching', 'title: Awesome! \ntext: This stuff is so awesome! Not only does it make stretching SOOO much easier but it also does wonders with healing. One of my ears got infected and this stuff wiped the infection away over night. I was a little worried about the small size at first but a little goes a long way. I bought mine a few weeks ago and use it twice a day and the jar is still pretty much full. I recommend this product to anyone.', 'title: Awesome! \ntext: This product is fantastic. It makes the gauge healing process faster and less painful than when using other products like Vaseline. I would truly recommend this product to anyone who is stretching their ears and especially if you have sensitive ears or more scar tissue than normal. I absolutely love it!', 'title: Great \ntext: What a great product. Its really helped in the healing process. Whithout it starting up my first guages would have been much more painful. I would deffinatly buy from this seller again.']","The product is highly praised for its healing properties, particularly in aiding the healing process after ear stretching. Users report that it helps their ears heal quickly and effectively, even better than petroleum jelly, making the stretching process easier and less painful[0][1][3][4]. One user noted that the product was effective in treating an ear infection overnight, highlighting its potent healing capabilities[2]. Additionally, the product is recommended for those with sensitive ears or more scar tissue, as it facilitates faster healing compared to other products like Vaseline[3]. Overall, the product is recommended for its efficiency in promoting healing and ease of use during ear stretching[0][1][2][3][4].",9.0
Does the gauge gear help with healing,"['LUBRICANT - Gauge Gear lubricates your skin while you stretch! Helps Insertion of Tapers and Plugs Double Flared/Oversized Plugs. Also perfect to restart a closed piercing with an earring', 'PIERCING AFTERCARE - Great for any new external piercing. Helps relieve the effects of a fresh piercing', 'ALL NATURAL INGREDIENTS - Jojoba Oil, Sweet Almond Oil, Tea Tree Oil, Wheat Germ Oil, Myrhh Oil and Beeswax', 'Never stretch your ears without Gauge Gear! Read ingredient list below to see their effects']",01367,"[""title: Here it is \ntext: This product is amazing it helps my ear heal so fast after i've gauged it and its better than petroleum jelly"", 'title: Great Product \ntext: Helps my ear heal very quickly and makes the stretching process quite easy. Definitely would recommend this to anyone who is thinking about stretching', 'title: Awesome! \ntext: This stuff is so awesome! Not only does it make stretching SOOO much easier but it also does wonders with healing. One of my ears got infected and this stuff wiped the infection away over night. I was a little worried about the small size at first but a little goes a long way. I bought mine a few weeks ago and use it twice a day and the jar is still pretty much full. I recommend this product to anyone.', 'title: It really helped with the smell of stretching your ears ... \ntext: It really helped with the smell of stretching your ears and helped them heal faster. Because you heal faster you can go up sizes faster. It also helps with other cuts and minor abrasions in the healing process.', 'title: Great \ntext: What a great product. Its really helped in the healing process. Whithout it starting up my first guages would have been much more painful. I would deffinatly buy from this seller again.']","The product is highly praised for its healing properties, particularly in aiding the healing process of stretched ears. Users report that it helps their ears heal quickly after gauging, outperforming alternatives like petroleum jelly [0]. It is recommended for those undergoing the ear stretching process due to its ability to facilitate quick healing and ease the stretching process [1]. One user noted its effectiveness in treating an ear infection overnight, highlighting its potent healing capabilities [2]. Additionally, the product is noted for reducing the smell associated with ear stretching and accelerating the healing of cuts and minor abrasions [3]. Overall, users express satisfaction with the product's role in making the initial gauging experience less painful and more manageable [4].",9.0
Does the gauge gear help with healing,"['LUBRICANT - Gauge Gear lubricates your skin while you stretch! Helps Insertion of Tapers and Plugs Double Flared/Oversized Plugs. Also perfect to restart a closed piercing with an earring', 'PIERCING AFTERCARE - Great for any new external piercing. Helps relieve the effects of a fresh piercing', 'ALL NATURAL INGREDIENTS - Jojoba Oil, Sweet Almond Oil, Tea Tree Oil, Wheat Germ Oil, Myrhh Oil and Beeswax', 'Never stretch your ears without Gauge Gear! Read ingredient list below to see their effects']",01456,"[""title: Here it is \ntext: This product is amazing it helps my ear heal so fast after i've gauged it and its better than petroleum jelly"", 'title: Great Product \ntext: Helps my ear heal very quickly and makes the stretching process quite easy. Definitely would recommend this to anyone who is thinking about stretching', 'title: Great \ntext: The product did meet the expectations . I really loved it, made gauging sooo much easier, and organic oils made for clean healing . Highly Recommend it .', 'title: Awesome! \ntext: This product is fantastic. It makes the gauge healing process faster and less painful than when using other products like Vaseline. I would truly recommend this product to anyone who is stretching their ears and especially if you have sensitive ears or more scar tissue than normal. I absolutely love it!', 'title: It really helped with the smell of stretching your ears ... \ntext: It really helped with the smell of stretching your ears and helped them heal faster. Because you heal faster you can go up sizes faster. It also helps with other cuts and minor abrasions in the healing process.']","The product is highly praised for its healing properties, particularly in aiding the healing process of gauged ears. Users report that it helps their ears heal faster compared to using petroleum jelly or Vaseline, making the stretching process easier and less painful[0][1][3]. The inclusion of organic oils is noted to contribute to a clean healing process, and the product is recommended for those with sensitive ears or more scar tissue[2][3]. Additionally, it is effective in reducing the smell associated with ear stretching and can also assist in healing other cuts and minor abrasions[4].",9.0
Does the gauge gear help with healing,"['LUBRICANT - Gauge Gear lubricates your skin while you stretch! Helps Insertion of Tapers and Plugs Double Flared/Oversized Plugs. Also perfect to restart a closed piercing with an earring', 'PIERCING AFTERCARE - Great for any new external piercing. Helps relieve the effects of a fresh piercing', 'ALL NATURAL INGREDIENTS - Jojoba Oil, Sweet Almond Oil, Tea Tree Oil, Wheat Germ Oil, Myrhh Oil and Beeswax', 'Never stretch your ears without Gauge Gear! Read ingredient list below to see their effects']",01457,"[""title: Here it is \ntext: This product is amazing it helps my ear heal so fast after i've gauged it and its better than petroleum jelly"", 'title: Great Product \ntext: Helps my ear heal very quickly and makes the stretching process quite easy. Definitely would recommend this to anyone who is thinking about stretching', 'title: Great \ntext: The product did meet the expectations . I really loved it, made gauging sooo much easier, and organic oils made for clean healing . Highly Recommend it .', 'title: Awesome! \ntext: This product is fantastic. It makes the gauge healing process faster and less painful than when using other products like Vaseline. I would truly recommend this product to anyone who is stretching their ears and especially if you have sensitive ears or more scar tissue than normal. I absolutely love it!', 'title: Great \ntext: What a great product. Its really helped in the healing process. Whithout it starting up my first guages would have been much more painful. I would deffinatly buy from this seller again.']","The product is highly praised for its healing properties, particularly in aiding the healing process after ear gauging. Users report that it helps their ears heal quickly and effectively, making the stretching process easier and less painful compared to using other products like petroleum jelly or Vaseline [0][1][3][4]. The inclusion of organic oils is noted to contribute to a clean healing process, which is especially beneficial for those with sensitive ears or more scar tissue [2][3]. Overall, the product is recommended for anyone considering ear stretching due to its effectiveness in promoting fast and comfortable healing [1][3][4].",9.0
Does the gauge gear help with healing,"['LUBRICANT - Gauge Gear lubricates your skin while you stretch! Helps Insertion of Tapers and Plugs Double Flared/Oversized Plugs. Also perfect to restart a closed piercing with an earring', 'PIERCING AFTERCARE - Great for any new external piercing. Helps relieve the effects of a fresh piercing', 'ALL NATURAL INGREDIENTS - Jojoba Oil, Sweet Almond Oil, Tea Tree Oil, Wheat Germ Oil, Myrhh Oil and Beeswax', 'Never stretch your ears without Gauge Gear! Read ingredient list below to see their effects']",01467,"[""title: Here it is \ntext: This product is amazing it helps my ear heal so fast after i've gauged it and its better than petroleum jelly"", 'title: Great Product \ntext: Helps my ear heal very quickly and makes the stretching process quite easy. Definitely would recommend this to anyone who is thinking about stretching', 'title: Great \ntext: The product did meet the expectations . I really loved it, made gauging sooo much easier, and organic oils made for clean healing . Highly Recommend it .', 'title: It really helped with the smell of stretching your ears ... \ntext: It really helped with the smell of stretching your ears and helped them heal faster. Because you heal faster you can go up sizes faster. It also helps with other cuts and minor abrasions in the healing process.', 'title: Great \ntext: What a great product. Its really helped in the healing process. Whithout it starting up my first guages would have been much more painful. I would deffinatly buy from this seller again.']","The product is highly praised for its healing properties, particularly in aiding the healing process after ear gauging. Users report that it helps their ears heal faster than when using petroleum jelly, making the stretching process easier and less painful [0][1][2][4]. The inclusion of organic oils is noted for promoting clean healing, and the product is also effective in reducing the smell associated with ear stretching [2][3]. Additionally, it is beneficial for healing other cuts and minor abrasions, allowing for quicker recovery and the ability to increase gauge sizes more rapidly [3]. Overall, the product is recommended for its effectiveness in facilitating healing and easing the gauging process [1][2][4].",9.0
Does the gauge gear help with healing,"['LUBRICANT - Gauge Gear lubricates your skin while you stretch! Helps Insertion of Tapers and Plugs Double Flared/Oversized Plugs. Also perfect to restart a closed piercing with an earring', 'PIERCING AFTERCARE - Great for any new external piercing. Helps relieve the effects of a fresh piercing', 'ALL NATURAL INGREDIENTS - Jojoba Oil, Sweet Almond Oil, Tea Tree Oil, Wheat Germ Oil, Myrhh Oil and Beeswax', 'Never stretch your ears without Gauge Gear! Read ingredient list below to see their effects']",01567,"[""title: Here it is \ntext: This product is amazing it helps my ear heal so fast after i've gauged it and its better than petroleum jelly"", 'title: Great Product \ntext: Helps my ear heal very quickly and makes the stretching process quite easy. Definitely would recommend this to anyone who is thinking about stretching', 'title: Awesome! \ntext: This product is fantastic. It makes the gauge healing process faster and less painful than when using other products like Vaseline. I would truly recommend this product to anyone who is stretching their ears and especially if you have sensitive ears or more scar tissue than normal. I absolutely love it!', 'title: It really helped with the smell of stretching your ears ... \ntext: It really helped with the smell of stretching your ears and helped them heal faster. Because you heal faster you can go up sizes faster. It also helps with other cuts and minor abrasions in the healing process.', 'title: Great \ntext: What a great product. Its really helped in the healing process. Whithout it starting up my first guages would have been much more painful. I would deffinatly buy from this seller again.']","The product is highly praised for its healing properties, particularly in aiding the healing process of gauged ears. Users report that it helps their ears heal faster compared to using petroleum jelly or Vaseline, making the stretching process easier and less painful[0][1][2]. Additionally, it is noted for its effectiveness in reducing the smell associated with ear stretching and accelerating the healing process, allowing users to increase gauge sizes more quickly[3]. The product is also beneficial for healing other cuts and minor abrasions[3]. Overall, users express high satisfaction with the product's ability to facilitate healing and reduce discomfort during the stretching process[4].",9.0
Does the gauge gear help with healing,"['LUBRICANT - Gauge Gear lubricates your skin while you stretch! Helps Insertion of Tapers and Plugs Double Flared/Oversized Plugs. Also perfect to restart a closed piercing with an earring', 'PIERCING AFTERCARE - Great for any new external piercing. Helps relieve the effects of a fresh piercing', 'ALL NATURAL INGREDIENTS - Jojoba Oil, Sweet Almond Oil, Tea Tree Oil, Wheat Germ Oil, Myrhh Oil and Beeswax', 'Never stretch your ears without Gauge Gear! Read ingredient list below to see their effects']",02345,"[""title: Here it is \ntext: This product is amazing it helps my ear heal so fast after i've gauged it and its better than petroleum jelly"", 'title: GREAT PRODUCT! \ntext: Best stretching balm ive used.  Very good product, helps your ears heal while your in the stretching process.  I still use it even now, after I have stopped stretching.', 'title: Awesome! \ntext: This stuff is so awesome! Not only does it make stretching SOOO much easier but it also does wonders with healing. One of my ears got infected and this stuff wiped the infection away over night. I was a little worried about the small size at first but a little goes a long way. I bought mine a few weeks ago and use it twice a day and the jar is still pretty much full. I recommend this product to anyone.', 'title: Great \ntext: The product did meet the expectations . I really loved it, made gauging sooo much easier, and organic oils made for clean healing . Highly Recommend it .', 'title: Awesome! \ntext: This product is fantastic. It makes the gauge healing process faster and less painful than when using other products like Vaseline. I would truly recommend this product to anyone who is stretching their ears and especially if you have sensitive ears or more scar tissue than normal. I absolutely love it!']","The product is highly praised for its healing properties, particularly in aiding the healing process of stretched ears. Users have noted that it helps ears heal quickly after gauging, outperforming alternatives like petroleum jelly [0]. It is described as an excellent stretching balm that facilitates healing during the stretching process, with continued use even after stretching has stopped [1]. The product is also effective in treating infections, with one user reporting that it cleared an ear infection overnight [2]. The inclusion of organic oils is highlighted as beneficial for clean healing [3]. Additionally, it is noted for making the healing process faster and less painful, especially for those with sensitive ears or more scar tissue [4].",9.0
Does the gauge gear help with healing,"['LUBRICANT - Gauge Gear lubricates your skin while you stretch! Helps Insertion of Tapers and Plugs Double Flared/Oversized Plugs. Also perfect to restart a closed piercing with an earring', 'PIERCING AFTERCARE - Great for any new external piercing. Helps relieve the effects of a fresh piercing', 'ALL NATURAL INGREDIENTS - Jojoba Oil, Sweet Almond Oil, Tea Tree Oil, Wheat Germ Oil, Myrhh Oil and Beeswax', 'Never stretch your ears without Gauge Gear! Read ingredient list below to see their effects']",02346,"[""title: Here it is \ntext: This product is amazing it helps my ear heal so fast after i've gauged it and its better than petroleum jelly"", 'title: GREAT PRODUCT! \ntext: Best stretching balm ive used.  Very good product, helps your ears heal while your in the stretching process.  I still use it even now, after I have stopped stretching.', 'title: Awesome! \ntext: This stuff is so awesome! Not only does it make stretching SOOO much easier but it also does wonders with healing. One of my ears got infected and this stuff wiped the infection away over night. I was a little worried about the small size at first but a little goes a long way. I bought mine a few weeks ago and use it twice a day and the jar is still pretty much full. I recommend this product to anyone.', 'title: Great \ntext: The product did meet the expectations . I really loved it, made gauging sooo much easier, and organic oils made for clean healing . Highly Recommend it .', 'title: It really helped with the smell of stretching your ears ... \ntext: It really helped with the smell of stretching your ears and helped them heal faster. Because you heal faster you can go up sizes faster. It also helps with other cuts and minor abrasions in the healing process.']","The product is highly praised for its healing properties, particularly in aiding the healing process of stretched ears. Users report that it helps ears heal quickly after gauging, outperforming alternatives like petroleum jelly [0]. It is described as an excellent stretching balm that facilitates healing during the stretching process, with continued use even after stretching has stopped [1]. The product is noted for its ability to ease stretching and effectively heal infections, with users appreciating its long-lasting nature despite its small size [2]. Additionally, the organic oils in the product contribute to clean healing, making gauging easier [3]. It also helps reduce the smell associated with ear stretching and accelerates healing, allowing for quicker size increases, while also being effective for other minor cuts and abrasions [4].",9.0
Does the gauge gear help with healing,"['LUBRICANT - Gauge Gear lubricates your skin while you stretch! Helps Insertion of Tapers and Plugs Double Flared/Oversized Plugs. Also perfect to restart a closed piercing with an earring', 'PIERCING AFTERCARE - Great for any new external piercing. Helps relieve the effects of a fresh piercing', 'ALL NATURAL INGREDIENTS - Jojoba Oil, Sweet Almond Oil, Tea Tree Oil, Wheat Germ Oil, Myrhh Oil and Beeswax', 'Never stretch your ears without Gauge Gear! Read ingredient list below to see their effects']",02347,"[""title: Here it is \ntext: This product is amazing it helps my ear heal so fast after i've gauged it and its better than petroleum jelly"", 'title: GREAT PRODUCT! \ntext: Best stretching balm ive used.  Very good product, helps your ears heal while your in the stretching process.  I still use it even now, after I have stopped stretching.', 'title: Awesome! \ntext: This stuff is so awesome! Not only does it make stretching SOOO much easier but it also does wonders with healing. One of my ears got infected and this stuff wiped the infection away over night. I was a little worried about the small size at first but a little goes a long way. I bought mine a few weeks ago and use it twice a day and the jar is still pretty much full. I recommend this product to anyone.', 'title: Great \ntext: The product did meet the expectations . I really loved it, made gauging sooo much easier, and organic oils made for clean healing . Highly Recommend it .', 'title: Great \ntext: What a great product. Its really helped in the healing process. Whithout it starting up my first guages would have been much more painful. I would deffinatly buy from this seller again.']","The product is highly praised for its healing properties, particularly in aiding the healing process after ear stretching. Users have noted that it helps ears heal quickly and effectively, even better than petroleum jelly, and is beneficial during the stretching process itself [0][1]. One user reported that the product was effective in treating an ear infection overnight, highlighting its potent healing capabilities [2]. The inclusion of organic oils is mentioned as contributing to clean healing, making the product highly recommended [3]. Overall, the product is credited with significantly reducing pain and facilitating a smoother healing experience during ear gauging [4].",9.0
Does the gauge gear help with healing,"['LUBRICANT - Gauge Gear lubricates your skin while you stretch! Helps Insertion of Tapers and Plugs Double Flared/Oversized Plugs. Also perfect to restart a closed piercing with an earring', 'PIERCING AFTERCARE - Great for any new external piercing. Helps relieve the effects of a fresh piercing', 'ALL NATURAL INGREDIENTS - Jojoba Oil, Sweet Almond Oil, Tea Tree Oil, Wheat Germ Oil, Myrhh Oil and Beeswax', 'Never stretch your ears without Gauge Gear! Read ingredient list below to see their effects']",02356,"[""title: Here it is \ntext: This product is amazing it helps my ear heal so fast after i've gauged it and its better than petroleum jelly"", 'title: GREAT PRODUCT! \ntext: Best stretching balm ive used.  Very good product, helps your ears heal while your in the stretching process.  I still use it even now, after I have stopped stretching.', 'title: Awesome! \ntext: This stuff is so awesome! Not only does it make stretching SOOO much easier but it also does wonders with healing. One of my ears got infected and this stuff wiped the infection away over night. I was a little worried about the small size at first but a little goes a long way. I bought mine a few weeks ago and use it twice a day and the jar is still pretty much full. I recommend this product to anyone.', 'title: Awesome! \ntext: This product is fantastic. It makes the gauge healing process faster and less painful than when using other products like Vaseline. I would truly recommend this product to anyone who is stretching their ears and especially if you have sensitive ears or more scar tissue than normal. I absolutely love it!', 'title: It really helped with the smell of stretching your ears ... \ntext: It really helped with the smell of stretching your ears and helped them heal faster. Because you heal faster you can go up sizes faster. It also helps with other cuts and minor abrasions in the healing process.']","The product is highly praised for its healing properties, particularly in aiding the healing process of stretched ears. Users report that it helps ears heal quickly after gauging, outperforming alternatives like petroleum jelly [0]. It is described as the best stretching balm, effective during and after the stretching process [1]. The product is noted for its ability to ease stretching and heal infections overnight, with users appreciating its long-lasting nature despite the small size [2]. It is recommended for those with sensitive ears or scar tissue, as it accelerates healing and reduces pain compared to other products like Vaseline [3]. Additionally, it helps with the smell associated with ear stretching and can be used for other minor cuts and abrasions [4].",9.0
Does the gauge gear help with healing,"['LUBRICANT - Gauge Gear lubricates your skin while you stretch! Helps Insertion of Tapers and Plugs Double Flared/Oversized Plugs. Also perfect to restart a closed piercing with an earring', 'PIERCING AFTERCARE - Great for any new external piercing. Helps relieve the effects of a fresh piercing', 'ALL NATURAL INGREDIENTS - Jojoba Oil, Sweet Almond Oil, Tea Tree Oil, Wheat Germ Oil, Myrhh Oil and Beeswax', 'Never stretch your ears without Gauge Gear! Read ingredient list below to see their effects']",02357,"[""title: Here it is \ntext: This product is amazing it helps my ear heal so fast after i've gauged it and its better than petroleum jelly"", 'title: GREAT PRODUCT! \ntext: Best stretching balm ive used.  Very good product, helps your ears heal while your in the stretching process.  I still use it even now, after I have stopped stretching.', 'title: Awesome! \ntext: This stuff is so awesome! Not only does it make stretching SOOO much easier but it also does wonders with healing. One of my ears got infected and this stuff wiped the infection away over night. I was a little worried about the small size at first but a little goes a long way. I bought mine a few weeks ago and use it twice a day and the jar is still pretty much full. I recommend this product to anyone.', 'title: Awesome! \ntext: This product is fantastic. It makes the gauge healing process faster and less painful than when using other products like Vaseline. I would truly recommend this product to anyone who is stretching their ears and especially if you have sensitive ears or more scar tissue than normal. I absolutely love it!', 'title: Great \ntext: What a great product. Its really helped in the healing process. Whithout it starting up my first guages would have been much more painful. I would deffinatly buy from this seller again.']","The product is highly praised for its healing properties, particularly in aiding the healing process of stretched ears. Users have noted that it helps ears heal quickly after gauging, outperforming alternatives like petroleum jelly [0]. It is described as the best stretching balm, effective during the stretching process and even after, indicating its long-term healing benefits [1]. One user highlighted its ability to clear infections overnight, emphasizing its potent healing capabilities [2]. The product is also noted for making the healing process faster and less painful, especially for those with sensitive ears or more scar tissue [3]. Overall, the product is credited with significantly aiding the healing process, making initial gauging less painful and more manageable [4].",9.0
Does the gauge gear help with healing,"['LUBRICANT - Gauge Gear lubricates your skin while you stretch! Helps Insertion of Tapers and Plugs Double Flared/Oversized Plugs. Also perfect to restart a closed piercing with an earring', 'PIERCING AFTERCARE - Great for any new external piercing. Helps relieve the effects of a fresh piercing', 'ALL NATURAL INGREDIENTS - Jojoba Oil, Sweet Almond Oil, Tea Tree Oil, Wheat Germ Oil, Myrhh Oil and Beeswax', 'Never stretch your ears without Gauge Gear! Read ingredient list below to see their effects']",02367,"[""title: Here it is \ntext: This product is amazing it helps my ear heal so fast after i've gauged it and its better than petroleum jelly"", 'title: GREAT PRODUCT! \ntext: Best stretching balm ive used.  Very good product, helps your ears heal while your in the stretching process.  I still use it even now, after I have stopped stretching.', 'title: Awesome! \ntext: This stuff is so awesome! Not only does it make stretching SOOO much easier but it also does wonders with healing. One of my ears got infected and this stuff wiped the infection away over night. I was a little worried about the small size at first but a little goes a long way. I bought mine a few weeks ago and use it twice a day and the jar is still pretty much full. I recommend this product to anyone.', 'title: It really helped with the smell of stretching your ears ... \ntext: It really helped with the smell of stretching your ears and helped them heal faster. Because you heal faster you can go up sizes faster. It also helps with other cuts and minor abrasions in the healing process.', 'title: Great \ntext: What a great product. Its really helped in the healing process. Whithout it starting up my first guages would have been much more painful. I would deffinatly buy from this seller again.']","The product is highly praised for its healing properties, particularly in aiding the healing process of stretched ears. Users have noted that it helps ears heal quickly after gauging, outperforming alternatives like petroleum jelly [0]. It is described as an effective stretching balm that facilitates healing during the stretching process and continues to be beneficial even after stretching has stopped [1]. Additionally, the product is credited with alleviating infections overnight and being economical in use, as a small amount suffices for extended periods [2]. It also assists in reducing the smell associated with ear stretching and accelerates the healing process, allowing users to increase sizes more rapidly. Furthermore, it is effective for healing other minor cuts and abrasions [3]. Overall, users report that the product significantly eases the pain associated with initial gauging and contributes positively to the healing experience [4].",9.0
Does the gauge gear help with healing,"['LUBRICANT - Gauge Gear lubricates your skin while you stretch! Helps Insertion of Tapers and Plugs Double Flared/Oversized Plugs. Also perfect to restart a closed piercing with an earring', 'PIERCING AFTERCARE - Great for any new external piercing. Helps relieve the effects of a fresh piercing', 'ALL NATURAL INGREDIENTS - Jojoba Oil, Sweet Almond Oil, Tea Tree Oil, Wheat Germ Oil, Myrhh Oil and Beeswax', 'Never stretch your ears without Gauge Gear! Read ingredient list below to see their effects']",02456,"[""title: Here it is \ntext: This product is amazing it helps my ear heal so fast after i've gauged it and its better than petroleum jelly"", 'title: GREAT PRODUCT! \ntext: Best stretching balm ive used.  Very good product, helps your ears heal while your in the stretching process.  I still use it even now, after I have stopped stretching.', 'title: Great \ntext: The product did meet the expectations . I really loved it, made gauging sooo much easier, and organic oils made for clean healing . Highly Recommend it .', 'title: Awesome! \ntext: This product is fantastic. It makes the gauge healing process faster and less painful than when using other products like Vaseline. I would truly recommend this product to anyone who is stretching their ears and especially if you have sensitive ears or more scar tissue than normal. I absolutely love it!', 'title: It really helped with the smell of stretching your ears ... \ntext: It really helped with the smell of stretching your ears and helped them heal faster. Because you heal faster you can go up sizes faster. It also helps with other cuts and minor abrasions in the healing process.']","The product is highly praised for its healing properties, particularly in the context of ear stretching. Users report that it significantly accelerates the healing process after gauging, making it more effective than alternatives like petroleum jelly and Vaseline [0][3]. The product is noted for its ability to facilitate clean healing due to its organic oils, which are beneficial for those with sensitive ears or scar tissue [2][3]. Additionally, it helps reduce the smell associated with ear stretching and can be used for other minor cuts and abrasions, further highlighting its versatile healing capabilities [4]. Overall, users highly recommend it for its effectiveness in promoting faster and less painful healing during the ear stretching process [1][3].",9.0
Does the gauge gear help with healing,"['LUBRICANT - Gauge Gear lubricates your skin while you stretch! Helps Insertion of Tapers and Plugs Double Flared/Oversized Plugs. Also perfect to restart a closed piercing with an earring', 'PIERCING AFTERCARE - Great for any new external piercing. Helps relieve the effects of a fresh piercing', 'ALL NATURAL INGREDIENTS - Jojoba Oil, Sweet Almond Oil, Tea Tree Oil, Wheat Germ Oil, Myrhh Oil and Beeswax', 'Never stretch your ears without Gauge Gear! Read ingredient list below to see their effects']",02457,"[""title: Here it is \ntext: This product is amazing it helps my ear heal so fast after i've gauged it and its better than petroleum jelly"", 'title: GREAT PRODUCT! \ntext: Best stretching balm ive used.  Very good product, helps your ears heal while your in the stretching process.  I still use it even now, after I have stopped stretching.', 'title: Great \ntext: The product did meet the expectations . I really loved it, made gauging sooo much easier, and organic oils made for clean healing . Highly Recommend it .', 'title: Awesome! \ntext: This product is fantastic. It makes the gauge healing process faster and less painful than when using other products like Vaseline. I would truly recommend this product to anyone who is stretching their ears and especially if you have sensitive ears or more scar tissue than normal. I absolutely love it!', 'title: Great \ntext: What a great product. Its really helped in the healing process. Whithout it starting up my first guages would have been much more painful. I would deffinatly buy from this seller again.']","The product is highly praised for its healing properties, particularly in aiding the healing process of gauged ears. Users report that it helps ears heal quickly and effectively, outperforming alternatives like petroleum jelly and Vaseline[0][3]. The product is noted for making the stretching process easier and less painful, with the inclusion of organic oils contributing to a clean healing process[2][4]. It is recommended for those with sensitive ears or more scar tissue, as it facilitates faster healing and reduces discomfort[3]. Overall, users express high satisfaction with the product's ability to support ear healing during and after the stretching process[1][4].",9.0
Does the gauge gear help with healing,"['LUBRICANT - Gauge Gear lubricates your skin while you stretch! Helps Insertion of Tapers and Plugs Double Flared/Oversized Plugs. Also perfect to restart a closed piercing with an earring', 'PIERCING AFTERCARE - Great for any new external piercing. Helps relieve the effects of a fresh piercing', 'ALL NATURAL INGREDIENTS - Jojoba Oil, Sweet Almond Oil, Tea Tree Oil, Wheat Germ Oil, Myrhh Oil and Beeswax', 'Never stretch your ears without Gauge Gear! Read ingredient list below to see their effects']",02467,"[""title: Here it is \ntext: This product is amazing it helps my ear heal so fast after i've gauged it and its better than petroleum jelly"", 'title: GREAT PRODUCT! \ntext: Best stretching balm ive used.  Very good product, helps your ears heal while your in the stretching process.  I still use it even now, after I have stopped stretching.', 'title: Great \ntext: The product did meet the expectations . I really loved it, made gauging sooo much easier, and organic oils made for clean healing . Highly Recommend it .', 'title: It really helped with the smell of stretching your ears ... \ntext: It really helped with the smell of stretching your ears and helped them heal faster. Because you heal faster you can go up sizes faster. It also helps with other cuts and minor abrasions in the healing process.', 'title: Great \ntext: What a great product. Its really helped in the healing process. Whithout it starting up my first guages would have been much more painful. I would deffinatly buy from this seller again.']","The product is highly praised for its healing properties, particularly in aiding the healing process of stretched ears. Users report that it helps ears heal quickly after gauging, outperforming alternatives like petroleum jelly [0]. It is described as an excellent stretching balm that supports healing during the stretching process and continues to be beneficial even after stretching has stopped [1]. The inclusion of organic oils is noted for promoting clean healing, making the gauging process easier [2]. Additionally, the product is effective in reducing the smell associated with ear stretching and accelerates healing, allowing users to increase sizes more rapidly. It is also useful for healing other cuts and minor abrasions [3]. Overall, the product is credited with significantly aiding the healing process, reducing pain, and enhancing the overall experience of ear stretching [4].",9.0
Does the gauge gear help with healing,"['LUBRICANT - Gauge Gear lubricates your skin while you stretch! Helps Insertion of Tapers and Plugs Double Flared/Oversized Plugs. Also perfect to restart a closed piercing with an earring', 'PIERCING AFTERCARE - Great for any new external piercing. Helps relieve the effects of a fresh piercing', 'ALL NATURAL INGREDIENTS - Jojoba Oil, Sweet Almond Oil, Tea Tree Oil, Wheat Germ Oil, Myrhh Oil and Beeswax', 'Never stretch your ears without Gauge Gear! Read ingredient list below to see their effects']",02567,"[""title: Here it is \ntext: This product is amazing it helps my ear heal so fast after i've gauged it and its better than petroleum jelly"", 'title: GREAT PRODUCT! \ntext: Best stretching balm ive used.  Very good product, helps your ears heal while your in the stretching process.  I still use it even now, after I have stopped stretching.', 'title: Awesome! \ntext: This product is fantastic. It makes the gauge healing process faster and less painful than when using other products like Vaseline. I would truly recommend this product to anyone who is stretching their ears and especially if you have sensitive ears or more scar tissue than normal. I absolutely love it!', 'title: It really helped with the smell of stretching your ears ... \ntext: It really helped with the smell of stretching your ears and helped them heal faster. Because you heal faster you can go up sizes faster. It also helps with other cuts and minor abrasions in the healing process.', 'title: Great \ntext: What a great product. Its really helped in the healing process. Whithout it starting up my first guages would have been much more painful. I would deffinatly buy from this seller again.']","The product is highly praised for its healing properties, particularly in aiding the healing process of stretched ears. Users report that it helps ears heal faster and more effectively than other products like petroleum jelly or Vaseline, making the stretching process less painful and more efficient [0][1][2]. Additionally, the product is noted for its ability to reduce unpleasant odors associated with ear stretching and is also effective for healing minor cuts and abrasions [3][4]. Overall, users express high satisfaction with the product's performance in promoting faster healing and reducing discomfort during ear stretching [0][1][2][3][4].",9.0
Does the gauge gear help with healing,"['LUBRICANT - Gauge Gear lubricates your skin while you stretch! Helps Insertion of Tapers and Plugs Double Flared/Oversized Plugs. Also perfect to restart a closed piercing with an earring', 'PIERCING AFTERCARE - Great for any new external piercing. Helps relieve the effects of a fresh piercing', 'ALL NATURAL INGREDIENTS - Jojoba Oil, Sweet Almond Oil, Tea Tree Oil, Wheat Germ Oil, Myrhh Oil and Beeswax', 'Never stretch your ears without Gauge Gear! Read ingredient list below to see their effects']",03456,"[""title: Here it is \ntext: This product is amazing it helps my ear heal so fast after i've gauged it and its better than petroleum jelly"", 'title: Awesome! \ntext: This stuff is so awesome! Not only does it make stretching SOOO much easier but it also does wonders with healing. One of my ears got infected and this stuff wiped the infection away over night. I was a little worried about the small size at first but a little goes a long way. I bought mine a few weeks ago and use it twice a day and the jar is still pretty much full. I recommend this product to anyone.', 'title: Great \ntext: The product did meet the expectations . I really loved it, made gauging sooo much easier, and organic oils made for clean healing . Highly Recommend it .', 'title: Awesome! \ntext: This product is fantastic. It makes the gauge healing process faster and less painful than when using other products like Vaseline. I would truly recommend this product to anyone who is stretching their ears and especially if you have sensitive ears or more scar tissue than normal. I absolutely love it!', 'title: It really helped with the smell of stretching your ears ... \ntext: It really helped with the smell of stretching your ears and helped them heal faster. Because you heal faster you can go up sizes faster. It also helps with other cuts and minor abrasions in the healing process.']","The product is highly praised for its healing properties, particularly in aiding the healing process after ear stretching. Users report that it helps ears heal quickly and effectively, even better than petroleum jelly, and is beneficial for reducing infections overnight [0][1]. The product is noted for making the gauging process easier and promoting clean healing due to its organic oils [2]. It is also recommended for those with sensitive ears or more scar tissue, as it makes the healing process faster and less painful compared to other products like Vaseline [3]. Additionally, it helps with the smell associated with ear stretching and accelerates the healing of other minor cuts and abrasions [4].",9.0
Does the gauge gear help with healing,"['LUBRICANT - Gauge Gear lubricates your skin while you stretch! Helps Insertion of Tapers and Plugs Double Flared/Oversized Plugs. Also perfect to restart a closed piercing with an earring', 'PIERCING AFTERCARE - Great for any new external piercing. Helps relieve the effects of a fresh piercing', 'ALL NATURAL INGREDIENTS - Jojoba Oil, Sweet Almond Oil, Tea Tree Oil, Wheat Germ Oil, Myrhh Oil and Beeswax', 'Never stretch your ears without Gauge Gear! Read ingredient list below to see their effects']",03457,"[""title: Here it is \ntext: This product is amazing it helps my ear heal so fast after i've gauged it and its better than petroleum jelly"", 'title: Awesome! \ntext: This stuff is so awesome! Not only does it make stretching SOOO much easier but it also does wonders with healing. One of my ears got infected and this stuff wiped the infection away over night. I was a little worried about the small size at first but a little goes a long way. I bought mine a few weeks ago and use it twice a day and the jar is still pretty much full. I recommend this product to anyone.', 'title: Great \ntext: The product did meet the expectations . I really loved it, made gauging sooo much easier, and organic oils made for clean healing . Highly Recommend it .', 'title: Awesome! \ntext: This product is fantastic. It makes the gauge healing process faster and less painful than when using other products like Vaseline. I would truly recommend this product to anyone who is stretching their ears and especially if you have sensitive ears or more scar tissue than normal. I absolutely love it!', 'title: Great \ntext: What a great product. Its really helped in the healing process. Whithout it starting up my first guages would have been much more painful. I would deffinatly buy from this seller again.']","The product is highly praised for its healing properties, particularly in aiding the healing process after ear gauging. Users have noted that it helps ears heal quickly and effectively, outperforming alternatives like petroleum jelly[0][3]. It is also credited with alleviating infections overnight, making it a reliable choice for those with sensitive ears or scar tissue[1][3]. The inclusion of organic oils is highlighted as beneficial for clean healing, and the product is recommended for its ability to make the stretching process easier and less painful[2][4]. Overall, users express satisfaction with the product's effectiveness and longevity, as a small amount goes a long way[1].",9.0
Does the gauge gear help with healing,"['LUBRICANT - Gauge Gear lubricates your skin while you stretch! Helps Insertion of Tapers and Plugs Double Flared/Oversized Plugs. Also perfect to restart a closed piercing with an earring', 'PIERCING AFTERCARE - Great for any new external piercing. Helps relieve the effects of a fresh piercing', 'ALL NATURAL INGREDIENTS - Jojoba Oil, Sweet Almond Oil, Tea Tree Oil, Wheat Germ Oil, Myrhh Oil and Beeswax', 'Never stretch your ears without Gauge Gear! Read ingredient list below to see their effects']",03467,"[""title: Here it is \ntext: This product is amazing it helps my ear heal so fast after i've gauged it and its better than petroleum jelly"", 'title: Awesome! \ntext: This stuff is so awesome! Not only does it make stretching SOOO much easier but it also does wonders with healing. One of my ears got infected and this stuff wiped the infection away over night. I was a little worried about the small size at first but a little goes a long way. I bought mine a few weeks ago and use it twice a day and the jar is still pretty much full. I recommend this product to anyone.', 'title: Great \ntext: The product did meet the expectations . I really loved it, made gauging sooo much easier, and organic oils made for clean healing . Highly Recommend it .', 'title: It really helped with the smell of stretching your ears ... \ntext: It really helped with the smell of stretching your ears and helped them heal faster. Because you heal faster you can go up sizes faster. It also helps with other cuts and minor abrasions in the healing process.', 'title: Great \ntext: What a great product. Its really helped in the healing process. Whithout it starting up my first guages would have been much more painful. I would deffinatly buy from this seller again.']","The product is highly praised for its healing properties, particularly in aiding the healing process after ear gauging. Users report that it helps ears heal quickly, even faster than petroleum jelly, and is effective in treating infections overnight[0][1]. The product's organic oils contribute to clean healing, making the gauging process easier and less painful[2][4]. Additionally, it helps with the smell associated with ear stretching and accelerates the healing of cuts and minor abrasions[3]. Overall, users recommend the product for its efficiency and long-lasting use[1].",9.0
Does the gauge gear help with healing,"['LUBRICANT - Gauge Gear lubricates your skin while you stretch! Helps Insertion of Tapers and Plugs Double Flared/Oversized Plugs. Also perfect to restart a closed piercing with an earring', 'PIERCING AFTERCARE - Great for any new external piercing. Helps relieve the effects of a fresh piercing', 'ALL NATURAL INGREDIENTS - Jojoba Oil, Sweet Almond Oil, Tea Tree Oil, Wheat Germ Oil, Myrhh Oil and Beeswax', 'Never stretch your ears without Gauge Gear! Read ingredient list below to see their effects']",03567,"[""title: Here it is \ntext: This product is amazing it helps my ear heal so fast after i've gauged it and its better than petroleum jelly"", 'title: Awesome! \ntext: This stuff is so awesome! Not only does it make stretching SOOO much easier but it also does wonders with healing. One of my ears got infected and this stuff wiped the infection away over night. I was a little worried about the small size at first but a little goes a long way. I bought mine a few weeks ago and use it twice a day and the jar is still pretty much full. I recommend this product to anyone.', 'title: Awesome! \ntext: This product is fantastic. It makes the gauge healing process faster and less painful than when using other products like Vaseline. I would truly recommend this product to anyone who is stretching their ears and especially if you have sensitive ears or more scar tissue than normal. I absolutely love it!', 'title: It really helped with the smell of stretching your ears ... \ntext: It really helped with the smell of stretching your ears and helped them heal faster. Because you heal faster you can go up sizes faster. It also helps with other cuts and minor abrasions in the healing process.', 'title: Great \ntext: What a great product. Its really helped in the healing process. Whithout it starting up my first guages would have been much more painful. I would deffinatly buy from this seller again.']","The product is highly praised for its healing properties, particularly in the context of ear gauging. Users report that it significantly speeds up the healing process compared to alternatives like petroleum jelly and Vaseline, making the experience less painful and more efficient[0][2]. One user noted that it effectively treated an ear infection overnight, highlighting its potent healing capabilities[1]. Additionally, the product is said to help with the smell associated with ear stretching and can be used for other minor cuts and abrasions, further emphasizing its versatility in promoting healing[3]. Overall, customers express satisfaction with the product's performance and its ability to facilitate faster recovery during ear stretching[4].",9.0
Does the gauge gear help with healing,"['LUBRICANT - Gauge Gear lubricates your skin while you stretch! Helps Insertion of Tapers and Plugs Double Flared/Oversized Plugs. Also perfect to restart a closed piercing with an earring', 'PIERCING AFTERCARE - Great for any new external piercing. Helps relieve the effects of a fresh piercing', 'ALL NATURAL INGREDIENTS - Jojoba Oil, Sweet Almond Oil, Tea Tree Oil, Wheat Germ Oil, Myrhh Oil and Beeswax', 'Never stretch your ears without Gauge Gear! Read ingredient list below to see their effects']",04567,"[""title: Here it is \ntext: This product is amazing it helps my ear heal so fast after i've gauged it and its better than petroleum jelly"", 'title: Great \ntext: The product did meet the expectations . I really loved it, made gauging sooo much easier, and organic oils made for clean healing . Highly Recommend it .', 'title: Awesome! \ntext: This product is fantastic. It makes the gauge healing process faster and less painful than when using other products like Vaseline. I would truly recommend this product to anyone who is stretching their ears and especially if you have sensitive ears or more scar tissue than normal. I absolutely love it!', 'title: It really helped with the smell of stretching your ears ... \ntext: It really helped with the smell of stretching your ears and helped them heal faster. Because you heal faster you can go up sizes faster. It also helps with other cuts and minor abrasions in the healing process.', 'title: Great \ntext: What a great product. Its really helped in the healing process. Whithout it starting up my first guages would have been much more painful. I would deffinatly buy from this seller again.']","The product is highly praised for its healing properties, particularly in aiding the healing process after ear gauging. Users report that it helps ears heal faster and more effectively than petroleum jelly or Vaseline, making the process less painful and more efficient[0][2][3]. The inclusion of organic oils is noted to contribute to a cleaner healing process[1]. Additionally, the product is effective in reducing the smell associated with ear stretching and can also assist in healing other minor cuts and abrasions[3]. Overall, users highly recommend the product for its ability to facilitate faster and less painful healing, especially for those with sensitive ears or more scar tissue[2][4].",9.0
Does the gauge gear help with healing,"['LUBRICANT - Gauge Gear lubricates your skin while you stretch! Helps Insertion of Tapers and Plugs Double Flared/Oversized Plugs. Also perfect to restart a closed piercing with an earring', 'PIERCING AFTERCARE - Great for any new external piercing. Helps relieve the effects of a fresh piercing', 'ALL NATURAL INGREDIENTS - Jojoba Oil, Sweet Almond Oil, Tea Tree Oil, Wheat Germ Oil, Myrhh Oil and Beeswax', 'Never stretch your ears without Gauge Gear! Read ingredient list below to see their effects']",12345,"['title: Great Product \ntext: Helps my ear heal very quickly and makes the stretching process quite easy. Definitely would recommend this to anyone who is thinking about stretching', 'title: GREAT PRODUCT! \ntext: Best stretching balm ive used.  Very good product, helps your ears heal while your in the stretching process.  I still use it even now, after I have stopped stretching.', 'title: Awesome! \ntext: This stuff is so awesome! Not only does it make stretching SOOO much easier but it also does wonders with healing. One of my ears got infected and this stuff wiped the infection away over night. I was a little worried about the small size at first but a little goes a long way. I bought mine a few weeks ago and use it twice a day and the jar is still pretty much full. I recommend this product to anyone.', 'title: Great \ntext: The product did meet the expectations . I really loved it, made gauging sooo much easier, and organic oils made for clean healing . Highly Recommend it .', 'title: Awesome! \ntext: This product is fantastic. It makes the gauge healing process faster and less painful than when using other products like Vaseline. I would truly recommend this product to anyone who is stretching their ears and especially if you have sensitive ears or more scar tissue than normal. I absolutely love it!']","The product is highly praised for its healing properties, particularly in aiding the ear stretching process. Users report that it helps ears heal quickly and effectively, even in cases of infection, with one user noting that it cleared an infection overnight [0][2]. The balm is described as superior to other products like Vaseline, making the healing process faster and less painful [4]. Additionally, the product's organic oils contribute to clean healing, and a small amount of the balm goes a long way, making it economical to use [2][3]. Overall, users highly recommend it for anyone involved in ear stretching, especially those with sensitive ears or scar tissue [1][4].",9.0
Does the gauge gear help with healing,"['LUBRICANT - Gauge Gear lubricates your skin while you stretch! Helps Insertion of Tapers and Plugs Double Flared/Oversized Plugs. Also perfect to restart a closed piercing with an earring', 'PIERCING AFTERCARE - Great for any new external piercing. Helps relieve the effects of a fresh piercing', 'ALL NATURAL INGREDIENTS - Jojoba Oil, Sweet Almond Oil, Tea Tree Oil, Wheat Germ Oil, Myrhh Oil and Beeswax', 'Never stretch your ears without Gauge Gear! Read ingredient list below to see their effects']",12346,"['title: Great Product \ntext: Helps my ear heal very quickly and makes the stretching process quite easy. Definitely would recommend this to anyone who is thinking about stretching', 'title: GREAT PRODUCT! \ntext: Best stretching balm ive used.  Very good product, helps your ears heal while your in the stretching process.  I still use it even now, after I have stopped stretching.', 'title: Awesome! \ntext: This stuff is so awesome! Not only does it make stretching SOOO much easier but it also does wonders with healing. One of my ears got infected and this stuff wiped the infection away over night. I was a little worried about the small size at first but a little goes a long way. I bought mine a few weeks ago and use it twice a day and the jar is still pretty much full. I recommend this product to anyone.', 'title: Great \ntext: The product did meet the expectations . I really loved it, made gauging sooo much easier, and organic oils made for clean healing . Highly Recommend it .', 'title: It really helped with the smell of stretching your ears ... \ntext: It really helped with the smell of stretching your ears and helped them heal faster. Because you heal faster you can go up sizes faster. It also helps with other cuts and minor abrasions in the healing process.']","The product is highly praised for its healing properties, particularly in the context of ear stretching. Users report that it significantly aids in the healing process, making stretching easier and faster. One user noted that it helped heal an ear infection overnight, highlighting its effectiveness in promoting quick recovery[0][1][2]. The product's organic oils are mentioned as contributing to clean healing, and it is also noted for helping with other cuts and minor abrasions[3][4]. Overall, the product is recommended for its ability to facilitate healing and ease the stretching process[0][1][2][3][4].",9.0
Does the gauge gear help with healing,"['LUBRICANT - Gauge Gear lubricates your skin while you stretch! Helps Insertion of Tapers and Plugs Double Flared/Oversized Plugs. Also perfect to restart a closed piercing with an earring', 'PIERCING AFTERCARE - Great for any new external piercing. Helps relieve the effects of a fresh piercing', 'ALL NATURAL INGREDIENTS - Jojoba Oil, Sweet Almond Oil, Tea Tree Oil, Wheat Germ Oil, Myrhh Oil and Beeswax', 'Never stretch your ears without Gauge Gear! Read ingredient list below to see their effects']",12347,"['title: Great Product \ntext: Helps my ear heal very quickly and makes the stretching process quite easy. Definitely would recommend this to anyone who is thinking about stretching', 'title: GREAT PRODUCT! \ntext: Best stretching balm ive used.  Very good product, helps your ears heal while your in the stretching process.  I still use it even now, after I have stopped stretching.', 'title: Awesome! \ntext: This stuff is so awesome! Not only does it make stretching SOOO much easier but it also does wonders with healing. One of my ears got infected and this stuff wiped the infection away over night. I was a little worried about the small size at first but a little goes a long way. I bought mine a few weeks ago and use it twice a day and the jar is still pretty much full. I recommend this product to anyone.', 'title: Great \ntext: The product did meet the expectations . I really loved it, made gauging sooo much easier, and organic oils made for clean healing . Highly Recommend it .', 'title: Great \ntext: What a great product. Its really helped in the healing process. Whithout it starting up my first guages would have been much more painful. I would deffinatly buy from this seller again.']","The product is highly praised for its healing properties, particularly in the context of ear stretching. Users report that it aids in quick healing and makes the stretching process easier, with one user noting that it helped heal an ear infection overnight [0][1][2]. The product is also appreciated for its effectiveness in maintaining clean healing due to its organic oils [3]. Overall, users recommend the product for its ability to facilitate healing and reduce pain during the stretching process [4].",9.0
Does the gauge gear help with healing,"['LUBRICANT - Gauge Gear lubricates your skin while you stretch! Helps Insertion of Tapers and Plugs Double Flared/Oversized Plugs. Also perfect to restart a closed piercing with an earring', 'PIERCING AFTERCARE - Great for any new external piercing. Helps relieve the effects of a fresh piercing', 'ALL NATURAL INGREDIENTS - Jojoba Oil, Sweet Almond Oil, Tea Tree Oil, Wheat Germ Oil, Myrhh Oil and Beeswax', 'Never stretch your ears without Gauge Gear! Read ingredient list below to see their effects']",12356,"['title: Great Product \ntext: Helps my ear heal very quickly and makes the stretching process quite easy. Definitely would recommend this to anyone who is thinking about stretching', 'title: GREAT PRODUCT! \ntext: Best stretching balm ive used.  Very good product, helps your ears heal while your in the stretching process.  I still use it even now, after I have stopped stretching.', 'title: Awesome! \ntext: This stuff is so awesome! Not only does it make stretching SOOO much easier but it also does wonders with healing. One of my ears got infected and this stuff wiped the infection away over night. I was a little worried about the small size at first but a little goes a long way. I bought mine a few weeks ago and use it twice a day and the jar is still pretty much full. I recommend this product to anyone.', 'title: Awesome! \ntext: This product is fantastic. It makes the gauge healing process faster and less painful than when using other products like Vaseline. I would truly recommend this product to anyone who is stretching their ears and especially if you have sensitive ears or more scar tissue than normal. I absolutely love it!', 'title: It really helped with the smell of stretching your ears ... \ntext: It really helped with the smell of stretching your ears and helped them heal faster. Because you heal faster you can go up sizes faster. It also helps with other cuts and minor abrasions in the healing process.']","The product is highly praised for its healing properties, particularly in the context of ear stretching. Users report that it significantly aids in the healing process, making it quicker and less painful compared to other products like Vaseline[0][3]. It is noted for its effectiveness in treating infections, with one user mentioning that it cleared an ear infection overnight[2]. Additionally, the product is appreciated for its ability to help with the smell associated with ear stretching and for promoting faster healing, which allows users to increase sizes more rapidly[4]. Overall, the product is recommended for its dual benefits of easing the stretching process and enhancing healing[1][2][3].",9.0
Does the gauge gear help with healing,"['LUBRICANT - Gauge Gear lubricates your skin while you stretch! Helps Insertion of Tapers and Plugs Double Flared/Oversized Plugs. Also perfect to restart a closed piercing with an earring', 'PIERCING AFTERCARE - Great for any new external piercing. Helps relieve the effects of a fresh piercing', 'ALL NATURAL INGREDIENTS - Jojoba Oil, Sweet Almond Oil, Tea Tree Oil, Wheat Germ Oil, Myrhh Oil and Beeswax', 'Never stretch your ears without Gauge Gear! Read ingredient list below to see their effects']",12357,"['title: Great Product \ntext: Helps my ear heal very quickly and makes the stretching process quite easy. Definitely would recommend this to anyone who is thinking about stretching', 'title: GREAT PRODUCT! \ntext: Best stretching balm ive used.  Very good product, helps your ears heal while your in the stretching process.  I still use it even now, after I have stopped stretching.', 'title: Awesome! \ntext: This stuff is so awesome! Not only does it make stretching SOOO much easier but it also does wonders with healing. One of my ears got infected and this stuff wiped the infection away over night. I was a little worried about the small size at first but a little goes a long way. I bought mine a few weeks ago and use it twice a day and the jar is still pretty much full. I recommend this product to anyone.', 'title: Awesome! \ntext: This product is fantastic. It makes the gauge healing process faster and less painful than when using other products like Vaseline. I would truly recommend this product to anyone who is stretching their ears and especially if you have sensitive ears or more scar tissue than normal. I absolutely love it!', 'title: Great \ntext: What a great product. Its really helped in the healing process. Whithout it starting up my first guages would have been much more painful. I would deffinatly buy from this seller again.']","The product is highly praised for its healing properties, particularly in the context of ear stretching. Users report that it significantly aids in the healing process, making it faster and less painful compared to other products like Vaseline[0][3]. One user noted that it helped heal an ear infection overnight, highlighting its effectiveness in promoting recovery[2]. The product is also appreciated for its efficiency, as a small amount goes a long way, making it a cost-effective solution for those undergoing the stretching process[2]. Overall, the product is recommended for its ability to facilitate healing and ease the stretching process[0][1][2][3][4].",9.0
Does the gauge gear help with healing,"['LUBRICANT - Gauge Gear lubricates your skin while you stretch! Helps Insertion of Tapers and Plugs Double Flared/Oversized Plugs. Also perfect to restart a closed piercing with an earring', 'PIERCING AFTERCARE - Great for any new external piercing. Helps relieve the effects of a fresh piercing', 'ALL NATURAL INGREDIENTS - Jojoba Oil, Sweet Almond Oil, Tea Tree Oil, Wheat Germ Oil, Myrhh Oil and Beeswax', 'Never stretch your ears without Gauge Gear! Read ingredient list below to see their effects']",12367,"['title: Great Product \ntext: Helps my ear heal very quickly and makes the stretching process quite easy. Definitely would recommend this to anyone who is thinking about stretching', 'title: GREAT PRODUCT! \ntext: Best stretching balm ive used.  Very good product, helps your ears heal while your in the stretching process.  I still use it even now, after I have stopped stretching.', 'title: Awesome! \ntext: This stuff is so awesome! Not only does it make stretching SOOO much easier but it also does wonders with healing. One of my ears got infected and this stuff wiped the infection away over night. I was a little worried about the small size at first but a little goes a long way. I bought mine a few weeks ago and use it twice a day and the jar is still pretty much full. I recommend this product to anyone.', 'title: It really helped with the smell of stretching your ears ... \ntext: It really helped with the smell of stretching your ears and helped them heal faster. Because you heal faster you can go up sizes faster. It also helps with other cuts and minor abrasions in the healing process.', 'title: Great \ntext: What a great product. Its really helped in the healing process. Whithout it starting up my first guages would have been much more painful. I would deffinatly buy from this seller again.']","The product is highly praised for its healing properties, particularly in the context of ear stretching. Users report that it significantly aids in the healing process, making the stretching experience easier and less painful. One user noted that it helped heal an ear infection overnight, highlighting its effectiveness in promoting quick recovery[0][1][2][3][4]. Additionally, the product is noted for its ability to help with other minor cuts and abrasions, further emphasizing its versatile healing capabilities[3]. Overall, the product is recommended for its ability to facilitate faster healing and ease the stretching process[0][1][2][3][4].",9.0
Does the gauge gear help with healing,"['LUBRICANT - Gauge Gear lubricates your skin while you stretch! Helps Insertion of Tapers and Plugs Double Flared/Oversized Plugs. Also perfect to restart a closed piercing with an earring', 'PIERCING AFTERCARE - Great for any new external piercing. Helps relieve the effects of a fresh piercing', 'ALL NATURAL INGREDIENTS - Jojoba Oil, Sweet Almond Oil, Tea Tree Oil, Wheat Germ Oil, Myrhh Oil and Beeswax', 'Never stretch your ears without Gauge Gear! Read ingredient list below to see their effects']",12456,"['title: Great Product \ntext: Helps my ear heal very quickly and makes the stretching process quite easy. Definitely would recommend this to anyone who is thinking about stretching', 'title: GREAT PRODUCT! \ntext: Best stretching balm ive used.  Very good product, helps your ears heal while your in the stretching process.  I still use it even now, after I have stopped stretching.', 'title: Great \ntext: The product did meet the expectations . I really loved it, made gauging sooo much easier, and organic oils made for clean healing . Highly Recommend it .', 'title: Awesome! \ntext: This product is fantastic. It makes the gauge healing process faster and less painful than when using other products like Vaseline. I would truly recommend this product to anyone who is stretching their ears and especially if you have sensitive ears or more scar tissue than normal. I absolutely love it!', 'title: It really helped with the smell of stretching your ears ... \ntext: It really helped with the smell of stretching your ears and helped them heal faster. Because you heal faster you can go up sizes faster. It also helps with other cuts and minor abrasions in the healing process.']","The product is highly praised for its healing properties, particularly in the context of ear stretching. Users report that it helps ears heal quickly and makes the stretching process easier, with one user noting that it is the best stretching balm they have used and continues to use it even after stopping the stretching process [0][1]. The inclusion of organic oils is highlighted as beneficial for clean healing, and the product is recommended for its ability to make gauging easier [2]. Additionally, it is noted for making the gauge healing process faster and less painful compared to other products like Vaseline, and is especially recommended for those with sensitive ears or more scar tissue [3]. The product also aids in healing faster, allowing users to increase sizes more quickly, and is effective for other cuts and minor abrasions [4].",9.0
Does the gauge gear help with healing,"['LUBRICANT - Gauge Gear lubricates your skin while you stretch! Helps Insertion of Tapers and Plugs Double Flared/Oversized Plugs. Also perfect to restart a closed piercing with an earring', 'PIERCING AFTERCARE - Great for any new external piercing. Helps relieve the effects of a fresh piercing', 'ALL NATURAL INGREDIENTS - Jojoba Oil, Sweet Almond Oil, Tea Tree Oil, Wheat Germ Oil, Myrhh Oil and Beeswax', 'Never stretch your ears without Gauge Gear! Read ingredient list below to see their effects']",12457,"['title: Great Product \ntext: Helps my ear heal very quickly and makes the stretching process quite easy. Definitely would recommend this to anyone who is thinking about stretching', 'title: GREAT PRODUCT! \ntext: Best stretching balm ive used.  Very good product, helps your ears heal while your in the stretching process.  I still use it even now, after I have stopped stretching.', 'title: Great \ntext: The product did meet the expectations . I really loved it, made gauging sooo much easier, and organic oils made for clean healing . Highly Recommend it .', 'title: Awesome! \ntext: This product is fantastic. It makes the gauge healing process faster and less painful than when using other products like Vaseline. I would truly recommend this product to anyone who is stretching their ears and especially if you have sensitive ears or more scar tissue than normal. I absolutely love it!', 'title: Great \ntext: What a great product. Its really helped in the healing process. Whithout it starting up my first guages would have been much more painful. I would deffinatly buy from this seller again.']","The product is highly praised for its healing properties, particularly in aiding the ear stretching process. Users report that it helps ears heal quickly and makes the stretching process easier, with one user noting that it is the best stretching balm they have used and continues to use it even after stopping the stretching process [0][1]. The inclusion of organic oils is highlighted as beneficial for clean healing, and the product is recommended for those with sensitive ears or more scar tissue [2][3]. Overall, the product is credited with making the gauge healing process faster and less painful compared to other products like Vaseline [3][4].",9.0
Does the gauge gear help with healing,"['LUBRICANT - Gauge Gear lubricates your skin while you stretch! Helps Insertion of Tapers and Plugs Double Flared/Oversized Plugs. Also perfect to restart a closed piercing with an earring', 'PIERCING AFTERCARE - Great for any new external piercing. Helps relieve the effects of a fresh piercing', 'ALL NATURAL INGREDIENTS - Jojoba Oil, Sweet Almond Oil, Tea Tree Oil, Wheat Germ Oil, Myrhh Oil and Beeswax', 'Never stretch your ears without Gauge Gear! Read ingredient list below to see their effects']",12467,"['title: Great Product \ntext: Helps my ear heal very quickly and makes the stretching process quite easy. Definitely would recommend this to anyone who is thinking about stretching', 'title: GREAT PRODUCT! \ntext: Best stretching balm ive used.  Very good product, helps your ears heal while your in the stretching process.  I still use it even now, after I have stopped stretching.', 'title: Great \ntext: The product did meet the expectations . I really loved it, made gauging sooo much easier, and organic oils made for clean healing . Highly Recommend it .', 'title: It really helped with the smell of stretching your ears ... \ntext: It really helped with the smell of stretching your ears and helped them heal faster. Because you heal faster you can go up sizes faster. It also helps with other cuts and minor abrasions in the healing process.', 'title: Great \ntext: What a great product. Its really helped in the healing process. Whithout it starting up my first guages would have been much more painful. I would deffinatly buy from this seller again.']","The product is highly praised for its healing properties, particularly in the context of ear stretching. Users report that it helps ears heal quickly and makes the stretching process easier, with one user noting that it aids in healing even after they have stopped stretching[0][1]. The inclusion of organic oils is highlighted as beneficial for clean healing[2]. Additionally, the product is effective in reducing the smell associated with ear stretching and accelerates the healing process, allowing users to increase sizes more rapidly[3]. It is also noted to assist with healing minor cuts and abrasions[3]. Overall, the product is considered essential for a less painful and more efficient stretching experience[4].",9.0
Does the gauge gear help with healing,"['LUBRICANT - Gauge Gear lubricates your skin while you stretch! Helps Insertion of Tapers and Plugs Double Flared/Oversized Plugs. Also perfect to restart a closed piercing with an earring', 'PIERCING AFTERCARE - Great for any new external piercing. Helps relieve the effects of a fresh piercing', 'ALL NATURAL INGREDIENTS - Jojoba Oil, Sweet Almond Oil, Tea Tree Oil, Wheat Germ Oil, Myrhh Oil and Beeswax', 'Never stretch your ears without Gauge Gear! Read ingredient list below to see their effects']",12567,"['title: Great Product \ntext: Helps my ear heal very quickly and makes the stretching process quite easy. Definitely would recommend this to anyone who is thinking about stretching', 'title: GREAT PRODUCT! \ntext: Best stretching balm ive used.  Very good product, helps your ears heal while your in the stretching process.  I still use it even now, after I have stopped stretching.', 'title: Awesome! \ntext: This product is fantastic. It makes the gauge healing process faster and less painful than when using other products like Vaseline. I would truly recommend this product to anyone who is stretching their ears and especially if you have sensitive ears or more scar tissue than normal. I absolutely love it!', 'title: It really helped with the smell of stretching your ears ... \ntext: It really helped with the smell of stretching your ears and helped them heal faster. Because you heal faster you can go up sizes faster. It also helps with other cuts and minor abrasions in the healing process.', 'title: Great \ntext: What a great product. Its really helped in the healing process. Whithout it starting up my first guages would have been much more painful. I would deffinatly buy from this seller again.']","The product is highly praised for its healing properties, particularly in the context of ear stretching. Users report that it significantly accelerates the healing process, making the stretching experience less painful and more efficient compared to other products like Vaseline [0][2]. It is recommended for individuals with sensitive ears or those with more scar tissue, as it aids in faster healing and allows for quicker size progression [2][3]. Additionally, the product is noted for its effectiveness in healing minor cuts and abrasions, further highlighting its versatile healing capabilities [3]. Overall, users express high satisfaction with the product's ability to facilitate healing during the ear stretching process [1][4].",9.0
Does the gauge gear help with healing,"['LUBRICANT - Gauge Gear lubricates your skin while you stretch! Helps Insertion of Tapers and Plugs Double Flared/Oversized Plugs. Also perfect to restart a closed piercing with an earring', 'PIERCING AFTERCARE - Great for any new external piercing. Helps relieve the effects of a fresh piercing', 'ALL NATURAL INGREDIENTS - Jojoba Oil, Sweet Almond Oil, Tea Tree Oil, Wheat Germ Oil, Myrhh Oil and Beeswax', 'Never stretch your ears without Gauge Gear! Read ingredient list below to see their effects']",13456,"['title: Great Product \ntext: Helps my ear heal very quickly and makes the stretching process quite easy. Definitely would recommend this to anyone who is thinking about stretching', 'title: Awesome! \ntext: This stuff is so awesome! Not only does it make stretching SOOO much easier but it also does wonders with healing. One of my ears got infected and this stuff wiped the infection away over night. I was a little worried about the small size at first but a little goes a long way. I bought mine a few weeks ago and use it twice a day and the jar is still pretty much full. I recommend this product to anyone.', 'title: Great \ntext: The product did meet the expectations . I really loved it, made gauging sooo much easier, and organic oils made for clean healing . Highly Recommend it .', 'title: Awesome! \ntext: This product is fantastic. It makes the gauge healing process faster and less painful than when using other products like Vaseline. I would truly recommend this product to anyone who is stretching their ears and especially if you have sensitive ears or more scar tissue than normal. I absolutely love it!', 'title: It really helped with the smell of stretching your ears ... \ntext: It really helped with the smell of stretching your ears and helped them heal faster. Because you heal faster you can go up sizes faster. It also helps with other cuts and minor abrasions in the healing process.']","The product is highly praised for its healing properties, particularly in the context of ear stretching. Users report that it aids in quick healing and makes the stretching process easier, with one user noting that it helped heal an ear infection overnight [0][1]. The inclusion of organic oils is highlighted as beneficial for clean healing, and the product is recommended for those with sensitive ears or scar tissue [2][3]. Additionally, it is noted for reducing the smell associated with ear stretching and aiding in the healing of minor cuts and abrasions [4].",9.0
Does the gauge gear help with healing,"['LUBRICANT - Gauge Gear lubricates your skin while you stretch! Helps Insertion of Tapers and Plugs Double Flared/Oversized Plugs. Also perfect to restart a closed piercing with an earring', 'PIERCING AFTERCARE - Great for any new external piercing. Helps relieve the effects of a fresh piercing', 'ALL NATURAL INGREDIENTS - Jojoba Oil, Sweet Almond Oil, Tea Tree Oil, Wheat Germ Oil, Myrhh Oil and Beeswax', 'Never stretch your ears without Gauge Gear! Read ingredient list below to see their effects']",13457,"['title: Great Product \ntext: Helps my ear heal very quickly and makes the stretching process quite easy. Definitely would recommend this to anyone who is thinking about stretching', 'title: Awesome! \ntext: This stuff is so awesome! Not only does it make stretching SOOO much easier but it also does wonders with healing. One of my ears got infected and this stuff wiped the infection away over night. I was a little worried about the small size at first but a little goes a long way. I bought mine a few weeks ago and use it twice a day and the jar is still pretty much full. I recommend this product to anyone.', 'title: Great \ntext: The product did meet the expectations . I really loved it, made gauging sooo much easier, and organic oils made for clean healing . Highly Recommend it .', 'title: Awesome! \ntext: This product is fantastic. It makes the gauge healing process faster and less painful than when using other products like Vaseline. I would truly recommend this product to anyone who is stretching their ears and especially if you have sensitive ears or more scar tissue than normal. I absolutely love it!', 'title: Great \ntext: What a great product. Its really helped in the healing process. Whithout it starting up my first guages would have been much more painful. I would deffinatly buy from this seller again.']","The product is highly praised for its healing properties, particularly in aiding the ear stretching process. Users report that it helps ears heal quickly and makes stretching easier, with one user noting that it effectively treated an ear infection overnight [0][1]. The product's organic oils contribute to clean healing, and it is recommended for those with sensitive ears or scar tissue [2][3]. Additionally, it is noted for making the gauge healing process faster and less painful compared to other products like Vaseline [3]. Overall, users express high satisfaction with the product's ability to facilitate healing and reduce pain during the stretching process [4].",9.0
Does the gauge gear help with healing,"['LUBRICANT - Gauge Gear lubricates your skin while you stretch! Helps Insertion of Tapers and Plugs Double Flared/Oversized Plugs. Also perfect to restart a closed piercing with an earring', 'PIERCING AFTERCARE - Great for any new external piercing. Helps relieve the effects of a fresh piercing', 'ALL NATURAL INGREDIENTS - Jojoba Oil, Sweet Almond Oil, Tea Tree Oil, Wheat Germ Oil, Myrhh Oil and Beeswax', 'Never stretch your ears without Gauge Gear! Read ingredient list below to see their effects']",13467,"['title: Great Product \ntext: Helps my ear heal very quickly and makes the stretching process quite easy. Definitely would recommend this to anyone who is thinking about stretching', 'title: Awesome! \ntext: This stuff is so awesome! Not only does it make stretching SOOO much easier but it also does wonders with healing. One of my ears got infected and this stuff wiped the infection away over night. I was a little worried about the small size at first but a little goes a long way. I bought mine a few weeks ago and use it twice a day and the jar is still pretty much full. I recommend this product to anyone.', 'title: Great \ntext: The product did meet the expectations . I really loved it, made gauging sooo much easier, and organic oils made for clean healing . Highly Recommend it .', 'title: It really helped with the smell of stretching your ears ... \ntext: It really helped with the smell of stretching your ears and helped them heal faster. Because you heal faster you can go up sizes faster. It also helps with other cuts and minor abrasions in the healing process.', 'title: Great \ntext: What a great product. Its really helped in the healing process. Whithout it starting up my first guages would have been much more painful. I would deffinatly buy from this seller again.']","The product is highly praised for its healing properties, particularly in aiding the healing process of stretched ears. Users report that it helps ears heal quickly, making the stretching process easier and less painful[0][1][2][3][4]. One user noted that it effectively treated an ear infection overnight, highlighting its potent healing capabilities[1]. The inclusion of organic oils is mentioned as beneficial for clean healing[2]. Additionally, the product is said to assist with healing minor cuts and abrasions, further emphasizing its versatility in promoting healing[3]. Overall, the product is recommended for its effectiveness in facilitating faster healing and reducing discomfort during ear stretching[0][1][2][3][4].",9.0
Does the gauge gear help with healing,"['LUBRICANT - Gauge Gear lubricates your skin while you stretch! Helps Insertion of Tapers and Plugs Double Flared/Oversized Plugs. Also perfect to restart a closed piercing with an earring', 'PIERCING AFTERCARE - Great for any new external piercing. Helps relieve the effects of a fresh piercing', 'ALL NATURAL INGREDIENTS - Jojoba Oil, Sweet Almond Oil, Tea Tree Oil, Wheat Germ Oil, Myrhh Oil and Beeswax', 'Never stretch your ears without Gauge Gear! Read ingredient list below to see their effects']",13567,"['title: Great Product \ntext: Helps my ear heal very quickly and makes the stretching process quite easy. Definitely would recommend this to anyone who is thinking about stretching', 'title: Awesome! \ntext: This stuff is so awesome! Not only does it make stretching SOOO much easier but it also does wonders with healing. One of my ears got infected and this stuff wiped the infection away over night. I was a little worried about the small size at first but a little goes a long way. I bought mine a few weeks ago and use it twice a day and the jar is still pretty much full. I recommend this product to anyone.', 'title: Awesome! \ntext: This product is fantastic. It makes the gauge healing process faster and less painful than when using other products like Vaseline. I would truly recommend this product to anyone who is stretching their ears and especially if you have sensitive ears or more scar tissue than normal. I absolutely love it!', 'title: It really helped with the smell of stretching your ears ... \ntext: It really helped with the smell of stretching your ears and helped them heal faster. Because you heal faster you can go up sizes faster. It also helps with other cuts and minor abrasions in the healing process.', 'title: Great \ntext: What a great product. Its really helped in the healing process. Whithout it starting up my first guages would have been much more painful. I would deffinatly buy from this seller again.']","The product is highly praised for its healing properties, particularly in the context of ear stretching. Users report that it significantly aids in the healing process, making it quicker and less painful compared to other products like Vaseline[0][2]. One user noted that it effectively treated an ear infection overnight, highlighting its potent healing capabilities[1]. Additionally, the product is said to help with the smell associated with ear stretching and can be used for other cuts and minor abrasions, further emphasizing its versatility in promoting healing[3]. Overall, the product is recommended for anyone undergoing ear stretching, especially those with sensitive ears or more scar tissue[2][4].",9.0
Does the gauge gear help with healing,"['LUBRICANT - Gauge Gear lubricates your skin while you stretch! Helps Insertion of Tapers and Plugs Double Flared/Oversized Plugs. Also perfect to restart a closed piercing with an earring', 'PIERCING AFTERCARE - Great for any new external piercing. Helps relieve the effects of a fresh piercing', 'ALL NATURAL INGREDIENTS - Jojoba Oil, Sweet Almond Oil, Tea Tree Oil, Wheat Germ Oil, Myrhh Oil and Beeswax', 'Never stretch your ears without Gauge Gear! Read ingredient list below to see their effects']",14567,"['title: Great Product \ntext: Helps my ear heal very quickly and makes the stretching process quite easy. Definitely would recommend this to anyone who is thinking about stretching', 'title: Great \ntext: The product did meet the expectations . I really loved it, made gauging sooo much easier, and organic oils made for clean healing . Highly Recommend it .', 'title: Awesome! \ntext: This product is fantastic. It makes the gauge healing process faster and less painful than when using other products like Vaseline. I would truly recommend this product to anyone who is stretching their ears and especially if you have sensitive ears or more scar tissue than normal. I absolutely love it!', 'title: It really helped with the smell of stretching your ears ... \ntext: It really helped with the smell of stretching your ears and helped them heal faster. Because you heal faster you can go up sizes faster. It also helps with other cuts and minor abrasions in the healing process.', 'title: Great \ntext: What a great product. Its really helped in the healing process. Whithout it starting up my first guages would have been much more painful. I would deffinatly buy from this seller again.']","The product is highly praised for its healing properties, particularly in aiding the ear stretching process. Users report that it helps ears heal quickly and makes the stretching process easier, with one user noting that it is especially beneficial for those with sensitive ears or more scar tissue than normal [0][2]. The inclusion of organic oils is highlighted as contributing to a clean healing process, making it preferable over other products like Vaseline [1][2]. Additionally, the product is noted for reducing the smell associated with ear stretching and accelerating the healing of cuts and minor abrasions, allowing users to increase sizes more rapidly [3]. Overall, the product is recommended for its effectiveness in reducing pain and enhancing the healing experience [4].",9.0
Does the gauge gear help with healing,"['LUBRICANT - Gauge Gear lubricates your skin while you stretch! Helps Insertion of Tapers and Plugs Double Flared/Oversized Plugs. Also perfect to restart a closed piercing with an earring', 'PIERCING AFTERCARE - Great for any new external piercing. Helps relieve the effects of a fresh piercing', 'ALL NATURAL INGREDIENTS - Jojoba Oil, Sweet Almond Oil, Tea Tree Oil, Wheat Germ Oil, Myrhh Oil and Beeswax', 'Never stretch your ears without Gauge Gear! Read ingredient list below to see their effects']",23456,"['title: GREAT PRODUCT! \ntext: Best stretching balm ive used.  Very good product, helps your ears heal while your in the stretching process.  I still use it even now, after I have stopped stretching.', 'title: Awesome! \ntext: This stuff is so awesome! Not only does it make stretching SOOO much easier but it also does wonders with healing. One of my ears got infected and this stuff wiped the infection away over night. I was a little worried about the small size at first but a little goes a long way. I bought mine a few weeks ago and use it twice a day and the jar is still pretty much full. I recommend this product to anyone.', 'title: Great \ntext: The product did meet the expectations . I really loved it, made gauging sooo much easier, and organic oils made for clean healing . Highly Recommend it .', 'title: Awesome! \ntext: This product is fantastic. It makes the gauge healing process faster and less painful than when using other products like Vaseline. I would truly recommend this product to anyone who is stretching their ears and especially if you have sensitive ears or more scar tissue than normal. I absolutely love it!', 'title: It really helped with the smell of stretching your ears ... \ntext: It really helped with the smell of stretching your ears and helped them heal faster. Because you heal faster you can go up sizes faster. It also helps with other cuts and minor abrasions in the healing process.']","The product is highly praised for its healing properties, particularly in the context of ear stretching. Users report that it aids in the healing process during and after stretching, with one user noting that it continues to be effective even after they have stopped stretching their ears [0]. Another user highlights its ability to heal infections overnight, emphasizing its efficiency and long-lasting nature despite its small size [1]. The product's use of organic oils is credited with promoting clean healing, making the gauging process easier [2]. It is also noted for making the healing process faster and less painful compared to other products, which is beneficial for those with sensitive ears or scar tissue [3]. Additionally, it helps with the smell associated with ear stretching and accelerates healing, allowing users to increase sizes more quickly. It is also effective for other cuts and minor abrasions [4].",9.0
Does the gauge gear help with healing,"['LUBRICANT - Gauge Gear lubricates your skin while you stretch! Helps Insertion of Tapers and Plugs Double Flared/Oversized Plugs. Also perfect to restart a closed piercing with an earring', 'PIERCING AFTERCARE - Great for any new external piercing. Helps relieve the effects of a fresh piercing', 'ALL NATURAL INGREDIENTS - Jojoba Oil, Sweet Almond Oil, Tea Tree Oil, Wheat Germ Oil, Myrhh Oil and Beeswax', 'Never stretch your ears without Gauge Gear! Read ingredient list below to see their effects']",23457,"['title: GREAT PRODUCT! \ntext: Best stretching balm ive used.  Very good product, helps your ears heal while your in the stretching process.  I still use it even now, after I have stopped stretching.', 'title: Awesome! \ntext: This stuff is so awesome! Not only does it make stretching SOOO much easier but it also does wonders with healing. One of my ears got infected and this stuff wiped the infection away over night. I was a little worried about the small size at first but a little goes a long way. I bought mine a few weeks ago and use it twice a day and the jar is still pretty much full. I recommend this product to anyone.', 'title: Great \ntext: The product did meet the expectations . I really loved it, made gauging sooo much easier, and organic oils made for clean healing . Highly Recommend it .', 'title: Awesome! \ntext: This product is fantastic. It makes the gauge healing process faster and less painful than when using other products like Vaseline. I would truly recommend this product to anyone who is stretching their ears and especially if you have sensitive ears or more scar tissue than normal. I absolutely love it!', 'title: Great \ntext: What a great product. Its really helped in the healing process. Whithout it starting up my first guages would have been much more painful. I would deffinatly buy from this seller again.']","The product is highly praised for its healing properties, particularly in the context of ear stretching. Users report that it aids in the healing process during and after stretching, with one user noting that it helped heal an infection overnight [0][1]. The balm is noted for making the stretching process easier and promoting clean healing due to its organic oils [2]. It is also highlighted for making the gauge healing process faster and less painful compared to other products like Vaseline, making it suitable for those with sensitive ears or more scar tissue [3]. Overall, users express satisfaction with the product's effectiveness in reducing pain and aiding healing, with intentions to repurchase [4].",9.0
Does the gauge gear help with healing,"['LUBRICANT - Gauge Gear lubricates your skin while you stretch! Helps Insertion of Tapers and Plugs Double Flared/Oversized Plugs. Also perfect to restart a closed piercing with an earring', 'PIERCING AFTERCARE - Great for any new external piercing. Helps relieve the effects of a fresh piercing', 'ALL NATURAL INGREDIENTS - Jojoba Oil, Sweet Almond Oil, Tea Tree Oil, Wheat Germ Oil, Myrhh Oil and Beeswax', 'Never stretch your ears without Gauge Gear! Read ingredient list below to see their effects']",23467,"['title: GREAT PRODUCT! \ntext: Best stretching balm ive used.  Very good product, helps your ears heal while your in the stretching process.  I still use it even now, after I have stopped stretching.', 'title: Awesome! \ntext: This stuff is so awesome! Not only does it make stretching SOOO much easier but it also does wonders with healing. One of my ears got infected and this stuff wiped the infection away over night. I was a little worried about the small size at first but a little goes a long way. I bought mine a few weeks ago and use it twice a day and the jar is still pretty much full. I recommend this product to anyone.', 'title: Great \ntext: The product did meet the expectations . I really loved it, made gauging sooo much easier, and organic oils made for clean healing . Highly Recommend it .', 'title: It really helped with the smell of stretching your ears ... \ntext: It really helped with the smell of stretching your ears and helped them heal faster. Because you heal faster you can go up sizes faster. It also helps with other cuts and minor abrasions in the healing process.', 'title: Great \ntext: What a great product. Its really helped in the healing process. Whithout it starting up my first guages would have been much more painful. I would deffinatly buy from this seller again.']","The product is highly praised for its healing properties, particularly in the context of ear stretching. Users report that it aids in the healing process during and after stretching, with one user noting that it helped heal an ear infection overnight [0][1]. The balm is also appreciated for its organic oils, which contribute to clean healing [2]. Additionally, it is effective in reducing the smell associated with ear stretching and accelerates the healing of cuts and minor abrasions, allowing for quicker size progression [3]. Overall, the product is recommended for its ability to ease pain and facilitate healing during the initial stages of gauging [4].",9.0
Does the gauge gear help with healing,"['LUBRICANT - Gauge Gear lubricates your skin while you stretch! Helps Insertion of Tapers and Plugs Double Flared/Oversized Plugs. Also perfect to restart a closed piercing with an earring', 'PIERCING AFTERCARE - Great for any new external piercing. Helps relieve the effects of a fresh piercing', 'ALL NATURAL INGREDIENTS - Jojoba Oil, Sweet Almond Oil, Tea Tree Oil, Wheat Germ Oil, Myrhh Oil and Beeswax', 'Never stretch your ears without Gauge Gear! Read ingredient list below to see their effects']",23567,"['title: GREAT PRODUCT! \ntext: Best stretching balm ive used.  Very good product, helps your ears heal while your in the stretching process.  I still use it even now, after I have stopped stretching.', 'title: Awesome! \ntext: This stuff is so awesome! Not only does it make stretching SOOO much easier but it also does wonders with healing. One of my ears got infected and this stuff wiped the infection away over night. I was a little worried about the small size at first but a little goes a long way. I bought mine a few weeks ago and use it twice a day and the jar is still pretty much full. I recommend this product to anyone.', 'title: Awesome! \ntext: This product is fantastic. It makes the gauge healing process faster and less painful than when using other products like Vaseline. I would truly recommend this product to anyone who is stretching their ears and especially if you have sensitive ears or more scar tissue than normal. I absolutely love it!', 'title: It really helped with the smell of stretching your ears ... \ntext: It really helped with the smell of stretching your ears and helped them heal faster. Because you heal faster you can go up sizes faster. It also helps with other cuts and minor abrasions in the healing process.', 'title: Great \ntext: What a great product. Its really helped in the healing process. Whithout it starting up my first guages would have been much more painful. I would deffinatly buy from this seller again.']","The product is highly praised for its healing properties, particularly in the context of ear stretching. Users report that it aids in the healing process during and after stretching, making it less painful and more efficient compared to other products like Vaseline[0][2]. One user noted that it effectively treated an ear infection overnight, highlighting its potent healing capabilities[1]. Additionally, the balm is said to help with the smell associated with ear stretching and can be used for other minor cuts and abrasions, promoting faster healing[3]. Overall, the product is recommended for its ability to facilitate faster and less painful healing, especially for those with sensitive ears or more scar tissue[4].",9.0
Does the gauge gear help with healing,"['LUBRICANT - Gauge Gear lubricates your skin while you stretch! Helps Insertion of Tapers and Plugs Double Flared/Oversized Plugs. Also perfect to restart a closed piercing with an earring', 'PIERCING AFTERCARE - Great for any new external piercing. Helps relieve the effects of a fresh piercing', 'ALL NATURAL INGREDIENTS - Jojoba Oil, Sweet Almond Oil, Tea Tree Oil, Wheat Germ Oil, Myrhh Oil and Beeswax', 'Never stretch your ears without Gauge Gear! Read ingredient list below to see their effects']",24567,"['title: GREAT PRODUCT! \ntext: Best stretching balm ive used.  Very good product, helps your ears heal while your in the stretching process.  I still use it even now, after I have stopped stretching.', 'title: Great \ntext: The product did meet the expectations . I really loved it, made gauging sooo much easier, and organic oils made for clean healing . Highly Recommend it .', 'title: Awesome! \ntext: This product is fantastic. It makes the gauge healing process faster and less painful than when using other products like Vaseline. I would truly recommend this product to anyone who is stretching their ears and especially if you have sensitive ears or more scar tissue than normal. I absolutely love it!', 'title: It really helped with the smell of stretching your ears ... \ntext: It really helped with the smell of stretching your ears and helped them heal faster. Because you heal faster you can go up sizes faster. It also helps with other cuts and minor abrasions in the healing process.', 'title: Great \ntext: What a great product. Its really helped in the healing process. Whithout it starting up my first guages would have been much more painful. I would deffinatly buy from this seller again.']","The product is highly praised for its healing properties, particularly in the context of ear stretching. Users report that it aids in the healing process during and after stretching, making it a preferred choice over other products like Vaseline due to its effectiveness in reducing pain and accelerating healing[0][2][3]. The inclusion of organic oils is noted for promoting clean healing, which is especially beneficial for those with sensitive ears or scar tissue[1][2]. Additionally, the product is effective in addressing the smell associated with ear stretching and can also be used for healing minor cuts and abrasions[3]. Overall, users express high satisfaction with the product's ability to facilitate a smoother and less painful stretching experience[0][1][2][3][4].",9.0
Does the gauge gear help with healing,"['LUBRICANT - Gauge Gear lubricates your skin while you stretch! Helps Insertion of Tapers and Plugs Double Flared/Oversized Plugs. Also perfect to restart a closed piercing with an earring', 'PIERCING AFTERCARE - Great for any new external piercing. Helps relieve the effects of a fresh piercing', 'ALL NATURAL INGREDIENTS - Jojoba Oil, Sweet Almond Oil, Tea Tree Oil, Wheat Germ Oil, Myrhh Oil and Beeswax', 'Never stretch your ears without Gauge Gear! Read ingredient list below to see their effects']",34567,"['title: Awesome! \ntext: This stuff is so awesome! Not only does it make stretching SOOO much easier but it also does wonders with healing. One of my ears got infected and this stuff wiped the infection away over night. I was a little worried about the small size at first but a little goes a long way. I bought mine a few weeks ago and use it twice a day and the jar is still pretty much full. I recommend this product to anyone.', 'title: Great \ntext: The product did meet the expectations . I really loved it, made gauging sooo much easier, and organic oils made for clean healing . Highly Recommend it .', 'title: Awesome! \ntext: This product is fantastic. It makes the gauge healing process faster and less painful than when using other products like Vaseline. I would truly recommend this product to anyone who is stretching their ears and especially if you have sensitive ears or more scar tissue than normal. I absolutely love it!', 'title: It really helped with the smell of stretching your ears ... \ntext: It really helped with the smell of stretching your ears and helped them heal faster. Because you heal faster you can go up sizes faster. It also helps with other cuts and minor abrasions in the healing process.', 'title: Great \ntext: What a great product. Its really helped in the healing process. Whithout it starting up my first guages would have been much more painful. I would deffinatly buy from this seller again.']","The product is highly praised for its healing properties, particularly in the context of ear stretching and infections. Users report that it significantly aids in the healing process, making it faster and less painful compared to other products like Vaseline[0][2]. One user noted that it effectively treated an ear infection overnight, highlighting its potent healing capabilities[0]. The inclusion of organic oils is mentioned as beneficial for clean healing[1]. Additionally, the product is said to help with the smell associated with ear stretching and can also be used for other cuts and minor abrasions, enhancing the overall healing process[3][4].",9.0
Does the gauge gear help with healing,"['LUBRICANT - Gauge Gear lubricates your skin while you stretch! Helps Insertion of Tapers and Plugs Double Flared/Oversized Plugs. Also perfect to restart a closed piercing with an earring', 'PIERCING AFTERCARE - Great for any new external piercing. Helps relieve the effects of a fresh piercing', 'ALL NATURAL INGREDIENTS - Jojoba Oil, Sweet Almond Oil, Tea Tree Oil, Wheat Germ Oil, Myrhh Oil and Beeswax', 'Never stretch your ears without Gauge Gear! Read ingredient list below to see their effects']",012345,"[""title: Here it is \ntext: This product is amazing it helps my ear heal so fast after i've gauged it and its better than petroleum jelly"", 'title: Great Product \ntext: Helps my ear heal very quickly and makes the stretching process quite easy. Definitely would recommend this to anyone who is thinking about stretching', 'title: GREAT PRODUCT! \ntext: Best stretching balm ive used.  Very good product, helps your ears heal while your in the stretching process.  I still use it even now, after I have stopped stretching.', 'title: Awesome! \ntext: This stuff is so awesome! Not only does it make stretching SOOO much easier but it also does wonders with healing. One of my ears got infected and this stuff wiped the infection away over night. I was a little worried about the small size at first but a little goes a long way. I bought mine a few weeks ago and use it twice a day and the jar is still pretty much full. I recommend this product to anyone.', 'title: Great \ntext: The product did meet the expectations . I really loved it, made gauging sooo much easier, and organic oils made for clean healing . Highly Recommend it .', 'title: Awesome! \ntext: This product is fantastic. It makes the gauge healing process faster and less painful than when using other products like Vaseline. I would truly recommend this product to anyone who is stretching their ears and especially if you have sensitive ears or more scar tissue than normal. I absolutely love it!']","The product is highly praised for its healing properties, particularly in aiding the healing process of stretched ears. Users report that it helps ears heal quickly after gauging, outperforming alternatives like petroleum jelly [0]. It is noted for making the stretching process easier and is recommended for those considering ear stretching [1]. The balm is described as the best for stretching, continuing to be useful even after the stretching process is complete [2]. One user highlighted its effectiveness in healing infections overnight, emphasizing its efficiency despite the small jar size [3]. The product's organic oils contribute to clean healing, making it highly recommended [4]. It is also noted for making the healing process faster and less painful, especially beneficial for those with sensitive ears or more scar tissue [5].",9.0
Does the gauge gear help with healing,"['LUBRICANT - Gauge Gear lubricates your skin while you stretch! Helps Insertion of Tapers and Plugs Double Flared/Oversized Plugs. Also perfect to restart a closed piercing with an earring', 'PIERCING AFTERCARE - Great for any new external piercing. Helps relieve the effects of a fresh piercing', 'ALL NATURAL INGREDIENTS - Jojoba Oil, Sweet Almond Oil, Tea Tree Oil, Wheat Germ Oil, Myrhh Oil and Beeswax', 'Never stretch your ears without Gauge Gear! Read ingredient list below to see their effects']",012346,"[""title: Here it is \ntext: This product is amazing it helps my ear heal so fast after i've gauged it and its better than petroleum jelly"", 'title: Great Product \ntext: Helps my ear heal very quickly and makes the stretching process quite easy. Definitely would recommend this to anyone who is thinking about stretching', 'title: GREAT PRODUCT! \ntext: Best stretching balm ive used.  Very good product, helps your ears heal while your in the stretching process.  I still use it even now, after I have stopped stretching.', 'title: Awesome! \ntext: This stuff is so awesome! Not only does it make stretching SOOO much easier but it also does wonders with healing. One of my ears got infected and this stuff wiped the infection away over night. I was a little worried about the small size at first but a little goes a long way. I bought mine a few weeks ago and use it twice a day and the jar is still pretty much full. I recommend this product to anyone.', 'title: Great \ntext: The product did meet the expectations . I really loved it, made gauging sooo much easier, and organic oils made for clean healing . Highly Recommend it .', 'title: It really helped with the smell of stretching your ears ... \ntext: It really helped with the smell of stretching your ears and helped them heal faster. Because you heal faster you can go up sizes faster. It also helps with other cuts and minor abrasions in the healing process.']","The product is highly praised for its healing properties, particularly in aiding the healing process of stretched ears. Users report that it helps ears heal quickly after gauging, outperforming alternatives like petroleum jelly [0]. It is recommended for those undergoing the ear stretching process, as it facilitates healing and makes the process easier [1][2]. The balm is noted for its effectiveness in healing infections overnight and maintaining its utility even after the stretching process is complete [3]. The inclusion of organic oils is highlighted for promoting clean healing, and the product is recommended for its ability to heal faster, allowing users to increase sizes more quickly [4][5]. Additionally, it is effective in healing other cuts and minor abrasions [5].",9.0
Does the gauge gear help with healing,"['LUBRICANT - Gauge Gear lubricates your skin while you stretch! Helps Insertion of Tapers and Plugs Double Flared/Oversized Plugs. Also perfect to restart a closed piercing with an earring', 'PIERCING AFTERCARE - Great for any new external piercing. Helps relieve the effects of a fresh piercing', 'ALL NATURAL INGREDIENTS - Jojoba Oil, Sweet Almond Oil, Tea Tree Oil, Wheat Germ Oil, Myrhh Oil and Beeswax', 'Never stretch your ears without Gauge Gear! Read ingredient list below to see their effects']",012347,"[""title: Here it is \ntext: This product is amazing it helps my ear heal so fast after i've gauged it and its better than petroleum jelly"", 'title: Great Product \ntext: Helps my ear heal very quickly and makes the stretching process quite easy. Definitely would recommend this to anyone who is thinking about stretching', 'title: GREAT PRODUCT! \ntext: Best stretching balm ive used.  Very good product, helps your ears heal while your in the stretching process.  I still use it even now, after I have stopped stretching.', 'title: Awesome! \ntext: This stuff is so awesome! Not only does it make stretching SOOO much easier but it also does wonders with healing. One of my ears got infected and this stuff wiped the infection away over night. I was a little worried about the small size at first but a little goes a long way. I bought mine a few weeks ago and use it twice a day and the jar is still pretty much full. I recommend this product to anyone.', 'title: Great \ntext: The product did meet the expectations . I really loved it, made gauging sooo much easier, and organic oils made for clean healing . Highly Recommend it .', 'title: Great \ntext: What a great product. Its really helped in the healing process. Whithout it starting up my first guages would have been much more painful. I would deffinatly buy from this seller again.']","The product is highly praised for its healing properties, particularly in aiding the healing process of ears after gauging or stretching. Users have noted that it helps ears heal quickly and effectively, even better than petroleum jelly, making the stretching process easier and less painful [0][1][2][3][4][5]. One user highlighted its effectiveness in treating an ear infection overnight, emphasizing its potent healing capabilities [3]. The product's use of organic oils is also mentioned as contributing to clean healing, further enhancing its appeal [4]. Overall, the product is recommended for its ability to facilitate healing and ease the stretching process [0][1][2][3][4][5].",9.0
Does the gauge gear help with healing,"['LUBRICANT - Gauge Gear lubricates your skin while you stretch! Helps Insertion of Tapers and Plugs Double Flared/Oversized Plugs. Also perfect to restart a closed piercing with an earring', 'PIERCING AFTERCARE - Great for any new external piercing. Helps relieve the effects of a fresh piercing', 'ALL NATURAL INGREDIENTS - Jojoba Oil, Sweet Almond Oil, Tea Tree Oil, Wheat Germ Oil, Myrhh Oil and Beeswax', 'Never stretch your ears without Gauge Gear! Read ingredient list below to see their effects']",012356,"[""title: Here it is \ntext: This product is amazing it helps my ear heal so fast after i've gauged it and its better than petroleum jelly"", 'title: Great Product \ntext: Helps my ear heal very quickly and makes the stretching process quite easy. Definitely would recommend this to anyone who is thinking about stretching', 'title: GREAT PRODUCT! \ntext: Best stretching balm ive used.  Very good product, helps your ears heal while your in the stretching process.  I still use it even now, after I have stopped stretching.', 'title: Awesome! \ntext: This stuff is so awesome! Not only does it make stretching SOOO much easier but it also does wonders with healing. One of my ears got infected and this stuff wiped the infection away over night. I was a little worried about the small size at first but a little goes a long way. I bought mine a few weeks ago and use it twice a day and the jar is still pretty much full. I recommend this product to anyone.', 'title: Awesome! \ntext: This product is fantastic. It makes the gauge healing process faster and less painful than when using other products like Vaseline. I would truly recommend this product to anyone who is stretching their ears and especially if you have sensitive ears or more scar tissue than normal. I absolutely love it!', 'title: It really helped with the smell of stretching your ears ... \ntext: It really helped with the smell of stretching your ears and helped them heal faster. Because you heal faster you can go up sizes faster. It also helps with other cuts and minor abrasions in the healing process.']","The product is highly praised for its healing properties, particularly in aiding the healing process of stretched ears. Users report that it helps ears heal quickly after gauging, outperforming alternatives like petroleum jelly [0]. It is recommended for those undergoing the ear stretching process, as it not only facilitates healing but also makes the process easier [1][2]. One user noted its effectiveness in treating an ear infection overnight, highlighting its potent healing capabilities [3]. The product is also favored for its ability to make the healing process faster and less painful, especially for those with sensitive ears or more scar tissue [4]. Additionally, it is noted for helping with the smell associated with ear stretching and aiding in the healing of other minor cuts and abrasions [5].",9.0
Does the gauge gear help with healing,"['LUBRICANT - Gauge Gear lubricates your skin while you stretch! Helps Insertion of Tapers and Plugs Double Flared/Oversized Plugs. Also perfect to restart a closed piercing with an earring', 'PIERCING AFTERCARE - Great for any new external piercing. Helps relieve the effects of a fresh piercing', 'ALL NATURAL INGREDIENTS - Jojoba Oil, Sweet Almond Oil, Tea Tree Oil, Wheat Germ Oil, Myrhh Oil and Beeswax', 'Never stretch your ears without Gauge Gear! Read ingredient list below to see their effects']",012357,"[""title: Here it is \ntext: This product is amazing it helps my ear heal so fast after i've gauged it and its better than petroleum jelly"", 'title: Great Product \ntext: Helps my ear heal very quickly and makes the stretching process quite easy. Definitely would recommend this to anyone who is thinking about stretching', 'title: GREAT PRODUCT! \ntext: Best stretching balm ive used.  Very good product, helps your ears heal while your in the stretching process.  I still use it even now, after I have stopped stretching.', 'title: Awesome! \ntext: This stuff is so awesome! Not only does it make stretching SOOO much easier but it also does wonders with healing. One of my ears got infected and this stuff wiped the infection away over night. I was a little worried about the small size at first but a little goes a long way. I bought mine a few weeks ago and use it twice a day and the jar is still pretty much full. I recommend this product to anyone.', 'title: Awesome! \ntext: This product is fantastic. It makes the gauge healing process faster and less painful than when using other products like Vaseline. I would truly recommend this product to anyone who is stretching their ears and especially if you have sensitive ears or more scar tissue than normal. I absolutely love it!', 'title: Great \ntext: What a great product. Its really helped in the healing process. Whithout it starting up my first guages would have been much more painful. I would deffinatly buy from this seller again.']","The product is highly praised for its healing properties, particularly in aiding the healing process of stretched ears. Users report that it helps their ears heal quickly and effectively, even better than petroleum jelly, making the stretching process easier and less painful [0][1][2][3][4][5]. One user noted that it was effective in treating an ear infection overnight, highlighting its potent healing capabilities [3]. The product is also recommended for those with sensitive ears or more scar tissue, as it facilitates a faster and less painful healing process [4]. Overall, the product is recommended for anyone undergoing ear stretching due to its superior healing properties [0][1][2][3][4][5].",9.0
Does the gauge gear help with healing,"['LUBRICANT - Gauge Gear lubricates your skin while you stretch! Helps Insertion of Tapers and Plugs Double Flared/Oversized Plugs. Also perfect to restart a closed piercing with an earring', 'PIERCING AFTERCARE - Great for any new external piercing. Helps relieve the effects of a fresh piercing', 'ALL NATURAL INGREDIENTS - Jojoba Oil, Sweet Almond Oil, Tea Tree Oil, Wheat Germ Oil, Myrhh Oil and Beeswax', 'Never stretch your ears without Gauge Gear! Read ingredient list below to see their effects']",012367,"[""title: Here it is \ntext: This product is amazing it helps my ear heal so fast after i've gauged it and its better than petroleum jelly"", 'title: Great Product \ntext: Helps my ear heal very quickly and makes the stretching process quite easy. Definitely would recommend this to anyone who is thinking about stretching', 'title: GREAT PRODUCT! \ntext: Best stretching balm ive used.  Very good product, helps your ears heal while your in the stretching process.  I still use it even now, after I have stopped stretching.', 'title: Awesome! \ntext: This stuff is so awesome! Not only does it make stretching SOOO much easier but it also does wonders with healing. One of my ears got infected and this stuff wiped the infection away over night. I was a little worried about the small size at first but a little goes a long way. I bought mine a few weeks ago and use it twice a day and the jar is still pretty much full. I recommend this product to anyone.', 'title: It really helped with the smell of stretching your ears ... \ntext: It really helped with the smell of stretching your ears and helped them heal faster. Because you heal faster you can go up sizes faster. It also helps with other cuts and minor abrasions in the healing process.', 'title: Great \ntext: What a great product. Its really helped in the healing process. Whithout it starting up my first guages would have been much more painful. I would deffinatly buy from this seller again.']","The product is highly praised for its healing properties, particularly in aiding the healing process of ears after stretching. Users report that it helps ears heal quickly and effectively, even better than petroleum jelly, making the stretching process easier and less painful [0][1][2][3][4][5]. One user noted that it was effective in treating an ear infection overnight, highlighting its potent healing capabilities [3]. Additionally, the product is said to help with the smell associated with ear stretching and can be used for other cuts and minor abrasions, further emphasizing its versatility in healing [4]. Overall, the product is recommended for its ability to expedite healing and improve the stretching experience [0][1][2][3][4][5].",9.0
Does the gauge gear help with healing,"['LUBRICANT - Gauge Gear lubricates your skin while you stretch! Helps Insertion of Tapers and Plugs Double Flared/Oversized Plugs. Also perfect to restart a closed piercing with an earring', 'PIERCING AFTERCARE - Great for any new external piercing. Helps relieve the effects of a fresh piercing', 'ALL NATURAL INGREDIENTS - Jojoba Oil, Sweet Almond Oil, Tea Tree Oil, Wheat Germ Oil, Myrhh Oil and Beeswax', 'Never stretch your ears without Gauge Gear! Read ingredient list below to see their effects']",012456,"[""title: Here it is \ntext: This product is amazing it helps my ear heal so fast after i've gauged it and its better than petroleum jelly"", 'title: Great Product \ntext: Helps my ear heal very quickly and makes the stretching process quite easy. Definitely would recommend this to anyone who is thinking about stretching', 'title: GREAT PRODUCT! \ntext: Best stretching balm ive used.  Very good product, helps your ears heal while your in the stretching process.  I still use it even now, after I have stopped stretching.', 'title: Great \ntext: The product did meet the expectations . I really loved it, made gauging sooo much easier, and organic oils made for clean healing . Highly Recommend it .', 'title: Awesome! \ntext: This product is fantastic. It makes the gauge healing process faster and less painful than when using other products like Vaseline. I would truly recommend this product to anyone who is stretching their ears and especially if you have sensitive ears or more scar tissue than normal. I absolutely love it!', 'title: It really helped with the smell of stretching your ears ... \ntext: It really helped with the smell of stretching your ears and helped them heal faster. Because you heal faster you can go up sizes faster. It also helps with other cuts and minor abrasions in the healing process.']","The product is highly praised for its healing properties, particularly in aiding the healing process of stretched ears. Users report that it helps their ears heal quickly after gauging, making it a preferred choice over petroleum jelly and other products like Vaseline due to its effectiveness in reducing pain and facilitating faster healing [0][1][4]. The product is also noted for its use of organic oils, which contribute to a clean healing process [3]. Additionally, it is beneficial for those with sensitive ears or more scar tissue, as it helps manage the smell associated with stretching and allows for quicker size progression [5]. Overall, the product is recommended for its ability to make the stretching process easier and more comfortable [2][4].",9.0
Does the gauge gear help with healing,"['LUBRICANT - Gauge Gear lubricates your skin while you stretch! Helps Insertion of Tapers and Plugs Double Flared/Oversized Plugs. Also perfect to restart a closed piercing with an earring', 'PIERCING AFTERCARE - Great for any new external piercing. Helps relieve the effects of a fresh piercing', 'ALL NATURAL INGREDIENTS - Jojoba Oil, Sweet Almond Oil, Tea Tree Oil, Wheat Germ Oil, Myrhh Oil and Beeswax', 'Never stretch your ears without Gauge Gear! Read ingredient list below to see their effects']",012457,"[""title: Here it is \ntext: This product is amazing it helps my ear heal so fast after i've gauged it and its better than petroleum jelly"", 'title: Great Product \ntext: Helps my ear heal very quickly and makes the stretching process quite easy. Definitely would recommend this to anyone who is thinking about stretching', 'title: GREAT PRODUCT! \ntext: Best stretching balm ive used.  Very good product, helps your ears heal while your in the stretching process.  I still use it even now, after I have stopped stretching.', 'title: Great \ntext: The product did meet the expectations . I really loved it, made gauging sooo much easier, and organic oils made for clean healing . Highly Recommend it .', 'title: Awesome! \ntext: This product is fantastic. It makes the gauge healing process faster and less painful than when using other products like Vaseline. I would truly recommend this product to anyone who is stretching their ears and especially if you have sensitive ears or more scar tissue than normal. I absolutely love it!', 'title: Great \ntext: What a great product. Its really helped in the healing process. Whithout it starting up my first guages would have been much more painful. I would deffinatly buy from this seller again.']","The product is highly praised for its healing properties, particularly in aiding the healing process of ears after gauging or stretching. Users report that it helps their ears heal quickly and effectively, making the stretching process easier and less painful compared to using other products like petroleum jelly or Vaseline [0][1][2][4][5]. The inclusion of organic oils is noted to contribute to clean healing, and the product is recommended for those with sensitive ears or more scar tissue [3][4]. Overall, the product is described as meeting expectations and being a preferred choice for ear stretching and healing [3][5].",9.0
Does the gauge gear help with healing,"['LUBRICANT - Gauge Gear lubricates your skin while you stretch! Helps Insertion of Tapers and Plugs Double Flared/Oversized Plugs. Also perfect to restart a closed piercing with an earring', 'PIERCING AFTERCARE - Great for any new external piercing. Helps relieve the effects of a fresh piercing', 'ALL NATURAL INGREDIENTS - Jojoba Oil, Sweet Almond Oil, Tea Tree Oil, Wheat Germ Oil, Myrhh Oil and Beeswax', 'Never stretch your ears without Gauge Gear! Read ingredient list below to see their effects']",012467,"[""title: Here it is \ntext: This product is amazing it helps my ear heal so fast after i've gauged it and its better than petroleum jelly"", 'title: Great Product \ntext: Helps my ear heal very quickly and makes the stretching process quite easy. Definitely would recommend this to anyone who is thinking about stretching', 'title: GREAT PRODUCT! \ntext: Best stretching balm ive used.  Very good product, helps your ears heal while your in the stretching process.  I still use it even now, after I have stopped stretching.', 'title: Great \ntext: The product did meet the expectations . I really loved it, made gauging sooo much easier, and organic oils made for clean healing . Highly Recommend it .', 'title: It really helped with the smell of stretching your ears ... \ntext: It really helped with the smell of stretching your ears and helped them heal faster. Because you heal faster you can go up sizes faster. It also helps with other cuts and minor abrasions in the healing process.', 'title: Great \ntext: What a great product. Its really helped in the healing process. Whithout it starting up my first guages would have been much more painful. I would deffinatly buy from this seller again.']","The product is highly praised for its healing properties, particularly in aiding the healing process of ears after gauging or stretching. Users report that it helps their ears heal quickly and effectively, making the stretching process easier and less painful compared to using petroleum jelly[0][1][2][3][4][5]. Additionally, the product is noted for its use of organic oils, which contribute to a clean healing process[3]. It also assists in healing other cuts and minor abrasions, and its ability to reduce the smell associated with ear stretching is highlighted[4]. Overall, the product is recommended for its effectiveness in promoting fast and clean healing[0][1][2][3][4][5].",9.0
Does the gauge gear help with healing,"['LUBRICANT - Gauge Gear lubricates your skin while you stretch! Helps Insertion of Tapers and Plugs Double Flared/Oversized Plugs. Also perfect to restart a closed piercing with an earring', 'PIERCING AFTERCARE - Great for any new external piercing. Helps relieve the effects of a fresh piercing', 'ALL NATURAL INGREDIENTS - Jojoba Oil, Sweet Almond Oil, Tea Tree Oil, Wheat Germ Oil, Myrhh Oil and Beeswax', 'Never stretch your ears without Gauge Gear! Read ingredient list below to see their effects']",012567,"[""title: Here it is \ntext: This product is amazing it helps my ear heal so fast after i've gauged it and its better than petroleum jelly"", 'title: Great Product \ntext: Helps my ear heal very quickly and makes the stretching process quite easy. Definitely would recommend this to anyone who is thinking about stretching', 'title: GREAT PRODUCT! \ntext: Best stretching balm ive used.  Very good product, helps your ears heal while your in the stretching process.  I still use it even now, after I have stopped stretching.', 'title: Awesome! \ntext: This product is fantastic. It makes the gauge healing process faster and less painful than when using other products like Vaseline. I would truly recommend this product to anyone who is stretching their ears and especially if you have sensitive ears or more scar tissue than normal. I absolutely love it!', 'title: It really helped with the smell of stretching your ears ... \ntext: It really helped with the smell of stretching your ears and helped them heal faster. Because you heal faster you can go up sizes faster. It also helps with other cuts and minor abrasions in the healing process.', 'title: Great \ntext: What a great product. Its really helped in the healing process. Whithout it starting up my first guages would have been much more painful. I would deffinatly buy from this seller again.']","The product is highly praised for its healing properties, particularly in aiding the healing process of stretched ears. Users report that it helps their ears heal faster compared to using petroleum jelly or Vaseline, making the stretching process easier and less painful[0][1][3]. It is recommended for those with sensitive ears or more scar tissue, as it accelerates healing and reduces discomfort[3]. Additionally, the product is noted for its ability to help with the smell associated with ear stretching and is effective in healing other cuts and minor abrasions[4]. Overall, users express high satisfaction with the product's effectiveness in promoting faster healing and would recommend it to others considering ear stretching[2][5].",9.0
Does the gauge gear help with healing,"['LUBRICANT - Gauge Gear lubricates your skin while you stretch! Helps Insertion of Tapers and Plugs Double Flared/Oversized Plugs. Also perfect to restart a closed piercing with an earring', 'PIERCING AFTERCARE - Great for any new external piercing. Helps relieve the effects of a fresh piercing', 'ALL NATURAL INGREDIENTS - Jojoba Oil, Sweet Almond Oil, Tea Tree Oil, Wheat Germ Oil, Myrhh Oil and Beeswax', 'Never stretch your ears without Gauge Gear! Read ingredient list below to see their effects']",013456,"[""title: Here it is \ntext: This product is amazing it helps my ear heal so fast after i've gauged it and its better than petroleum jelly"", 'title: Great Product \ntext: Helps my ear heal very quickly and makes the stretching process quite easy. Definitely would recommend this to anyone who is thinking about stretching', 'title: Awesome! \ntext: This stuff is so awesome! Not only does it make stretching SOOO much easier but it also does wonders with healing. One of my ears got infected and this stuff wiped the infection away over night. I was a little worried about the small size at first but a little goes a long way. I bought mine a few weeks ago and use it twice a day and the jar is still pretty much full. I recommend this product to anyone.', 'title: Great \ntext: The product did meet the expectations . I really loved it, made gauging sooo much easier, and organic oils made for clean healing . Highly Recommend it .', 'title: Awesome! \ntext: This product is fantastic. It makes the gauge healing process faster and less painful than when using other products like Vaseline. I would truly recommend this product to anyone who is stretching their ears and especially if you have sensitive ears or more scar tissue than normal. I absolutely love it!', 'title: It really helped with the smell of stretching your ears ... \ntext: It really helped with the smell of stretching your ears and helped them heal faster. Because you heal faster you can go up sizes faster. It also helps with other cuts and minor abrasions in the healing process.']","The product is highly praised for its healing properties, particularly in aiding the healing process of stretched ears. Users report that it helps ears heal quickly after gauging, outperforming alternatives like petroleum jelly [0][1]. It is noted for making the stretching process easier and effectively treating infections, with one user mentioning that it cleared an ear infection overnight [2]. The product's organic oils contribute to clean healing, and it is recommended for those with sensitive ears or more scar tissue [3][4]. Additionally, it helps with the smell associated with ear stretching and accelerates the healing of other minor cuts and abrasions [5].",9.0
Does the gauge gear help with healing,"['LUBRICANT - Gauge Gear lubricates your skin while you stretch! Helps Insertion of Tapers and Plugs Double Flared/Oversized Plugs. Also perfect to restart a closed piercing with an earring', 'PIERCING AFTERCARE - Great for any new external piercing. Helps relieve the effects of a fresh piercing', 'ALL NATURAL INGREDIENTS - Jojoba Oil, Sweet Almond Oil, Tea Tree Oil, Wheat Germ Oil, Myrhh Oil and Beeswax', 'Never stretch your ears without Gauge Gear! Read ingredient list below to see their effects']",013457,"[""title: Here it is \ntext: This product is amazing it helps my ear heal so fast after i've gauged it and its better than petroleum jelly"", 'title: Great Product \ntext: Helps my ear heal very quickly and makes the stretching process quite easy. Definitely would recommend this to anyone who is thinking about stretching', 'title: Awesome! \ntext: This stuff is so awesome! Not only does it make stretching SOOO much easier but it also does wonders with healing. One of my ears got infected and this stuff wiped the infection away over night. I was a little worried about the small size at first but a little goes a long way. I bought mine a few weeks ago and use it twice a day and the jar is still pretty much full. I recommend this product to anyone.', 'title: Great \ntext: The product did meet the expectations . I really loved it, made gauging sooo much easier, and organic oils made for clean healing . Highly Recommend it .', 'title: Awesome! \ntext: This product is fantastic. It makes the gauge healing process faster and less painful than when using other products like Vaseline. I would truly recommend this product to anyone who is stretching their ears and especially if you have sensitive ears or more scar tissue than normal. I absolutely love it!', 'title: Great \ntext: What a great product. Its really helped in the healing process. Whithout it starting up my first guages would have been much more painful. I would deffinatly buy from this seller again.']","The product is highly praised for its healing properties, particularly in aiding the healing process of stretched ears. Users report that it helps their ears heal quickly after gauging, outperforming alternatives like petroleum jelly [0][1][2][5]. The product is noted for making the stretching process easier and less painful, with some users highlighting its effectiveness in reducing infections and promoting clean healing due to its organic oils [2][3][4]. Many recommend it for those with sensitive ears or more scar tissue, emphasizing its efficiency and long-lasting nature despite its small size [2][4]. Overall, the product is well-received for its ability to facilitate faster and less painful healing during ear stretching [0][1][2][3][4][5].",9.0
Does the gauge gear help with healing,"['LUBRICANT - Gauge Gear lubricates your skin while you stretch! Helps Insertion of Tapers and Plugs Double Flared/Oversized Plugs. Also perfect to restart a closed piercing with an earring', 'PIERCING AFTERCARE - Great for any new external piercing. Helps relieve the effects of a fresh piercing', 'ALL NATURAL INGREDIENTS - Jojoba Oil, Sweet Almond Oil, Tea Tree Oil, Wheat Germ Oil, Myrhh Oil and Beeswax', 'Never stretch your ears without Gauge Gear! Read ingredient list below to see their effects']",013467,"[""title: Here it is \ntext: This product is amazing it helps my ear heal so fast after i've gauged it and its better than petroleum jelly"", 'title: Great Product \ntext: Helps my ear heal very quickly and makes the stretching process quite easy. Definitely would recommend this to anyone who is thinking about stretching', 'title: Awesome! \ntext: This stuff is so awesome! Not only does it make stretching SOOO much easier but it also does wonders with healing. One of my ears got infected and this stuff wiped the infection away over night. I was a little worried about the small size at first but a little goes a long way. I bought mine a few weeks ago and use it twice a day and the jar is still pretty much full. I recommend this product to anyone.', 'title: Great \ntext: The product did meet the expectations . I really loved it, made gauging sooo much easier, and organic oils made for clean healing . Highly Recommend it .', 'title: It really helped with the smell of stretching your ears ... \ntext: It really helped with the smell of stretching your ears and helped them heal faster. Because you heal faster you can go up sizes faster. It also helps with other cuts and minor abrasions in the healing process.', 'title: Great \ntext: What a great product. Its really helped in the healing process. Whithout it starting up my first guages would have been much more painful. I would deffinatly buy from this seller again.']","The product is highly praised for its healing properties, particularly in aiding the healing process of stretched ears. Users report that it helps their ears heal quickly after gauging, outperforming alternatives like petroleum jelly [0][1]. It is noted for making the stretching process easier and effectively treating infections, with one user mentioning that it cleared an ear infection overnight [2]. The product's organic oils contribute to clean healing, and it is recommended for its ability to speed up the healing process, allowing users to increase gauge sizes more rapidly [3][4]. Additionally, it is credited with reducing pain during initial gauging and is favored for its effectiveness in healing cuts and minor abrasions [5].",9.0
Does the gauge gear help with healing,"['LUBRICANT - Gauge Gear lubricates your skin while you stretch! Helps Insertion of Tapers and Plugs Double Flared/Oversized Plugs. Also perfect to restart a closed piercing with an earring', 'PIERCING AFTERCARE - Great for any new external piercing. Helps relieve the effects of a fresh piercing', 'ALL NATURAL INGREDIENTS - Jojoba Oil, Sweet Almond Oil, Tea Tree Oil, Wheat Germ Oil, Myrhh Oil and Beeswax', 'Never stretch your ears without Gauge Gear! Read ingredient list below to see their effects']",013567,"[""title: Here it is \ntext: This product is amazing it helps my ear heal so fast after i've gauged it and its better than petroleum jelly"", 'title: Great Product \ntext: Helps my ear heal very quickly and makes the stretching process quite easy. Definitely would recommend this to anyone who is thinking about stretching', 'title: Awesome! \ntext: This stuff is so awesome! Not only does it make stretching SOOO much easier but it also does wonders with healing. One of my ears got infected and this stuff wiped the infection away over night. I was a little worried about the small size at first but a little goes a long way. I bought mine a few weeks ago and use it twice a day and the jar is still pretty much full. I recommend this product to anyone.', 'title: Awesome! \ntext: This product is fantastic. It makes the gauge healing process faster and less painful than when using other products like Vaseline. I would truly recommend this product to anyone who is stretching their ears and especially if you have sensitive ears or more scar tissue than normal. I absolutely love it!', 'title: It really helped with the smell of stretching your ears ... \ntext: It really helped with the smell of stretching your ears and helped them heal faster. Because you heal faster you can go up sizes faster. It also helps with other cuts and minor abrasions in the healing process.', 'title: Great \ntext: What a great product. Its really helped in the healing process. Whithout it starting up my first guages would have been much more painful. I would deffinatly buy from this seller again.']","The product is highly praised for its healing properties, particularly in aiding the healing process of stretched ears. Users report that it helps their ears heal quickly after gauging, making it a superior alternative to petroleum jelly [0][1]. It is noted for making the stretching process easier and effectively treating infections, with one user experiencing overnight relief from an ear infection [2]. The product is also appreciated for reducing pain and being suitable for sensitive ears or those with more scar tissue [3]. Additionally, it helps with the smell associated with ear stretching and accelerates the healing process, allowing users to increase sizes more rapidly [4]. Overall, users express satisfaction with the product's effectiveness in the healing process, indicating they would purchase it again [5].",9.0
Does the gauge gear help with healing,"['LUBRICANT - Gauge Gear lubricates your skin while you stretch! Helps Insertion of Tapers and Plugs Double Flared/Oversized Plugs. Also perfect to restart a closed piercing with an earring', 'PIERCING AFTERCARE - Great for any new external piercing. Helps relieve the effects of a fresh piercing', 'ALL NATURAL INGREDIENTS - Jojoba Oil, Sweet Almond Oil, Tea Tree Oil, Wheat Germ Oil, Myrhh Oil and Beeswax', 'Never stretch your ears without Gauge Gear! Read ingredient list below to see their effects']",014567,"[""title: Here it is \ntext: This product is amazing it helps my ear heal so fast after i've gauged it and its better than petroleum jelly"", 'title: Great Product \ntext: Helps my ear heal very quickly and makes the stretching process quite easy. Definitely would recommend this to anyone who is thinking about stretching', 'title: Great \ntext: The product did meet the expectations . I really loved it, made gauging sooo much easier, and organic oils made for clean healing . Highly Recommend it .', 'title: Awesome! \ntext: This product is fantastic. It makes the gauge healing process faster and less painful than when using other products like Vaseline. I would truly recommend this product to anyone who is stretching their ears and especially if you have sensitive ears or more scar tissue than normal. I absolutely love it!', 'title: It really helped with the smell of stretching your ears ... \ntext: It really helped with the smell of stretching your ears and helped them heal faster. Because you heal faster you can go up sizes faster. It also helps with other cuts and minor abrasions in the healing process.', 'title: Great \ntext: What a great product. Its really helped in the healing process. Whithout it starting up my first guages would have been much more painful. I would deffinatly buy from this seller again.']","The product is highly praised for its healing properties, particularly in aiding the healing process after ear gauging. Users report that it helps their ears heal faster than when using other products like petroleum jelly or Vaseline, making the stretching process easier and less painful[0][1][3][5]. The inclusion of organic oils is noted for promoting clean healing[2]. Additionally, the product is effective in reducing the smell associated with ear stretching and can also assist in healing other cuts and minor abrasions[4]. Overall, users highly recommend it for anyone considering ear stretching, especially those with sensitive ears or more scar tissue[3].",9.0
Does the gauge gear help with healing,"['LUBRICANT - Gauge Gear lubricates your skin while you stretch! Helps Insertion of Tapers and Plugs Double Flared/Oversized Plugs. Also perfect to restart a closed piercing with an earring', 'PIERCING AFTERCARE - Great for any new external piercing. Helps relieve the effects of a fresh piercing', 'ALL NATURAL INGREDIENTS - Jojoba Oil, Sweet Almond Oil, Tea Tree Oil, Wheat Germ Oil, Myrhh Oil and Beeswax', 'Never stretch your ears without Gauge Gear! Read ingredient list below to see their effects']",023456,"[""title: Here it is \ntext: This product is amazing it helps my ear heal so fast after i've gauged it and its better than petroleum jelly"", 'title: GREAT PRODUCT! \ntext: Best stretching balm ive used.  Very good product, helps your ears heal while your in the stretching process.  I still use it even now, after I have stopped stretching.', 'title: Awesome! \ntext: This stuff is so awesome! Not only does it make stretching SOOO much easier but it also does wonders with healing. One of my ears got infected and this stuff wiped the infection away over night. I was a little worried about the small size at first but a little goes a long way. I bought mine a few weeks ago and use it twice a day and the jar is still pretty much full. I recommend this product to anyone.', 'title: Great \ntext: The product did meet the expectations . I really loved it, made gauging sooo much easier, and organic oils made for clean healing . Highly Recommend it .', 'title: Awesome! \ntext: This product is fantastic. It makes the gauge healing process faster and less painful than when using other products like Vaseline. I would truly recommend this product to anyone who is stretching their ears and especially if you have sensitive ears or more scar tissue than normal. I absolutely love it!', 'title: It really helped with the smell of stretching your ears ... \ntext: It really helped with the smell of stretching your ears and helped them heal faster. Because you heal faster you can go up sizes faster. It also helps with other cuts and minor abrasions in the healing process.']","The product is highly praised for its healing properties, particularly in aiding the healing process of stretched ears. Users have noted that it helps ears heal quickly after gauging, outperforming alternatives like petroleum jelly [0]. It is described as an excellent stretching balm that facilitates healing during the stretching process, with continued use even after stretching has stopped [1]. The product is also effective in treating infections, with one user reporting that it cleared an ear infection overnight [2]. The inclusion of organic oils is highlighted as beneficial for clean healing [3]. Additionally, it is noted for making the gauge healing process faster and less painful, especially for those with sensitive ears or more scar tissue [4]. The product also aids in healing other cuts and minor abrasions, and its effectiveness in reducing the smell associated with ear stretching is mentioned [5].",9.0
Does the gauge gear help with healing,"['LUBRICANT - Gauge Gear lubricates your skin while you stretch! Helps Insertion of Tapers and Plugs Double Flared/Oversized Plugs. Also perfect to restart a closed piercing with an earring', 'PIERCING AFTERCARE - Great for any new external piercing. Helps relieve the effects of a fresh piercing', 'ALL NATURAL INGREDIENTS - Jojoba Oil, Sweet Almond Oil, Tea Tree Oil, Wheat Germ Oil, Myrhh Oil and Beeswax', 'Never stretch your ears without Gauge Gear! Read ingredient list below to see their effects']",023457,"[""title: Here it is \ntext: This product is amazing it helps my ear heal so fast after i've gauged it and its better than petroleum jelly"", 'title: GREAT PRODUCT! \ntext: Best stretching balm ive used.  Very good product, helps your ears heal while your in the stretching process.  I still use it even now, after I have stopped stretching.', 'title: Awesome! \ntext: This stuff is so awesome! Not only does it make stretching SOOO much easier but it also does wonders with healing. One of my ears got infected and this stuff wiped the infection away over night. I was a little worried about the small size at first but a little goes a long way. I bought mine a few weeks ago and use it twice a day and the jar is still pretty much full. I recommend this product to anyone.', 'title: Great \ntext: The product did meet the expectations . I really loved it, made gauging sooo much easier, and organic oils made for clean healing . Highly Recommend it .', 'title: Awesome! \ntext: This product is fantastic. It makes the gauge healing process faster and less painful than when using other products like Vaseline. I would truly recommend this product to anyone who is stretching their ears and especially if you have sensitive ears or more scar tissue than normal. I absolutely love it!', 'title: Great \ntext: What a great product. Its really helped in the healing process. Whithout it starting up my first guages would have been much more painful. I would deffinatly buy from this seller again.']","The product is highly praised for its healing properties, particularly in aiding the healing process after ear stretching. Users have noted that it helps ears heal quickly and effectively, even better than petroleum jelly, and is beneficial during the stretching process itself [0][1]. One user reported that the product was effective in clearing an ear infection overnight, highlighting its potent healing capabilities [2]. The inclusion of organic oils is mentioned as contributing to clean healing, making the process easier and more efficient [3]. Additionally, the product is noted for making the gauge healing process faster and less painful, especially for those with sensitive ears or more scar tissue [4]. Overall, users express high satisfaction with the product's ability to facilitate healing and reduce pain during ear stretching [5].",9.0
Does the gauge gear help with healing,"['LUBRICANT - Gauge Gear lubricates your skin while you stretch! Helps Insertion of Tapers and Plugs Double Flared/Oversized Plugs. Also perfect to restart a closed piercing with an earring', 'PIERCING AFTERCARE - Great for any new external piercing. Helps relieve the effects of a fresh piercing', 'ALL NATURAL INGREDIENTS - Jojoba Oil, Sweet Almond Oil, Tea Tree Oil, Wheat Germ Oil, Myrhh Oil and Beeswax', 'Never stretch your ears without Gauge Gear! Read ingredient list below to see their effects']",023467,"[""title: Here it is \ntext: This product is amazing it helps my ear heal so fast after i've gauged it and its better than petroleum jelly"", 'title: GREAT PRODUCT! \ntext: Best stretching balm ive used.  Very good product, helps your ears heal while your in the stretching process.  I still use it even now, after I have stopped stretching.', 'title: Awesome! \ntext: This stuff is so awesome! Not only does it make stretching SOOO much easier but it also does wonders with healing. One of my ears got infected and this stuff wiped the infection away over night. I was a little worried about the small size at first but a little goes a long way. I bought mine a few weeks ago and use it twice a day and the jar is still pretty much full. I recommend this product to anyone.', 'title: Great \ntext: The product did meet the expectations . I really loved it, made gauging sooo much easier, and organic oils made for clean healing . Highly Recommend it .', 'title: It really helped with the smell of stretching your ears ... \ntext: It really helped with the smell of stretching your ears and helped them heal faster. Because you heal faster you can go up sizes faster. It also helps with other cuts and minor abrasions in the healing process.', 'title: Great \ntext: What a great product. Its really helped in the healing process. Whithout it starting up my first guages would have been much more painful. I would deffinatly buy from this seller again.']","The product is highly praised for its healing properties, particularly in aiding the healing process of stretched ears. Users report that it helps ears heal quickly after gauging, outperforming alternatives like petroleum jelly [0]. It is noted for being effective during the stretching process, with continued use even after stretching has stopped [1]. The product is also credited with alleviating infections overnight, and despite its small size, it lasts a long time due to its efficiency [2]. The inclusion of organic oils is highlighted for promoting clean healing [3]. Additionally, it helps reduce the smell associated with ear stretching and accelerates the healing process, allowing users to increase sizes more rapidly [4]. Overall, the product is considered essential for reducing pain and aiding in the healing process during ear stretching [5].",9.0
Does the gauge gear help with healing,"['LUBRICANT - Gauge Gear lubricates your skin while you stretch! Helps Insertion of Tapers and Plugs Double Flared/Oversized Plugs. Also perfect to restart a closed piercing with an earring', 'PIERCING AFTERCARE - Great for any new external piercing. Helps relieve the effects of a fresh piercing', 'ALL NATURAL INGREDIENTS - Jojoba Oil, Sweet Almond Oil, Tea Tree Oil, Wheat Germ Oil, Myrhh Oil and Beeswax', 'Never stretch your ears without Gauge Gear! Read ingredient list below to see their effects']",023567,"[""title: Here it is \ntext: This product is amazing it helps my ear heal so fast after i've gauged it and its better than petroleum jelly"", 'title: GREAT PRODUCT! \ntext: Best stretching balm ive used.  Very good product, helps your ears heal while your in the stretching process.  I still use it even now, after I have stopped stretching.', 'title: Awesome! \ntext: This stuff is so awesome! Not only does it make stretching SOOO much easier but it also does wonders with healing. One of my ears got infected and this stuff wiped the infection away over night. I was a little worried about the small size at first but a little goes a long way. I bought mine a few weeks ago and use it twice a day and the jar is still pretty much full. I recommend this product to anyone.', 'title: Awesome! \ntext: This product is fantastic. It makes the gauge healing process faster and less painful than when using other products like Vaseline. I would truly recommend this product to anyone who is stretching their ears and especially if you have sensitive ears or more scar tissue than normal. I absolutely love it!', 'title: It really helped with the smell of stretching your ears ... \ntext: It really helped with the smell of stretching your ears and helped them heal faster. Because you heal faster you can go up sizes faster. It also helps with other cuts and minor abrasions in the healing process.', 'title: Great \ntext: What a great product. Its really helped in the healing process. Whithout it starting up my first guages would have been much more painful. I would deffinatly buy from this seller again.']","The product is highly praised for its healing properties, particularly in the context of ear stretching. Users report that it significantly aids in the healing process after gauging, outperforming alternatives like petroleum jelly by making the process faster and less painful [0][3]. It is noted for its effectiveness in healing infections overnight and maintaining its utility even after the stretching process is complete [1][2]. Additionally, the product helps with the smell associated with ear stretching and accelerates the healing of cuts and minor abrasions, allowing users to increase gauge sizes more quickly [4]. Overall, the product is recommended for its ability to facilitate a smoother and more comfortable healing experience [5].",9.0
Does the gauge gear help with healing,"['LUBRICANT - Gauge Gear lubricates your skin while you stretch! Helps Insertion of Tapers and Plugs Double Flared/Oversized Plugs. Also perfect to restart a closed piercing with an earring', 'PIERCING AFTERCARE - Great for any new external piercing. Helps relieve the effects of a fresh piercing', 'ALL NATURAL INGREDIENTS - Jojoba Oil, Sweet Almond Oil, Tea Tree Oil, Wheat Germ Oil, Myrhh Oil and Beeswax', 'Never stretch your ears without Gauge Gear! Read ingredient list below to see their effects']",024567,"[""title: Here it is \ntext: This product is amazing it helps my ear heal so fast after i've gauged it and its better than petroleum jelly"", 'title: GREAT PRODUCT! \ntext: Best stretching balm ive used.  Very good product, helps your ears heal while your in the stretching process.  I still use it even now, after I have stopped stretching.', 'title: Great \ntext: The product did meet the expectations . I really loved it, made gauging sooo much easier, and organic oils made for clean healing . Highly Recommend it .', 'title: Awesome! \ntext: This product is fantastic. It makes the gauge healing process faster and less painful than when using other products like Vaseline. I would truly recommend this product to anyone who is stretching their ears and especially if you have sensitive ears or more scar tissue than normal. I absolutely love it!', 'title: It really helped with the smell of stretching your ears ... \ntext: It really helped with the smell of stretching your ears and helped them heal faster. Because you heal faster you can go up sizes faster. It also helps with other cuts and minor abrasions in the healing process.', 'title: Great \ntext: What a great product. Its really helped in the healing process. Whithout it starting up my first guages would have been much more painful. I would deffinatly buy from this seller again.']","The product is highly praised for its healing properties, particularly in aiding the healing process of gauged ears. Users report that it helps ears heal faster and more effectively than other products like petroleum jelly or Vaseline, making the stretching process less painful and more efficient [0][1][3][5]. The inclusion of organic oils is noted for promoting clean healing, and the product is recommended for those with sensitive ears or scar tissue [2][3]. Additionally, it is effective in reducing the smell associated with ear stretching and can be used for other cuts and minor abrasions [4]. Overall, users express high satisfaction with the product's ability to facilitate faster healing and ease the stretching process [0][1][2][3][4][5].",9.0
Does the gauge gear help with healing,"['LUBRICANT - Gauge Gear lubricates your skin while you stretch! Helps Insertion of Tapers and Plugs Double Flared/Oversized Plugs. Also perfect to restart a closed piercing with an earring', 'PIERCING AFTERCARE - Great for any new external piercing. Helps relieve the effects of a fresh piercing', 'ALL NATURAL INGREDIENTS - Jojoba Oil, Sweet Almond Oil, Tea Tree Oil, Wheat Germ Oil, Myrhh Oil and Beeswax', 'Never stretch your ears without Gauge Gear! Read ingredient list below to see their effects']",034567,"[""title: Here it is \ntext: This product is amazing it helps my ear heal so fast after i've gauged it and its better than petroleum jelly"", 'title: Awesome! \ntext: This stuff is so awesome! Not only does it make stretching SOOO much easier but it also does wonders with healing. One of my ears got infected and this stuff wiped the infection away over night. I was a little worried about the small size at first but a little goes a long way. I bought mine a few weeks ago and use it twice a day and the jar is still pretty much full. I recommend this product to anyone.', 'title: Great \ntext: The product did meet the expectations . I really loved it, made gauging sooo much easier, and organic oils made for clean healing . Highly Recommend it .', 'title: Awesome! \ntext: This product is fantastic. It makes the gauge healing process faster and less painful than when using other products like Vaseline. I would truly recommend this product to anyone who is stretching their ears and especially if you have sensitive ears or more scar tissue than normal. I absolutely love it!', 'title: It really helped with the smell of stretching your ears ... \ntext: It really helped with the smell of stretching your ears and helped them heal faster. Because you heal faster you can go up sizes faster. It also helps with other cuts and minor abrasions in the healing process.', 'title: Great \ntext: What a great product. Its really helped in the healing process. Whithout it starting up my first guages would have been much more painful. I would deffinatly buy from this seller again.']","The product is highly praised for its healing properties, particularly in aiding the healing process after ear gauging. Users report that it helps ears heal faster than when using other products like petroleum jelly or Vaseline, making the process less painful and more efficient [0][3][5]. It is noted for its effectiveness in reducing infections, with one user mentioning that it cleared an ear infection overnight [1]. The product is also appreciated for its ability to facilitate clean healing due to its organic oils [2]. Additionally, it helps with the smell associated with ear stretching and can be used for other cuts and minor abrasions [4]. Overall, users recommend this product for its efficiency and effectiveness in promoting faster healing [0][1][2][3][4][5].",9.0
Does the gauge gear help with healing,"['LUBRICANT - Gauge Gear lubricates your skin while you stretch! Helps Insertion of Tapers and Plugs Double Flared/Oversized Plugs. Also perfect to restart a closed piercing with an earring', 'PIERCING AFTERCARE - Great for any new external piercing. Helps relieve the effects of a fresh piercing', 'ALL NATURAL INGREDIENTS - Jojoba Oil, Sweet Almond Oil, Tea Tree Oil, Wheat Germ Oil, Myrhh Oil and Beeswax', 'Never stretch your ears without Gauge Gear! Read ingredient list below to see their effects']",123456,"['title: Great Product \ntext: Helps my ear heal very quickly and makes the stretching process quite easy. Definitely would recommend this to anyone who is thinking about stretching', 'title: GREAT PRODUCT! \ntext: Best stretching balm ive used.  Very good product, helps your ears heal while your in the stretching process.  I still use it even now, after I have stopped stretching.', 'title: Awesome! \ntext: This stuff is so awesome! Not only does it make stretching SOOO much easier but it also does wonders with healing. One of my ears got infected and this stuff wiped the infection away over night. I was a little worried about the small size at first but a little goes a long way. I bought mine a few weeks ago and use it twice a day and the jar is still pretty much full. I recommend this product to anyone.', 'title: Great \ntext: The product did meet the expectations . I really loved it, made gauging sooo much easier, and organic oils made for clean healing . Highly Recommend it .', 'title: Awesome! \ntext: This product is fantastic. It makes the gauge healing process faster and less painful than when using other products like Vaseline. I would truly recommend this product to anyone who is stretching their ears and especially if you have sensitive ears or more scar tissue than normal. I absolutely love it!', 'title: It really helped with the smell of stretching your ears ... \ntext: It really helped with the smell of stretching your ears and helped them heal faster. Because you heal faster you can go up sizes faster. It also helps with other cuts and minor abrasions in the healing process.']","The product is highly praised for its healing properties, particularly in the context of ear stretching. Users report that it aids in quick healing and makes the stretching process easier, with one user noting that it helped heal an ear infection overnight [0][2]. The balm is described as effective even after the stretching process is complete, indicating its continued benefits for healing [1]. The inclusion of organic oils is highlighted as contributing to clean healing [3]. Additionally, the product is noted for making the healing process faster and less painful compared to other products like Vaseline, and is recommended for those with sensitive ears or more scar tissue [4]. It also helps with the smell associated with ear stretching and can be used for other cuts and minor abrasions [5].",9.0
Does the gauge gear help with healing,"['LUBRICANT - Gauge Gear lubricates your skin while you stretch! Helps Insertion of Tapers and Plugs Double Flared/Oversized Plugs. Also perfect to restart a closed piercing with an earring', 'PIERCING AFTERCARE - Great for any new external piercing. Helps relieve the effects of a fresh piercing', 'ALL NATURAL INGREDIENTS - Jojoba Oil, Sweet Almond Oil, Tea Tree Oil, Wheat Germ Oil, Myrhh Oil and Beeswax', 'Never stretch your ears without Gauge Gear! Read ingredient list below to see their effects']",123457,"['title: Great Product \ntext: Helps my ear heal very quickly and makes the stretching process quite easy. Definitely would recommend this to anyone who is thinking about stretching', 'title: GREAT PRODUCT! \ntext: Best stretching balm ive used.  Very good product, helps your ears heal while your in the stretching process.  I still use it even now, after I have stopped stretching.', 'title: Awesome! \ntext: This stuff is so awesome! Not only does it make stretching SOOO much easier but it also does wonders with healing. One of my ears got infected and this stuff wiped the infection away over night. I was a little worried about the small size at first but a little goes a long way. I bought mine a few weeks ago and use it twice a day and the jar is still pretty much full. I recommend this product to anyone.', 'title: Great \ntext: The product did meet the expectations . I really loved it, made gauging sooo much easier, and organic oils made for clean healing . Highly Recommend it .', 'title: Awesome! \ntext: This product is fantastic. It makes the gauge healing process faster and less painful than when using other products like Vaseline. I would truly recommend this product to anyone who is stretching their ears and especially if you have sensitive ears or more scar tissue than normal. I absolutely love it!', 'title: Great \ntext: What a great product. Its really helped in the healing process. Whithout it starting up my first guages would have been much more painful. I would deffinatly buy from this seller again.']","The product is highly praised for its healing properties, particularly in the context of ear stretching. Users report that it aids in quick healing and makes the stretching process easier, with one user noting that it helped heal an ear infection overnight [0][2]. The product is described as effective in promoting clean healing due to its organic oils, and it is preferred over other products like Vaseline for its ability to make the healing process faster and less painful [3][4]. Overall, the product is recommended for those with sensitive ears or more scar tissue, as it significantly reduces pain and enhances the healing experience [1][5].",9.0
Does the gauge gear help with healing,"['LUBRICANT - Gauge Gear lubricates your skin while you stretch! Helps Insertion of Tapers and Plugs Double Flared/Oversized Plugs. Also perfect to restart a closed piercing with an earring', 'PIERCING AFTERCARE - Great for any new external piercing. Helps relieve the effects of a fresh piercing', 'ALL NATURAL INGREDIENTS - Jojoba Oil, Sweet Almond Oil, Tea Tree Oil, Wheat Germ Oil, Myrhh Oil and Beeswax', 'Never stretch your ears without Gauge Gear! Read ingredient list below to see their effects']",123467,"['title: Great Product \ntext: Helps my ear heal very quickly and makes the stretching process quite easy. Definitely would recommend this to anyone who is thinking about stretching', 'title: GREAT PRODUCT! \ntext: Best stretching balm ive used.  Very good product, helps your ears heal while your in the stretching process.  I still use it even now, after I have stopped stretching.', 'title: Awesome! \ntext: This stuff is so awesome! Not only does it make stretching SOOO much easier but it also does wonders with healing. One of my ears got infected and this stuff wiped the infection away over night. I was a little worried about the small size at first but a little goes a long way. I bought mine a few weeks ago and use it twice a day and the jar is still pretty much full. I recommend this product to anyone.', 'title: Great \ntext: The product did meet the expectations . I really loved it, made gauging sooo much easier, and organic oils made for clean healing . Highly Recommend it .', 'title: It really helped with the smell of stretching your ears ... \ntext: It really helped with the smell of stretching your ears and helped them heal faster. Because you heal faster you can go up sizes faster. It also helps with other cuts and minor abrasions in the healing process.', 'title: Great \ntext: What a great product. Its really helped in the healing process. Whithout it starting up my first guages would have been much more painful. I would deffinatly buy from this seller again.']","The product is highly praised for its healing properties, particularly in the context of ear stretching. Users report that it helps ears heal quickly and effectively during the stretching process, making it easier and less painful[0][1][2][3][5]. One user noted that the product was effective in treating an ear infection overnight, highlighting its potent healing capabilities[2]. Additionally, the product is said to aid in healing other cuts and minor abrasions, further demonstrating its versatility[4]. The inclusion of organic oils is mentioned as beneficial for clean healing[3]. Overall, the product is recommended for its ability to expedite the healing process and improve the experience of ear stretching[0][1][2][3][4][5].",9.0
Does the gauge gear help with healing,"['LUBRICANT - Gauge Gear lubricates your skin while you stretch! Helps Insertion of Tapers and Plugs Double Flared/Oversized Plugs. Also perfect to restart a closed piercing with an earring', 'PIERCING AFTERCARE - Great for any new external piercing. Helps relieve the effects of a fresh piercing', 'ALL NATURAL INGREDIENTS - Jojoba Oil, Sweet Almond Oil, Tea Tree Oil, Wheat Germ Oil, Myrhh Oil and Beeswax', 'Never stretch your ears without Gauge Gear! Read ingredient list below to see their effects']",123567,"['title: Great Product \ntext: Helps my ear heal very quickly and makes the stretching process quite easy. Definitely would recommend this to anyone who is thinking about stretching', 'title: GREAT PRODUCT! \ntext: Best stretching balm ive used.  Very good product, helps your ears heal while your in the stretching process.  I still use it even now, after I have stopped stretching.', 'title: Awesome! \ntext: This stuff is so awesome! Not only does it make stretching SOOO much easier but it also does wonders with healing. One of my ears got infected and this stuff wiped the infection away over night. I was a little worried about the small size at first but a little goes a long way. I bought mine a few weeks ago and use it twice a day and the jar is still pretty much full. I recommend this product to anyone.', 'title: Awesome! \ntext: This product is fantastic. It makes the gauge healing process faster and less painful than when using other products like Vaseline. I would truly recommend this product to anyone who is stretching their ears and especially if you have sensitive ears or more scar tissue than normal. I absolutely love it!', 'title: It really helped with the smell of stretching your ears ... \ntext: It really helped with the smell of stretching your ears and helped them heal faster. Because you heal faster you can go up sizes faster. It also helps with other cuts and minor abrasions in the healing process.', 'title: Great \ntext: What a great product. Its really helped in the healing process. Whithout it starting up my first guages would have been much more painful. I would deffinatly buy from this seller again.']","The product is highly praised for its healing properties, particularly in the context of ear stretching. Users report that it significantly aids in the healing process, making it quicker and less painful compared to other products like Vaseline[0][3]. It is noted for its effectiveness in treating infections, with one user mentioning that it cleared an ear infection overnight[2]. Additionally, the product helps reduce the smell associated with ear stretching and accelerates the process by allowing users to increase sizes faster[4]. Overall, the product is recommended for its ability to facilitate healing and ease the stretching process[1][5].",9.0
Does the gauge gear help with healing,"['LUBRICANT - Gauge Gear lubricates your skin while you stretch! Helps Insertion of Tapers and Plugs Double Flared/Oversized Plugs. Also perfect to restart a closed piercing with an earring', 'PIERCING AFTERCARE - Great for any new external piercing. Helps relieve the effects of a fresh piercing', 'ALL NATURAL INGREDIENTS - Jojoba Oil, Sweet Almond Oil, Tea Tree Oil, Wheat Germ Oil, Myrhh Oil and Beeswax', 'Never stretch your ears without Gauge Gear! Read ingredient list below to see their effects']",124567,"['title: Great Product \ntext: Helps my ear heal very quickly and makes the stretching process quite easy. Definitely would recommend this to anyone who is thinking about stretching', 'title: GREAT PRODUCT! \ntext: Best stretching balm ive used.  Very good product, helps your ears heal while your in the stretching process.  I still use it even now, after I have stopped stretching.', 'title: Great \ntext: The product did meet the expectations . I really loved it, made gauging sooo much easier, and organic oils made for clean healing . Highly Recommend it .', 'title: Awesome! \ntext: This product is fantastic. It makes the gauge healing process faster and less painful than when using other products like Vaseline. I would truly recommend this product to anyone who is stretching their ears and especially if you have sensitive ears or more scar tissue than normal. I absolutely love it!', 'title: It really helped with the smell of stretching your ears ... \ntext: It really helped with the smell of stretching your ears and helped them heal faster. Because you heal faster you can go up sizes faster. It also helps with other cuts and minor abrasions in the healing process.', 'title: Great \ntext: What a great product. Its really helped in the healing process. Whithout it starting up my first guages would have been much more painful. I would deffinatly buy from this seller again.']","The product is highly praised for its healing properties, particularly in the context of ear stretching. Users report that it helps ears heal quickly and makes the stretching process easier, with one user noting that it is the best stretching balm they have used and continues to use it even after stopping the stretching process [0][1]. The inclusion of organic oils is highlighted as beneficial for clean healing, and the product is recommended for those with sensitive ears or more scar tissue [2][3]. Additionally, it is noted for reducing the smell associated with ear stretching and aiding in the healing of other cuts and minor abrasions [4]. Overall, the product is credited with making the gauge healing process faster and less painful, with users expressing high satisfaction and willingness to purchase again [5].",9.0
Does the gauge gear help with healing,"['LUBRICANT - Gauge Gear lubricates your skin while you stretch! Helps Insertion of Tapers and Plugs Double Flared/Oversized Plugs. Also perfect to restart a closed piercing with an earring', 'PIERCING AFTERCARE - Great for any new external piercing. Helps relieve the effects of a fresh piercing', 'ALL NATURAL INGREDIENTS - Jojoba Oil, Sweet Almond Oil, Tea Tree Oil, Wheat Germ Oil, Myrhh Oil and Beeswax', 'Never stretch your ears without Gauge Gear! Read ingredient list below to see their effects']",134567,"['title: Great Product \ntext: Helps my ear heal very quickly and makes the stretching process quite easy. Definitely would recommend this to anyone who is thinking about stretching', 'title: Awesome! \ntext: This stuff is so awesome! Not only does it make stretching SOOO much easier but it also does wonders with healing. One of my ears got infected and this stuff wiped the infection away over night. I was a little worried about the small size at first but a little goes a long way. I bought mine a few weeks ago and use it twice a day and the jar is still pretty much full. I recommend this product to anyone.', 'title: Great \ntext: The product did meet the expectations . I really loved it, made gauging sooo much easier, and organic oils made for clean healing . Highly Recommend it .', 'title: Awesome! \ntext: This product is fantastic. It makes the gauge healing process faster and less painful than when using other products like Vaseline. I would truly recommend this product to anyone who is stretching their ears and especially if you have sensitive ears or more scar tissue than normal. I absolutely love it!', 'title: It really helped with the smell of stretching your ears ... \ntext: It really helped with the smell of stretching your ears and helped them heal faster. Because you heal faster you can go up sizes faster. It also helps with other cuts and minor abrasions in the healing process.', 'title: Great \ntext: What a great product. Its really helped in the healing process. Whithout it starting up my first guages would have been much more painful. I would deffinatly buy from this seller again.']","The product is highly praised for its healing properties, particularly in the context of ear stretching. Users report that it significantly aids in the healing process, making it faster and less painful compared to other products like Vaseline[0][3]. One user noted that it helped clear an ear infection overnight, highlighting its effectiveness in promoting healing[1]. The inclusion of organic oils is mentioned as beneficial for clean healing[2]. Additionally, the product is said to help with the smell associated with ear stretching and can also assist in healing other cuts and minor abrasions[4]. Overall, the product is recommended for its ability to facilitate easier and quicker healing during the ear stretching process[5].",9.0
Does the gauge gear help with healing,"['LUBRICANT - Gauge Gear lubricates your skin while you stretch! Helps Insertion of Tapers and Plugs Double Flared/Oversized Plugs. Also perfect to restart a closed piercing with an earring', 'PIERCING AFTERCARE - Great for any new external piercing. Helps relieve the effects of a fresh piercing', 'ALL NATURAL INGREDIENTS - Jojoba Oil, Sweet Almond Oil, Tea Tree Oil, Wheat Germ Oil, Myrhh Oil and Beeswax', 'Never stretch your ears without Gauge Gear! Read ingredient list below to see their effects']",234567,"['title: GREAT PRODUCT! \ntext: Best stretching balm ive used.  Very good product, helps your ears heal while your in the stretching process.  I still use it even now, after I have stopped stretching.', 'title: Awesome! \ntext: This stuff is so awesome! Not only does it make stretching SOOO much easier but it also does wonders with healing. One of my ears got infected and this stuff wiped the infection away over night. I was a little worried about the small size at first but a little goes a long way. I bought mine a few weeks ago and use it twice a day and the jar is still pretty much full. I recommend this product to anyone.', 'title: Great \ntext: The product did meet the expectations . I really loved it, made gauging sooo much easier, and organic oils made for clean healing . Highly Recommend it .', 'title: Awesome! \ntext: This product is fantastic. It makes the gauge healing process faster and less painful than when using other products like Vaseline. I would truly recommend this product to anyone who is stretching their ears and especially if you have sensitive ears or more scar tissue than normal. I absolutely love it!', 'title: It really helped with the smell of stretching your ears ... \ntext: It really helped with the smell of stretching your ears and helped them heal faster. Because you heal faster you can go up sizes faster. It also helps with other cuts and minor abrasions in the healing process.', 'title: Great \ntext: What a great product. Its really helped in the healing process. Whithout it starting up my first guages would have been much more painful. I would deffinatly buy from this seller again.']","The product is highly praised for its healing properties, particularly in the context of ear stretching. Users report that it aids in the healing process during and after stretching, making the experience less painful and more efficient. One user noted that it helped heal an ear infection overnight, highlighting its effectiveness in promoting healing and preventing infections[0][1]. The inclusion of organic oils is mentioned as beneficial for clean healing, and the product is recommended for those with sensitive ears or scar tissue[2][3]. Additionally, it is noted for reducing the smell associated with ear stretching and accelerating the healing process, allowing users to increase sizes more quickly[4]. Overall, the product is credited with significantly aiding the healing process and reducing pain during ear stretching[5].",9.0
Does the gauge gear help with healing,"['LUBRICANT - Gauge Gear lubricates your skin while you stretch! Helps Insertion of Tapers and Plugs Double Flared/Oversized Plugs. Also perfect to restart a closed piercing with an earring', 'PIERCING AFTERCARE - Great for any new external piercing. Helps relieve the effects of a fresh piercing', 'ALL NATURAL INGREDIENTS - Jojoba Oil, Sweet Almond Oil, Tea Tree Oil, Wheat Germ Oil, Myrhh Oil and Beeswax', 'Never stretch your ears without Gauge Gear! Read ingredient list below to see their effects']",0123456,"[""title: Here it is \ntext: This product is amazing it helps my ear heal so fast after i've gauged it and its better than petroleum jelly"", 'title: Great Product \ntext: Helps my ear heal very quickly and makes the stretching process quite easy. Definitely would recommend this to anyone who is thinking about stretching', 'title: GREAT PRODUCT! \ntext: Best stretching balm ive used.  Very good product, helps your ears heal while your in the stretching process.  I still use it even now, after I have stopped stretching.', 'title: Awesome! \ntext: This stuff is so awesome! Not only does it make stretching SOOO much easier but it also does wonders with healing. One of my ears got infected and this stuff wiped the infection away over night. I was a little worried about the small size at first but a little goes a long way. I bought mine a few weeks ago and use it twice a day and the jar is still pretty much full. I recommend this product to anyone.', 'title: Great \ntext: The product did meet the expectations . I really loved it, made gauging sooo much easier, and organic oils made for clean healing . Highly Recommend it .', 'title: Awesome! \ntext: This product is fantastic. It makes the gauge healing process faster and less painful than when using other products like Vaseline. I would truly recommend this product to anyone who is stretching their ears and especially if you have sensitive ears or more scar tissue than normal. I absolutely love it!', 'title: It really helped with the smell of stretching your ears ... \ntext: It really helped with the smell of stretching your ears and helped them heal faster. Because you heal faster you can go up sizes faster. It also helps with other cuts and minor abrasions in the healing process.']","The product is highly praised for its healing properties, particularly in aiding the healing process of stretched ears. Users report that it helps ears heal quickly after gauging, outperforming alternatives like petroleum jelly [0][1][5]. The product is noted for making the stretching process easier and less painful, with some users highlighting its effectiveness in reducing infections and promoting clean healing due to its organic oils [3][4][5]. Additionally, it is beneficial for those with sensitive ears or scar tissue, and it also assists in healing minor cuts and abrasions [6]. Overall, the product is recommended for its ability to expedite healing and improve the stretching experience [1][2][3][6].",9.0
Does the gauge gear help with healing,"['LUBRICANT - Gauge Gear lubricates your skin while you stretch! Helps Insertion of Tapers and Plugs Double Flared/Oversized Plugs. Also perfect to restart a closed piercing with an earring', 'PIERCING AFTERCARE - Great for any new external piercing. Helps relieve the effects of a fresh piercing', 'ALL NATURAL INGREDIENTS - Jojoba Oil, Sweet Almond Oil, Tea Tree Oil, Wheat Germ Oil, Myrhh Oil and Beeswax', 'Never stretch your ears without Gauge Gear! Read ingredient list below to see their effects']",0123457,"[""title: Here it is \ntext: This product is amazing it helps my ear heal so fast after i've gauged it and its better than petroleum jelly"", 'title: Great Product \ntext: Helps my ear heal very quickly and makes the stretching process quite easy. Definitely would recommend this to anyone who is thinking about stretching', 'title: GREAT PRODUCT! \ntext: Best stretching balm ive used.  Very good product, helps your ears heal while your in the stretching process.  I still use it even now, after I have stopped stretching.', 'title: Awesome! \ntext: This stuff is so awesome! Not only does it make stretching SOOO much easier but it also does wonders with healing. One of my ears got infected and this stuff wiped the infection away over night. I was a little worried about the small size at first but a little goes a long way. I bought mine a few weeks ago and use it twice a day and the jar is still pretty much full. I recommend this product to anyone.', 'title: Great \ntext: The product did meet the expectations . I really loved it, made gauging sooo much easier, and organic oils made for clean healing . Highly Recommend it .', 'title: Awesome! \ntext: This product is fantastic. It makes the gauge healing process faster and less painful than when using other products like Vaseline. I would truly recommend this product to anyone who is stretching their ears and especially if you have sensitive ears or more scar tissue than normal. I absolutely love it!', 'title: Great \ntext: What a great product. Its really helped in the healing process. Whithout it starting up my first guages would have been much more painful. I would deffinatly buy from this seller again.']","The product is highly praised for its healing properties, particularly in aiding the healing process of ears after gauging or stretching. Users have noted that it helps ears heal quickly and effectively, even better than petroleum jelly, and makes the stretching process easier and less painful[0][1][2][3][5][6]. One user highlighted its effectiveness in treating an ear infection overnight, emphasizing the product's potent healing capabilities[3]. Additionally, the use of organic oils is mentioned as contributing to clean healing[4]. Overall, the product is recommended for those stretching their ears, especially for individuals with sensitive ears or more scar tissue[5].",9.0
Does the gauge gear help with healing,"['LUBRICANT - Gauge Gear lubricates your skin while you stretch! Helps Insertion of Tapers and Plugs Double Flared/Oversized Plugs. Also perfect to restart a closed piercing with an earring', 'PIERCING AFTERCARE - Great for any new external piercing. Helps relieve the effects of a fresh piercing', 'ALL NATURAL INGREDIENTS - Jojoba Oil, Sweet Almond Oil, Tea Tree Oil, Wheat Germ Oil, Myrhh Oil and Beeswax', 'Never stretch your ears without Gauge Gear! Read ingredient list below to see their effects']",0123467,"[""title: Here it is \ntext: This product is amazing it helps my ear heal so fast after i've gauged it and its better than petroleum jelly"", 'title: Great Product \ntext: Helps my ear heal very quickly and makes the stretching process quite easy. Definitely would recommend this to anyone who is thinking about stretching', 'title: GREAT PRODUCT! \ntext: Best stretching balm ive used.  Very good product, helps your ears heal while your in the stretching process.  I still use it even now, after I have stopped stretching.', 'title: Awesome! \ntext: This stuff is so awesome! Not only does it make stretching SOOO much easier but it also does wonders with healing. One of my ears got infected and this stuff wiped the infection away over night. I was a little worried about the small size at first but a little goes a long way. I bought mine a few weeks ago and use it twice a day and the jar is still pretty much full. I recommend this product to anyone.', 'title: Great \ntext: The product did meet the expectations . I really loved it, made gauging sooo much easier, and organic oils made for clean healing . Highly Recommend it .', 'title: It really helped with the smell of stretching your ears ... \ntext: It really helped with the smell of stretching your ears and helped them heal faster. Because you heal faster you can go up sizes faster. It also helps with other cuts and minor abrasions in the healing process.', 'title: Great \ntext: What a great product. Its really helped in the healing process. Whithout it starting up my first guages would have been much more painful. I would deffinatly buy from this seller again.']","The product is highly praised for its healing properties, particularly in aiding the healing process of ears after stretching or gauging. Users report that it helps ears heal quickly and effectively, even better than petroleum jelly, making the stretching process easier and less painful [0][1][2][3][4][5][6]. Additionally, it is noted for its ability to clear infections overnight and assist with healing other minor cuts and abrasions [3][5]. The product's use of organic oils is highlighted as contributing to clean healing, and its effectiveness allows users to increase sizes faster due to quicker healing [4][5]. Overall, the product is recommended for its healing benefits and efficiency in the stretching process [0][1][2][3][4][5][6].",9.0
Does the gauge gear help with healing,"['LUBRICANT - Gauge Gear lubricates your skin while you stretch! Helps Insertion of Tapers and Plugs Double Flared/Oversized Plugs. Also perfect to restart a closed piercing with an earring', 'PIERCING AFTERCARE - Great for any new external piercing. Helps relieve the effects of a fresh piercing', 'ALL NATURAL INGREDIENTS - Jojoba Oil, Sweet Almond Oil, Tea Tree Oil, Wheat Germ Oil, Myrhh Oil and Beeswax', 'Never stretch your ears without Gauge Gear! Read ingredient list below to see their effects']",0123567,"[""title: Here it is \ntext: This product is amazing it helps my ear heal so fast after i've gauged it and its better than petroleum jelly"", 'title: Great Product \ntext: Helps my ear heal very quickly and makes the stretching process quite easy. Definitely would recommend this to anyone who is thinking about stretching', 'title: GREAT PRODUCT! \ntext: Best stretching balm ive used.  Very good product, helps your ears heal while your in the stretching process.  I still use it even now, after I have stopped stretching.', 'title: Awesome! \ntext: This stuff is so awesome! Not only does it make stretching SOOO much easier but it also does wonders with healing. One of my ears got infected and this stuff wiped the infection away over night. I was a little worried about the small size at first but a little goes a long way. I bought mine a few weeks ago and use it twice a day and the jar is still pretty much full. I recommend this product to anyone.', 'title: Awesome! \ntext: This product is fantastic. It makes the gauge healing process faster and less painful than when using other products like Vaseline. I would truly recommend this product to anyone who is stretching their ears and especially if you have sensitive ears or more scar tissue than normal. I absolutely love it!', 'title: It really helped with the smell of stretching your ears ... \ntext: It really helped with the smell of stretching your ears and helped them heal faster. Because you heal faster you can go up sizes faster. It also helps with other cuts and minor abrasions in the healing process.', 'title: Great \ntext: What a great product. Its really helped in the healing process. Whithout it starting up my first guages would have been much more painful. I would deffinatly buy from this seller again.']","The product is highly praised for its healing properties, particularly in aiding the healing process of stretched ears. Users report that it helps their ears heal quickly after gauging, making it a preferred choice over petroleum jelly [0][1]. It is described as the best stretching balm, effective during and after the stretching process, and continues to be used even after stretching has stopped [2]. The product is noted for its ability to heal infections overnight and is considered efficient despite its small size, as a little goes a long way [3]. It is recommended for those with sensitive ears or more scar tissue, as it makes the healing process faster and less painful compared to other products like Vaseline [4]. Additionally, it helps with the smell associated with stretching ears and accelerates the healing of other cuts and minor abrasions [5]. Overall, users express satisfaction with the product's effectiveness in the healing process, stating that it significantly reduces pain and speeds up recovery [6].",9.0
Does the gauge gear help with healing,"['LUBRICANT - Gauge Gear lubricates your skin while you stretch! Helps Insertion of Tapers and Plugs Double Flared/Oversized Plugs. Also perfect to restart a closed piercing with an earring', 'PIERCING AFTERCARE - Great for any new external piercing. Helps relieve the effects of a fresh piercing', 'ALL NATURAL INGREDIENTS - Jojoba Oil, Sweet Almond Oil, Tea Tree Oil, Wheat Germ Oil, Myrhh Oil and Beeswax', 'Never stretch your ears without Gauge Gear! Read ingredient list below to see their effects']",0124567,"[""title: Here it is \ntext: This product is amazing it helps my ear heal so fast after i've gauged it and its better than petroleum jelly"", 'title: Great Product \ntext: Helps my ear heal very quickly and makes the stretching process quite easy. Definitely would recommend this to anyone who is thinking about stretching', 'title: GREAT PRODUCT! \ntext: Best stretching balm ive used.  Very good product, helps your ears heal while your in the stretching process.  I still use it even now, after I have stopped stretching.', 'title: Great \ntext: The product did meet the expectations . I really loved it, made gauging sooo much easier, and organic oils made for clean healing . Highly Recommend it .', 'title: Awesome! \ntext: This product is fantastic. It makes the gauge healing process faster and less painful than when using other products like Vaseline. I would truly recommend this product to anyone who is stretching their ears and especially if you have sensitive ears or more scar tissue than normal. I absolutely love it!', 'title: It really helped with the smell of stretching your ears ... \ntext: It really helped with the smell of stretching your ears and helped them heal faster. Because you heal faster you can go up sizes faster. It also helps with other cuts and minor abrasions in the healing process.', 'title: Great \ntext: What a great product. Its really helped in the healing process. Whithout it starting up my first guages would have been much more painful. I would deffinatly buy from this seller again.']","The product is highly praised for its healing properties, particularly in aiding the healing process of stretched ears. Users report that it helps their ears heal quickly and effectively, making the stretching process easier and less painful compared to using other products like petroleum jelly or Vaseline [0][1][2][4][5]. The product is noted for its use of organic oils, which contribute to clean healing, and it is recommended for those with sensitive ears or more scar tissue [3][5]. Additionally, it assists in healing other cuts and minor abrasions, allowing for faster size increases in ear stretching [5][6]. Overall, users express high satisfaction with the product's ability to facilitate healing and reduce discomfort during the stretching process [0][1][2][3][4][5][6].",9.0
Does the gauge gear help with healing,"['LUBRICANT - Gauge Gear lubricates your skin while you stretch! Helps Insertion of Tapers and Plugs Double Flared/Oversized Plugs. Also perfect to restart a closed piercing with an earring', 'PIERCING AFTERCARE - Great for any new external piercing. Helps relieve the effects of a fresh piercing', 'ALL NATURAL INGREDIENTS - Jojoba Oil, Sweet Almond Oil, Tea Tree Oil, Wheat Germ Oil, Myrhh Oil and Beeswax', 'Never stretch your ears without Gauge Gear! Read ingredient list below to see their effects']",0134567,"[""title: Here it is \ntext: This product is amazing it helps my ear heal so fast after i've gauged it and its better than petroleum jelly"", 'title: Great Product \ntext: Helps my ear heal very quickly and makes the stretching process quite easy. Definitely would recommend this to anyone who is thinking about stretching', 'title: Awesome! \ntext: This stuff is so awesome! Not only does it make stretching SOOO much easier but it also does wonders with healing. One of my ears got infected and this stuff wiped the infection away over night. I was a little worried about the small size at first but a little goes a long way. I bought mine a few weeks ago and use it twice a day and the jar is still pretty much full. I recommend this product to anyone.', 'title: Great \ntext: The product did meet the expectations . I really loved it, made gauging sooo much easier, and organic oils made for clean healing . Highly Recommend it .', 'title: Awesome! \ntext: This product is fantastic. It makes the gauge healing process faster and less painful than when using other products like Vaseline. I would truly recommend this product to anyone who is stretching their ears and especially if you have sensitive ears or more scar tissue than normal. I absolutely love it!', 'title: It really helped with the smell of stretching your ears ... \ntext: It really helped with the smell of stretching your ears and helped them heal faster. Because you heal faster you can go up sizes faster. It also helps with other cuts and minor abrasions in the healing process.', 'title: Great \ntext: What a great product. Its really helped in the healing process. Whithout it starting up my first guages would have been much more painful. I would deffinatly buy from this seller again.']","The product is highly praised for its healing properties, particularly in aiding the healing process after ear stretching. Users report that it helps ears heal quickly and effectively, even better than petroleum jelly, making the stretching process easier and less painful [0][1][2][4][5][6]. One user noted that the product was effective in treating an ear infection overnight, highlighting its potent healing capabilities [2]. The inclusion of organic oils is mentioned as beneficial for clean healing [3]. Additionally, the product is noted for helping with the smell associated with ear stretching and aiding in the healing of other minor cuts and abrasions [5]. Overall, the product is recommended for those with sensitive ears or more scar tissue, as it facilitates faster healing and allows for quicker size increases in ear gauges [4][5].",9.0
Does the gauge gear help with healing,"['LUBRICANT - Gauge Gear lubricates your skin while you stretch! Helps Insertion of Tapers and Plugs Double Flared/Oversized Plugs. Also perfect to restart a closed piercing with an earring', 'PIERCING AFTERCARE - Great for any new external piercing. Helps relieve the effects of a fresh piercing', 'ALL NATURAL INGREDIENTS - Jojoba Oil, Sweet Almond Oil, Tea Tree Oil, Wheat Germ Oil, Myrhh Oil and Beeswax', 'Never stretch your ears without Gauge Gear! Read ingredient list below to see their effects']",0234567,"[""title: Here it is \ntext: This product is amazing it helps my ear heal so fast after i've gauged it and its better than petroleum jelly"", 'title: GREAT PRODUCT! \ntext: Best stretching balm ive used.  Very good product, helps your ears heal while your in the stretching process.  I still use it even now, after I have stopped stretching.', 'title: Awesome! \ntext: This stuff is so awesome! Not only does it make stretching SOOO much easier but it also does wonders with healing. One of my ears got infected and this stuff wiped the infection away over night. I was a little worried about the small size at first but a little goes a long way. I bought mine a few weeks ago and use it twice a day and the jar is still pretty much full. I recommend this product to anyone.', 'title: Great \ntext: The product did meet the expectations . I really loved it, made gauging sooo much easier, and organic oils made for clean healing . Highly Recommend it .', 'title: Awesome! \ntext: This product is fantastic. It makes the gauge healing process faster and less painful than when using other products like Vaseline. I would truly recommend this product to anyone who is stretching their ears and especially if you have sensitive ears or more scar tissue than normal. I absolutely love it!', 'title: It really helped with the smell of stretching your ears ... \ntext: It really helped with the smell of stretching your ears and helped them heal faster. Because you heal faster you can go up sizes faster. It also helps with other cuts and minor abrasions in the healing process.', 'title: Great \ntext: What a great product. Its really helped in the healing process. Whithout it starting up my first guages would have been much more painful. I would deffinatly buy from this seller again.']","The product is highly praised for its healing properties, particularly in the context of ear stretching. Users report that it significantly aids in the healing process after gauging, making it more effective than petroleum jelly and other similar products[0][1][4]. It is noted for its ability to heal infections quickly, with one user mentioning that it cleared an ear infection overnight[2]. The product is also appreciated for its organic oils, which contribute to clean healing[3]. Additionally, it is recommended for those with sensitive ears or more scar tissue, as it makes the process faster and less painful[4]. Users also highlight its effectiveness in reducing the smell associated with ear stretching and its utility in healing other minor cuts and abrasions[5][6]. Overall, the product is recommended for anyone involved in ear stretching due to its superior healing capabilities[1][4].",9.0
Does the gauge gear help with healing,"['LUBRICANT - Gauge Gear lubricates your skin while you stretch! Helps Insertion of Tapers and Plugs Double Flared/Oversized Plugs. Also perfect to restart a closed piercing with an earring', 'PIERCING AFTERCARE - Great for any new external piercing. Helps relieve the effects of a fresh piercing', 'ALL NATURAL INGREDIENTS - Jojoba Oil, Sweet Almond Oil, Tea Tree Oil, Wheat Germ Oil, Myrhh Oil and Beeswax', 'Never stretch your ears without Gauge Gear! Read ingredient list below to see their effects']",1234567,"['title: Great Product \ntext: Helps my ear heal very quickly and makes the stretching process quite easy. Definitely would recommend this to anyone who is thinking about stretching', 'title: GREAT PRODUCT! \ntext: Best stretching balm ive used.  Very good product, helps your ears heal while your in the stretching process.  I still use it even now, after I have stopped stretching.', 'title: Awesome! \ntext: This stuff is so awesome! Not only does it make stretching SOOO much easier but it also does wonders with healing. One of my ears got infected and this stuff wiped the infection away over night. I was a little worried about the small size at first but a little goes a long way. I bought mine a few weeks ago and use it twice a day and the jar is still pretty much full. I recommend this product to anyone.', 'title: Great \ntext: The product did meet the expectations . I really loved it, made gauging sooo much easier, and organic oils made for clean healing . Highly Recommend it .', 'title: Awesome! \ntext: This product is fantastic. It makes the gauge healing process faster and less painful than when using other products like Vaseline. I would truly recommend this product to anyone who is stretching their ears and especially if you have sensitive ears or more scar tissue than normal. I absolutely love it!', 'title: It really helped with the smell of stretching your ears ... \ntext: It really helped with the smell of stretching your ears and helped them heal faster. Because you heal faster you can go up sizes faster. It also helps with other cuts and minor abrasions in the healing process.', 'title: Great \ntext: What a great product. Its really helped in the healing process. Whithout it starting up my first guages would have been much more painful. I would deffinatly buy from this seller again.']","The product is highly praised for its healing properties, particularly in the context of ear stretching. Users report that it significantly aids in the healing process, making stretching easier and less painful. One user noted that it helped heal an ear infection overnight, highlighting its effectiveness in promoting quick recovery[0][2]. The product is also appreciated for its ability to facilitate clean healing due to its organic oils[3]. Additionally, it is noted for reducing the smell associated with ear stretching and aiding in the healing of other minor cuts and abrasions[5]. Overall, the product is recommended for its ability to speed up the healing process and reduce discomfort during ear stretching[1][4][6].",9.0
Does the gauge gear help with healing,"['LUBRICANT - Gauge Gear lubricates your skin while you stretch! Helps Insertion of Tapers and Plugs Double Flared/Oversized Plugs. Also perfect to restart a closed piercing with an earring', 'PIERCING AFTERCARE - Great for any new external piercing. Helps relieve the effects of a fresh piercing', 'ALL NATURAL INGREDIENTS - Jojoba Oil, Sweet Almond Oil, Tea Tree Oil, Wheat Germ Oil, Myrhh Oil and Beeswax', 'Never stretch your ears without Gauge Gear! Read ingredient list below to see their effects']",01234567,"[""title: Here it is \ntext: This product is amazing it helps my ear heal so fast after i've gauged it and its better than petroleum jelly"", 'title: Great Product \ntext: Helps my ear heal very quickly and makes the stretching process quite easy. Definitely would recommend this to anyone who is thinking about stretching', 'title: GREAT PRODUCT! \ntext: Best stretching balm ive used.  Very good product, helps your ears heal while your in the stretching process.  I still use it even now, after I have stopped stretching.', 'title: Awesome! \ntext: This stuff is so awesome! Not only does it make stretching SOOO much easier but it also does wonders with healing. One of my ears got infected and this stuff wiped the infection away over night. I was a little worried about the small size at first but a little goes a long way. I bought mine a few weeks ago and use it twice a day and the jar is still pretty much full. I recommend this product to anyone.', 'title: Great \ntext: The product did meet the expectations . I really loved it, made gauging sooo much easier, and organic oils made for clean healing . Highly Recommend it .', 'title: Awesome! \ntext: This product is fantastic. It makes the gauge healing process faster and less painful than when using other products like Vaseline. I would truly recommend this product to anyone who is stretching their ears and especially if you have sensitive ears or more scar tissue than normal. I absolutely love it!', 'title: It really helped with the smell of stretching your ears ... \ntext: It really helped with the smell of stretching your ears and helped them heal faster. Because you heal faster you can go up sizes faster. It also helps with other cuts and minor abrasions in the healing process.', 'title: Great \ntext: What a great product. Its really helped in the healing process. Whithout it starting up my first guages would have been much more painful. I would deffinatly buy from this seller again.']","The product is highly praised for its healing properties, particularly in aiding the healing process of stretched ears. Users report that it helps ears heal quickly and effectively, even better than petroleum jelly, making the stretching process easier and less painful[0][1][2][3][5][6][7]. The product is noted for its ability to heal infections overnight and is recommended for those with sensitive ears or scar tissue[3][5]. Additionally, the use of organic oils is highlighted as contributing to clean healing[4]. It is also effective for healing other cuts and minor abrasions[6]. Overall, the product is recommended for anyone undergoing ear stretching due to its fast and effective healing properties[1][2][3][5][6].",9.0
Does the gauge gear help with healing,"['LUBRICANT - Gauge Gear lubricates your skin while you stretch! Helps Insertion of Tapers and Plugs Double Flared/Oversized Plugs. Also perfect to restart a closed piercing with an earring', 'PIERCING AFTERCARE - Great for any new external piercing. Helps relieve the effects of a fresh piercing', 'ALL NATURAL INGREDIENTS - Jojoba Oil, Sweet Almond Oil, Tea Tree Oil, Wheat Germ Oil, Myrhh Oil and Beeswax', 'Never stretch your ears without Gauge Gear! Read ingredient list below to see their effects']",Comment 0,"title: Here it is 
text: This product is amazing it helps my ear heal so fast after i've gauged it and its better than petroleum jelly",,0.9107142857142858
Does the gauge gear help with healing,"['LUBRICANT - Gauge Gear lubricates your skin while you stretch! Helps Insertion of Tapers and Plugs Double Flared/Oversized Plugs. Also perfect to restart a closed piercing with an earring', 'PIERCING AFTERCARE - Great for any new external piercing. Helps relieve the effects of a fresh piercing', 'ALL NATURAL INGREDIENTS - Jojoba Oil, Sweet Almond Oil, Tea Tree Oil, Wheat Germ Oil, Myrhh Oil and Beeswax', 'Never stretch your ears without Gauge Gear! Read ingredient list below to see their effects']",Comment 1,"title: Great Product 
text: Helps my ear heal very quickly and makes the stretching process quite easy. Definitely would recommend this to anyone who is thinking about stretching",,1.0535714285714288
Does the gauge gear help with healing,"['LUBRICANT - Gauge Gear lubricates your skin while you stretch! Helps Insertion of Tapers and Plugs Double Flared/Oversized Plugs. Also perfect to restart a closed piercing with an earring', 'PIERCING AFTERCARE - Great for any new external piercing. Helps relieve the effects of a fresh piercing', 'ALL NATURAL INGREDIENTS - Jojoba Oil, Sweet Almond Oil, Tea Tree Oil, Wheat Germ Oil, Myrhh Oil and Beeswax', 'Never stretch your ears without Gauge Gear! Read ingredient list below to see their effects']",Comment 2,"title: GREAT PRODUCT! 
text: Best stretching balm ive used.  Very good product, helps your ears heal while your in the stretching process.  I still use it even now, after I have stopped stretching.",,1.0773809523809523
Does the gauge gear help with healing,"['LUBRICANT - Gauge Gear lubricates your skin while you stretch! Helps Insertion of Tapers and Plugs Double Flared/Oversized Plugs. Also perfect to restart a closed piercing with an earring', 'PIERCING AFTERCARE - Great for any new external piercing. Helps relieve the effects of a fresh piercing', 'ALL NATURAL INGREDIENTS - Jojoba Oil, Sweet Almond Oil, Tea Tree Oil, Wheat Germ Oil, Myrhh Oil and Beeswax', 'Never stretch your ears without Gauge Gear! Read ingredient list below to see their effects']",Comment 3,"title: Awesome! 
text: This stuff is so awesome! Not only does it make stretching SOOO much easier but it also does wonders with healing. One of my ears got infected and this stuff wiped the infection away over night. I was a little worried about the small size at first but a little goes a long way. I bought mine a few weeks ago and use it twice a day and the jar is still pretty much full. I recommend this product to anyone.",,1.244047619047619
Does the gauge gear help with healing,"['LUBRICANT - Gauge Gear lubricates your skin while you stretch! Helps Insertion of Tapers and Plugs Double Flared/Oversized Plugs. Also perfect to restart a closed piercing with an earring', 'PIERCING AFTERCARE - Great for any new external piercing. Helps relieve the effects of a fresh piercing', 'ALL NATURAL INGREDIENTS - Jojoba Oil, Sweet Almond Oil, Tea Tree Oil, Wheat Germ Oil, Myrhh Oil and Beeswax', 'Never stretch your ears without Gauge Gear! Read ingredient list below to see their effects']",Comment 4,"title: Great 
text: The product did meet the expectations . I really loved it, made gauging sooo much easier, and organic oils made for clean healing . Highly Recommend it .",,1.0535714285714286
Does the gauge gear help with healing,"['LUBRICANT - Gauge Gear lubricates your skin while you stretch! Helps Insertion of Tapers and Plugs Double Flared/Oversized Plugs. Also perfect to restart a closed piercing with an earring', 'PIERCING AFTERCARE - Great for any new external piercing. Helps relieve the effects of a fresh piercing', 'ALL NATURAL INGREDIENTS - Jojoba Oil, Sweet Almond Oil, Tea Tree Oil, Wheat Germ Oil, Myrhh Oil and Beeswax', 'Never stretch your ears without Gauge Gear! Read ingredient list below to see their effects']",Comment 5,"title: Awesome! 
text: This product is fantastic. It makes the gauge healing process faster and less painful than when using other products like Vaseline. I would truly recommend this product to anyone who is stretching their ears and especially if you have sensitive ears or more scar tissue than normal. I absolutely love it!",,1.2678571428571428
Does the gauge gear help with healing,"['LUBRICANT - Gauge Gear lubricates your skin while you stretch! Helps Insertion of Tapers and Plugs Double Flared/Oversized Plugs. Also perfect to restart a closed piercing with an earring', 'PIERCING AFTERCARE - Great for any new external piercing. Helps relieve the effects of a fresh piercing', 'ALL NATURAL INGREDIENTS - Jojoba Oil, Sweet Almond Oil, Tea Tree Oil, Wheat Germ Oil, Myrhh Oil and Beeswax', 'Never stretch your ears without Gauge Gear! Read ingredient list below to see their effects']",Comment 6,"title: It really helped with the smell of stretching your ears ... 
text: It really helped with the smell of stretching your ears and helped them heal faster. Because you heal faster you can go up sizes faster. It also helps with other cuts and minor abrasions in the healing process.",,1.2678571428571428
Does the gauge gear help with healing,"['LUBRICANT - Gauge Gear lubricates your skin while you stretch! Helps Insertion of Tapers and Plugs Double Flared/Oversized Plugs. Also perfect to restart a closed piercing with an earring', 'PIERCING AFTERCARE - Great for any new external piercing. Helps relieve the effects of a fresh piercing', 'ALL NATURAL INGREDIENTS - Jojoba Oil, Sweet Almond Oil, Tea Tree Oil, Wheat Germ Oil, Myrhh Oil and Beeswax', 'Never stretch your ears without Gauge Gear! Read ingredient list below to see their effects']",Comment 7,"title: Great 
text: What a great product. Its really helped in the healing process. Whithout it starting up my first guages would have been much more painful. I would deffinatly buy from this seller again.",,1.1249999999999998
