original_query,product_description,subset,comments,summary,avg_score
What’s the quality of the crystal crowns,"❤Gift Package for You: With this package you will get a crystal crown and a exquisite gift box. Best gift on Black Friday, Cyber Monday & Christmas.",0,['title: quality made \ntext: The quality of the crown was much better that I had imagined it would be for the price.'],"The quality of the crown exceeded expectations, especially considering its price point, indicating a high level of craftsmanship and value for money [0].",5.0
What’s the quality of the crystal crowns,"❤Gift Package for You: With this package you will get a crystal crown and a exquisite gift box. Best gift on Black Friday, Cyber Monday & Christmas.",1,['title: Yes!!!! \ntext: Wow!!! I was really surprised by the quality of the product. The crown is well made!!'],"The user expressed surprise and satisfaction with the quality of the product, specifically noting that the crown is well made [0].",4.0
What’s the quality of the crystal crowns,"❤Gift Package for You: With this package you will get a crystal crown and a exquisite gift box. Best gift on Black Friday, Cyber Monday & Christmas.",2,['title: Quality is perfect \ntext: Perfect for my daughters costume! Its perfect for quality on all levels for me. Its heavier than a cheap one so it makes it valuable!'],"The product is praised for its quality, being described as perfect on all levels. It is noted to be heavier than cheaper alternatives, which adds to its perceived value [0].",6.0
What’s the quality of the crystal crowns,"❤Gift Package for You: With this package you will get a crystal crown and a exquisite gift box. Best gift on Black Friday, Cyber Monday & Christmas.",3,['title: BEST QUALITY \ntext: This item was worth the $.  Its beautiful. Lots of BLING!'],"The product is described as being worth the price, with a beautiful appearance and a lot of 'bling', indicating high quality and aesthetic appeal [0].",5.0
What’s the quality of the crystal crowns,"❤Gift Package for You: With this package you will get a crystal crown and a exquisite gift box. Best gift on Black Friday, Cyber Monday & Christmas.",4,"['title: Great quality \ntext: Using this for a photo shoot, it is beautiful very good quality and has some weight to it.']","The product is described as having great quality, being both beautiful and substantial in weight, which makes it suitable for use in a photo shoot [0].",6.0
What’s the quality of the crystal crowns,"❤Gift Package for You: With this package you will get a crystal crown and a exquisite gift box. Best gift on Black Friday, Cyber Monday & Christmas.",5,"['title: Quality \ntext: Beautify and heavy, just a little small for women, but for girls is perfect']","The product is described as beautiful and heavy, which suggests a high-quality build. However, it may be slightly small for women, though it is considered perfect for girls [0].",5.0
What’s the quality of the crystal crowns,"❤Gift Package for You: With this package you will get a crystal crown and a exquisite gift box. Best gift on Black Friday, Cyber Monday & Christmas.",6,"[""title: Made with quality. \ntext: It showed up on time and looks amazing. Not cheap plastic like at the stores. Was metal and heavy but not to heavy. It sparkles in the light and can't wait to wear it at my wedding""]","The product is described as being made with high-quality materials, as it is not made from cheap plastic but rather metal, which gives it a substantial yet manageable weight. The item also has an appealing appearance, as it sparkles in the light, indicating a high level of craftsmanship and aesthetic appeal [0].",7.0
What’s the quality of the crystal crowns,"❤Gift Package for You: With this package you will get a crystal crown and a exquisite gift box. Best gift on Black Friday, Cyber Monday & Christmas.",7,"[""title: Good quality. \ntext: I got this for prom. It has a weight to it. It doesn't look cheap and its very good for its price.""]","The product is described as having good quality, with a substantial weight that prevents it from looking cheap, making it a great value for its price [0].",5.0
What’s the quality of the crystal crowns,"❤Gift Package for You: With this package you will get a crystal crown and a exquisite gift box. Best gift on Black Friday, Cyber Monday & Christmas.",01,"['title: quality made \ntext: The quality of the crown was much better that I had imagined it would be for the price.', 'title: Yes!!!! \ntext: Wow!!! I was really surprised by the quality of the product. The crown is well made!!']","The comments highlight a positive perception of the product's quality, specifically noting that the crown exceeded expectations given its price. Customers expressed surprise and satisfaction with the craftsmanship, indicating that the crown is well made and offers good value for money [0][1].",5.0
What’s the quality of the crystal crowns,"❤Gift Package for You: With this package you will get a crystal crown and a exquisite gift box. Best gift on Black Friday, Cyber Monday & Christmas.",02,"['title: quality made \ntext: The quality of the crown was much better that I had imagined it would be for the price.', 'title: Quality is perfect \ntext: Perfect for my daughters costume! Its perfect for quality on all levels for me. Its heavier than a cheap one so it makes it valuable!']","The quality of the crown exceeded expectations, especially considering its price, indicating a high value for money [0]. Additionally, the crown was described as perfect for a costume, with its weight contributing to its perceived value and quality [1].",6.0
What’s the quality of the crystal crowns,"❤Gift Package for You: With this package you will get a crystal crown and a exquisite gift box. Best gift on Black Friday, Cyber Monday & Christmas.",03,"['title: quality made \ntext: The quality of the crown was much better that I had imagined it would be for the price.', 'title: BEST QUALITY \ntext: This item was worth the $.  Its beautiful. Lots of BLING!']","The comments highlight the high quality of the product, with one user expressing surprise at the superior quality of the crown given its price, indicating that it exceeded their expectations [0]. Another user emphasizes the product's value for money, describing it as beautiful and full of 'bling,' suggesting that the quality justifies the cost [1].",5.25
What’s the quality of the crystal crowns,"❤Gift Package for You: With this package you will get a crystal crown and a exquisite gift box. Best gift on Black Friday, Cyber Monday & Christmas.",04,"['title: quality made \ntext: The quality of the crown was much better that I had imagined it would be for the price.', 'title: Great quality \ntext: Using this for a photo shoot, it is beautiful very good quality and has some weight to it.']","The product is praised for its quality, exceeding expectations given its price point. One user noted that the crown's quality was much better than anticipated for the cost [0]. Another user highlighted its suitability for a photo shoot, describing it as beautiful, of very good quality, and having a substantial weight [1].",6.0
What’s the quality of the crystal crowns,"❤Gift Package for You: With this package you will get a crystal crown and a exquisite gift box. Best gift on Black Friday, Cyber Monday & Christmas.",05,"['title: quality made \ntext: The quality of the crown was much better that I had imagined it would be for the price.', 'title: Quality \ntext: Beautify and heavy, just a little small for women, but for girls is perfect']","The product is noted for its impressive quality, exceeding expectations given its price point. It is described as beautiful and heavy, though it may be slightly small for women, making it more suitable for girls [0][1].",5.0
What’s the quality of the crystal crowns,"❤Gift Package for You: With this package you will get a crystal crown and a exquisite gift box. Best gift on Black Friday, Cyber Monday & Christmas.",06,"['title: quality made \ntext: The quality of the crown was much better that I had imagined it would be for the price.', ""title: Made with quality. \ntext: It showed up on time and looks amazing. Not cheap plastic like at the stores. Was metal and heavy but not to heavy. It sparkles in the light and can't wait to wear it at my wedding""]","The product is praised for its quality, exceeding expectations given its price. It is described as being made of metal rather than cheap plastic, which contributes to its impressive appearance and durability. The crown is noted for its weight, being substantial yet not overly heavy, and it sparkles in the light, making it suitable for special occasions like weddings [0][1].",7.0
What’s the quality of the crystal crowns,"❤Gift Package for You: With this package you will get a crystal crown and a exquisite gift box. Best gift on Black Friday, Cyber Monday & Christmas.",07,"['title: quality made \ntext: The quality of the crown was much better that I had imagined it would be for the price.', ""title: Good quality. \ntext: I got this for prom. It has a weight to it. It doesn't look cheap and its very good for its price.""]","The product is praised for its quality, with one user noting that the crown exceeded their expectations given its price, suggesting a high value for money [0]. Another user highlights the crown's substantial weight and non-cheap appearance, reinforcing the perception of good quality at an affordable price [1].",5.25
What’s the quality of the crystal crowns,"❤Gift Package for You: With this package you will get a crystal crown and a exquisite gift box. Best gift on Black Friday, Cyber Monday & Christmas.",12,"['title: Yes!!!! \ntext: Wow!!! I was really surprised by the quality of the product. The crown is well made!!', 'title: Quality is perfect \ntext: Perfect for my daughters costume! Its perfect for quality on all levels for me. Its heavier than a cheap one so it makes it valuable!']","The product has received positive feedback regarding its quality. One user expressed surprise at the well-made nature of the product, specifically mentioning the crown as being of high quality [0]. Another user praised the product for being perfect in quality, noting that it is heavier than cheaper alternatives, which adds to its perceived value [1].",6.0
What’s the quality of the crystal crowns,"❤Gift Package for You: With this package you will get a crystal crown and a exquisite gift box. Best gift on Black Friday, Cyber Monday & Christmas.",13,"['title: Yes!!!! \ntext: Wow!!! I was really surprised by the quality of the product. The crown is well made!!', 'title: BEST QUALITY \ntext: This item was worth the $.  Its beautiful. Lots of BLING!']","The product has received positive feedback regarding its quality. One user expressed surprise at the well-made nature of the product, specifically mentioning the crown as being of high quality [0]. Another user praised the item for its beauty and value, highlighting its impressive appearance and 'bling' as indicators of its superior quality [1].",6.0
What’s the quality of the crystal crowns,"❤Gift Package for You: With this package you will get a crystal crown and a exquisite gift box. Best gift on Black Friday, Cyber Monday & Christmas.",14,"['title: Yes!!!! \ntext: Wow!!! I was really surprised by the quality of the product. The crown is well made!!', 'title: Great quality \ntext: Using this for a photo shoot, it is beautiful very good quality and has some weight to it.']","The product is praised for its high quality, with one user expressing surprise at how well-made the crown is, highlighting its craftsmanship [0]. Another user notes that the product is not only beautiful but also of very good quality, mentioning its substantial weight as a positive attribute [1].",6.0
What’s the quality of the crystal crowns,"❤Gift Package for You: With this package you will get a crystal crown and a exquisite gift box. Best gift on Black Friday, Cyber Monday & Christmas.",15,"['title: Yes!!!! \ntext: Wow!!! I was really surprised by the quality of the product. The crown is well made!!', 'title: Quality \ntext: Beautify and heavy, just a little small for women, but for girls is perfect']","The product is praised for its high quality, with one user expressing surprise at how well-made the crown is [0]. Another user describes the product as beautiful and heavy, noting that while it may be slightly small for women, it is perfect for girls [1].",5.0
What’s the quality of the crystal crowns,"❤Gift Package for You: With this package you will get a crystal crown and a exquisite gift box. Best gift on Black Friday, Cyber Monday & Christmas.",16,"['title: Yes!!!! \ntext: Wow!!! I was really surprised by the quality of the product. The crown is well made!!', ""title: Made with quality. \ntext: It showed up on time and looks amazing. Not cheap plastic like at the stores. Was metal and heavy but not to heavy. It sparkles in the light and can't wait to wear it at my wedding""]","The comments highlight the high quality of the product, with one user expressing surprise at the craftsmanship of the crown, noting that it is well made [0]. Another user praises the product for its impressive appearance and material, emphasizing that it is made of metal rather than cheap plastic, and it has a substantial weight without being overly heavy. The crown's ability to sparkle in the light is also mentioned as a positive feature [1].",7.0
What’s the quality of the crystal crowns,"❤Gift Package for You: With this package you will get a crystal crown and a exquisite gift box. Best gift on Black Friday, Cyber Monday & Christmas.",17,"['title: Yes!!!! \ntext: Wow!!! I was really surprised by the quality of the product. The crown is well made!!', ""title: Good quality. \ntext: I got this for prom. It has a weight to it. It doesn't look cheap and its very good for its price.""]","The product has received positive feedback regarding its quality. One user expressed surprise at the craftsmanship, noting that the crown is well made [0]. Another user highlighted the product's good quality, mentioning its substantial weight and appearance, which does not look cheap, making it a good value for its price [1].",5.25
What’s the quality of the crystal crowns,"❤Gift Package for You: With this package you will get a crystal crown and a exquisite gift box. Best gift on Black Friday, Cyber Monday & Christmas.",23,"['title: Quality is perfect \ntext: Perfect for my daughters costume! Its perfect for quality on all levels for me. Its heavier than a cheap one so it makes it valuable!', 'title: BEST QUALITY \ntext: This item was worth the $.  Its beautiful. Lots of BLING!']","The product is praised for its high quality, being described as perfect and valuable due to its heavier weight compared to cheaper alternatives, making it ideal for a costume [0]. Additionally, it is considered worth the price, noted for its beauty and the presence of 'lots of bling' [1].",6.0
What’s the quality of the crystal crowns,"❤Gift Package for You: With this package you will get a crystal crown and a exquisite gift box. Best gift on Black Friday, Cyber Monday & Christmas.",24,"['title: Quality is perfect \ntext: Perfect for my daughters costume! Its perfect for quality on all levels for me. Its heavier than a cheap one so it makes it valuable!', 'title: Great quality \ntext: Using this for a photo shoot, it is beautiful very good quality and has some weight to it.']","The product is praised for its excellent quality, being described as perfect and valuable due to its substantial weight, which distinguishes it from cheaper alternatives. It is considered ideal for various uses, including costumes and photo shoots, highlighting its versatility and aesthetic appeal [0][1].",7.0
What’s the quality of the crystal crowns,"❤Gift Package for You: With this package you will get a crystal crown and a exquisite gift box. Best gift on Black Friday, Cyber Monday & Christmas.",25,"['title: Quality is perfect \ntext: Perfect for my daughters costume! Its perfect for quality on all levels for me. Its heavier than a cheap one so it makes it valuable!', 'title: Quality \ntext: Beautify and heavy, just a little small for women, but for girls is perfect']","The product is praised for its quality, being described as perfect and valuable due to its heavier weight compared to cheaper alternatives. It is considered ideal for a costume, particularly for girls, although it may be slightly small for women [0][1].",6.0
What’s the quality of the crystal crowns,"❤Gift Package for You: With this package you will get a crystal crown and a exquisite gift box. Best gift on Black Friday, Cyber Monday & Christmas.",26,"['title: Quality is perfect \ntext: Perfect for my daughters costume! Its perfect for quality on all levels for me. Its heavier than a cheap one so it makes it valuable!', ""title: Made with quality. \ntext: It showed up on time and looks amazing. Not cheap plastic like at the stores. Was metal and heavy but not to heavy. It sparkles in the light and can't wait to wear it at my wedding""]","The product is praised for its high quality, being described as perfect for a costume due to its substantial weight, which adds to its perceived value [0]. Additionally, it is noted for being made of metal rather than cheap plastic, giving it a durable and attractive appearance, suitable for special occasions like a wedding [1].",7.0
What’s the quality of the crystal crowns,"❤Gift Package for You: With this package you will get a crystal crown and a exquisite gift box. Best gift on Black Friday, Cyber Monday & Christmas.",27,"['title: Quality is perfect \ntext: Perfect for my daughters costume! Its perfect for quality on all levels for me. Its heavier than a cheap one so it makes it valuable!', ""title: Good quality. \ntext: I got this for prom. It has a weight to it. It doesn't look cheap and its very good for its price.""]","The product is praised for its quality, being described as perfect and valuable due to its heavier weight compared to cheaper alternatives, making it suitable for a costume [0]. Additionally, it is noted for not looking cheap and being of good quality for its price, making it a good choice for prom [1].",6.0
What’s the quality of the crystal crowns,"❤Gift Package for You: With this package you will get a crystal crown and a exquisite gift box. Best gift on Black Friday, Cyber Monday & Christmas.",34,"['title: BEST QUALITY \ntext: This item was worth the $.  Its beautiful. Lots of BLING!', 'title: Great quality \ntext: Using this for a photo shoot, it is beautiful very good quality and has some weight to it.']","The product is praised for its excellent quality, with comments highlighting its beauty and substantial weight. It is described as having a lot of 'bling,' making it visually appealing and worth the price paid [0][1].",6.0
What’s the quality of the crystal crowns,"❤Gift Package for You: With this package you will get a crystal crown and a exquisite gift box. Best gift on Black Friday, Cyber Monday & Christmas.",35,"['title: BEST QUALITY \ntext: This item was worth the $.  Its beautiful. Lots of BLING!', 'title: Quality \ntext: Beautify and heavy, just a little small for women, but for girls is perfect']","The product is praised for its quality, being described as beautiful and worth the price, with a notable amount of 'bling' that adds to its appeal [0]. Additionally, it is characterized as beautiful and heavy, although it may be slightly small for women, it is deemed perfect for girls [1].",6.0
What’s the quality of the crystal crowns,"❤Gift Package for You: With this package you will get a crystal crown and a exquisite gift box. Best gift on Black Friday, Cyber Monday & Christmas.",36,"['title: BEST QUALITY \ntext: This item was worth the $.  Its beautiful. Lots of BLING!', ""title: Made with quality. \ntext: It showed up on time and looks amazing. Not cheap plastic like at the stores. Was metal and heavy but not to heavy. It sparkles in the light and can't wait to wear it at my wedding""]","The product is praised for its excellent quality and value for money, with a beautiful appearance and lots of sparkle, making it a worthwhile purchase [0]. It is made from high-quality materials, notably metal rather than cheap plastic, and has a substantial feel without being overly heavy. The product's sparkling appearance is highlighted as a key feature, making it suitable for special occasions such as weddings [1].",7.0
What’s the quality of the crystal crowns,"❤Gift Package for You: With this package you will get a crystal crown and a exquisite gift box. Best gift on Black Friday, Cyber Monday & Christmas.",37,"['title: BEST QUALITY \ntext: This item was worth the $.  Its beautiful. Lots of BLING!', ""title: Good quality. \ntext: I got this for prom. It has a weight to it. It doesn't look cheap and its very good for its price.""]","The product is praised for its quality, with one user noting that it is worth the price and visually appealing with a lot of 'bling' [0]. Another user highlights that the item has a substantial weight, does not appear cheap, and offers good value for its price, making it suitable for occasions like prom [1].",6.0
What’s the quality of the crystal crowns,"❤Gift Package for You: With this package you will get a crystal crown and a exquisite gift box. Best gift on Black Friday, Cyber Monday & Christmas.",45,"['title: Great quality \ntext: Using this for a photo shoot, it is beautiful very good quality and has some weight to it.', 'title: Quality \ntext: Beautify and heavy, just a little small for women, but for girls is perfect']","The product is praised for its great quality, being described as beautiful and having a substantial weight, which makes it suitable for a photo shoot [0]. Additionally, it is noted for its beauty and heaviness, although it may be slightly small for women, it is deemed perfect for girls [1].",6.0
What’s the quality of the crystal crowns,"❤Gift Package for You: With this package you will get a crystal crown and a exquisite gift box. Best gift on Black Friday, Cyber Monday & Christmas.",46,"['title: Great quality \ntext: Using this for a photo shoot, it is beautiful very good quality and has some weight to it.', ""title: Made with quality. \ntext: It showed up on time and looks amazing. Not cheap plastic like at the stores. Was metal and heavy but not to heavy. It sparkles in the light and can't wait to wear it at my wedding""]","The product is praised for its great quality, being described as beautiful and having a substantial weight, which suggests durability and a premium feel [0]. Additionally, it is noted for being made of metal rather than cheap plastic, further emphasizing its high-quality construction. The product's appearance is also highlighted, as it sparkles in the light, making it suitable for special occasions like weddings [1].",7.0
What’s the quality of the crystal crowns,"❤Gift Package for You: With this package you will get a crystal crown and a exquisite gift box. Best gift on Black Friday, Cyber Monday & Christmas.",47,"['title: Great quality \ntext: Using this for a photo shoot, it is beautiful very good quality and has some weight to it.', ""title: Good quality. \ntext: I got this for prom. It has a weight to it. It doesn't look cheap and its very good for its price.""]","The product is praised for its great quality, being described as beautiful and having a substantial weight, which contributes to its perceived value. It is noted for not looking cheap and being a good purchase for its price, making it suitable for special occasions like photo shoots and prom events [0][1].",6.0
What’s the quality of the crystal crowns,"❤Gift Package for You: With this package you will get a crystal crown and a exquisite gift box. Best gift on Black Friday, Cyber Monday & Christmas.",56,"['title: Quality \ntext: Beautify and heavy, just a little small for women, but for girls is perfect', ""title: Made with quality. \ntext: It showed up on time and looks amazing. Not cheap plastic like at the stores. Was metal and heavy but not to heavy. It sparkles in the light and can't wait to wear it at my wedding""]","The product is described as beautiful and of high quality, though it may be slightly small for women but perfect for girls [0]. It is made of metal, not cheap plastic, and has a substantial weight without being too heavy. The product sparkles in the light, adding to its appeal, and it arrived on time, making it suitable for special occasions like weddings [1].",7.0
What’s the quality of the crystal crowns,"❤Gift Package for You: With this package you will get a crystal crown and a exquisite gift box. Best gift on Black Friday, Cyber Monday & Christmas.",57,"['title: Quality \ntext: Beautify and heavy, just a little small for women, but for girls is perfect', ""title: Good quality. \ntext: I got this for prom. It has a weight to it. It doesn't look cheap and its very good for its price.""]","The product is described as having good quality, being both beautiful and heavy. It is noted to be slightly small for women but perfect for girls, indicating a potential size consideration for buyers [0]. Additionally, the product is praised for its weight and appearance, as it does not look cheap and is considered very good for its price [1].",6.0
What’s the quality of the crystal crowns,"❤Gift Package for You: With this package you will get a crystal crown and a exquisite gift box. Best gift on Black Friday, Cyber Monday & Christmas.",67,"[""title: Made with quality. \ntext: It showed up on time and looks amazing. Not cheap plastic like at the stores. Was metal and heavy but not to heavy. It sparkles in the light and can't wait to wear it at my wedding"", ""title: Good quality. \ntext: I got this for prom. It has a weight to it. It doesn't look cheap and its very good for its price.""]","The product is praised for its quality, with one user noting that it is made of metal rather than cheap plastic, giving it a substantial feel without being overly heavy. It also has an appealing appearance, sparkling in the light, which makes it suitable for special occasions like weddings [0]. Another user highlights the product's good quality for its price, mentioning its weight and non-cheap appearance, making it a great choice for events such as prom [1].",7.0
What’s the quality of the crystal crowns,"❤Gift Package for You: With this package you will get a crystal crown and a exquisite gift box. Best gift on Black Friday, Cyber Monday & Christmas.",012,"['title: quality made \ntext: The quality of the crown was much better that I had imagined it would be for the price.', 'title: Yes!!!! \ntext: Wow!!! I was really surprised by the quality of the product. The crown is well made!!', 'title: Quality is perfect \ntext: Perfect for my daughters costume! Its perfect for quality on all levels for me. Its heavier than a cheap one so it makes it valuable!']","The comments reflect a positive perception of the product's quality. One user expressed that the quality of the crown exceeded their expectations given its price, indicating a high value for money [0]. Another user was surprised by the craftsmanship, describing the crown as well made [1]. Additionally, a user praised the crown for being perfect in quality, noting its substantial weight as a sign of its value, especially for a costume [2].",6.0
What’s the quality of the crystal crowns,"❤Gift Package for You: With this package you will get a crystal crown and a exquisite gift box. Best gift on Black Friday, Cyber Monday & Christmas.",013,"['title: quality made \ntext: The quality of the crown was much better that I had imagined it would be for the price.', 'title: Yes!!!! \ntext: Wow!!! I was really surprised by the quality of the product. The crown is well made!!', 'title: BEST QUALITY \ntext: This item was worth the $.  Its beautiful. Lots of BLING!']","The comments reflect a positive perception of the product's quality, particularly highlighting the crown's craftsmanship. One user expressed that the quality exceeded their expectations given the price, indicating a good value for money [0]. Another user was surprised by the high quality and noted that the crown is well made [1]. Additionally, the product is described as beautiful and worth the cost, with an emphasis on its aesthetic appeal and 'bling' [2].",6.0
What’s the quality of the crystal crowns,"❤Gift Package for You: With this package you will get a crystal crown and a exquisite gift box. Best gift on Black Friday, Cyber Monday & Christmas.",014,"['title: quality made \ntext: The quality of the crown was much better that I had imagined it would be for the price.', 'title: Yes!!!! \ntext: Wow!!! I was really surprised by the quality of the product. The crown is well made!!', 'title: Great quality \ntext: Using this for a photo shoot, it is beautiful very good quality and has some weight to it.']","The comments consistently highlight the high quality of the crown, exceeding expectations given its price. One user expressed surprise at the superior craftsmanship, noting that it was better than anticipated for the cost [0]. Another user echoed this sentiment, emphasizing the crown's well-made construction [1]. Additionally, the crown's aesthetic appeal and substantial weight were praised, making it suitable for a photo shoot [2].",6.0
What’s the quality of the crystal crowns,"❤Gift Package for You: With this package you will get a crystal crown and a exquisite gift box. Best gift on Black Friday, Cyber Monday & Christmas.",015,"['title: quality made \ntext: The quality of the crown was much better that I had imagined it would be for the price.', 'title: Yes!!!! \ntext: Wow!!! I was really surprised by the quality of the product. The crown is well made!!', 'title: Quality \ntext: Beautify and heavy, just a little small for women, but for girls is perfect']","The comments reflect a positive perception of the product's quality. One user expressed that the crown's quality exceeded their expectations given its price, indicating a high value for money [0]. Another user was pleasantly surprised by the craftsmanship, describing the crown as well made [1]. Additionally, the crown was noted for being beautiful and heavy, although it was mentioned that it might be slightly small for women but perfect for girls [2].",6.0
What’s the quality of the crystal crowns,"❤Gift Package for You: With this package you will get a crystal crown and a exquisite gift box. Best gift on Black Friday, Cyber Monday & Christmas.",016,"['title: quality made \ntext: The quality of the crown was much better that I had imagined it would be for the price.', 'title: Yes!!!! \ntext: Wow!!! I was really surprised by the quality of the product. The crown is well made!!', ""title: Made with quality. \ntext: It showed up on time and looks amazing. Not cheap plastic like at the stores. Was metal and heavy but not to heavy. It sparkles in the light and can't wait to wear it at my wedding""]","The comments consistently highlight the high quality of the crown, exceeding expectations given its price. One user expressed surprise at the craftsmanship, noting that the crown was well made and not made of cheap plastic, but rather metal, which gives it a substantial feel without being overly heavy. The crown's appearance, described as sparkling in the light, adds to its appeal, making it a desirable accessory for special occasions like weddings [0][1][2].",7.0
What’s the quality of the crystal crowns,"❤Gift Package for You: With this package you will get a crystal crown and a exquisite gift box. Best gift on Black Friday, Cyber Monday & Christmas.",017,"['title: quality made \ntext: The quality of the crown was much better that I had imagined it would be for the price.', 'title: Yes!!!! \ntext: Wow!!! I was really surprised by the quality of the product. The crown is well made!!', ""title: Good quality. \ntext: I got this for prom. It has a weight to it. It doesn't look cheap and its very good for its price.""]","The comments consistently praise the quality of the crown, highlighting that it exceeded expectations given its price. One user noted that the crown was much better than anticipated, especially considering the cost [0]. Another user expressed surprise at the high quality and craftsmanship of the product [1]. Additionally, a user who purchased the crown for prom mentioned that it has a substantial weight and does not appear cheap, further emphasizing its value for money [2].",6.0
What’s the quality of the crystal crowns,"❤Gift Package for You: With this package you will get a crystal crown and a exquisite gift box. Best gift on Black Friday, Cyber Monday & Christmas.",023,"['title: quality made \ntext: The quality of the crown was much better that I had imagined it would be for the price.', 'title: Quality is perfect \ntext: Perfect for my daughters costume! Its perfect for quality on all levels for me. Its heavier than a cheap one so it makes it valuable!', 'title: BEST QUALITY \ntext: This item was worth the $.  Its beautiful. Lots of BLING!']","The comments highlight a positive perception of the product's quality. One user expressed surprise at the high quality of the crown, noting it exceeded expectations given its price point [0]. Another user praised the product for being perfect in quality, emphasizing its suitability for a costume and its substantial weight, which adds to its perceived value [1]. Additionally, a third comment described the item as worth the cost, appreciating its beauty and the abundance of decorative elements [2].",6.0
What’s the quality of the crystal crowns,"❤Gift Package for You: With this package you will get a crystal crown and a exquisite gift box. Best gift on Black Friday, Cyber Monday & Christmas.",024,"['title: quality made \ntext: The quality of the crown was much better that I had imagined it would be for the price.', 'title: Quality is perfect \ntext: Perfect for my daughters costume! Its perfect for quality on all levels for me. Its heavier than a cheap one so it makes it valuable!', 'title: Great quality \ntext: Using this for a photo shoot, it is beautiful very good quality and has some weight to it.']","The product is praised for its unexpectedly high quality, especially considering its price point, as one user noted that the crown exceeded their expectations in terms of quality for the cost [0]. Another user highlighted that the product was perfect for their daughter's costume, emphasizing its superior quality and substantial weight compared to cheaper alternatives, which added to its perceived value [1]. Additionally, the product was described as beautiful and of very good quality, with a notable weight, making it suitable for a photo shoot [2].",7.0
What’s the quality of the crystal crowns,"❤Gift Package for You: With this package you will get a crystal crown and a exquisite gift box. Best gift on Black Friday, Cyber Monday & Christmas.",025,"['title: quality made \ntext: The quality of the crown was much better that I had imagined it would be for the price.', 'title: Quality is perfect \ntext: Perfect for my daughters costume! Its perfect for quality on all levels for me. Its heavier than a cheap one so it makes it valuable!', 'title: Quality \ntext: Beautify and heavy, just a little small for women, but for girls is perfect']","The product is praised for its quality, exceeding expectations given its price point, and is described as being better than imagined [0]. It is considered perfect for costumes, with a weight that adds to its perceived value, distinguishing it from cheaper alternatives [1]. Additionally, the product is noted for being beautiful and heavy, although it may be slightly small for women, it is deemed perfect for girls [2].",6.0
What’s the quality of the crystal crowns,"❤Gift Package for You: With this package you will get a crystal crown and a exquisite gift box. Best gift on Black Friday, Cyber Monday & Christmas.",026,"['title: quality made \ntext: The quality of the crown was much better that I had imagined it would be for the price.', 'title: Quality is perfect \ntext: Perfect for my daughters costume! Its perfect for quality on all levels for me. Its heavier than a cheap one so it makes it valuable!', ""title: Made with quality. \ntext: It showed up on time and looks amazing. Not cheap plastic like at the stores. Was metal and heavy but not to heavy. It sparkles in the light and can't wait to wear it at my wedding""]","The product is praised for its unexpectedly high quality, especially considering its price, with one user noting that the crown exceeded their expectations in terms of craftsmanship [0]. Another user highlights its suitability for a costume, emphasizing its substantial weight and overall quality, which they find valuable [1]. Additionally, the product is described as being made of metal rather than cheap plastic, with an appealing sparkle, making it ideal for special occasions like weddings [2].",7.0
What’s the quality of the crystal crowns,"❤Gift Package for You: With this package you will get a crystal crown and a exquisite gift box. Best gift on Black Friday, Cyber Monday & Christmas.",027,"['title: quality made \ntext: The quality of the crown was much better that I had imagined it would be for the price.', 'title: Quality is perfect \ntext: Perfect for my daughters costume! Its perfect for quality on all levels for me. Its heavier than a cheap one so it makes it valuable!', ""title: Good quality. \ntext: I got this for prom. It has a weight to it. It doesn't look cheap and its very good for its price.""]","The product is praised for its quality, exceeding expectations given its price point. One user noted that the crown's quality was much better than anticipated for the cost, highlighting its value [0]. Another user found it perfect for a costume, appreciating its substantial weight and overall quality, which they felt added to its value [1]. Additionally, a user who purchased it for prom commented on its good quality, noting that it has a weight to it and does not appear cheap, making it a great purchase for the price [2].",6.0
What’s the quality of the crystal crowns,"❤Gift Package for You: With this package you will get a crystal crown and a exquisite gift box. Best gift on Black Friday, Cyber Monday & Christmas.",034,"['title: quality made \ntext: The quality of the crown was much better that I had imagined it would be for the price.', 'title: BEST QUALITY \ntext: This item was worth the $.  Its beautiful. Lots of BLING!', 'title: Great quality \ntext: Using this for a photo shoot, it is beautiful very good quality and has some weight to it.']","The comments highlight the high quality of the product, with users expressing satisfaction beyond their expectations given the price. One user noted that the quality of the crown exceeded their initial expectations, especially considering the cost [0]. Another user praised the item for its beauty and value, emphasizing the impressive 'bling' it offers [1]. Additionally, a user mentioned that the product is not only beautiful but also well-made, with a substantial weight, making it suitable for a photo shoot [2].",6.0
What’s the quality of the crystal crowns,"❤Gift Package for You: With this package you will get a crystal crown and a exquisite gift box. Best gift on Black Friday, Cyber Monday & Christmas.",035,"['title: quality made \ntext: The quality of the crown was much better that I had imagined it would be for the price.', 'title: BEST QUALITY \ntext: This item was worth the $.  Its beautiful. Lots of BLING!', 'title: Quality \ntext: Beautify and heavy, just a little small for women, but for girls is perfect']","The comments reflect a positive perception of the product's quality. One user expressed surprise at the high quality of the crown, noting it exceeded expectations given its price point [0]. Another user praised the item for its beauty and value, highlighting its aesthetic appeal and the amount of 'bling' it offers [1]. Additionally, a comment mentioned that the product is both beautiful and heavy, although it may be slightly small for women, making it more suitable for girls [2].",6.0
What’s the quality of the crystal crowns,"❤Gift Package for You: With this package you will get a crystal crown and a exquisite gift box. Best gift on Black Friday, Cyber Monday & Christmas.",036,"['title: quality made \ntext: The quality of the crown was much better that I had imagined it would be for the price.', 'title: BEST QUALITY \ntext: This item was worth the $.  Its beautiful. Lots of BLING!', ""title: Made with quality. \ntext: It showed up on time and looks amazing. Not cheap plastic like at the stores. Was metal and heavy but not to heavy. It sparkles in the light and can't wait to wear it at my wedding""]","The product is praised for its quality, exceeding expectations given its price point, and is described as beautiful with lots of sparkle and bling [0][1]. It is noted for being made of metal rather than cheap plastic, giving it a substantial feel without being overly heavy, and it sparkles attractively in the light [2].",7.0
What’s the quality of the crystal crowns,"❤Gift Package for You: With this package you will get a crystal crown and a exquisite gift box. Best gift on Black Friday, Cyber Monday & Christmas.",037,"['title: quality made \ntext: The quality of the crown was much better that I had imagined it would be for the price.', 'title: BEST QUALITY \ntext: This item was worth the $.  Its beautiful. Lots of BLING!', ""title: Good quality. \ntext: I got this for prom. It has a weight to it. It doesn't look cheap and its very good for its price.""]","The comments highlight the high quality of the product, particularly in relation to its price. One user expressed surprise at the superior quality of the crown, noting it exceeded expectations given its cost [0]. Another user praised the item for being worth the money, describing it as beautiful and full of 'bling' [1]. Additionally, a user who purchased the product for prom appreciated its substantial weight and non-cheap appearance, emphasizing its value for the price [2].",6.0
What’s the quality of the crystal crowns,"❤Gift Package for You: With this package you will get a crystal crown and a exquisite gift box. Best gift on Black Friday, Cyber Monday & Christmas.",045,"['title: quality made \ntext: The quality of the crown was much better that I had imagined it would be for the price.', 'title: Great quality \ntext: Using this for a photo shoot, it is beautiful very good quality and has some weight to it.', 'title: Quality \ntext: Beautify and heavy, just a little small for women, but for girls is perfect']","The product is praised for its quality, with one user noting that the crown exceeded their expectations given its price, indicating a high value for money [0]. Another user highlights the crown's beauty and substantial weight, suggesting a robust build, which is ideal for a photo shoot [1]. Additionally, the crown is described as beautiful and heavy, though slightly small for women, making it more suitable for girls [2].",6.0
What’s the quality of the crystal crowns,"❤Gift Package for You: With this package you will get a crystal crown and a exquisite gift box. Best gift on Black Friday, Cyber Monday & Christmas.",046,"['title: quality made \ntext: The quality of the crown was much better that I had imagined it would be for the price.', 'title: Great quality \ntext: Using this for a photo shoot, it is beautiful very good quality and has some weight to it.', ""title: Made with quality. \ntext: It showed up on time and looks amazing. Not cheap plastic like at the stores. Was metal and heavy but not to heavy. It sparkles in the light and can't wait to wear it at my wedding""]","The product is praised for its unexpectedly high quality, especially considering its price point, with one user noting that the crown exceeded their expectations in terms of quality [0]. Another user highlights its suitability for a photo shoot, describing it as beautiful, of very good quality, and having a substantial weight [1]. Additionally, the product is noted for its impressive appearance and material, being made of metal rather than cheap plastic, and having a sparkling finish, making it ideal for special occasions like weddings [2].",7.0
What’s the quality of the crystal crowns,"❤Gift Package for You: With this package you will get a crystal crown and a exquisite gift box. Best gift on Black Friday, Cyber Monday & Christmas.",047,"['title: quality made \ntext: The quality of the crown was much better that I had imagined it would be for the price.', 'title: Great quality \ntext: Using this for a photo shoot, it is beautiful very good quality and has some weight to it.', ""title: Good quality. \ntext: I got this for prom. It has a weight to it. It doesn't look cheap and its very good for its price.""]","The product is praised for its quality, exceeding expectations given its price point. One user noted that the crown's quality was much better than anticipated for the cost [0]. Another user highlighted its suitability for a photo shoot, describing it as beautiful, of very good quality, and having a substantial weight [1]. Similarly, a user who purchased it for prom appreciated its weight and noted that it does not look cheap, emphasizing its value for the price [2].",6.0
What’s the quality of the crystal crowns,"❤Gift Package for You: With this package you will get a crystal crown and a exquisite gift box. Best gift on Black Friday, Cyber Monday & Christmas.",056,"['title: quality made \ntext: The quality of the crown was much better that I had imagined it would be for the price.', 'title: Quality \ntext: Beautify and heavy, just a little small for women, but for girls is perfect', ""title: Made with quality. \ntext: It showed up on time and looks amazing. Not cheap plastic like at the stores. Was metal and heavy but not to heavy. It sparkles in the light and can't wait to wear it at my wedding""]","The product is praised for its quality, exceeding expectations given its price point, and is described as being made of metal rather than cheap plastic, which contributes to its appealing appearance and weight. It is noted to be beautiful and heavy, though slightly small for women but perfect for girls, making it suitable for various occasions such as weddings due to its sparkling appearance in the light [0][1][2].",7.0
What’s the quality of the crystal crowns,"❤Gift Package for You: With this package you will get a crystal crown and a exquisite gift box. Best gift on Black Friday, Cyber Monday & Christmas.",057,"['title: quality made \ntext: The quality of the crown was much better that I had imagined it would be for the price.', 'title: Quality \ntext: Beautify and heavy, just a little small for women, but for girls is perfect', ""title: Good quality. \ntext: I got this for prom. It has a weight to it. It doesn't look cheap and its very good for its price.""]","The product is praised for its quality, with one user noting that the crown exceeded their expectations given its price, highlighting its superior craftsmanship [0]. Another user describes the product as beautiful and heavy, though slightly small for women, making it ideal for girls [1]. Additionally, a user who purchased it for prom appreciates its substantial weight and non-cheap appearance, emphasizing its value for the price [2].",6.0
What’s the quality of the crystal crowns,"❤Gift Package for You: With this package you will get a crystal crown and a exquisite gift box. Best gift on Black Friday, Cyber Monday & Christmas.",067,"['title: quality made \ntext: The quality of the crown was much better that I had imagined it would be for the price.', ""title: Made with quality. \ntext: It showed up on time and looks amazing. Not cheap plastic like at the stores. Was metal and heavy but not to heavy. It sparkles in the light and can't wait to wear it at my wedding"", ""title: Good quality. \ntext: I got this for prom. It has a weight to it. It doesn't look cheap and its very good for its price.""]","The product is praised for its unexpectedly high quality given its price, with one user noting that the crown exceeded their expectations in terms of craftsmanship [0]. Another user highlights the crown's timely arrival and impressive appearance, emphasizing that it is made of metal rather than cheap plastic, and has a substantial weight without being overly heavy, making it suitable for special occasions like a wedding [1]. Additionally, a user who purchased the crown for prom appreciates its weight and non-cheap appearance, affirming its value for the price [2].",7.0
What’s the quality of the crystal crowns,"❤Gift Package for You: With this package you will get a crystal crown and a exquisite gift box. Best gift on Black Friday, Cyber Monday & Christmas.",123,"['title: Yes!!!! \ntext: Wow!!! I was really surprised by the quality of the product. The crown is well made!!', 'title: Quality is perfect \ntext: Perfect for my daughters costume! Its perfect for quality on all levels for me. Its heavier than a cheap one so it makes it valuable!', 'title: BEST QUALITY \ntext: This item was worth the $.  Its beautiful. Lots of BLING!']","The comments highlight a positive reception regarding the quality of the product. One user expressed surprise at the craftsmanship, noting that the crown is well made [0]. Another user praised the product for being perfect in quality, emphasizing its suitability for a costume and its substantial weight, which adds to its perceived value [1]. Additionally, a third user described the item as worth the price, appreciating its beauty and the abundance of decorative elements [2].",6.0
What’s the quality of the crystal crowns,"❤Gift Package for You: With this package you will get a crystal crown and a exquisite gift box. Best gift on Black Friday, Cyber Monday & Christmas.",124,"['title: Yes!!!! \ntext: Wow!!! I was really surprised by the quality of the product. The crown is well made!!', 'title: Quality is perfect \ntext: Perfect for my daughters costume! Its perfect for quality on all levels for me. Its heavier than a cheap one so it makes it valuable!', 'title: Great quality \ntext: Using this for a photo shoot, it is beautiful very good quality and has some weight to it.']","The product has received positive feedback regarding its quality. One user expressed surprise at the well-made nature of the crown, highlighting its craftsmanship [0]. Another user praised the product for being perfect in quality, noting its suitability for a costume and its substantial weight, which adds to its perceived value [1]. Additionally, the product was described as beautiful and of very good quality, with a notable weight, making it suitable for a photo shoot [2].",7.0
What’s the quality of the crystal crowns,"❤Gift Package for You: With this package you will get a crystal crown and a exquisite gift box. Best gift on Black Friday, Cyber Monday & Christmas.",125,"['title: Yes!!!! \ntext: Wow!!! I was really surprised by the quality of the product. The crown is well made!!', 'title: Quality is perfect \ntext: Perfect for my daughters costume! Its perfect for quality on all levels for me. Its heavier than a cheap one so it makes it valuable!', 'title: Quality \ntext: Beautify and heavy, just a little small for women, but for girls is perfect']","The product has received positive feedback regarding its quality. One user expressed surprise at the well-made nature of the crown, highlighting its craftsmanship [0]. Another user praised the product for being perfect in quality, noting its weight as a sign of value compared to cheaper alternatives [1]. Additionally, the product is described as beautiful and heavy, although it may be slightly small for women, it is deemed perfect for girls [2].",6.0
What’s the quality of the crystal crowns,"❤Gift Package for You: With this package you will get a crystal crown and a exquisite gift box. Best gift on Black Friday, Cyber Monday & Christmas.",126,"['title: Yes!!!! \ntext: Wow!!! I was really surprised by the quality of the product. The crown is well made!!', 'title: Quality is perfect \ntext: Perfect for my daughters costume! Its perfect for quality on all levels for me. Its heavier than a cheap one so it makes it valuable!', ""title: Made with quality. \ntext: It showed up on time and looks amazing. Not cheap plastic like at the stores. Was metal and heavy but not to heavy. It sparkles in the light and can't wait to wear it at my wedding""]","The product has received positive feedback regarding its quality. One user expressed surprise at the well-made nature of the crown, highlighting its craftsmanship [0]. Another user praised the product for being perfect in quality, noting its weight as a sign of value compared to cheaper alternatives [1]. Additionally, the product was described as being made of metal rather than cheap plastic, with a sparkling appearance that adds to its appeal [2].",7.0
What’s the quality of the crystal crowns,"❤Gift Package for You: With this package you will get a crystal crown and a exquisite gift box. Best gift on Black Friday, Cyber Monday & Christmas.",127,"['title: Yes!!!! \ntext: Wow!!! I was really surprised by the quality of the product. The crown is well made!!', 'title: Quality is perfect \ntext: Perfect for my daughters costume! Its perfect for quality on all levels for me. Its heavier than a cheap one so it makes it valuable!', ""title: Good quality. \ntext: I got this for prom. It has a weight to it. It doesn't look cheap and its very good for its price.""]","The product has received positive feedback regarding its quality. One user expressed surprise at the well-made nature of the crown, indicating satisfaction with the craftsmanship [0]. Another user found the product perfect for their daughter's costume, noting that its weight adds to its perceived value, distinguishing it from cheaper alternatives [1]. Additionally, a user who purchased the product for prom appreciated its substantial weight and good value for the price, emphasizing that it does not look cheap [2].",6.0
What’s the quality of the crystal crowns,"❤Gift Package for You: With this package you will get a crystal crown and a exquisite gift box. Best gift on Black Friday, Cyber Monday & Christmas.",134,"['title: Yes!!!! \ntext: Wow!!! I was really surprised by the quality of the product. The crown is well made!!', 'title: BEST QUALITY \ntext: This item was worth the $.  Its beautiful. Lots of BLING!', 'title: Great quality \ntext: Using this for a photo shoot, it is beautiful very good quality and has some weight to it.']","The comments highlight the high quality of the product, with users expressing surprise and satisfaction. One user notes that the crown is well made, indicating a positive experience with the craftsmanship [0]. Another user emphasizes that the item is worth the price, describing it as beautiful and full of 'bling' [1]. Additionally, the product is praised for its suitability for a photo shoot, being described as beautiful, of very good quality, and having a substantial weight [2].",6.0
What’s the quality of the crystal crowns,"❤Gift Package for You: With this package you will get a crystal crown and a exquisite gift box. Best gift on Black Friday, Cyber Monday & Christmas.",135,"['title: Yes!!!! \ntext: Wow!!! I was really surprised by the quality of the product. The crown is well made!!', 'title: BEST QUALITY \ntext: This item was worth the $.  Its beautiful. Lots of BLING!', 'title: Quality \ntext: Beautify and heavy, just a little small for women, but for girls is perfect']","The product has received positive feedback regarding its quality. One user expressed surprise at the well-made nature of the crown, highlighting its craftsmanship [0]. Another user praised the product for being worth the price, noting its beauty and the abundance of 'bling' [1]. Additionally, the product is described as beautiful and heavy, although it may be slightly small for women, it is deemed perfect for girls [2].",6.0
What’s the quality of the crystal crowns,"❤Gift Package for You: With this package you will get a crystal crown and a exquisite gift box. Best gift on Black Friday, Cyber Monday & Christmas.",136,"['title: Yes!!!! \ntext: Wow!!! I was really surprised by the quality of the product. The crown is well made!!', 'title: BEST QUALITY \ntext: This item was worth the $.  Its beautiful. Lots of BLING!', ""title: Made with quality. \ntext: It showed up on time and looks amazing. Not cheap plastic like at the stores. Was metal and heavy but not to heavy. It sparkles in the light and can't wait to wear it at my wedding""]","The product has received positive feedback regarding its quality. One user expressed surprise at the craftsmanship, noting that the crown is well made [0]. Another user praised the item for its beauty and value, highlighting its impressive appearance with lots of 'bling' [1]. Additionally, a user appreciated the product's timely arrival and its substantial, metal construction, contrasting it with cheaper plastic alternatives. They noted its sparkling appearance and suitability for a wedding [2].",7.0
What’s the quality of the crystal crowns,"❤Gift Package for You: With this package you will get a crystal crown and a exquisite gift box. Best gift on Black Friday, Cyber Monday & Christmas.",137,"['title: Yes!!!! \ntext: Wow!!! I was really surprised by the quality of the product. The crown is well made!!', 'title: BEST QUALITY \ntext: This item was worth the $.  Its beautiful. Lots of BLING!', ""title: Good quality. \ntext: I got this for prom. It has a weight to it. It doesn't look cheap and its very good for its price.""]","The comments highlight a positive reception regarding the quality of the product. One user expressed surprise at the craftsmanship, noting that the crown is well made [0]. Another user emphasized the product's value for money, describing it as beautiful with lots of 'bling' [1]. Additionally, a user who purchased the item for prom appreciated its substantial weight and noted that it does not look cheap, making it a good purchase for its price [2].",6.0
What’s the quality of the crystal crowns,"❤Gift Package for You: With this package you will get a crystal crown and a exquisite gift box. Best gift on Black Friday, Cyber Monday & Christmas.",145,"['title: Yes!!!! \ntext: Wow!!! I was really surprised by the quality of the product. The crown is well made!!', 'title: Great quality \ntext: Using this for a photo shoot, it is beautiful very good quality and has some weight to it.', 'title: Quality \ntext: Beautify and heavy, just a little small for women, but for girls is perfect']","The product has received positive feedback regarding its quality. One user expressed surprise at how well-made the crown is, highlighting its craftsmanship [0]. Another user noted that the product is not only beautiful but also of very good quality, mentioning its substantial weight as a positive attribute [1]. Additionally, while the product is described as beautiful and heavy, it is noted to be slightly small for women but perfect for girls [2].",6.0
What’s the quality of the crystal crowns,"❤Gift Package for You: With this package you will get a crystal crown and a exquisite gift box. Best gift on Black Friday, Cyber Monday & Christmas.",146,"['title: Yes!!!! \ntext: Wow!!! I was really surprised by the quality of the product. The crown is well made!!', 'title: Great quality \ntext: Using this for a photo shoot, it is beautiful very good quality and has some weight to it.', ""title: Made with quality. \ntext: It showed up on time and looks amazing. Not cheap plastic like at the stores. Was metal and heavy but not to heavy. It sparkles in the light and can't wait to wear it at my wedding""]","The product has received positive feedback regarding its quality. One user expressed surprise at the well-made nature of the crown, highlighting its craftsmanship [0]. Another user noted that the product is beautiful, of very good quality, and has a substantial weight, making it suitable for a photo shoot [1]. Additionally, the product was praised for its timely arrival and impressive appearance, being made of metal rather than cheap plastic, and having a sparkling quality that makes it ideal for a wedding [2].",7.0
What’s the quality of the crystal crowns,"❤Gift Package for You: With this package you will get a crystal crown and a exquisite gift box. Best gift on Black Friday, Cyber Monday & Christmas.",147,"['title: Yes!!!! \ntext: Wow!!! I was really surprised by the quality of the product. The crown is well made!!', 'title: Great quality \ntext: Using this for a photo shoot, it is beautiful very good quality and has some weight to it.', ""title: Good quality. \ntext: I got this for prom. It has a weight to it. It doesn't look cheap and its very good for its price.""]","The product has received positive feedback regarding its quality. One user expressed surprise at the well-made nature of the crown, highlighting its craftsmanship [0]. Another user praised the product's beauty and substantial weight, noting its suitability for a photo shoot [1]. Additionally, a user who purchased the product for prom appreciated its good quality and reasonable price, mentioning that it does not look cheap and has a satisfying weight [2].",6.0
What’s the quality of the crystal crowns,"❤Gift Package for You: With this package you will get a crystal crown and a exquisite gift box. Best gift on Black Friday, Cyber Monday & Christmas.",156,"['title: Yes!!!! \ntext: Wow!!! I was really surprised by the quality of the product. The crown is well made!!', 'title: Quality \ntext: Beautify and heavy, just a little small for women, but for girls is perfect', ""title: Made with quality. \ntext: It showed up on time and looks amazing. Not cheap plastic like at the stores. Was metal and heavy but not to heavy. It sparkles in the light and can't wait to wear it at my wedding""]","The product is praised for its high quality, with one user expressing surprise at how well-made the crown is, highlighting its craftsmanship [0]. Another user describes the product as beautiful and heavy, noting that while it may be slightly small for women, it is perfect for girls [1]. Additionally, the product is commended for its timely arrival and impressive appearance, being made of metal rather than cheap plastic, and having a sparkling quality that makes it suitable for special occasions like weddings [2].",7.0
What’s the quality of the crystal crowns,"❤Gift Package for You: With this package you will get a crystal crown and a exquisite gift box. Best gift on Black Friday, Cyber Monday & Christmas.",157,"['title: Yes!!!! \ntext: Wow!!! I was really surprised by the quality of the product. The crown is well made!!', 'title: Quality \ntext: Beautify and heavy, just a little small for women, but for girls is perfect', ""title: Good quality. \ntext: I got this for prom. It has a weight to it. It doesn't look cheap and its very good for its price.""]","The product has received positive feedback regarding its quality. One user expressed surprise at the well-made nature of the product, specifically mentioning the crown's craftsmanship [0]. Another user described the product as beautiful and heavy, noting that while it might be slightly small for women, it is perfect for girls [1]. Additionally, a user who purchased the product for prom appreciated its weight and appearance, stating that it does not look cheap and is very good for its price [2].",6.0
What’s the quality of the crystal crowns,"❤Gift Package for You: With this package you will get a crystal crown and a exquisite gift box. Best gift on Black Friday, Cyber Monday & Christmas.",167,"['title: Yes!!!! \ntext: Wow!!! I was really surprised by the quality of the product. The crown is well made!!', ""title: Made with quality. \ntext: It showed up on time and looks amazing. Not cheap plastic like at the stores. Was metal and heavy but not to heavy. It sparkles in the light and can't wait to wear it at my wedding"", ""title: Good quality. \ntext: I got this for prom. It has a weight to it. It doesn't look cheap and its very good for its price.""]","The product has received positive feedback regarding its quality. One user expressed surprise at the well-made nature of the crown, highlighting its craftsmanship [0]. Another user appreciated the product's timely arrival and its impressive appearance, noting that it is made of metal rather than cheap plastic, and it sparkles in the light, making it suitable for a wedding [1]. Additionally, a user who purchased the product for prom mentioned its substantial weight and good value for the price, emphasizing that it does not look cheap [2].",7.0
What’s the quality of the crystal crowns,"❤Gift Package for You: With this package you will get a crystal crown and a exquisite gift box. Best gift on Black Friday, Cyber Monday & Christmas.",234,"['title: Quality is perfect \ntext: Perfect for my daughters costume! Its perfect for quality on all levels for me. Its heavier than a cheap one so it makes it valuable!', 'title: BEST QUALITY \ntext: This item was worth the $.  Its beautiful. Lots of BLING!', 'title: Great quality \ntext: Using this for a photo shoot, it is beautiful very good quality and has some weight to it.']","The product is praised for its excellent quality, with users highlighting its suitability for costumes and photo shoots due to its substantial weight and valuable feel. One user notes that it is heavier than cheaper alternatives, which adds to its perceived value [0]. Another user appreciates the product's beauty and the presence of 'bling', indicating a high-quality appearance [1]. Additionally, the product's good quality and aesthetic appeal are emphasized, making it ideal for photography purposes [2].",7.0
What’s the quality of the crystal crowns,"❤Gift Package for You: With this package you will get a crystal crown and a exquisite gift box. Best gift on Black Friday, Cyber Monday & Christmas.",235,"['title: Quality is perfect \ntext: Perfect for my daughters costume! Its perfect for quality on all levels for me. Its heavier than a cheap one so it makes it valuable!', 'title: BEST QUALITY \ntext: This item was worth the $.  Its beautiful. Lots of BLING!', 'title: Quality \ntext: Beautify and heavy, just a little small for women, but for girls is perfect']","The product is praised for its high quality, being described as perfect for a costume due to its substantial weight, which adds to its perceived value [0]. It is considered worth the price, with a beautiful appearance and lots of embellishments [1]. Additionally, the product is noted for being both beautiful and heavy, although it may be slightly small for women, it is deemed perfect for girls [2].",6.0
What’s the quality of the crystal crowns,"❤Gift Package for You: With this package you will get a crystal crown and a exquisite gift box. Best gift on Black Friday, Cyber Monday & Christmas.",236,"['title: Quality is perfect \ntext: Perfect for my daughters costume! Its perfect for quality on all levels for me. Its heavier than a cheap one so it makes it valuable!', 'title: BEST QUALITY \ntext: This item was worth the $.  Its beautiful. Lots of BLING!', ""title: Made with quality. \ntext: It showed up on time and looks amazing. Not cheap plastic like at the stores. Was metal and heavy but not to heavy. It sparkles in the light and can't wait to wear it at my wedding""]","The product is praised for its high quality, being described as perfect for a costume due to its substantial weight, which adds to its perceived value [0]. Customers appreciate the item's beauty and the presence of 'bling', indicating a high-quality appearance [1]. Additionally, the product is noted for its timely arrival and impressive look, being made of metal rather than cheap plastic, which enhances its durability and aesthetic appeal [2].",7.0
What’s the quality of the crystal crowns,"❤Gift Package for You: With this package you will get a crystal crown and a exquisite gift box. Best gift on Black Friday, Cyber Monday & Christmas.",237,"['title: Quality is perfect \ntext: Perfect for my daughters costume! Its perfect for quality on all levels for me. Its heavier than a cheap one so it makes it valuable!', 'title: BEST QUALITY \ntext: This item was worth the $.  Its beautiful. Lots of BLING!', ""title: Good quality. \ntext: I got this for prom. It has a weight to it. It doesn't look cheap and its very good for its price.""]","The comments highlight the high quality of the product, emphasizing its suitability for various occasions. One user mentions that the product is perfect for their daughter's costume, noting its substantial weight compared to cheaper alternatives, which adds to its perceived value [0]. Another user praises the product for its beauty and the amount of 'bling', indicating that it was worth the price paid [1]. Additionally, a user who purchased the item for prom appreciates its weight and the fact that it does not look cheap, affirming that it offers good quality for its price [2].",6.0
What’s the quality of the crystal crowns,"❤Gift Package for You: With this package you will get a crystal crown and a exquisite gift box. Best gift on Black Friday, Cyber Monday & Christmas.",245,"['title: Quality is perfect \ntext: Perfect for my daughters costume! Its perfect for quality on all levels for me. Its heavier than a cheap one so it makes it valuable!', 'title: Great quality \ntext: Using this for a photo shoot, it is beautiful very good quality and has some weight to it.', 'title: Quality \ntext: Beautify and heavy, just a little small for women, but for girls is perfect']","The product is praised for its excellent quality, being described as perfect for a costume due to its substantial weight, which adds to its perceived value [0]. It is also noted for its beauty and good quality, making it suitable for a photo shoot [1]. Additionally, the product is characterized as beautiful and heavy, though it may be slightly small for women, it is deemed perfect for girls [2].",7.0
What’s the quality of the crystal crowns,"❤Gift Package for You: With this package you will get a crystal crown and a exquisite gift box. Best gift on Black Friday, Cyber Monday & Christmas.",246,"['title: Quality is perfect \ntext: Perfect for my daughters costume! Its perfect for quality on all levels for me. Its heavier than a cheap one so it makes it valuable!', 'title: Great quality \ntext: Using this for a photo shoot, it is beautiful very good quality and has some weight to it.', ""title: Made with quality. \ntext: It showed up on time and looks amazing. Not cheap plastic like at the stores. Was metal and heavy but not to heavy. It sparkles in the light and can't wait to wear it at my wedding""]","The product is praised for its excellent quality, with users noting its substantial weight and valuable feel compared to cheaper alternatives. It is described as perfect for various uses, including costumes and photo shoots, due to its beautiful appearance and durable construction. The product is made of metal rather than cheap plastic, adding to its appeal and making it suitable for special occasions like weddings [0][1][2].",7.0
What’s the quality of the crystal crowns,"❤Gift Package for You: With this package you will get a crystal crown and a exquisite gift box. Best gift on Black Friday, Cyber Monday & Christmas.",247,"['title: Quality is perfect \ntext: Perfect for my daughters costume! Its perfect for quality on all levels for me. Its heavier than a cheap one so it makes it valuable!', 'title: Great quality \ntext: Using this for a photo shoot, it is beautiful very good quality and has some weight to it.', ""title: Good quality. \ntext: I got this for prom. It has a weight to it. It doesn't look cheap and its very good for its price.""]","The product is praised for its high quality, with users noting its substantial weight as a positive attribute that adds to its perceived value. One user found it perfect for a costume, appreciating its quality on all levels and noting that it is heavier than cheaper alternatives, which enhances its value [0]. Another user highlighted its suitability for a photo shoot, describing it as beautiful and of very good quality, with a notable weight [1]. Additionally, a user who purchased it for prom mentioned that it does not look cheap and is very good for its price, further emphasizing its quality and weight [2].",7.0
What’s the quality of the crystal crowns,"❤Gift Package for You: With this package you will get a crystal crown and a exquisite gift box. Best gift on Black Friday, Cyber Monday & Christmas.",256,"['title: Quality is perfect \ntext: Perfect for my daughters costume! Its perfect for quality on all levels for me. Its heavier than a cheap one so it makes it valuable!', 'title: Quality \ntext: Beautify and heavy, just a little small for women, but for girls is perfect', ""title: Made with quality. \ntext: It showed up on time and looks amazing. Not cheap plastic like at the stores. Was metal and heavy but not to heavy. It sparkles in the light and can't wait to wear it at my wedding""]","The product is praised for its high quality, being described as perfect for a costume due to its substantial weight, which adds value compared to cheaper alternatives [0]. It is noted for being beautiful and heavy, although it may be slightly small for women, it is ideal for girls [1]. Additionally, the product is made of metal rather than cheap plastic, giving it a durable and attractive appearance, with a sparkle that makes it suitable for special occasions like weddings [2].",7.0
What’s the quality of the crystal crowns,"❤Gift Package for You: With this package you will get a crystal crown and a exquisite gift box. Best gift on Black Friday, Cyber Monday & Christmas.",257,"['title: Quality is perfect \ntext: Perfect for my daughters costume! Its perfect for quality on all levels for me. Its heavier than a cheap one so it makes it valuable!', 'title: Quality \ntext: Beautify and heavy, just a little small for women, but for girls is perfect', ""title: Good quality. \ntext: I got this for prom. It has a weight to it. It doesn't look cheap and its very good for its price.""]","The product is praised for its quality, being described as perfect and valuable due to its heavier weight compared to cheaper alternatives, making it suitable for costumes and providing a sense of value [0]. It is noted to be beautiful and heavy, though slightly small for women, it fits girls perfectly [1]. Additionally, the product is considered good quality for its price, with a substantial weight that prevents it from looking cheap [2].",6.0
What’s the quality of the crystal crowns,"❤Gift Package for You: With this package you will get a crystal crown and a exquisite gift box. Best gift on Black Friday, Cyber Monday & Christmas.",267,"['title: Quality is perfect \ntext: Perfect for my daughters costume! Its perfect for quality on all levels for me. Its heavier than a cheap one so it makes it valuable!', ""title: Made with quality. \ntext: It showed up on time and looks amazing. Not cheap plastic like at the stores. Was metal and heavy but not to heavy. It sparkles in the light and can't wait to wear it at my wedding"", ""title: Good quality. \ntext: I got this for prom. It has a weight to it. It doesn't look cheap and its very good for its price.""]","The product is praised for its high quality, with multiple users noting its substantial weight and valuable feel compared to cheaper alternatives. One user highlights its suitability for a costume, emphasizing its heavier and more valuable nature compared to cheaper options [0]. Another user appreciates the product's timely arrival and its impressive appearance, noting that it is made of metal rather than cheap plastic, and it sparkles in the light, making it ideal for a wedding [1]. Additionally, a user mentions that the product is well-suited for prom, with a good weight and appearance that belies its affordable price [2].",7.0
What’s the quality of the crystal crowns,"❤Gift Package for You: With this package you will get a crystal crown and a exquisite gift box. Best gift on Black Friday, Cyber Monday & Christmas.",345,"['title: BEST QUALITY \ntext: This item was worth the $.  Its beautiful. Lots of BLING!', 'title: Great quality \ntext: Using this for a photo shoot, it is beautiful very good quality and has some weight to it.', 'title: Quality \ntext: Beautify and heavy, just a little small for women, but for girls is perfect']","The product is praised for its quality, with users highlighting its beauty and substantial weight. It is described as having a lot of 'bling' and being worth the price, making it suitable for photo shoots due to its aesthetic appeal. However, one user notes that while it is perfect for girls, it may be slightly small for women [0][1][2].",6.0
What’s the quality of the crystal crowns,"❤Gift Package for You: With this package you will get a crystal crown and a exquisite gift box. Best gift on Black Friday, Cyber Monday & Christmas.",346,"['title: BEST QUALITY \ntext: This item was worth the $.  Its beautiful. Lots of BLING!', 'title: Great quality \ntext: Using this for a photo shoot, it is beautiful very good quality and has some weight to it.', ""title: Made with quality. \ntext: It showed up on time and looks amazing. Not cheap plastic like at the stores. Was metal and heavy but not to heavy. It sparkles in the light and can't wait to wear it at my wedding""]","The product is praised for its excellent quality and aesthetic appeal. Customers highlight that it is worth the price due to its beautiful design and substantial weight, which adds to its perceived value [0][1]. The item is noted for being made of metal rather than cheap plastic, contributing to its durability and attractiveness, as it sparkles in the light [2]. Overall, the product is described as having a high-quality build, making it suitable for special occasions such as photo shoots and weddings [1][2].",7.0
What’s the quality of the crystal crowns,"❤Gift Package for You: With this package you will get a crystal crown and a exquisite gift box. Best gift on Black Friday, Cyber Monday & Christmas.",347,"['title: BEST QUALITY \ntext: This item was worth the $.  Its beautiful. Lots of BLING!', 'title: Great quality \ntext: Using this for a photo shoot, it is beautiful very good quality and has some weight to it.', ""title: Good quality. \ntext: I got this for prom. It has a weight to it. It doesn't look cheap and its very good for its price.""]","The product is praised for its excellent quality, with multiple users highlighting its beauty and substantial weight. One user mentions that the item is worth the price and features a lot of 'bling' [0]. Another user, who used the product for a photo shoot, describes it as beautiful and of very good quality, noting its weight as a positive attribute [1]. Similarly, a user who purchased the item for prom appreciates its good quality, stating that it does not look cheap and is very good for its price [2].",6.0
What’s the quality of the crystal crowns,"❤Gift Package for You: With this package you will get a crystal crown and a exquisite gift box. Best gift on Black Friday, Cyber Monday & Christmas.",356,"['title: BEST QUALITY \ntext: This item was worth the $.  Its beautiful. Lots of BLING!', 'title: Quality \ntext: Beautify and heavy, just a little small for women, but for girls is perfect', ""title: Made with quality. \ntext: It showed up on time and looks amazing. Not cheap plastic like at the stores. Was metal and heavy but not to heavy. It sparkles in the light and can't wait to wear it at my wedding""]","The product is praised for its excellent quality, with comments highlighting its beauty and substantial feel. It is described as having a lot of 'bling' and being worth the price, indicating a high level of satisfaction with its appearance and value [0]. The item is noted for being both beautiful and heavy, although it may be slightly small for women, it is deemed perfect for girls [1]. Additionally, the product is appreciated for its timely arrival and impressive appearance, being made of metal rather than cheap plastic, and sparkling in the light, making it suitable for special occasions like weddings [2].",7.0
What’s the quality of the crystal crowns,"❤Gift Package for You: With this package you will get a crystal crown and a exquisite gift box. Best gift on Black Friday, Cyber Monday & Christmas.",357,"['title: BEST QUALITY \ntext: This item was worth the $.  Its beautiful. Lots of BLING!', 'title: Quality \ntext: Beautify and heavy, just a little small for women, but for girls is perfect', ""title: Good quality. \ntext: I got this for prom. It has a weight to it. It doesn't look cheap and its very good for its price.""]","The product is praised for its quality, with users highlighting its aesthetic appeal and value for money. One user describes it as beautiful with lots of 'bling,' indicating a high level of satisfaction with its appearance [0]. Another user mentions that the product is both beautiful and heavy, suggesting a solid build, although they note it might be slightly small for women but perfect for girls [1]. Additionally, the product is noted for having a substantial weight and not looking cheap, making it a good purchase for its price [2].",6.0
What’s the quality of the crystal crowns,"❤Gift Package for You: With this package you will get a crystal crown and a exquisite gift box. Best gift on Black Friday, Cyber Monday & Christmas.",367,"['title: BEST QUALITY \ntext: This item was worth the $.  Its beautiful. Lots of BLING!', ""title: Made with quality. \ntext: It showed up on time and looks amazing. Not cheap plastic like at the stores. Was metal and heavy but not to heavy. It sparkles in the light and can't wait to wear it at my wedding"", ""title: Good quality. \ntext: I got this for prom. It has a weight to it. It doesn't look cheap and its very good for its price.""]","The product is praised for its high quality and value for money, with one user describing it as beautiful and full of 'bling' [0]. Another user highlights the product's timely arrival and impressive appearance, noting that it is made of metal rather than cheap plastic, and is both heavy and sparkly, making it suitable for a wedding [1]. Additionally, a user who purchased the item for prom appreciates its substantial weight and good quality, emphasizing that it does not look cheap and is excellent for its price [2].",7.0
What’s the quality of the crystal crowns,"❤Gift Package for You: With this package you will get a crystal crown and a exquisite gift box. Best gift on Black Friday, Cyber Monday & Christmas.",456,"['title: Great quality \ntext: Using this for a photo shoot, it is beautiful very good quality and has some weight to it.', 'title: Quality \ntext: Beautify and heavy, just a little small for women, but for girls is perfect', ""title: Made with quality. \ntext: It showed up on time and looks amazing. Not cheap plastic like at the stores. Was metal and heavy but not to heavy. It sparkles in the light and can't wait to wear it at my wedding""]","The product is praised for its high quality, with users noting its beauty and substantial weight, which contributes to its perceived value[0][1][2]. It is described as being made of metal rather than cheap plastic, adding to its durability and aesthetic appeal[2]. While it is slightly small for women, it is considered perfect for girls[1]. Overall, the product's quality is highlighted by its timely delivery and impressive appearance, making it suitable for special occasions like weddings[2].",7.0
What’s the quality of the crystal crowns,"❤Gift Package for You: With this package you will get a crystal crown and a exquisite gift box. Best gift on Black Friday, Cyber Monday & Christmas.",457,"['title: Great quality \ntext: Using this for a photo shoot, it is beautiful very good quality and has some weight to it.', 'title: Quality \ntext: Beautify and heavy, just a little small for women, but for girls is perfect', ""title: Good quality. \ntext: I got this for prom. It has a weight to it. It doesn't look cheap and its very good for its price.""]","The product is praised for its great quality, being described as beautiful and having a substantial weight, which contributes to its perceived value [0]. While it is noted to be slightly small for women, it is considered perfect for girls, maintaining its quality and aesthetic appeal [1]. Additionally, the product is highlighted for not looking cheap and being a good value for its price, making it suitable for occasions like prom [2].",6.0
What’s the quality of the crystal crowns,"❤Gift Package for You: With this package you will get a crystal crown and a exquisite gift box. Best gift on Black Friday, Cyber Monday & Christmas.",467,"['title: Great quality \ntext: Using this for a photo shoot, it is beautiful very good quality and has some weight to it.', ""title: Made with quality. \ntext: It showed up on time and looks amazing. Not cheap plastic like at the stores. Was metal and heavy but not to heavy. It sparkles in the light and can't wait to wear it at my wedding"", ""title: Good quality. \ntext: I got this for prom. It has a weight to it. It doesn't look cheap and its very good for its price.""]","The product is consistently praised for its high quality across multiple user comments. It is described as having a substantial weight, which contributes to its perceived quality and durability, distinguishing it from cheaper alternatives made of plastic[0][1][2]. Users appreciate its aesthetic appeal, noting that it sparkles in the light and is suitable for special occasions such as photo shoots, weddings, and proms[0][1][2]. Overall, the product is considered to be of excellent quality and good value for its price[0][2].",7.0
What’s the quality of the crystal crowns,"❤Gift Package for You: With this package you will get a crystal crown and a exquisite gift box. Best gift on Black Friday, Cyber Monday & Christmas.",567,"['title: Quality \ntext: Beautify and heavy, just a little small for women, but for girls is perfect', ""title: Made with quality. \ntext: It showed up on time and looks amazing. Not cheap plastic like at the stores. Was metal and heavy but not to heavy. It sparkles in the light and can't wait to wear it at my wedding"", ""title: Good quality. \ntext: I got this for prom. It has a weight to it. It doesn't look cheap and its very good for its price.""]","The product is praised for its quality, being described as beautiful, heavy, and well-suited for girls, though slightly small for women [0]. It is noted for its timely arrival and impressive appearance, being made of metal rather than cheap plastic, and having a sparkling quality that makes it suitable for special occasions like weddings [1]. Additionally, the product is considered to have good value for its price, with a substantial weight that contributes to its perception of quality [2].",7.0
What’s the quality of the crystal crowns,"❤Gift Package for You: With this package you will get a crystal crown and a exquisite gift box. Best gift on Black Friday, Cyber Monday & Christmas.",0123,"['title: quality made \ntext: The quality of the crown was much better that I had imagined it would be for the price.', 'title: Yes!!!! \ntext: Wow!!! I was really surprised by the quality of the product. The crown is well made!!', 'title: Quality is perfect \ntext: Perfect for my daughters costume! Its perfect for quality on all levels for me. Its heavier than a cheap one so it makes it valuable!', 'title: BEST QUALITY \ntext: This item was worth the $.  Its beautiful. Lots of BLING!']","The product, specifically the crown, has received positive feedback regarding its quality. One user expressed that the quality exceeded their expectations given the price, highlighting the crown's superior craftsmanship [0]. Another user was pleasantly surprised by the product's quality, noting that it is well-made [1]. Additionally, the crown was described as perfect for a costume, with its weight contributing to its perceived value, indicating a higher quality than cheaper alternatives [2]. Lastly, the product was praised for its beauty and value, with an emphasis on its aesthetic appeal and quality [3].",6.0
What’s the quality of the crystal crowns,"❤Gift Package for You: With this package you will get a crystal crown and a exquisite gift box. Best gift on Black Friday, Cyber Monday & Christmas.",0124,"['title: quality made \ntext: The quality of the crown was much better that I had imagined it would be for the price.', 'title: Yes!!!! \ntext: Wow!!! I was really surprised by the quality of the product. The crown is well made!!', 'title: Quality is perfect \ntext: Perfect for my daughters costume! Its perfect for quality on all levels for me. Its heavier than a cheap one so it makes it valuable!', 'title: Great quality \ntext: Using this for a photo shoot, it is beautiful very good quality and has some weight to it.']","The comments consistently praise the quality of the crown, highlighting that it exceeded expectations given its price point [0]. Users express surprise and satisfaction with the craftsmanship, noting that the crown is well-made [1]. It is described as perfect for costumes, with a weight that adds to its perceived value, distinguishing it from cheaper alternatives [2]. Additionally, the crown's quality is affirmed in the context of a photo shoot, where its beauty and substantial weight are appreciated [3].",7.0
What’s the quality of the crystal crowns,"❤Gift Package for You: With this package you will get a crystal crown and a exquisite gift box. Best gift on Black Friday, Cyber Monday & Christmas.",0125,"['title: quality made \ntext: The quality of the crown was much better that I had imagined it would be for the price.', 'title: Yes!!!! \ntext: Wow!!! I was really surprised by the quality of the product. The crown is well made!!', 'title: Quality is perfect \ntext: Perfect for my daughters costume! Its perfect for quality on all levels for me. Its heavier than a cheap one so it makes it valuable!', 'title: Quality \ntext: Beautify and heavy, just a little small for women, but for girls is perfect']","The comments consistently praise the quality of the crown, highlighting that it exceeded expectations given its price point [0]. Users were surprised by how well-made the product is, emphasizing its craftsmanship [1]. The crown is described as perfect for costumes, with its weight adding to its perceived value, distinguishing it from cheaper alternatives [2]. Additionally, the crown is noted for being beautiful and heavy, although it may be slightly small for women, it is deemed perfect for girls [3].",6.0
What’s the quality of the crystal crowns,"❤Gift Package for You: With this package you will get a crystal crown and a exquisite gift box. Best gift on Black Friday, Cyber Monday & Christmas.",0126,"['title: quality made \ntext: The quality of the crown was much better that I had imagined it would be for the price.', 'title: Yes!!!! \ntext: Wow!!! I was really surprised by the quality of the product. The crown is well made!!', 'title: Quality is perfect \ntext: Perfect for my daughters costume! Its perfect for quality on all levels for me. Its heavier than a cheap one so it makes it valuable!', ""title: Made with quality. \ntext: It showed up on time and looks amazing. Not cheap plastic like at the stores. Was metal and heavy but not to heavy. It sparkles in the light and can't wait to wear it at my wedding""]","The comments consistently highlight the high quality of the crown, exceeding expectations given its price point. One user expressed surprise at the craftsmanship, noting that the crown was well made and not what they anticipated for the cost [0][1]. Another user found it perfect for a costume, appreciating its substantial weight compared to cheaper alternatives, which added to its perceived value [2]. Additionally, the crown was described as being made of metal rather than plastic, contributing to its durability and aesthetic appeal, as it sparkles in the light [3].",7.0
What’s the quality of the crystal crowns,"❤Gift Package for You: With this package you will get a crystal crown and a exquisite gift box. Best gift on Black Friday, Cyber Monday & Christmas.",0127,"['title: quality made \ntext: The quality of the crown was much better that I had imagined it would be for the price.', 'title: Yes!!!! \ntext: Wow!!! I was really surprised by the quality of the product. The crown is well made!!', 'title: Quality is perfect \ntext: Perfect for my daughters costume! Its perfect for quality on all levels for me. Its heavier than a cheap one so it makes it valuable!', ""title: Good quality. \ntext: I got this for prom. It has a weight to it. It doesn't look cheap and its very good for its price.""]","The comments consistently highlight the high quality of the crown, exceeding expectations given its price. One user noted that the quality was much better than anticipated, especially considering the cost [0]. Another user expressed surprise at how well-made the crown was, emphasizing its impressive craftsmanship [1]. The crown was described as perfect for a costume, with its weight contributing to its perceived value, distinguishing it from cheaper alternatives [2]. Additionally, the crown was praised for its good quality and reasonable price, with its weight and appearance being particularly noted as positive attributes [3].",6.0
What’s the quality of the crystal crowns,"❤Gift Package for You: With this package you will get a crystal crown and a exquisite gift box. Best gift on Black Friday, Cyber Monday & Christmas.",0134,"['title: quality made \ntext: The quality of the crown was much better that I had imagined it would be for the price.', 'title: Yes!!!! \ntext: Wow!!! I was really surprised by the quality of the product. The crown is well made!!', 'title: BEST QUALITY \ntext: This item was worth the $.  Its beautiful. Lots of BLING!', 'title: Great quality \ntext: Using this for a photo shoot, it is beautiful very good quality and has some weight to it.']","The comments consistently praise the quality of the crown, highlighting that it exceeded expectations given its price point. One user expressed surprise at the high quality, noting that the crown is well made [0][1]. Another comment emphasized the product's value for money, describing it as beautiful with lots of 'bling' [2]. Additionally, the crown's suitability for a photo shoot was mentioned, with the user appreciating its beauty, good quality, and substantial weight [3].",6.0
What’s the quality of the crystal crowns,"❤Gift Package for You: With this package you will get a crystal crown and a exquisite gift box. Best gift on Black Friday, Cyber Monday & Christmas.",0135,"['title: quality made \ntext: The quality of the crown was much better that I had imagined it would be for the price.', 'title: Yes!!!! \ntext: Wow!!! I was really surprised by the quality of the product. The crown is well made!!', 'title: BEST QUALITY \ntext: This item was worth the $.  Its beautiful. Lots of BLING!', 'title: Quality \ntext: Beautify and heavy, just a little small for women, but for girls is perfect']","The comments consistently praise the quality of the crown, highlighting that it exceeded expectations given its price point [0]. Users were surprised by how well-made the product is, emphasizing its craftsmanship [1]. The crown is described as beautiful and worth the cost, with a notable amount of decorative elements [2]. Additionally, while the crown is considered beautiful and heavy, it is noted to be slightly small for women but perfect for girls [3].",6.0
What’s the quality of the crystal crowns,"❤Gift Package for You: With this package you will get a crystal crown and a exquisite gift box. Best gift on Black Friday, Cyber Monday & Christmas.",0136,"['title: quality made \ntext: The quality of the crown was much better that I had imagined it would be for the price.', 'title: Yes!!!! \ntext: Wow!!! I was really surprised by the quality of the product. The crown is well made!!', 'title: BEST QUALITY \ntext: This item was worth the $.  Its beautiful. Lots of BLING!', ""title: Made with quality. \ntext: It showed up on time and looks amazing. Not cheap plastic like at the stores. Was metal and heavy but not to heavy. It sparkles in the light and can't wait to wear it at my wedding""]","The product, specifically a crown, has received positive feedback regarding its quality. Customers have expressed surprise and satisfaction with the craftsmanship, noting that it exceeded expectations given the price point [0][1]. The crown is described as beautiful and worth the cost, with a notable amount of sparkle and 'bling' [2]. It is made of metal rather than cheap plastic, giving it a substantial feel without being overly heavy, and it arrived on time, ready for use at special occasions like weddings [3].",7.0
What’s the quality of the crystal crowns,"❤Gift Package for You: With this package you will get a crystal crown and a exquisite gift box. Best gift on Black Friday, Cyber Monday & Christmas.",0137,"['title: quality made \ntext: The quality of the crown was much better that I had imagined it would be for the price.', 'title: Yes!!!! \ntext: Wow!!! I was really surprised by the quality of the product. The crown is well made!!', 'title: BEST QUALITY \ntext: This item was worth the $.  Its beautiful. Lots of BLING!', ""title: Good quality. \ntext: I got this for prom. It has a weight to it. It doesn't look cheap and its very good for its price.""]","The comments consistently highlight the high quality of the crown, exceeding expectations given its price. One user noted that the quality was much better than anticipated, especially considering the cost [0]. Another expressed surprise at how well-made the crown was, emphasizing its impressive craftsmanship [1]. The product was described as beautiful and worth the money, with a notable amount of 'bling' [2]. Additionally, the crown was praised for its substantial weight and non-cheap appearance, making it a great value for its price [3].",6.0
What’s the quality of the crystal crowns,"❤Gift Package for You: With this package you will get a crystal crown and a exquisite gift box. Best gift on Black Friday, Cyber Monday & Christmas.",0145,"['title: quality made \ntext: The quality of the crown was much better that I had imagined it would be for the price.', 'title: Yes!!!! \ntext: Wow!!! I was really surprised by the quality of the product. The crown is well made!!', 'title: Great quality \ntext: Using this for a photo shoot, it is beautiful very good quality and has some weight to it.', 'title: Quality \ntext: Beautify and heavy, just a little small for women, but for girls is perfect']","The comments consistently highlight the high quality of the crown, exceeding expectations given its price point. Users express surprise and satisfaction with the craftsmanship, noting that the crown is well-made and possesses a substantial weight, which contributes to its perceived quality [0][1][2]. While the crown is described as beautiful and heavy, one user notes that it may be slightly small for women but perfect for girls, indicating a potential size consideration for adult users [3].",6.0
What’s the quality of the crystal crowns,"❤Gift Package for You: With this package you will get a crystal crown and a exquisite gift box. Best gift on Black Friday, Cyber Monday & Christmas.",0146,"['title: quality made \ntext: The quality of the crown was much better that I had imagined it would be for the price.', 'title: Yes!!!! \ntext: Wow!!! I was really surprised by the quality of the product. The crown is well made!!', 'title: Great quality \ntext: Using this for a photo shoot, it is beautiful very good quality and has some weight to it.', ""title: Made with quality. \ntext: It showed up on time and looks amazing. Not cheap plastic like at the stores. Was metal and heavy but not to heavy. It sparkles in the light and can't wait to wear it at my wedding""]","The product, specifically the crown, has received positive feedback regarding its quality. Customers have expressed surprise and satisfaction with the craftsmanship, noting that it exceeded expectations given the price point [0][1]. The crown is described as beautiful, well-made, and possessing a substantial weight, which contributes to its perceived high quality [2]. Additionally, it is made of metal rather than cheap plastic, adding to its durability and aesthetic appeal, making it suitable for special occasions like weddings [3].",7.0
What’s the quality of the crystal crowns,"❤Gift Package for You: With this package you will get a crystal crown and a exquisite gift box. Best gift on Black Friday, Cyber Monday & Christmas.",0147,"['title: quality made \ntext: The quality of the crown was much better that I had imagined it would be for the price.', 'title: Yes!!!! \ntext: Wow!!! I was really surprised by the quality of the product. The crown is well made!!', 'title: Great quality \ntext: Using this for a photo shoot, it is beautiful very good quality and has some weight to it.', ""title: Good quality. \ntext: I got this for prom. It has a weight to it. It doesn't look cheap and its very good for its price.""]","The product, specifically the crown, has received positive feedback regarding its quality. Users have expressed surprise and satisfaction, noting that the quality exceeded their expectations given the price [0][1]. The crown is described as well-made, beautiful, and possessing a substantial weight, which contributes to its perceived value [2][3]. Overall, the product is considered to be of great quality and a good purchase for its cost [0][3].",6.0
What’s the quality of the crystal crowns,"❤Gift Package for You: With this package you will get a crystal crown and a exquisite gift box. Best gift on Black Friday, Cyber Monday & Christmas.",0156,"['title: quality made \ntext: The quality of the crown was much better that I had imagined it would be for the price.', 'title: Yes!!!! \ntext: Wow!!! I was really surprised by the quality of the product. The crown is well made!!', 'title: Quality \ntext: Beautify and heavy, just a little small for women, but for girls is perfect', ""title: Made with quality. \ntext: It showed up on time and looks amazing. Not cheap plastic like at the stores. Was metal and heavy but not to heavy. It sparkles in the light and can't wait to wear it at my wedding""]","The product, specifically the crown, has been praised for its unexpectedly high quality given its price, with one user noting that it exceeded their expectations [0]. Another user expressed surprise at the craftsmanship, describing the crown as well-made [1]. The crown is characterized as beautiful and heavy, although slightly small for women, it is deemed perfect for girls [2]. Additionally, the crown is noted for its timely arrival and impressive appearance, being made of metal rather than cheap plastic, and it sparkles in the light, making it suitable for special occasions like weddings [3].",7.0
What’s the quality of the crystal crowns,"❤Gift Package for You: With this package you will get a crystal crown and a exquisite gift box. Best gift on Black Friday, Cyber Monday & Christmas.",0157,"['title: quality made \ntext: The quality of the crown was much better that I had imagined it would be for the price.', 'title: Yes!!!! \ntext: Wow!!! I was really surprised by the quality of the product. The crown is well made!!', 'title: Quality \ntext: Beautify and heavy, just a little small for women, but for girls is perfect', ""title: Good quality. \ntext: I got this for prom. It has a weight to it. It doesn't look cheap and its very good for its price.""]","The product, specifically the crown, has received positive feedback regarding its quality. Customers have expressed surprise and satisfaction with the craftsmanship, noting that it exceeded expectations given the price point [0][1]. The crown is described as beautiful and heavy, though slightly small for women, making it more suitable for girls [2]. Additionally, it is noted for its substantial weight and appearance, which does not look cheap, further emphasizing its value for money [3].",6.0
What’s the quality of the crystal crowns,"❤Gift Package for You: With this package you will get a crystal crown and a exquisite gift box. Best gift on Black Friday, Cyber Monday & Christmas.",0167,"['title: quality made \ntext: The quality of the crown was much better that I had imagined it would be for the price.', 'title: Yes!!!! \ntext: Wow!!! I was really surprised by the quality of the product. The crown is well made!!', ""title: Made with quality. \ntext: It showed up on time and looks amazing. Not cheap plastic like at the stores. Was metal and heavy but not to heavy. It sparkles in the light and can't wait to wear it at my wedding"", ""title: Good quality. \ntext: I got this for prom. It has a weight to it. It doesn't look cheap and its very good for its price.""]","The product, specifically the crown, has been consistently praised for its high quality, exceeding expectations given its price point. Customers have expressed surprise and satisfaction with the craftsmanship, noting that it is well-made and not constructed from cheap materials. Instead, the crown is made of metal, giving it a substantial weight without being overly heavy, and it sparkles beautifully in the light. This quality makes it suitable for special occasions such as weddings and proms, where it is appreciated for its aesthetic appeal and value for money [0][1][2][3].",7.0
What’s the quality of the crystal crowns,"❤Gift Package for You: With this package you will get a crystal crown and a exquisite gift box. Best gift on Black Friday, Cyber Monday & Christmas.",0234,"['title: quality made \ntext: The quality of the crown was much better that I had imagined it would be for the price.', 'title: Quality is perfect \ntext: Perfect for my daughters costume! Its perfect for quality on all levels for me. Its heavier than a cheap one so it makes it valuable!', 'title: BEST QUALITY \ntext: This item was worth the $.  Its beautiful. Lots of BLING!', 'title: Great quality \ntext: Using this for a photo shoot, it is beautiful very good quality and has some weight to it.']","The comments consistently praise the product's quality, highlighting that it exceeded expectations given its price point [0]. Users describe the product as perfect for costumes, noting its substantial weight compared to cheaper alternatives, which adds to its perceived value [1]. The item is considered worth the cost, with its aesthetic appeal and 'bling' being particularly appreciated [2]. Additionally, the product is noted for its suitability for photo shoots, with its beauty and good quality being emphasized [3].",7.0
What’s the quality of the crystal crowns,"❤Gift Package for You: With this package you will get a crystal crown and a exquisite gift box. Best gift on Black Friday, Cyber Monday & Christmas.",0235,"['title: quality made \ntext: The quality of the crown was much better that I had imagined it would be for the price.', 'title: Quality is perfect \ntext: Perfect for my daughters costume! Its perfect for quality on all levels for me. Its heavier than a cheap one so it makes it valuable!', 'title: BEST QUALITY \ntext: This item was worth the $.  Its beautiful. Lots of BLING!', 'title: Quality \ntext: Beautify and heavy, just a little small for women, but for girls is perfect']","The product is praised for its high quality, exceeding expectations given its price point, and is described as being better than imagined [0]. It is considered perfect for costumes, with a weight that adds to its perceived value, distinguishing it from cheaper alternatives [1]. The item is noted for its beauty and substantial amount of decorative elements, making it worth the cost [2]. Additionally, it is described as beautiful and heavy, although slightly small for women, it is deemed perfect for girls [3].",6.0
What’s the quality of the crystal crowns,"❤Gift Package for You: With this package you will get a crystal crown and a exquisite gift box. Best gift on Black Friday, Cyber Monday & Christmas.",0236,"['title: quality made \ntext: The quality of the crown was much better that I had imagined it would be for the price.', 'title: Quality is perfect \ntext: Perfect for my daughters costume! Its perfect for quality on all levels for me. Its heavier than a cheap one so it makes it valuable!', 'title: BEST QUALITY \ntext: This item was worth the $.  Its beautiful. Lots of BLING!', ""title: Made with quality. \ntext: It showed up on time and looks amazing. Not cheap plastic like at the stores. Was metal and heavy but not to heavy. It sparkles in the light and can't wait to wear it at my wedding""]","The product is praised for its high quality, exceeding expectations given its price point, and is noted for being heavier and more valuable than cheaper alternatives[0][1]. Customers appreciate its beauty and the 'bling' it offers, indicating that it was worth the cost[2]. The product is described as being made of metal rather than cheap plastic, adding to its durability and aesthetic appeal, making it suitable for special occasions like weddings[3].",7.0
What’s the quality of the crystal crowns,"❤Gift Package for You: With this package you will get a crystal crown and a exquisite gift box. Best gift on Black Friday, Cyber Monday & Christmas.",0237,"['title: quality made \ntext: The quality of the crown was much better that I had imagined it would be for the price.', 'title: Quality is perfect \ntext: Perfect for my daughters costume! Its perfect for quality on all levels for me. Its heavier than a cheap one so it makes it valuable!', 'title: BEST QUALITY \ntext: This item was worth the $.  Its beautiful. Lots of BLING!', ""title: Good quality. \ntext: I got this for prom. It has a weight to it. It doesn't look cheap and its very good for its price.""]","The product is praised for its high quality, exceeding expectations given its price point. Customers appreciate the substantial weight and aesthetic appeal, noting that it does not look cheap and offers good value for money. The product is described as perfect for costumes, with a heavier build that adds to its perceived value and quality. Overall, it is considered beautiful and worth the cost, with lots of decorative appeal.[0][1][2][3]",6.0
What’s the quality of the crystal crowns,"❤Gift Package for You: With this package you will get a crystal crown and a exquisite gift box. Best gift on Black Friday, Cyber Monday & Christmas.",0245,"['title: quality made \ntext: The quality of the crown was much better that I had imagined it would be for the price.', 'title: Quality is perfect \ntext: Perfect for my daughters costume! Its perfect for quality on all levels for me. Its heavier than a cheap one so it makes it valuable!', 'title: Great quality \ntext: Using this for a photo shoot, it is beautiful very good quality and has some weight to it.', 'title: Quality \ntext: Beautify and heavy, just a little small for women, but for girls is perfect']","The product is praised for its quality, exceeding expectations given its price point, and is described as being of high quality and valuable due to its weight and craftsmanship [0][1]. It is considered perfect for costumes and photo shoots, highlighting its beauty and substantial feel [1][2]. Although it is noted to be slightly small for women, it is deemed perfect for girls, maintaining its appeal and quality [3].",7.0
What’s the quality of the crystal crowns,"❤Gift Package for You: With this package you will get a crystal crown and a exquisite gift box. Best gift on Black Friday, Cyber Monday & Christmas.",0246,"['title: quality made \ntext: The quality of the crown was much better that I had imagined it would be for the price.', 'title: Quality is perfect \ntext: Perfect for my daughters costume! Its perfect for quality on all levels for me. Its heavier than a cheap one so it makes it valuable!', 'title: Great quality \ntext: Using this for a photo shoot, it is beautiful very good quality and has some weight to it.', ""title: Made with quality. \ntext: It showed up on time and looks amazing. Not cheap plastic like at the stores. Was metal and heavy but not to heavy. It sparkles in the light and can't wait to wear it at my wedding""]","The product is consistently praised for its high quality, exceeding expectations given its price point [0]. Customers appreciate its substantial weight, which adds to its perceived value and distinguishes it from cheaper alternatives [1][3]. The product's aesthetic appeal is highlighted, with users noting its beauty and suitability for special occasions like photo shoots and weddings [2][3]. Overall, the product is described as being well-made, with a metal construction that sparkles in the light, further enhancing its quality perception [3].",7.0
What’s the quality of the crystal crowns,"❤Gift Package for You: With this package you will get a crystal crown and a exquisite gift box. Best gift on Black Friday, Cyber Monday & Christmas.",0247,"['title: quality made \ntext: The quality of the crown was much better that I had imagined it would be for the price.', 'title: Quality is perfect \ntext: Perfect for my daughters costume! Its perfect for quality on all levels for me. Its heavier than a cheap one so it makes it valuable!', 'title: Great quality \ntext: Using this for a photo shoot, it is beautiful very good quality and has some weight to it.', ""title: Good quality. \ntext: I got this for prom. It has a weight to it. It doesn't look cheap and its very good for its price.""]","The product is praised for its unexpectedly high quality, especially considering its price, with one user noting that the crown exceeded their expectations in terms of quality for the cost [0]. Another user highlights that the product is perfect for their daughter's costume, emphasizing its superior quality and substantial weight compared to cheaper alternatives, which adds to its perceived value [1]. Additionally, the product is described as beautiful and of very good quality, suitable for a photo shoot, with a notable weight that contributes to its premium feel [2]. Similarly, another user mentions that the product is ideal for prom, appreciating its weight and the fact that it does not look cheap, making it a great value for its price [3].",7.0
What’s the quality of the crystal crowns,"❤Gift Package for You: With this package you will get a crystal crown and a exquisite gift box. Best gift on Black Friday, Cyber Monday & Christmas.",0256,"['title: quality made \ntext: The quality of the crown was much better that I had imagined it would be for the price.', 'title: Quality is perfect \ntext: Perfect for my daughters costume! Its perfect for quality on all levels for me. Its heavier than a cheap one so it makes it valuable!', 'title: Quality \ntext: Beautify and heavy, just a little small for women, but for girls is perfect', ""title: Made with quality. \ntext: It showed up on time and looks amazing. Not cheap plastic like at the stores. Was metal and heavy but not to heavy. It sparkles in the light and can't wait to wear it at my wedding""]","The product is praised for its unexpectedly high quality given its price, with one user noting that the crown exceeded their expectations in terms of craftsmanship [0]. Another user highlights its suitability for a costume, emphasizing its substantial weight compared to cheaper alternatives, which adds to its perceived value [1]. The crown is described as beautiful and heavy, though slightly small for women, making it ideal for girls [2]. Additionally, the product is noted for its timely delivery and impressive appearance, being made of metal rather than plastic, which contributes to its durability and aesthetic appeal [3].",7.0
What’s the quality of the crystal crowns,"❤Gift Package for You: With this package you will get a crystal crown and a exquisite gift box. Best gift on Black Friday, Cyber Monday & Christmas.",0257,"['title: quality made \ntext: The quality of the crown was much better that I had imagined it would be for the price.', 'title: Quality is perfect \ntext: Perfect for my daughters costume! Its perfect for quality on all levels for me. Its heavier than a cheap one so it makes it valuable!', 'title: Quality \ntext: Beautify and heavy, just a little small for women, but for girls is perfect', ""title: Good quality. \ntext: I got this for prom. It has a weight to it. It doesn't look cheap and its very good for its price.""]","The product is praised for its unexpectedly high quality given its price, with one user noting that the crown exceeded their expectations in terms of craftsmanship and value [0]. Another user highlights its suitability for a costume, emphasizing its perfect quality and substantial weight, which adds to its perceived value [1]. Additionally, the product is described as beautiful and heavy, although slightly small for women, making it ideal for girls [2]. A further comment mentions its good quality and appropriate weight, noting that it does not appear cheap and is excellent for its price [3].",6.0
What’s the quality of the crystal crowns,"❤Gift Package for You: With this package you will get a crystal crown and a exquisite gift box. Best gift on Black Friday, Cyber Monday & Christmas.",0267,"['title: quality made \ntext: The quality of the crown was much better that I had imagined it would be for the price.', 'title: Quality is perfect \ntext: Perfect for my daughters costume! Its perfect for quality on all levels for me. Its heavier than a cheap one so it makes it valuable!', ""title: Made with quality. \ntext: It showed up on time and looks amazing. Not cheap plastic like at the stores. Was metal and heavy but not to heavy. It sparkles in the light and can't wait to wear it at my wedding"", ""title: Good quality. \ntext: I got this for prom. It has a weight to it. It doesn't look cheap and its very good for its price.""]","The product is consistently praised for its high quality, exceeding expectations given its price point. One user noted that the crown was of much better quality than anticipated, especially considering the cost [0]. Another user found it perfect for a costume, highlighting its substantial weight and value compared to cheaper alternatives [1]. The product is described as being made of metal rather than cheap plastic, adding to its appeal and durability, and it sparkles beautifully in the light [2]. Additionally, it is noted for its good weight and appearance, making it a great choice for events like prom, offering excellent value for its price [3].",7.0
What’s the quality of the crystal crowns,"❤Gift Package for You: With this package you will get a crystal crown and a exquisite gift box. Best gift on Black Friday, Cyber Monday & Christmas.",0345,"['title: quality made \ntext: The quality of the crown was much better that I had imagined it would be for the price.', 'title: BEST QUALITY \ntext: This item was worth the $.  Its beautiful. Lots of BLING!', 'title: Great quality \ntext: Using this for a photo shoot, it is beautiful very good quality and has some weight to it.', 'title: Quality \ntext: Beautify and heavy, just a little small for women, but for girls is perfect']","The product is praised for its high quality, exceeding expectations given its price point, and is described as beautiful with lots of 'bling' [0][1]. It is noted for being suitable for photo shoots due to its aesthetic appeal and substantial weight, indicating good quality [2]. However, while it is considered beautiful and heavy, it is noted to be slightly small for women but perfect for girls [3].",6.0
What’s the quality of the crystal crowns,"❤Gift Package for You: With this package you will get a crystal crown and a exquisite gift box. Best gift on Black Friday, Cyber Monday & Christmas.",0346,"['title: quality made \ntext: The quality of the crown was much better that I had imagined it would be for the price.', 'title: BEST QUALITY \ntext: This item was worth the $.  Its beautiful. Lots of BLING!', 'title: Great quality \ntext: Using this for a photo shoot, it is beautiful very good quality and has some weight to it.', ""title: Made with quality. \ntext: It showed up on time and looks amazing. Not cheap plastic like at the stores. Was metal and heavy but not to heavy. It sparkles in the light and can't wait to wear it at my wedding""]","The product is consistently praised for its high quality, exceeding expectations given its price point. Customers highlight its beauty and substantial weight, noting that it is not made of cheap materials but rather metal, which adds to its durability and aesthetic appeal. The product's sparkling appearance and suitability for special occasions, such as weddings and photo shoots, further underscore its superior quality [0][1][2][3].",7.0
What’s the quality of the crystal crowns,"❤Gift Package for You: With this package you will get a crystal crown and a exquisite gift box. Best gift on Black Friday, Cyber Monday & Christmas.",0347,"['title: quality made \ntext: The quality of the crown was much better that I had imagined it would be for the price.', 'title: BEST QUALITY \ntext: This item was worth the $.  Its beautiful. Lots of BLING!', 'title: Great quality \ntext: Using this for a photo shoot, it is beautiful very good quality and has some weight to it.', ""title: Good quality. \ntext: I got this for prom. It has a weight to it. It doesn't look cheap and its very good for its price.""]","The product is praised for its quality, exceeding expectations given its price point. Customers describe it as beautiful and possessing a substantial weight, which contributes to its perceived value. The item is noted for its aesthetic appeal, with one user highlighting its 'bling' and another mentioning its suitability for a photo shoot due to its good quality and weight. Overall, the product is considered to be of great quality and worth the cost, with multiple users affirming its value and appearance [0][1][2][3].",6.0
What’s the quality of the crystal crowns,"❤Gift Package for You: With this package you will get a crystal crown and a exquisite gift box. Best gift on Black Friday, Cyber Monday & Christmas.",0356,"['title: quality made \ntext: The quality of the crown was much better that I had imagined it would be for the price.', 'title: BEST QUALITY \ntext: This item was worth the $.  Its beautiful. Lots of BLING!', 'title: Quality \ntext: Beautify and heavy, just a little small for women, but for girls is perfect', ""title: Made with quality. \ntext: It showed up on time and looks amazing. Not cheap plastic like at the stores. Was metal and heavy but not to heavy. It sparkles in the light and can't wait to wear it at my wedding""]","The product is praised for its high quality, exceeding expectations given its price point, and is described as being beautifully crafted with a lot of 'bling' [0][1]. It is noted for being both beautiful and heavy, although slightly small for women, making it ideal for girls [2]. The item is made of metal rather than cheap plastic, adding to its durability and aesthetic appeal, and it sparkles in the light, making it suitable for special occasions like weddings [3].",7.0
What’s the quality of the crystal crowns,"❤Gift Package for You: With this package you will get a crystal crown and a exquisite gift box. Best gift on Black Friday, Cyber Monday & Christmas.",0357,"['title: quality made \ntext: The quality of the crown was much better that I had imagined it would be for the price.', 'title: BEST QUALITY \ntext: This item was worth the $.  Its beautiful. Lots of BLING!', 'title: Quality \ntext: Beautify and heavy, just a little small for women, but for girls is perfect', ""title: Good quality. \ntext: I got this for prom. It has a weight to it. It doesn't look cheap and its very good for its price.""]","The product is praised for its quality, exceeding expectations given its price point, and is described as beautiful with lots of 'bling' [0][1]. It is noted to be both beautiful and heavy, although slightly small for women, making it more suitable for girls [2]. Additionally, the product is appreciated for its weight and appearance, as it does not look cheap and offers good value for its price [3].",6.0
What’s the quality of the crystal crowns,"❤Gift Package for You: With this package you will get a crystal crown and a exquisite gift box. Best gift on Black Friday, Cyber Monday & Christmas.",0367,"['title: quality made \ntext: The quality of the crown was much better that I had imagined it would be for the price.', 'title: BEST QUALITY \ntext: This item was worth the $.  Its beautiful. Lots of BLING!', ""title: Made with quality. \ntext: It showed up on time and looks amazing. Not cheap plastic like at the stores. Was metal and heavy but not to heavy. It sparkles in the light and can't wait to wear it at my wedding"", ""title: Good quality. \ntext: I got this for prom. It has a weight to it. It doesn't look cheap and its very good for its price.""]","The product is praised for its high quality, exceeding expectations given its price point, and is described as being beautifully made with lots of sparkle and 'bling' [0][1]. It is noted for being made of metal rather than cheap plastic, giving it a substantial weight without being overly heavy, which adds to its appeal for special occasions like weddings and proms [2][3]. Overall, the product is considered to be of good quality and a worthwhile purchase [1][3].",7.0
What’s the quality of the crystal crowns,"❤Gift Package for You: With this package you will get a crystal crown and a exquisite gift box. Best gift on Black Friday, Cyber Monday & Christmas.",0456,"['title: quality made \ntext: The quality of the crown was much better that I had imagined it would be for the price.', 'title: Great quality \ntext: Using this for a photo shoot, it is beautiful very good quality and has some weight to it.', 'title: Quality \ntext: Beautify and heavy, just a little small for women, but for girls is perfect', ""title: Made with quality. \ntext: It showed up on time and looks amazing. Not cheap plastic like at the stores. Was metal and heavy but not to heavy. It sparkles in the light and can't wait to wear it at my wedding""]","The product is consistently praised for its high quality, exceeding expectations given its price point [0]. It is described as beautiful, with a substantial weight that adds to its perceived value, making it suitable for photo shoots [1]. While it is noted to be slightly small for women, it is deemed perfect for girls [2]. The product is made of metal rather than cheap plastic, adding to its durability and aesthetic appeal, as it sparkles in the light, making it an ideal choice for special occasions like weddings [3].",7.0
What’s the quality of the crystal crowns,"❤Gift Package for You: With this package you will get a crystal crown and a exquisite gift box. Best gift on Black Friday, Cyber Monday & Christmas.",0457,"['title: quality made \ntext: The quality of the crown was much better that I had imagined it would be for the price.', 'title: Great quality \ntext: Using this for a photo shoot, it is beautiful very good quality and has some weight to it.', 'title: Quality \ntext: Beautify and heavy, just a little small for women, but for girls is perfect', ""title: Good quality. \ntext: I got this for prom. It has a weight to it. It doesn't look cheap and its very good for its price.""]","The product is consistently praised for its high quality, exceeding expectations given its price point. Customers note that it is beautifully crafted and has a substantial weight, contributing to its perceived value. While it is slightly small for women, it is deemed perfect for girls, making it suitable for various uses such as photo shoots and proms. Overall, the product does not look cheap and is considered a good purchase for its cost [0][1][2][3].",6.0
What’s the quality of the crystal crowns,"❤Gift Package for You: With this package you will get a crystal crown and a exquisite gift box. Best gift on Black Friday, Cyber Monday & Christmas.",0467,"['title: quality made \ntext: The quality of the crown was much better that I had imagined it would be for the price.', 'title: Great quality \ntext: Using this for a photo shoot, it is beautiful very good quality and has some weight to it.', ""title: Made with quality. \ntext: It showed up on time and looks amazing. Not cheap plastic like at the stores. Was metal and heavy but not to heavy. It sparkles in the light and can't wait to wear it at my wedding"", ""title: Good quality. \ntext: I got this for prom. It has a weight to it. It doesn't look cheap and its very good for its price.""]","The product is consistently praised for its high quality, exceeding expectations given its price point. Customers appreciate the substantial weight and the use of metal instead of cheap plastic, which contributes to its durability and aesthetic appeal. The product's appearance is described as beautiful and sparkling, making it suitable for special occasions like photo shoots, weddings, and proms. Overall, the product is considered to be of great value and quality, with a notable emphasis on its impressive craftsmanship and visual appeal [0][1][2][3].",7.0
What’s the quality of the crystal crowns,"❤Gift Package for You: With this package you will get a crystal crown and a exquisite gift box. Best gift on Black Friday, Cyber Monday & Christmas.",0567,"['title: quality made \ntext: The quality of the crown was much better that I had imagined it would be for the price.', 'title: Quality \ntext: Beautify and heavy, just a little small for women, but for girls is perfect', ""title: Made with quality. \ntext: It showed up on time and looks amazing. Not cheap plastic like at the stores. Was metal and heavy but not to heavy. It sparkles in the light and can't wait to wear it at my wedding"", ""title: Good quality. \ntext: I got this for prom. It has a weight to it. It doesn't look cheap and its very good for its price.""]","The product is praised for its quality, exceeding expectations given its price point, and is described as being made of metal rather than cheap plastic, which contributes to its appealing appearance and substantial weight [0][2][3]. While it is noted to be slightly small for women, it is considered perfect for girls, indicating a potential size consideration for adult users [1]. Overall, the product is appreciated for its aesthetic appeal and durability, making it suitable for special occasions like weddings and proms [2][3].",7.0
What’s the quality of the crystal crowns,"❤Gift Package for You: With this package you will get a crystal crown and a exquisite gift box. Best gift on Black Friday, Cyber Monday & Christmas.",1234,"['title: Yes!!!! \ntext: Wow!!! I was really surprised by the quality of the product. The crown is well made!!', 'title: Quality is perfect \ntext: Perfect for my daughters costume! Its perfect for quality on all levels for me. Its heavier than a cheap one so it makes it valuable!', 'title: BEST QUALITY \ntext: This item was worth the $.  Its beautiful. Lots of BLING!', 'title: Great quality \ntext: Using this for a photo shoot, it is beautiful very good quality and has some weight to it.']","The product has received positive feedback regarding its quality. One user expressed surprise at the well-made nature of the crown, highlighting its craftsmanship [0]. Another user praised the product for being perfect in quality, noting its substantial weight compared to cheaper alternatives, which adds to its perceived value [1]. Additionally, the item was described as beautiful and worth the price, with an emphasis on its aesthetic appeal [2]. Furthermore, the product was deemed to be of great quality, suitable for a photo shoot, and noted for its beauty and weight [3].",7.0
What’s the quality of the crystal crowns,"❤Gift Package for You: With this package you will get a crystal crown and a exquisite gift box. Best gift on Black Friday, Cyber Monday & Christmas.",1235,"['title: Yes!!!! \ntext: Wow!!! I was really surprised by the quality of the product. The crown is well made!!', 'title: Quality is perfect \ntext: Perfect for my daughters costume! Its perfect for quality on all levels for me. Its heavier than a cheap one so it makes it valuable!', 'title: BEST QUALITY \ntext: This item was worth the $.  Its beautiful. Lots of BLING!', 'title: Quality \ntext: Beautify and heavy, just a little small for women, but for girls is perfect']","The product has received positive feedback regarding its quality. One user expressed surprise at the well-made nature of the crown, highlighting its craftsmanship [0]. Another user praised the product for being perfect in quality, noting its weight as a sign of value compared to cheaper alternatives [1]. The item was also described as beautiful and worth the price, with an emphasis on its aesthetic appeal [2]. Additionally, the product was noted for being both beautiful and heavy, although it was mentioned that it might be slightly small for women but perfect for girls [3].",6.0
What’s the quality of the crystal crowns,"❤Gift Package for You: With this package you will get a crystal crown and a exquisite gift box. Best gift on Black Friday, Cyber Monday & Christmas.",1236,"['title: Yes!!!! \ntext: Wow!!! I was really surprised by the quality of the product. The crown is well made!!', 'title: Quality is perfect \ntext: Perfect for my daughters costume! Its perfect for quality on all levels for me. Its heavier than a cheap one so it makes it valuable!', 'title: BEST QUALITY \ntext: This item was worth the $.  Its beautiful. Lots of BLING!', ""title: Made with quality. \ntext: It showed up on time and looks amazing. Not cheap plastic like at the stores. Was metal and heavy but not to heavy. It sparkles in the light and can't wait to wear it at my wedding""]","Customers have expressed high satisfaction with the quality of the product, highlighting its well-made construction and impressive appearance. One user was surprised by the craftsmanship, noting that the crown is well made and exceeded expectations [0]. Another user praised the product for being perfect in quality, emphasizing its weight and value compared to cheaper alternatives [1]. The product was described as beautiful and worth the price, with a lot of visual appeal [2]. Additionally, it was noted for its timely delivery and superior material, being made of metal rather than cheap plastic, and having a sparkling appearance, making it suitable for special occasions like weddings [3].",7.0
What’s the quality of the crystal crowns,"❤Gift Package for You: With this package you will get a crystal crown and a exquisite gift box. Best gift on Black Friday, Cyber Monday & Christmas.",1237,"['title: Yes!!!! \ntext: Wow!!! I was really surprised by the quality of the product. The crown is well made!!', 'title: Quality is perfect \ntext: Perfect for my daughters costume! Its perfect for quality on all levels for me. Its heavier than a cheap one so it makes it valuable!', 'title: BEST QUALITY \ntext: This item was worth the $.  Its beautiful. Lots of BLING!', ""title: Good quality. \ntext: I got this for prom. It has a weight to it. It doesn't look cheap and its very good for its price.""]","The comments reflect a positive consensus on the quality of the product. One user expressed surprise at the craftsmanship, noting that the crown is well made [0]. Another user highlighted that the product is perfect for their daughter's costume, emphasizing its substantial weight and value compared to cheaper alternatives [1]. A third user praised the item for its beauty and quality, stating it was worth the price and featured a lot of 'bling' [2]. Lastly, a user who purchased the product for prom appreciated its weight and appearance, noting that it does not look cheap and is very good for its price [3].",6.0
What’s the quality of the crystal crowns,"❤Gift Package for You: With this package you will get a crystal crown and a exquisite gift box. Best gift on Black Friday, Cyber Monday & Christmas.",1245,"['title: Yes!!!! \ntext: Wow!!! I was really surprised by the quality of the product. The crown is well made!!', 'title: Quality is perfect \ntext: Perfect for my daughters costume! Its perfect for quality on all levels for me. Its heavier than a cheap one so it makes it valuable!', 'title: Great quality \ntext: Using this for a photo shoot, it is beautiful very good quality and has some weight to it.', 'title: Quality \ntext: Beautify and heavy, just a little small for women, but for girls is perfect']","The product has received positive feedback regarding its quality. One user expressed surprise at the well-made nature of the product, specifically mentioning the crown's craftsmanship [0]. Another user found it perfect for their daughter's costume, noting its substantial weight compared to cheaper alternatives, which adds to its perceived value [1]. The product's quality was also praised in the context of a photo shoot, with comments highlighting its beauty and good quality [2]. Additionally, while the product is described as beautiful and heavy, it is noted to be slightly small for women but perfect for girls [3].",7.0
What’s the quality of the crystal crowns,"❤Gift Package for You: With this package you will get a crystal crown and a exquisite gift box. Best gift on Black Friday, Cyber Monday & Christmas.",1246,"['title: Yes!!!! \ntext: Wow!!! I was really surprised by the quality of the product. The crown is well made!!', 'title: Quality is perfect \ntext: Perfect for my daughters costume! Its perfect for quality on all levels for me. Its heavier than a cheap one so it makes it valuable!', 'title: Great quality \ntext: Using this for a photo shoot, it is beautiful very good quality and has some weight to it.', ""title: Made with quality. \ntext: It showed up on time and looks amazing. Not cheap plastic like at the stores. Was metal and heavy but not to heavy. It sparkles in the light and can't wait to wear it at my wedding""]","The product is consistently praised for its high quality across multiple reviews. One user expressed surprise at the craftsmanship, noting that the crown is well made [0]. Another user highlighted its suitability for a costume, emphasizing that its weight adds to its perceived value, distinguishing it from cheaper alternatives [1]. The product's quality is further affirmed by a user who used it for a photo shoot, describing it as beautiful and substantial [2]. Additionally, the product's timely arrival and impressive appearance were noted, with specific mention of its metal construction and sparkling finish, making it ideal for a wedding [3].",7.0
What’s the quality of the crystal crowns,"❤Gift Package for You: With this package you will get a crystal crown and a exquisite gift box. Best gift on Black Friday, Cyber Monday & Christmas.",1247,"['title: Yes!!!! \ntext: Wow!!! I was really surprised by the quality of the product. The crown is well made!!', 'title: Quality is perfect \ntext: Perfect for my daughters costume! Its perfect for quality on all levels for me. Its heavier than a cheap one so it makes it valuable!', 'title: Great quality \ntext: Using this for a photo shoot, it is beautiful very good quality and has some weight to it.', ""title: Good quality. \ntext: I got this for prom. It has a weight to it. It doesn't look cheap and its very good for its price.""]","The product has received positive feedback regarding its quality. One user expressed surprise at the well-made nature of the crown, highlighting its craftsmanship [0]. Another user found it perfect for a costume, noting that its weight adds to its perceived value, distinguishing it from cheaper alternatives [1]. The product's quality was also praised in the context of a photo shoot, where it was described as beautiful and of very good quality [2]. Additionally, a user who purchased it for prom appreciated its weight and affordability, stating that it does not look cheap [3].",7.0
What’s the quality of the crystal crowns,"❤Gift Package for You: With this package you will get a crystal crown and a exquisite gift box. Best gift on Black Friday, Cyber Monday & Christmas.",1256,"['title: Yes!!!! \ntext: Wow!!! I was really surprised by the quality of the product. The crown is well made!!', 'title: Quality is perfect \ntext: Perfect for my daughters costume! Its perfect for quality on all levels for me. Its heavier than a cheap one so it makes it valuable!', 'title: Quality \ntext: Beautify and heavy, just a little small for women, but for girls is perfect', ""title: Made with quality. \ntext: It showed up on time and looks amazing. Not cheap plastic like at the stores. Was metal and heavy but not to heavy. It sparkles in the light and can't wait to wear it at my wedding""]","The product has received positive feedback regarding its quality, with users expressing surprise and satisfaction. One user noted that the crown is well-made, highlighting its craftsmanship [0]. Another user praised the product for being perfect in quality, emphasizing its weight as a sign of value compared to cheaper alternatives [1]. Additionally, the product is described as beautiful and heavy, although slightly small for women, making it ideal for girls [2]. The product's timely arrival and impressive appearance were also noted, with its metal construction and sparkling finish being appreciated, especially for special occasions like weddings [3].",7.0
What’s the quality of the crystal crowns,"❤Gift Package for You: With this package you will get a crystal crown and a exquisite gift box. Best gift on Black Friday, Cyber Monday & Christmas.",1257,"['title: Yes!!!! \ntext: Wow!!! I was really surprised by the quality of the product. The crown is well made!!', 'title: Quality is perfect \ntext: Perfect for my daughters costume! Its perfect for quality on all levels for me. Its heavier than a cheap one so it makes it valuable!', 'title: Quality \ntext: Beautify and heavy, just a little small for women, but for girls is perfect', ""title: Good quality. \ntext: I got this for prom. It has a weight to it. It doesn't look cheap and its very good for its price.""]","The product has received positive feedback regarding its quality. One user expressed surprise at the well-made nature of the crown, highlighting its craftsmanship [0]. Another user praised the product for being perfect in quality, noting its heavier weight compared to cheaper alternatives, which adds to its perceived value [1]. Additionally, the product is described as beautiful and heavy, although slightly small for women, making it ideal for girls [2]. Furthermore, the product was appreciated for its good quality and reasonable price, as it does not look cheap and has a substantial weight [3].",6.0
What’s the quality of the crystal crowns,"❤Gift Package for You: With this package you will get a crystal crown and a exquisite gift box. Best gift on Black Friday, Cyber Monday & Christmas.",1267,"['title: Yes!!!! \ntext: Wow!!! I was really surprised by the quality of the product. The crown is well made!!', 'title: Quality is perfect \ntext: Perfect for my daughters costume! Its perfect for quality on all levels for me. Its heavier than a cheap one so it makes it valuable!', ""title: Made with quality. \ntext: It showed up on time and looks amazing. Not cheap plastic like at the stores. Was metal and heavy but not to heavy. It sparkles in the light and can't wait to wear it at my wedding"", ""title: Good quality. \ntext: I got this for prom. It has a weight to it. It doesn't look cheap and its very good for its price.""]","The product is consistently praised for its high quality across multiple reviews. One user was pleasantly surprised by the craftsmanship, noting that the crown is well made [0]. Another reviewer found it perfect for their daughter's costume, emphasizing its substantial weight compared to cheaper alternatives, which adds to its perceived value [1]. The product's timely arrival and impressive appearance were highlighted, with a specific mention of its metal construction and sparkling finish, making it suitable for a wedding [2]. Additionally, the product was described as having a good weight and appearance, making it a great value for its price, particularly for events like prom [3].",7.0
What’s the quality of the crystal crowns,"❤Gift Package for You: With this package you will get a crystal crown and a exquisite gift box. Best gift on Black Friday, Cyber Monday & Christmas.",1345,"['title: Yes!!!! \ntext: Wow!!! I was really surprised by the quality of the product. The crown is well made!!', 'title: BEST QUALITY \ntext: This item was worth the $.  Its beautiful. Lots of BLING!', 'title: Great quality \ntext: Using this for a photo shoot, it is beautiful very good quality and has some weight to it.', 'title: Quality \ntext: Beautify and heavy, just a little small for women, but for girls is perfect']","The product has received positive feedback regarding its quality. One user expressed surprise at the well-made nature of the crown, highlighting its craftsmanship [0]. Another user emphasized that the item was worth the price, noting its beauty and the abundance of 'bling' [1]. Additionally, the product was described as having great quality, suitable for a photo shoot, and possessing a substantial weight [2]. However, while the product is described as beautiful and heavy, it was noted to be slightly small for women, though perfect for girls [3].",6.0
What’s the quality of the crystal crowns,"❤Gift Package for You: With this package you will get a crystal crown and a exquisite gift box. Best gift on Black Friday, Cyber Monday & Christmas.",1346,"['title: Yes!!!! \ntext: Wow!!! I was really surprised by the quality of the product. The crown is well made!!', 'title: BEST QUALITY \ntext: This item was worth the $.  Its beautiful. Lots of BLING!', 'title: Great quality \ntext: Using this for a photo shoot, it is beautiful very good quality and has some weight to it.', ""title: Made with quality. \ntext: It showed up on time and looks amazing. Not cheap plastic like at the stores. Was metal and heavy but not to heavy. It sparkles in the light and can't wait to wear it at my wedding""]","The product has received positive feedback regarding its quality, with users expressing surprise and satisfaction. One user noted that the crown is well-made, highlighting its craftsmanship [0]. Another user emphasized that the item was worth the price, describing it as beautiful with lots of 'bling' [1]. The product's suitability for a photo shoot was praised, with comments on its beauty, good quality, and substantial weight [2]. Additionally, the product was appreciated for its timely arrival and impressive appearance, being made of metal rather than cheap plastic, and its sparkling quality was noted as ideal for a wedding [3].",7.0
What’s the quality of the crystal crowns,"❤Gift Package for You: With this package you will get a crystal crown and a exquisite gift box. Best gift on Black Friday, Cyber Monday & Christmas.",1347,"['title: Yes!!!! \ntext: Wow!!! I was really surprised by the quality of the product. The crown is well made!!', 'title: BEST QUALITY \ntext: This item was worth the $.  Its beautiful. Lots of BLING!', 'title: Great quality \ntext: Using this for a photo shoot, it is beautiful very good quality and has some weight to it.', ""title: Good quality. \ntext: I got this for prom. It has a weight to it. It doesn't look cheap and its very good for its price.""]","The product has received positive feedback regarding its quality. One user expressed surprise at the well-made nature of the crown, highlighting its craftsmanship [0]. Another user praised the item for its beauty and value, noting the abundance of 'bling' [1]. The product's quality was also commended in the context of a photo shoot, with a mention of its substantial weight and aesthetic appeal [2]. Additionally, a user who purchased the item for prom appreciated its weight and noted that it does not look cheap, emphasizing its good value for the price [3].",6.0
What’s the quality of the crystal crowns,"❤Gift Package for You: With this package you will get a crystal crown and a exquisite gift box. Best gift on Black Friday, Cyber Monday & Christmas.",1356,"['title: Yes!!!! \ntext: Wow!!! I was really surprised by the quality of the product. The crown is well made!!', 'title: BEST QUALITY \ntext: This item was worth the $.  Its beautiful. Lots of BLING!', 'title: Quality \ntext: Beautify and heavy, just a little small for women, but for girls is perfect', ""title: Made with quality. \ntext: It showed up on time and looks amazing. Not cheap plastic like at the stores. Was metal and heavy but not to heavy. It sparkles in the light and can't wait to wear it at my wedding""]","The product has received positive feedback regarding its quality, with users expressing surprise and satisfaction. One user noted that the crown is well-made, highlighting its craftsmanship [0]. Another user praised the item for its beauty and value, emphasizing the 'bling' aspect [1]. The product is described as beautiful and heavy, though slightly small for women but perfect for girls [2]. Additionally, the product is made of metal rather than cheap plastic, adding to its quality and aesthetic appeal, as it sparkles in the light [3].",7.0
What’s the quality of the crystal crowns,"❤Gift Package for You: With this package you will get a crystal crown and a exquisite gift box. Best gift on Black Friday, Cyber Monday & Christmas.",1357,"['title: Yes!!!! \ntext: Wow!!! I was really surprised by the quality of the product. The crown is well made!!', 'title: BEST QUALITY \ntext: This item was worth the $.  Its beautiful. Lots of BLING!', 'title: Quality \ntext: Beautify and heavy, just a little small for women, but for girls is perfect', ""title: Good quality. \ntext: I got this for prom. It has a weight to it. It doesn't look cheap and its very good for its price.""]","The product has received positive feedback regarding its quality, with users expressing surprise and satisfaction. One user noted that the crown is well-made and of high quality [0]. Another user emphasized that the item is worth the price, describing it as beautiful and adorned with lots of 'bling' [1]. Additionally, the product is described as beautiful and heavy, though slightly small for women but perfect for girls [2]. It is also mentioned that the product has a good weight, does not look cheap, and offers good value for its price [3].",6.0
What’s the quality of the crystal crowns,"❤Gift Package for You: With this package you will get a crystal crown and a exquisite gift box. Best gift on Black Friday, Cyber Monday & Christmas.",1367,"['title: Yes!!!! \ntext: Wow!!! I was really surprised by the quality of the product. The crown is well made!!', 'title: BEST QUALITY \ntext: This item was worth the $.  Its beautiful. Lots of BLING!', ""title: Made with quality. \ntext: It showed up on time and looks amazing. Not cheap plastic like at the stores. Was metal and heavy but not to heavy. It sparkles in the light and can't wait to wear it at my wedding"", ""title: Good quality. \ntext: I got this for prom. It has a weight to it. It doesn't look cheap and its very good for its price.""]","Customers have expressed high satisfaction with the quality of the product, describing it as well-made and beautiful, with a lot of 'bling' that justifies its cost [0][1]. The product is noted for its impressive craftsmanship, being made of metal rather than cheap plastic, and having a substantial weight that adds to its premium feel [2][3]. It sparkles in the light, making it suitable for special occasions such as weddings and proms [2][3].",7.0
What’s the quality of the crystal crowns,"❤Gift Package for You: With this package you will get a crystal crown and a exquisite gift box. Best gift on Black Friday, Cyber Monday & Christmas.",1456,"['title: Yes!!!! \ntext: Wow!!! I was really surprised by the quality of the product. The crown is well made!!', 'title: Great quality \ntext: Using this for a photo shoot, it is beautiful very good quality and has some weight to it.', 'title: Quality \ntext: Beautify and heavy, just a little small for women, but for girls is perfect', ""title: Made with quality. \ntext: It showed up on time and looks amazing. Not cheap plastic like at the stores. Was metal and heavy but not to heavy. It sparkles in the light and can't wait to wear it at my wedding""]","The product has received positive feedback regarding its quality. One user expressed surprise at the well-made nature of the crown, highlighting its craftsmanship [0]. Another user noted that the product is beautiful, of very good quality, and has a substantial weight, making it suitable for a photo shoot [1]. While the product is described as beautiful and heavy, it is noted to be slightly small for women but perfect for girls [2]. Additionally, the product is praised for its timely arrival and impressive appearance, being made of metal rather than cheap plastic, and having a sparkling quality that makes it ideal for a wedding [3].",7.0
What’s the quality of the crystal crowns,"❤Gift Package for You: With this package you will get a crystal crown and a exquisite gift box. Best gift on Black Friday, Cyber Monday & Christmas.",1457,"['title: Yes!!!! \ntext: Wow!!! I was really surprised by the quality of the product. The crown is well made!!', 'title: Great quality \ntext: Using this for a photo shoot, it is beautiful very good quality and has some weight to it.', 'title: Quality \ntext: Beautify and heavy, just a little small for women, but for girls is perfect', ""title: Good quality. \ntext: I got this for prom. It has a weight to it. It doesn't look cheap and its very good for its price.""]","The product has received positive feedback regarding its quality. One user expressed surprise at the craftsmanship, noting that the crown is well made [0]. Another user highlighted its suitability for a photo shoot, describing it as beautiful, of very good quality, and possessing some weight [1]. A third comment mentioned that while the product is beautiful and heavy, it may be slightly small for women but perfect for girls [2]. Additionally, a user who purchased it for prom appreciated its weight and noted that it does not look cheap, considering it very good for its price [3].",6.0
What’s the quality of the crystal crowns,"❤Gift Package for You: With this package you will get a crystal crown and a exquisite gift box. Best gift on Black Friday, Cyber Monday & Christmas.",1467,"['title: Yes!!!! \ntext: Wow!!! I was really surprised by the quality of the product. The crown is well made!!', 'title: Great quality \ntext: Using this for a photo shoot, it is beautiful very good quality and has some weight to it.', ""title: Made with quality. \ntext: It showed up on time and looks amazing. Not cheap plastic like at the stores. Was metal and heavy but not to heavy. It sparkles in the light and can't wait to wear it at my wedding"", ""title: Good quality. \ntext: I got this for prom. It has a weight to it. It doesn't look cheap and its very good for its price.""]","The product has received positive feedback regarding its quality. One user expressed surprise at the well-made nature of the crown, highlighting its craftsmanship [0]. Another user noted that the product is beautiful, of very good quality, and has a substantial weight, making it suitable for a photo shoot [1]. Additionally, the product was described as being made of metal rather than cheap plastic, with a sparkling appearance, and was appreciated for its timely arrival and suitability for a wedding [2]. Lastly, a user mentioned that the product was purchased for prom, emphasizing its good quality, appropriate weight, and value for money [3].",7.0
What’s the quality of the crystal crowns,"❤Gift Package for You: With this package you will get a crystal crown and a exquisite gift box. Best gift on Black Friday, Cyber Monday & Christmas.",1567,"['title: Yes!!!! \ntext: Wow!!! I was really surprised by the quality of the product. The crown is well made!!', 'title: Quality \ntext: Beautify and heavy, just a little small for women, but for girls is perfect', ""title: Made with quality. \ntext: It showed up on time and looks amazing. Not cheap plastic like at the stores. Was metal and heavy but not to heavy. It sparkles in the light and can't wait to wear it at my wedding"", ""title: Good quality. \ntext: I got this for prom. It has a weight to it. It doesn't look cheap and its very good for its price.""]","The product has received positive feedback regarding its quality. One user expressed surprise at the well-made nature of the crown, highlighting its craftsmanship [0]. Another user noted that the product is beautiful and heavy, although slightly small for women, making it ideal for girls [1]. The product is described as being made of metal rather than cheap plastic, with a substantial weight that adds to its quality, and it sparkles in the light, making it suitable for special occasions like weddings [2]. Additionally, the product is praised for its good quality relative to its price, with a weight that suggests durability and a non-cheap appearance, making it a good choice for events like prom [3].",7.0
What’s the quality of the crystal crowns,"❤Gift Package for You: With this package you will get a crystal crown and a exquisite gift box. Best gift on Black Friday, Cyber Monday & Christmas.",2345,"['title: Quality is perfect \ntext: Perfect for my daughters costume! Its perfect for quality on all levels for me. Its heavier than a cheap one so it makes it valuable!', 'title: BEST QUALITY \ntext: This item was worth the $.  Its beautiful. Lots of BLING!', 'title: Great quality \ntext: Using this for a photo shoot, it is beautiful very good quality and has some weight to it.', 'title: Quality \ntext: Beautify and heavy, just a little small for women, but for girls is perfect']","The product is praised for its excellent quality, being described as perfect for various uses such as costumes and photo shoots due to its substantial weight and beautiful appearance. It is noted to be heavier than cheaper alternatives, which adds to its perceived value [0][2]. The item is also highlighted for its aesthetic appeal, featuring lots of 'bling' and being worth the price [1]. While it is considered a bit small for women, it is deemed perfect for girls [3].",7.0
What’s the quality of the crystal crowns,"❤Gift Package for You: With this package you will get a crystal crown and a exquisite gift box. Best gift on Black Friday, Cyber Monday & Christmas.",2346,"['title: Quality is perfect \ntext: Perfect for my daughters costume! Its perfect for quality on all levels for me. Its heavier than a cheap one so it makes it valuable!', 'title: BEST QUALITY \ntext: This item was worth the $.  Its beautiful. Lots of BLING!', 'title: Great quality \ntext: Using this for a photo shoot, it is beautiful very good quality and has some weight to it.', ""title: Made with quality. \ntext: It showed up on time and looks amazing. Not cheap plastic like at the stores. Was metal and heavy but not to heavy. It sparkles in the light and can't wait to wear it at my wedding""]","The product is consistently praised for its high quality across multiple reviews. One user highlights its suitability for a costume, noting its substantial weight compared to cheaper alternatives, which adds to its perceived value [0]. Another review emphasizes the product's worth, describing it as beautiful and adorned with 'bling' [1]. A third user appreciates its quality for a photo shoot, mentioning its beauty and weight [2]. Lastly, the product is described as being made of metal rather than cheap plastic, with a sparkling appearance, making it ideal for a wedding [3].",7.0
What’s the quality of the crystal crowns,"❤Gift Package for You: With this package you will get a crystal crown and a exquisite gift box. Best gift on Black Friday, Cyber Monday & Christmas.",2347,"['title: Quality is perfect \ntext: Perfect for my daughters costume! Its perfect for quality on all levels for me. Its heavier than a cheap one so it makes it valuable!', 'title: BEST QUALITY \ntext: This item was worth the $.  Its beautiful. Lots of BLING!', 'title: Great quality \ntext: Using this for a photo shoot, it is beautiful very good quality and has some weight to it.', ""title: Good quality. \ntext: I got this for prom. It has a weight to it. It doesn't look cheap and its very good for its price.""]","The product is consistently praised for its high quality across multiple reviews. One user highlights its suitability for a costume, noting that its heavier weight compared to cheaper alternatives adds to its perceived value [0]. Another review emphasizes the product's worth, describing it as beautiful and adorned with lots of 'bling' [1]. Additionally, the product is described as having a good weight and being of very good quality, making it ideal for a photo shoot [2]. Similarly, another user mentions its suitability for prom, appreciating its substantial weight and good value for the price [3].",7.0
What’s the quality of the crystal crowns,"❤Gift Package for You: With this package you will get a crystal crown and a exquisite gift box. Best gift on Black Friday, Cyber Monday & Christmas.",2356,"['title: Quality is perfect \ntext: Perfect for my daughters costume! Its perfect for quality on all levels for me. Its heavier than a cheap one so it makes it valuable!', 'title: BEST QUALITY \ntext: This item was worth the $.  Its beautiful. Lots of BLING!', 'title: Quality \ntext: Beautify and heavy, just a little small for women, but for girls is perfect', ""title: Made with quality. \ntext: It showed up on time and looks amazing. Not cheap plastic like at the stores. Was metal and heavy but not to heavy. It sparkles in the light and can't wait to wear it at my wedding""]","The product is praised for its high quality, with multiple users noting its substantial weight and valuable feel compared to cheaper alternatives. One user highlights its suitability for a costume, emphasizing its heavier and more valuable nature [0]. Another user appreciates the item's beauty and the presence of 'bling,' indicating satisfaction with the quality [1]. While one comment mentions that the product might be slightly small for women, it is deemed perfect for girls, reinforcing its quality and suitability for specific uses [2]. Additionally, the product is described as being made of metal rather than cheap plastic, adding to its perceived quality and aesthetic appeal, making it suitable for special occasions like weddings [3].",7.0
What’s the quality of the crystal crowns,"❤Gift Package for You: With this package you will get a crystal crown and a exquisite gift box. Best gift on Black Friday, Cyber Monday & Christmas.",2357,"['title: Quality is perfect \ntext: Perfect for my daughters costume! Its perfect for quality on all levels for me. Its heavier than a cheap one so it makes it valuable!', 'title: BEST QUALITY \ntext: This item was worth the $.  Its beautiful. Lots of BLING!', 'title: Quality \ntext: Beautify and heavy, just a little small for women, but for girls is perfect', ""title: Good quality. \ntext: I got this for prom. It has a weight to it. It doesn't look cheap and its very good for its price.""]","The product is consistently praised for its high quality across multiple reviews. One user highlights that it is perfect for a costume, noting its heavier weight compared to cheaper alternatives, which adds to its perceived value [0]. Another review emphasizes the product's worth, describing it as beautiful with lots of embellishments [1]. Additionally, the product is described as beautiful and heavy, though slightly small for women but ideal for girls [2]. Lastly, a user mentions that the product is suitable for prom, appreciating its substantial weight and good value for the price [3].",6.0
What’s the quality of the crystal crowns,"❤Gift Package for You: With this package you will get a crystal crown and a exquisite gift box. Best gift on Black Friday, Cyber Monday & Christmas.",2367,"['title: Quality is perfect \ntext: Perfect for my daughters costume! Its perfect for quality on all levels for me. Its heavier than a cheap one so it makes it valuable!', 'title: BEST QUALITY \ntext: This item was worth the $.  Its beautiful. Lots of BLING!', ""title: Made with quality. \ntext: It showed up on time and looks amazing. Not cheap plastic like at the stores. Was metal and heavy but not to heavy. It sparkles in the light and can't wait to wear it at my wedding"", ""title: Good quality. \ntext: I got this for prom. It has a weight to it. It doesn't look cheap and its very good for its price.""]","The product is consistently praised for its high quality across multiple reviews. One user highlights its suitability for a costume, noting that its weight and construction make it more valuable compared to cheaper alternatives [0]. Another review emphasizes the product's beauty and the presence of 'bling,' suggesting it was worth the price paid [1]. A third reviewer appreciates the timely delivery and the product's metal construction, which contrasts with cheaper plastic options, making it ideal for a wedding [2]. Lastly, a user who purchased the item for prom mentions its substantial weight and good value for the price, reinforcing the perception of quality [3].",7.0
What’s the quality of the crystal crowns,"❤Gift Package for You: With this package you will get a crystal crown and a exquisite gift box. Best gift on Black Friday, Cyber Monday & Christmas.",2456,"['title: Quality is perfect \ntext: Perfect for my daughters costume! Its perfect for quality on all levels for me. Its heavier than a cheap one so it makes it valuable!', 'title: Great quality \ntext: Using this for a photo shoot, it is beautiful very good quality and has some weight to it.', 'title: Quality \ntext: Beautify and heavy, just a little small for women, but for girls is perfect', ""title: Made with quality. \ntext: It showed up on time and looks amazing. Not cheap plastic like at the stores. Was metal and heavy but not to heavy. It sparkles in the light and can't wait to wear it at my wedding""]","The product is consistently praised for its high quality across multiple reviews. Users highlight its substantial weight, which contributes to its perceived value and distinguishes it from cheaper alternatives[0][1][3]. The material is noted to be metal rather than plastic, adding to its durability and aesthetic appeal[3]. While it is described as beautiful and suitable for various uses such as costumes and photo shoots, one user notes that it may be slightly small for women but perfect for girls[2]. Overall, the product's quality is affirmed through its appearance, material, and functionality[0][1][2][3].",7.0
What’s the quality of the crystal crowns,"❤Gift Package for You: With this package you will get a crystal crown and a exquisite gift box. Best gift on Black Friday, Cyber Monday & Christmas.",2457,"['title: Quality is perfect \ntext: Perfect for my daughters costume! Its perfect for quality on all levels for me. Its heavier than a cheap one so it makes it valuable!', 'title: Great quality \ntext: Using this for a photo shoot, it is beautiful very good quality and has some weight to it.', 'title: Quality \ntext: Beautify and heavy, just a little small for women, but for girls is perfect', ""title: Good quality. \ntext: I got this for prom. It has a weight to it. It doesn't look cheap and its very good for its price.""]","The product is consistently praised for its high quality, with multiple users noting its substantial weight as a positive attribute that adds to its perceived value. One user highlights its suitability for a costume, appreciating its heavier feel compared to cheaper alternatives, which enhances its value [0]. Another user describes it as beautiful and of very good quality, suitable for a photo shoot, and appreciates its weight [1]. While one user mentions it being slightly small for women, they still find it perfect for girls, emphasizing its beauty and heaviness [2]. Additionally, the product is described as having good quality for its price, with a weight that prevents it from looking cheap, making it a good choice for events like prom [3].",7.0
What’s the quality of the crystal crowns,"❤Gift Package for You: With this package you will get a crystal crown and a exquisite gift box. Best gift on Black Friday, Cyber Monday & Christmas.",2467,"['title: Quality is perfect \ntext: Perfect for my daughters costume! Its perfect for quality on all levels for me. Its heavier than a cheap one so it makes it valuable!', 'title: Great quality \ntext: Using this for a photo shoot, it is beautiful very good quality and has some weight to it.', ""title: Made with quality. \ntext: It showed up on time and looks amazing. Not cheap plastic like at the stores. Was metal and heavy but not to heavy. It sparkles in the light and can't wait to wear it at my wedding"", ""title: Good quality. \ntext: I got this for prom. It has a weight to it. It doesn't look cheap and its very good for its price.""]","The product is consistently praised for its high quality across multiple reviews. One user highlights its suitability for a costume, noting that its weight and quality make it valuable compared to cheaper alternatives [0]. Another user describes it as beautiful and of very good quality, suitable for a photo shoot, and appreciates its substantial weight [1]. A third review emphasizes the product's timely arrival and impressive appearance, contrasting it with cheaper plastic versions by highlighting its metal construction and appealing sparkle, making it ideal for a wedding [2]. Lastly, a user who purchased it for prom appreciates its good quality and reasonable price, noting that it does not look cheap and has a satisfying weight [3].",7.0
What’s the quality of the crystal crowns,"❤Gift Package for You: With this package you will get a crystal crown and a exquisite gift box. Best gift on Black Friday, Cyber Monday & Christmas.",2567,"['title: Quality is perfect \ntext: Perfect for my daughters costume! Its perfect for quality on all levels for me. Its heavier than a cheap one so it makes it valuable!', 'title: Quality \ntext: Beautify and heavy, just a little small for women, but for girls is perfect', ""title: Made with quality. \ntext: It showed up on time and looks amazing. Not cheap plastic like at the stores. Was metal and heavy but not to heavy. It sparkles in the light and can't wait to wear it at my wedding"", ""title: Good quality. \ntext: I got this for prom. It has a weight to it. It doesn't look cheap and its very good for its price.""]","The product is consistently praised for its high quality, with multiple users noting its substantial weight and valuable feel, which distinguishes it from cheaper alternatives. One user highlights its suitability for a costume, appreciating its heavier build as a sign of quality [0]. Another user mentions that while it is a bit small for women, it is perfect for girls, emphasizing its beautiful and heavy construction [1]. The product's metal composition and sparkling appearance are also noted, with one user expressing excitement to wear it at a wedding, further attesting to its quality [2]. Additionally, the product is described as having a good weight and not appearing cheap, making it a great value for its price [3].",7.0
What’s the quality of the crystal crowns,"❤Gift Package for You: With this package you will get a crystal crown and a exquisite gift box. Best gift on Black Friday, Cyber Monday & Christmas.",3456,"['title: BEST QUALITY \ntext: This item was worth the $.  Its beautiful. Lots of BLING!', 'title: Great quality \ntext: Using this for a photo shoot, it is beautiful very good quality and has some weight to it.', 'title: Quality \ntext: Beautify and heavy, just a little small for women, but for girls is perfect', ""title: Made with quality. \ntext: It showed up on time and looks amazing. Not cheap plastic like at the stores. Was metal and heavy but not to heavy. It sparkles in the light and can't wait to wear it at my wedding""]","The product is praised for its excellent quality, with multiple users highlighting its beauty and substantial weight, which adds to its perceived value [0][1][2][3]. It is described as having a lot of 'bling' and being made of metal rather than cheap plastic, which contributes to its durability and aesthetic appeal [0][3]. While it is noted to be slightly small for women, it is considered perfect for girls [2]. Overall, the product is seen as a worthwhile purchase, especially for special occasions like photo shoots and weddings [1][3].",7.0
What’s the quality of the crystal crowns,"❤Gift Package for You: With this package you will get a crystal crown and a exquisite gift box. Best gift on Black Friday, Cyber Monday & Christmas.",3457,"['title: BEST QUALITY \ntext: This item was worth the $.  Its beautiful. Lots of BLING!', 'title: Great quality \ntext: Using this for a photo shoot, it is beautiful very good quality and has some weight to it.', 'title: Quality \ntext: Beautify and heavy, just a little small for women, but for girls is perfect', ""title: Good quality. \ntext: I got this for prom. It has a weight to it. It doesn't look cheap and its very good for its price.""]","The product is praised for its excellent quality and aesthetic appeal, with multiple users highlighting its beauty and substantial weight, which contributes to a perception of high quality. One user noted that the item was worth the price and featured a lot of 'bling' [0]. Another user mentioned its suitability for a photo shoot, emphasizing its good quality and weight [1]. While one user found it slightly small for women, they acknowledged it as perfect for girls, reinforcing its quality and attractiveness [2]. Additionally, the product was described as having a good weight, not looking cheap, and being very good for its price, making it a suitable choice for events like prom [3].",6.0
What’s the quality of the crystal crowns,"❤Gift Package for You: With this package you will get a crystal crown and a exquisite gift box. Best gift on Black Friday, Cyber Monday & Christmas.",3467,"['title: BEST QUALITY \ntext: This item was worth the $.  Its beautiful. Lots of BLING!', 'title: Great quality \ntext: Using this for a photo shoot, it is beautiful very good quality and has some weight to it.', ""title: Made with quality. \ntext: It showed up on time and looks amazing. Not cheap plastic like at the stores. Was metal and heavy but not to heavy. It sparkles in the light and can't wait to wear it at my wedding"", ""title: Good quality. \ntext: I got this for prom. It has a weight to it. It doesn't look cheap and its very good for its price.""]","The product is consistently praised for its high quality and aesthetic appeal. Customers appreciate its beauty and the 'bling' it offers, indicating that it is worth the price paid [0]. It is described as having a good weight, which contributes to its perceived quality, making it suitable for special occasions like photo shoots [1]. The product is noted for being made of metal rather than cheap plastic, adding to its durability and attractiveness, with a sparkle that enhances its appearance [2]. Additionally, it is considered a good value for its price, as it does not look cheap and is well-suited for events like prom [3].",7.0
What’s the quality of the crystal crowns,"❤Gift Package for You: With this package you will get a crystal crown and a exquisite gift box. Best gift on Black Friday, Cyber Monday & Christmas.",3567,"['title: BEST QUALITY \ntext: This item was worth the $.  Its beautiful. Lots of BLING!', 'title: Quality \ntext: Beautify and heavy, just a little small for women, but for girls is perfect', ""title: Made with quality. \ntext: It showed up on time and looks amazing. Not cheap plastic like at the stores. Was metal and heavy but not to heavy. It sparkles in the light and can't wait to wear it at my wedding"", ""title: Good quality. \ntext: I got this for prom. It has a weight to it. It doesn't look cheap and its very good for its price.""]","The product is praised for its quality, with multiple users highlighting its aesthetic appeal and substantial weight. One user describes it as beautiful with lots of 'bling,' indicating satisfaction with its appearance and value for money [0]. Another user notes that while it is a bit small for women, it is perfect for girls, emphasizing its suitability for different age groups [1]. The product is also commended for being made of metal rather than cheap plastic, adding to its perceived quality and durability. It sparkles in the light, making it an attractive choice for special occasions like weddings [2]. Additionally, it is noted for having a good weight and not looking cheap, which makes it a great purchase for events like prom [3].",7.0
What’s the quality of the crystal crowns,"❤Gift Package for You: With this package you will get a crystal crown and a exquisite gift box. Best gift on Black Friday, Cyber Monday & Christmas.",4567,"['title: Great quality \ntext: Using this for a photo shoot, it is beautiful very good quality and has some weight to it.', 'title: Quality \ntext: Beautify and heavy, just a little small for women, but for girls is perfect', ""title: Made with quality. \ntext: It showed up on time and looks amazing. Not cheap plastic like at the stores. Was metal and heavy but not to heavy. It sparkles in the light and can't wait to wear it at my wedding"", ""title: Good quality. \ntext: I got this for prom. It has a weight to it. It doesn't look cheap and its very good for its price.""]","The product is consistently praised for its high quality and substantial weight, which contributes to its overall appeal. Users have noted that it is made from metal rather than cheap plastic, enhancing its durability and aesthetic value. It sparkles in the light, making it suitable for special occasions such as weddings and proms. However, one user mentioned that while the product is beautiful and heavy, it may be slightly small for women but perfect for girls [0][1][2][3].",7.0
What’s the quality of the crystal crowns,"❤Gift Package for You: With this package you will get a crystal crown and a exquisite gift box. Best gift on Black Friday, Cyber Monday & Christmas.",01234,"['title: quality made \ntext: The quality of the crown was much better that I had imagined it would be for the price.', 'title: Yes!!!! \ntext: Wow!!! I was really surprised by the quality of the product. The crown is well made!!', 'title: Quality is perfect \ntext: Perfect for my daughters costume! Its perfect for quality on all levels for me. Its heavier than a cheap one so it makes it valuable!', 'title: BEST QUALITY \ntext: This item was worth the $.  Its beautiful. Lots of BLING!', 'title: Great quality \ntext: Using this for a photo shoot, it is beautiful very good quality and has some weight to it.']","The comments consistently highlight the high quality of the crown, exceeding expectations given its price point. One user noted that the quality was much better than anticipated, emphasizing the value for money [0]. Another user expressed surprise at the well-made nature of the product, reinforcing the positive perception of its craftsmanship [1]. The crown was described as perfect for a costume, with its weight contributing to its perceived value, distinguishing it from cheaper alternatives [2]. Additionally, the item was praised for its beauty and 'bling', further underscoring its worth [3]. Lastly, the crown's suitability for a photo shoot was mentioned, with its good quality and weight being notable features [4].",7.0
What’s the quality of the crystal crowns,"❤Gift Package for You: With this package you will get a crystal crown and a exquisite gift box. Best gift on Black Friday, Cyber Monday & Christmas.",01235,"['title: quality made \ntext: The quality of the crown was much better that I had imagined it would be for the price.', 'title: Yes!!!! \ntext: Wow!!! I was really surprised by the quality of the product. The crown is well made!!', 'title: Quality is perfect \ntext: Perfect for my daughters costume! Its perfect for quality on all levels for me. Its heavier than a cheap one so it makes it valuable!', 'title: BEST QUALITY \ntext: This item was worth the $.  Its beautiful. Lots of BLING!', 'title: Quality \ntext: Beautify and heavy, just a little small for women, but for girls is perfect']","The product, specifically the crown, has been consistently praised for its high quality, exceeding expectations given its price point [0]. Customers have expressed surprise and satisfaction with the craftsmanship, noting that the crown is well-made [1]. It is described as perfect for costumes, with a weight that adds to its perceived value, distinguishing it from cheaper alternatives [2]. The crown is considered beautiful and worth the cost, with an appealing aesthetic [3]. However, while it is noted for being both beautiful and heavy, it may be slightly small for women, though it fits girls perfectly [4].",6.0
What’s the quality of the crystal crowns,"❤Gift Package for You: With this package you will get a crystal crown and a exquisite gift box. Best gift on Black Friday, Cyber Monday & Christmas.",01236,"['title: quality made \ntext: The quality of the crown was much better that I had imagined it would be for the price.', 'title: Yes!!!! \ntext: Wow!!! I was really surprised by the quality of the product. The crown is well made!!', 'title: Quality is perfect \ntext: Perfect for my daughters costume! Its perfect for quality on all levels for me. Its heavier than a cheap one so it makes it valuable!', 'title: BEST QUALITY \ntext: This item was worth the $.  Its beautiful. Lots of BLING!', ""title: Made with quality. \ntext: It showed up on time and looks amazing. Not cheap plastic like at the stores. Was metal and heavy but not to heavy. It sparkles in the light and can't wait to wear it at my wedding""]","The product, specifically a crown, has received positive feedback regarding its quality. Customers have expressed surprise and satisfaction with the craftsmanship, noting that it exceeded expectations given the price point [0][1]. The crown is described as being well-made, with a weight that suggests durability and value, making it suitable for various uses such as costumes [2]. Additionally, the crown's aesthetic appeal, including its sparkle and substantial material, has been highlighted as a significant advantage, contributing to its perceived worth [3][4].",7.0
What’s the quality of the crystal crowns,"❤Gift Package for You: With this package you will get a crystal crown and a exquisite gift box. Best gift on Black Friday, Cyber Monday & Christmas.",01237,"['title: quality made \ntext: The quality of the crown was much better that I had imagined it would be for the price.', 'title: Yes!!!! \ntext: Wow!!! I was really surprised by the quality of the product. The crown is well made!!', 'title: Quality is perfect \ntext: Perfect for my daughters costume! Its perfect for quality on all levels for me. Its heavier than a cheap one so it makes it valuable!', 'title: BEST QUALITY \ntext: This item was worth the $.  Its beautiful. Lots of BLING!', ""title: Good quality. \ntext: I got this for prom. It has a weight to it. It doesn't look cheap and its very good for its price.""]","The comments consistently highlight the high quality of the crown, exceeding expectations given its price. One user noted that the quality was much better than anticipated, especially considering the cost [0]. Another user expressed surprise at the well-made nature of the product [1]. The crown was described as perfect for a costume, with its weight contributing to its perceived value, distinguishing it from cheaper alternatives [2]. Additionally, the item was praised for its beauty and the amount of 'bling' it offers, making it worth the price [3]. Finally, another user mentioned that the crown's weight and appearance do not suggest it is cheap, further emphasizing its good quality for the price [4].",6.0
What’s the quality of the crystal crowns,"❤Gift Package for You: With this package you will get a crystal crown and a exquisite gift box. Best gift on Black Friday, Cyber Monday & Christmas.",01245,"['title: quality made \ntext: The quality of the crown was much better that I had imagined it would be for the price.', 'title: Yes!!!! \ntext: Wow!!! I was really surprised by the quality of the product. The crown is well made!!', 'title: Quality is perfect \ntext: Perfect for my daughters costume! Its perfect for quality on all levels for me. Its heavier than a cheap one so it makes it valuable!', 'title: Great quality \ntext: Using this for a photo shoot, it is beautiful very good quality and has some weight to it.', 'title: Quality \ntext: Beautify and heavy, just a little small for women, but for girls is perfect']","The product, specifically a crown, has received positive feedback regarding its quality. Customers have expressed surprise and satisfaction with the craftsmanship, noting that it exceeded expectations given the price point [0][1]. The crown is described as well-made, with a weight that adds to its perceived value, making it suitable for various uses such as costumes and photo shoots [2][3]. While it is noted to be slightly small for women, it is considered perfect for girls [4].",7.0
What’s the quality of the crystal crowns,"❤Gift Package for You: With this package you will get a crystal crown and a exquisite gift box. Best gift on Black Friday, Cyber Monday & Christmas.",01246,"['title: quality made \ntext: The quality of the crown was much better that I had imagined it would be for the price.', 'title: Yes!!!! \ntext: Wow!!! I was really surprised by the quality of the product. The crown is well made!!', 'title: Quality is perfect \ntext: Perfect for my daughters costume! Its perfect for quality on all levels for me. Its heavier than a cheap one so it makes it valuable!', 'title: Great quality \ntext: Using this for a photo shoot, it is beautiful very good quality and has some weight to it.', ""title: Made with quality. \ntext: It showed up on time and looks amazing. Not cheap plastic like at the stores. Was metal and heavy but not to heavy. It sparkles in the light and can't wait to wear it at my wedding""]","The product, specifically a crown, has received positive feedback regarding its quality. Customers have expressed surprise and satisfaction with the craftsmanship, noting that it exceeded expectations given the price point [0][1]. The crown is described as well-made, with a weight that adds to its perceived value, making it suitable for various uses such as costumes and photo shoots [2][3]. Additionally, the crown is made of metal rather than plastic, contributing to its durability and aesthetic appeal, as it sparkles in the light [4].",7.0
What’s the quality of the crystal crowns,"❤Gift Package for You: With this package you will get a crystal crown and a exquisite gift box. Best gift on Black Friday, Cyber Monday & Christmas.",01247,"['title: quality made \ntext: The quality of the crown was much better that I had imagined it would be for the price.', 'title: Yes!!!! \ntext: Wow!!! I was really surprised by the quality of the product. The crown is well made!!', 'title: Quality is perfect \ntext: Perfect for my daughters costume! Its perfect for quality on all levels for me. Its heavier than a cheap one so it makes it valuable!', 'title: Great quality \ntext: Using this for a photo shoot, it is beautiful very good quality and has some weight to it.', ""title: Good quality. \ntext: I got this for prom. It has a weight to it. It doesn't look cheap and its very good for its price.""]","The product, specifically the crown, has been consistently praised for its high quality, exceeding expectations given its price point. Customers have noted that the crown is well-made and heavier than cheaper alternatives, which adds to its perceived value [0][1][2][3][4]. It has been described as perfect for various uses, such as costumes and photo shoots, due to its beautiful appearance and substantial weight, which contributes to its overall quality [2][3][4].",7.0
What’s the quality of the crystal crowns,"❤Gift Package for You: With this package you will get a crystal crown and a exquisite gift box. Best gift on Black Friday, Cyber Monday & Christmas.",01256,"['title: quality made \ntext: The quality of the crown was much better that I had imagined it would be for the price.', 'title: Yes!!!! \ntext: Wow!!! I was really surprised by the quality of the product. The crown is well made!!', 'title: Quality is perfect \ntext: Perfect for my daughters costume! Its perfect for quality on all levels for me. Its heavier than a cheap one so it makes it valuable!', 'title: Quality \ntext: Beautify and heavy, just a little small for women, but for girls is perfect', ""title: Made with quality. \ntext: It showed up on time and looks amazing. Not cheap plastic like at the stores. Was metal and heavy but not to heavy. It sparkles in the light and can't wait to wear it at my wedding""]","The product, specifically a crown, has received positive feedback regarding its quality. Customers have expressed surprise and satisfaction with the craftsmanship, noting that it exceeded expectations given the price point [0][1]. The crown is described as well-made, with a weight that adds to its perceived value, making it suitable for costumes and special occasions [2][3]. It is made of metal rather than cheap plastic, which contributes to its durability and aesthetic appeal, as it sparkles in the light [4].",7.0
What’s the quality of the crystal crowns,"❤Gift Package for You: With this package you will get a crystal crown and a exquisite gift box. Best gift on Black Friday, Cyber Monday & Christmas.",01257,"['title: quality made \ntext: The quality of the crown was much better that I had imagined it would be for the price.', 'title: Yes!!!! \ntext: Wow!!! I was really surprised by the quality of the product. The crown is well made!!', 'title: Quality is perfect \ntext: Perfect for my daughters costume! Its perfect for quality on all levels for me. Its heavier than a cheap one so it makes it valuable!', 'title: Quality \ntext: Beautify and heavy, just a little small for women, but for girls is perfect', ""title: Good quality. \ntext: I got this for prom. It has a weight to it. It doesn't look cheap and its very good for its price.""]","The product, specifically a crown, has received positive feedback regarding its quality. Users have expressed surprise and satisfaction with the craftsmanship, noting that it exceeded expectations given the price point [0][1]. The crown is described as well-made, with a substantial weight that adds to its perceived value, distinguishing it from cheaper alternatives [2][4]. While it is noted to be slightly small for women, it is considered perfect for girls, making it suitable for specific uses such as costumes or events like prom [3][4]. Overall, the crown is praised for its quality and value for money [0][1][2][4].",6.0
What’s the quality of the crystal crowns,"❤Gift Package for You: With this package you will get a crystal crown and a exquisite gift box. Best gift on Black Friday, Cyber Monday & Christmas.",01267,"['title: quality made \ntext: The quality of the crown was much better that I had imagined it would be for the price.', 'title: Yes!!!! \ntext: Wow!!! I was really surprised by the quality of the product. The crown is well made!!', 'title: Quality is perfect \ntext: Perfect for my daughters costume! Its perfect for quality on all levels for me. Its heavier than a cheap one so it makes it valuable!', ""title: Made with quality. \ntext: It showed up on time and looks amazing. Not cheap plastic like at the stores. Was metal and heavy but not to heavy. It sparkles in the light and can't wait to wear it at my wedding"", ""title: Good quality. \ntext: I got this for prom. It has a weight to it. It doesn't look cheap and its very good for its price.""]","The product, specifically a crown, has received positive feedback regarding its quality. Customers have expressed surprise and satisfaction with the craftsmanship, noting that it exceeded their expectations given the price point [0][1]. The crown is described as perfect for various uses, such as costumes, due to its substantial weight and perceived value, distinguishing it from cheaper alternatives [2]. It is made of metal, not plastic, and has a pleasing aesthetic, making it suitable for special occasions like weddings [3]. Additionally, it is considered a good purchase for events like prom, as it is well-made and reasonably priced [4].",7.0
What’s the quality of the crystal crowns,"❤Gift Package for You: With this package you will get a crystal crown and a exquisite gift box. Best gift on Black Friday, Cyber Monday & Christmas.",01345,"['title: quality made \ntext: The quality of the crown was much better that I had imagined it would be for the price.', 'title: Yes!!!! \ntext: Wow!!! I was really surprised by the quality of the product. The crown is well made!!', 'title: BEST QUALITY \ntext: This item was worth the $.  Its beautiful. Lots of BLING!', 'title: Great quality \ntext: Using this for a photo shoot, it is beautiful very good quality and has some weight to it.', 'title: Quality \ntext: Beautify and heavy, just a little small for women, but for girls is perfect']","The comments consistently praise the quality of the crown, highlighting that it exceeded expectations given its price point [0]. Users express surprise and satisfaction with the craftsmanship, noting that the crown is well-made [1]. The product is described as beautiful and worth the cost, with an emphasis on its aesthetic appeal and 'bling' [2]. Additionally, the crown is noted for its good quality and substantial weight, making it suitable for purposes such as photo shoots [3]. However, while the crown is described as beautiful and heavy, it is mentioned that it might be slightly small for women but perfect for girls [4].",6.0
What’s the quality of the crystal crowns,"❤Gift Package for You: With this package you will get a crystal crown and a exquisite gift box. Best gift on Black Friday, Cyber Monday & Christmas.",01346,"['title: quality made \ntext: The quality of the crown was much better that I had imagined it would be for the price.', 'title: Yes!!!! \ntext: Wow!!! I was really surprised by the quality of the product. The crown is well made!!', 'title: BEST QUALITY \ntext: This item was worth the $.  Its beautiful. Lots of BLING!', 'title: Great quality \ntext: Using this for a photo shoot, it is beautiful very good quality and has some weight to it.', ""title: Made with quality. \ntext: It showed up on time and looks amazing. Not cheap plastic like at the stores. Was metal and heavy but not to heavy. It sparkles in the light and can't wait to wear it at my wedding""]","The comments consistently highlight the high quality of the crown, exceeding expectations given its price point. Users express surprise and satisfaction with the craftsmanship, noting that the crown is well-made and beautiful, with a significant amount of sparkle and 'bling' [0][1][2]. The crown is described as having a good weight, indicating it is made of metal rather than cheap plastic, which adds to its perceived value and suitability for special occasions like photo shoots and weddings [3][4].",7.0
What’s the quality of the crystal crowns,"❤Gift Package for You: With this package you will get a crystal crown and a exquisite gift box. Best gift on Black Friday, Cyber Monday & Christmas.",01347,"['title: quality made \ntext: The quality of the crown was much better that I had imagined it would be for the price.', 'title: Yes!!!! \ntext: Wow!!! I was really surprised by the quality of the product. The crown is well made!!', 'title: BEST QUALITY \ntext: This item was worth the $.  Its beautiful. Lots of BLING!', 'title: Great quality \ntext: Using this for a photo shoot, it is beautiful very good quality and has some weight to it.', ""title: Good quality. \ntext: I got this for prom. It has a weight to it. It doesn't look cheap and its very good for its price.""]","The comments consistently highlight the high quality of the crown, exceeding expectations given its price. One user noted that the quality was much better than anticipated, especially considering the cost [0]. Another user expressed surprise at how well-made the crown was, emphasizing its impressive craftsmanship [1]. The product was described as beautiful and worth the money, with a notable amount of 'bling' [2]. Additionally, the crown was praised for its suitability for a photo shoot, being both beautiful and of very good quality, with a substantial weight [3]. Similarly, another user mentioned that the crown was a good purchase for prom, noting its weight and the fact that it does not look cheap, making it a great value for its price [4].",6.0
What’s the quality of the crystal crowns,"❤Gift Package for You: With this package you will get a crystal crown and a exquisite gift box. Best gift on Black Friday, Cyber Monday & Christmas.",01356,"['title: quality made \ntext: The quality of the crown was much better that I had imagined it would be for the price.', 'title: Yes!!!! \ntext: Wow!!! I was really surprised by the quality of the product. The crown is well made!!', 'title: BEST QUALITY \ntext: This item was worth the $.  Its beautiful. Lots of BLING!', 'title: Quality \ntext: Beautify and heavy, just a little small for women, but for girls is perfect', ""title: Made with quality. \ntext: It showed up on time and looks amazing. Not cheap plastic like at the stores. Was metal and heavy but not to heavy. It sparkles in the light and can't wait to wear it at my wedding""]","The product, specifically a crown, has received positive feedback regarding its quality. Customers have expressed surprise and satisfaction with the craftsmanship, noting that it exceeded expectations given the price point [0][1]. The crown is described as beautiful and worth the cost, with an appealing amount of sparkle [2]. While it is noted to be a bit small for women, it is considered perfect for girls [3]. The crown is made of metal, not cheap plastic, and is described as heavy but not overly so, adding to its perceived quality and aesthetic appeal [4].",7.0
What’s the quality of the crystal crowns,"❤Gift Package for You: With this package you will get a crystal crown and a exquisite gift box. Best gift on Black Friday, Cyber Monday & Christmas.",01357,"['title: quality made \ntext: The quality of the crown was much better that I had imagined it would be for the price.', 'title: Yes!!!! \ntext: Wow!!! I was really surprised by the quality of the product. The crown is well made!!', 'title: BEST QUALITY \ntext: This item was worth the $.  Its beautiful. Lots of BLING!', 'title: Quality \ntext: Beautify and heavy, just a little small for women, but for girls is perfect', ""title: Good quality. \ntext: I got this for prom. It has a weight to it. It doesn't look cheap and its very good for its price.""]","The comments consistently highlight the high quality of the product, particularly the crown, which exceeded expectations given its price. One user noted that the crown was much better than anticipated for the cost, indicating a positive surprise regarding its quality [0]. Another user expressed amazement at the craftsmanship, describing the crown as well-made [1]. The product was also described as beautiful and worth the money, with an emphasis on its aesthetic appeal and 'bling' [2]. Additionally, the crown was noted to be both beautiful and heavy, though slightly small for women, making it ideal for girls [3]. Lastly, the crown was praised for its substantial weight and non-cheap appearance, making it a great value for its price [4].",6.0
What’s the quality of the crystal crowns,"❤Gift Package for You: With this package you will get a crystal crown and a exquisite gift box. Best gift on Black Friday, Cyber Monday & Christmas.",01367,"['title: quality made \ntext: The quality of the crown was much better that I had imagined it would be for the price.', 'title: Yes!!!! \ntext: Wow!!! I was really surprised by the quality of the product. The crown is well made!!', 'title: BEST QUALITY \ntext: This item was worth the $.  Its beautiful. Lots of BLING!', ""title: Made with quality. \ntext: It showed up on time and looks amazing. Not cheap plastic like at the stores. Was metal and heavy but not to heavy. It sparkles in the light and can't wait to wear it at my wedding"", ""title: Good quality. \ntext: I got this for prom. It has a weight to it. It doesn't look cheap and its very good for its price.""]","The product, specifically a crown, has received positive feedback regarding its quality. Customers have expressed surprise and satisfaction with the craftsmanship, noting that it exceeded expectations given the price [0][1]. The crown is described as beautiful and worth the cost, with an impressive amount of sparkle [2]. It is made of metal, providing a substantial feel without being overly heavy, and is not made of cheap plastic like some store-bought alternatives [3]. Additionally, the crown is praised for its good value, as it appears more expensive than it is, making it a great choice for events like prom [4].",7.0
What’s the quality of the crystal crowns,"❤Gift Package for You: With this package you will get a crystal crown and a exquisite gift box. Best gift on Black Friday, Cyber Monday & Christmas.",01456,"['title: quality made \ntext: The quality of the crown was much better that I had imagined it would be for the price.', 'title: Yes!!!! \ntext: Wow!!! I was really surprised by the quality of the product. The crown is well made!!', 'title: Great quality \ntext: Using this for a photo shoot, it is beautiful very good quality and has some weight to it.', 'title: Quality \ntext: Beautify and heavy, just a little small for women, but for girls is perfect', ""title: Made with quality. \ntext: It showed up on time and looks amazing. Not cheap plastic like at the stores. Was metal and heavy but not to heavy. It sparkles in the light and can't wait to wear it at my wedding""]","The product, a crown, has received positive feedback regarding its quality. Customers have expressed surprise and satisfaction with the craftsmanship, noting that it exceeded expectations given the price point [0][1]. The crown is described as beautiful, well-made, and possessing a substantial weight, which contributes to its perceived quality [2][3]. Additionally, it is made of metal rather than plastic, adding to its durability and aesthetic appeal, making it suitable for special occasions such as weddings [4].",7.0
What’s the quality of the crystal crowns,"❤Gift Package for You: With this package you will get a crystal crown and a exquisite gift box. Best gift on Black Friday, Cyber Monday & Christmas.",01457,"['title: quality made \ntext: The quality of the crown was much better that I had imagined it would be for the price.', 'title: Yes!!!! \ntext: Wow!!! I was really surprised by the quality of the product. The crown is well made!!', 'title: Great quality \ntext: Using this for a photo shoot, it is beautiful very good quality and has some weight to it.', 'title: Quality \ntext: Beautify and heavy, just a little small for women, but for girls is perfect', ""title: Good quality. \ntext: I got this for prom. It has a weight to it. It doesn't look cheap and its very good for its price.""]","The product, specifically the crown, has received positive feedback regarding its quality. Users have expressed surprise and satisfaction with the craftsmanship, noting that it exceeded expectations given the price point [0][1]. The crown is described as beautiful, well-made, and possessing a substantial weight, which contributes to its perceived value [2][4]. However, one user mentioned that while the crown is heavy and well-suited for girls, it might be slightly small for women [3]. Overall, the crown is considered to be of great quality and a good purchase for its price [4].",6.0
What’s the quality of the crystal crowns,"❤Gift Package for You: With this package you will get a crystal crown and a exquisite gift box. Best gift on Black Friday, Cyber Monday & Christmas.",01467,"['title: quality made \ntext: The quality of the crown was much better that I had imagined it would be for the price.', 'title: Yes!!!! \ntext: Wow!!! I was really surprised by the quality of the product. The crown is well made!!', 'title: Great quality \ntext: Using this for a photo shoot, it is beautiful very good quality and has some weight to it.', ""title: Made with quality. \ntext: It showed up on time and looks amazing. Not cheap plastic like at the stores. Was metal and heavy but not to heavy. It sparkles in the light and can't wait to wear it at my wedding"", ""title: Good quality. \ntext: I got this for prom. It has a weight to it. It doesn't look cheap and its very good for its price.""]","The product, specifically a crown, has received positive feedback regarding its quality. Customers have expressed surprise and satisfaction with the craftsmanship, noting that it exceeded expectations given the price point [0][1]. The crown is described as beautiful, well-made, and possessing a substantial weight, which contributes to its perceived quality [2][3]. It is made of metal rather than cheap plastic, adding to its durability and aesthetic appeal, making it suitable for special occasions like weddings and proms [3][4]. Overall, the crown is considered a high-quality product that offers good value for money [0][4].",7.0
What’s the quality of the crystal crowns,"❤Gift Package for You: With this package you will get a crystal crown and a exquisite gift box. Best gift on Black Friday, Cyber Monday & Christmas.",01567,"['title: quality made \ntext: The quality of the crown was much better that I had imagined it would be for the price.', 'title: Yes!!!! \ntext: Wow!!! I was really surprised by the quality of the product. The crown is well made!!', 'title: Quality \ntext: Beautify and heavy, just a little small for women, but for girls is perfect', ""title: Made with quality. \ntext: It showed up on time and looks amazing. Not cheap plastic like at the stores. Was metal and heavy but not to heavy. It sparkles in the light and can't wait to wear it at my wedding"", ""title: Good quality. \ntext: I got this for prom. It has a weight to it. It doesn't look cheap and its very good for its price.""]","The product, a crown, has been consistently praised for its quality, exceeding expectations given its price point. Customers have noted that the crown is well-made, with a substantial weight that suggests durability and quality materials, such as metal instead of cheap plastic[0][1][3][4]. While it is described as beautiful and heavy, it may be slightly small for women but is perfect for girls[2]. Overall, the crown is considered a great value for its price, with a sparkling appearance that makes it suitable for special occasions like weddings and proms[3][4].",7.0
What’s the quality of the crystal crowns,"❤Gift Package for You: With this package you will get a crystal crown and a exquisite gift box. Best gift on Black Friday, Cyber Monday & Christmas.",02345,"['title: quality made \ntext: The quality of the crown was much better that I had imagined it would be for the price.', 'title: Quality is perfect \ntext: Perfect for my daughters costume! Its perfect for quality on all levels for me. Its heavier than a cheap one so it makes it valuable!', 'title: BEST QUALITY \ntext: This item was worth the $.  Its beautiful. Lots of BLING!', 'title: Great quality \ntext: Using this for a photo shoot, it is beautiful very good quality and has some weight to it.', 'title: Quality \ntext: Beautify and heavy, just a little small for women, but for girls is perfect']","The product is consistently praised for its high quality, exceeding expectations given its price point [0]. Customers appreciate its suitability for costumes, noting that its weight adds to its perceived value and quality [1]. The item is described as beautiful and worth the cost, with an emphasis on its aesthetic appeal and 'bling' [2]. It is also highlighted for its good quality and substantial weight, making it ideal for uses such as photo shoots [3]. While the product is noted to be slightly small for women, it is considered perfect for girls, maintaining its beauty and heft [4].",7.0
What’s the quality of the crystal crowns,"❤Gift Package for You: With this package you will get a crystal crown and a exquisite gift box. Best gift on Black Friday, Cyber Monday & Christmas.",02346,"['title: quality made \ntext: The quality of the crown was much better that I had imagined it would be for the price.', 'title: Quality is perfect \ntext: Perfect for my daughters costume! Its perfect for quality on all levels for me. Its heavier than a cheap one so it makes it valuable!', 'title: BEST QUALITY \ntext: This item was worth the $.  Its beautiful. Lots of BLING!', 'title: Great quality \ntext: Using this for a photo shoot, it is beautiful very good quality and has some weight to it.', ""title: Made with quality. \ntext: It showed up on time and looks amazing. Not cheap plastic like at the stores. Was metal and heavy but not to heavy. It sparkles in the light and can't wait to wear it at my wedding""]","The product is consistently praised for its high quality, exceeding expectations given its price point [0]. Customers appreciate its substantial weight, which adds to its perceived value and distinguishes it from cheaper alternatives [1][4]. The item is described as beautiful and adorned with 'bling,' making it worth the cost [2]. It is noted for its suitability for various uses, such as photo shoots, due to its aesthetic appeal and good quality [3]. Additionally, the product is made of metal rather than plastic, enhancing its durability and appearance, and it is anticipated to be a standout accessory for special occasions like weddings [4].",7.0
What’s the quality of the crystal crowns,"❤Gift Package for You: With this package you will get a crystal crown and a exquisite gift box. Best gift on Black Friday, Cyber Monday & Christmas.",02347,"['title: quality made \ntext: The quality of the crown was much better that I had imagined it would be for the price.', 'title: Quality is perfect \ntext: Perfect for my daughters costume! Its perfect for quality on all levels for me. Its heavier than a cheap one so it makes it valuable!', 'title: BEST QUALITY \ntext: This item was worth the $.  Its beautiful. Lots of BLING!', 'title: Great quality \ntext: Using this for a photo shoot, it is beautiful very good quality and has some weight to it.', ""title: Good quality. \ntext: I got this for prom. It has a weight to it. It doesn't look cheap and its very good for its price.""]","The product is consistently praised for its high quality, exceeding expectations given its price point. Customers appreciate its substantial weight, which contributes to its perceived value and distinguishes it from cheaper alternatives [0][1][3][4]. The item is described as beautiful and adorned with 'lots of bling,' making it a worthwhile purchase [2]. Overall, the product is deemed perfect for various uses, including costumes and photo shoots, due to its impressive quality [1][3].",7.0
What’s the quality of the crystal crowns,"❤Gift Package for You: With this package you will get a crystal crown and a exquisite gift box. Best gift on Black Friday, Cyber Monday & Christmas.",02356,"['title: quality made \ntext: The quality of the crown was much better that I had imagined it would be for the price.', 'title: Quality is perfect \ntext: Perfect for my daughters costume! Its perfect for quality on all levels for me. Its heavier than a cheap one so it makes it valuable!', 'title: BEST QUALITY \ntext: This item was worth the $.  Its beautiful. Lots of BLING!', 'title: Quality \ntext: Beautify and heavy, just a little small for women, but for girls is perfect', ""title: Made with quality. \ntext: It showed up on time and looks amazing. Not cheap plastic like at the stores. Was metal and heavy but not to heavy. It sparkles in the light and can't wait to wear it at my wedding""]","The product is consistently praised for its high quality, exceeding expectations given its price point [0]. Customers appreciate its suitability for costumes, noting its substantial weight compared to cheaper alternatives, which adds to its perceived value [1]. The item is described as beautiful and worth the cost, with an impressive amount of sparkle [2]. While it is noted to be slightly small for women, it is deemed perfect for girls [3]. The product is made of metal rather than plastic, contributing to its durability and aesthetic appeal, making it a desirable choice for special occasions like weddings [4].",7.0
What’s the quality of the crystal crowns,"❤Gift Package for You: With this package you will get a crystal crown and a exquisite gift box. Best gift on Black Friday, Cyber Monday & Christmas.",02357,"['title: quality made \ntext: The quality of the crown was much better that I had imagined it would be for the price.', 'title: Quality is perfect \ntext: Perfect for my daughters costume! Its perfect for quality on all levels for me. Its heavier than a cheap one so it makes it valuable!', 'title: BEST QUALITY \ntext: This item was worth the $.  Its beautiful. Lots of BLING!', 'title: Quality \ntext: Beautify and heavy, just a little small for women, but for girls is perfect', ""title: Good quality. \ntext: I got this for prom. It has a weight to it. It doesn't look cheap and its very good for its price.""]","The product is consistently praised for its high quality, exceeding expectations given its price point. One user noted that the crown's quality was much better than anticipated for the cost [0]. Another user highlighted that the product was perfect for a costume, emphasizing its substantial weight compared to cheaper alternatives, which added to its perceived value [1]. The item is described as beautiful and worth the money, with a notable amount of decorative elements [2]. While it is considered beautiful and heavy, one user mentioned it might be slightly small for women but perfect for girls [3]. Additionally, the product is appreciated for its weight and appearance, as it does not look cheap and offers good value for its price [4].",6.0
What’s the quality of the crystal crowns,"❤Gift Package for You: With this package you will get a crystal crown and a exquisite gift box. Best gift on Black Friday, Cyber Monday & Christmas.",02367,"['title: quality made \ntext: The quality of the crown was much better that I had imagined it would be for the price.', 'title: Quality is perfect \ntext: Perfect for my daughters costume! Its perfect for quality on all levels for me. Its heavier than a cheap one so it makes it valuable!', 'title: BEST QUALITY \ntext: This item was worth the $.  Its beautiful. Lots of BLING!', ""title: Made with quality. \ntext: It showed up on time and looks amazing. Not cheap plastic like at the stores. Was metal and heavy but not to heavy. It sparkles in the light and can't wait to wear it at my wedding"", ""title: Good quality. \ntext: I got this for prom. It has a weight to it. It doesn't look cheap and its very good for its price.""]","The product is consistently praised for its high quality, exceeding expectations given its price point. Customers appreciate the crown's substantial weight, which adds to its perceived value and distinguishes it from cheaper alternatives[0][1][3][4]. The item is described as beautiful and adorned with plenty of 'bling,' making it worth the cost[2]. It is made of metal rather than plastic, contributing to its durability and aesthetic appeal, and it sparkles attractively in the light[3]. Overall, the product is considered perfect for various occasions, such as costumes, weddings, and proms, due to its impressive quality and appearance[1][3][4].",7.0
What’s the quality of the crystal crowns,"❤Gift Package for You: With this package you will get a crystal crown and a exquisite gift box. Best gift on Black Friday, Cyber Monday & Christmas.",02456,"['title: quality made \ntext: The quality of the crown was much better that I had imagined it would be for the price.', 'title: Quality is perfect \ntext: Perfect for my daughters costume! Its perfect for quality on all levels for me. Its heavier than a cheap one so it makes it valuable!', 'title: Great quality \ntext: Using this for a photo shoot, it is beautiful very good quality and has some weight to it.', 'title: Quality \ntext: Beautify and heavy, just a little small for women, but for girls is perfect', ""title: Made with quality. \ntext: It showed up on time and looks amazing. Not cheap plastic like at the stores. Was metal and heavy but not to heavy. It sparkles in the light and can't wait to wear it at my wedding""]","The product is consistently praised for its high quality, exceeding expectations given its price point [0]. It is described as perfect for costumes, with a weight that adds value compared to cheaper alternatives [1]. Users appreciate its beauty and substantial weight, making it suitable for photo shoots [2]. While it is noted to be slightly small for women, it is deemed perfect for girls [3]. The product is made of metal rather than plastic, adding to its durability and aesthetic appeal, making it suitable for special occasions like weddings [4].",7.0
What’s the quality of the crystal crowns,"❤Gift Package for You: With this package you will get a crystal crown and a exquisite gift box. Best gift on Black Friday, Cyber Monday & Christmas.",02457,"['title: quality made \ntext: The quality of the crown was much better that I had imagined it would be for the price.', 'title: Quality is perfect \ntext: Perfect for my daughters costume! Its perfect for quality on all levels for me. Its heavier than a cheap one so it makes it valuable!', 'title: Great quality \ntext: Using this for a photo shoot, it is beautiful very good quality and has some weight to it.', 'title: Quality \ntext: Beautify and heavy, just a little small for women, but for girls is perfect', ""title: Good quality. \ntext: I got this for prom. It has a weight to it. It doesn't look cheap and its very good for its price.""]","The product is consistently praised for its high quality, exceeding expectations given its price point. Customers appreciate its substantial weight, which contributes to its perceived value and distinguishes it from cheaper alternatives [0][1][2][4]. It is described as beautiful and suitable for various uses, such as costumes and photo shoots, highlighting its versatility and aesthetic appeal [1][2]. While it is noted to be slightly small for women, it is deemed perfect for girls, indicating its suitability for specific demographics [3]. Overall, the product is considered to be of very good quality and a worthwhile purchase [0][4].",7.0
What’s the quality of the crystal crowns,"❤Gift Package for You: With this package you will get a crystal crown and a exquisite gift box. Best gift on Black Friday, Cyber Monday & Christmas.",02467,"['title: quality made \ntext: The quality of the crown was much better that I had imagined it would be for the price.', 'title: Quality is perfect \ntext: Perfect for my daughters costume! Its perfect for quality on all levels for me. Its heavier than a cheap one so it makes it valuable!', 'title: Great quality \ntext: Using this for a photo shoot, it is beautiful very good quality and has some weight to it.', ""title: Made with quality. \ntext: It showed up on time and looks amazing. Not cheap plastic like at the stores. Was metal and heavy but not to heavy. It sparkles in the light and can't wait to wear it at my wedding"", ""title: Good quality. \ntext: I got this for prom. It has a weight to it. It doesn't look cheap and its very good for its price.""]","The product is consistently praised for its high quality, exceeding expectations given its price point. Customers appreciate the substantial weight of the product, which contributes to its perceived value and distinguishes it from cheaper alternatives[0][1][2][3][4]. The product's aesthetic appeal is also highlighted, with comments noting its beauty and suitability for special occasions such as photo shoots and weddings[2][3]. Overall, the product is described as being well-made, with a metal construction that adds to its durability and visual appeal[3][4].",7.0
What’s the quality of the crystal crowns,"❤Gift Package for You: With this package you will get a crystal crown and a exquisite gift box. Best gift on Black Friday, Cyber Monday & Christmas.",02567,"['title: quality made \ntext: The quality of the crown was much better that I had imagined it would be for the price.', 'title: Quality is perfect \ntext: Perfect for my daughters costume! Its perfect for quality on all levels for me. Its heavier than a cheap one so it makes it valuable!', 'title: Quality \ntext: Beautify and heavy, just a little small for women, but for girls is perfect', ""title: Made with quality. \ntext: It showed up on time and looks amazing. Not cheap plastic like at the stores. Was metal and heavy but not to heavy. It sparkles in the light and can't wait to wear it at my wedding"", ""title: Good quality. \ntext: I got this for prom. It has a weight to it. It doesn't look cheap and its very good for its price.""]","The product is praised for its high quality, exceeding expectations given its price point, and is noted for being heavier and more valuable than cheaper alternatives [0][1]. It is described as beautiful and heavy, though slightly small for women, making it ideal for girls [2]. The product is made of metal, not cheap plastic, and sparkles in the light, adding to its appeal for special occasions like weddings [3]. Additionally, it is considered to have a good weight and appearance, making it a great value for its price [4].",7.0
What’s the quality of the crystal crowns,"❤Gift Package for You: With this package you will get a crystal crown and a exquisite gift box. Best gift on Black Friday, Cyber Monday & Christmas.",03456,"['title: quality made \ntext: The quality of the crown was much better that I had imagined it would be for the price.', 'title: BEST QUALITY \ntext: This item was worth the $.  Its beautiful. Lots of BLING!', 'title: Great quality \ntext: Using this for a photo shoot, it is beautiful very good quality and has some weight to it.', 'title: Quality \ntext: Beautify and heavy, just a little small for women, but for girls is perfect', ""title: Made with quality. \ntext: It showed up on time and looks amazing. Not cheap plastic like at the stores. Was metal and heavy but not to heavy. It sparkles in the light and can't wait to wear it at my wedding""]","The product is consistently praised for its high quality, exceeding expectations given its price point [0]. Customers highlight its beauty and substantial weight, describing it as having 'lots of bling' and being 'very good quality' [1][2]. It is noted for being well-suited for photo shoots due to its aesthetic appeal and solid construction [2]. While it is slightly small for women, it is deemed perfect for girls [3]. The product is made of metal, not cheap plastic, and is described as heavy but not overly so, with a sparkling appearance that makes it ideal for special occasions like weddings [4].",7.0
What’s the quality of the crystal crowns,"❤Gift Package for You: With this package you will get a crystal crown and a exquisite gift box. Best gift on Black Friday, Cyber Monday & Christmas.",03457,"['title: quality made \ntext: The quality of the crown was much better that I had imagined it would be for the price.', 'title: BEST QUALITY \ntext: This item was worth the $.  Its beautiful. Lots of BLING!', 'title: Great quality \ntext: Using this for a photo shoot, it is beautiful very good quality and has some weight to it.', 'title: Quality \ntext: Beautify and heavy, just a little small for women, but for girls is perfect', ""title: Good quality. \ntext: I got this for prom. It has a weight to it. It doesn't look cheap and its very good for its price.""]","The product is consistently praised for its high quality, exceeding expectations given its price point. Customers describe it as beautiful and adorned with lots of 'bling,' indicating a visually appealing design [0][1]. It is noted for its substantial weight, which contributes to its perceived quality and durability, making it suitable for various uses such as photo shoots and prom events [2][4]. However, one user mentioned that while the product is beautiful and heavy, it may be slightly small for women but perfect for girls [3]. Overall, the product is considered to be of very good quality and worth the cost [1][4].",6.0
What’s the quality of the crystal crowns,"❤Gift Package for You: With this package you will get a crystal crown and a exquisite gift box. Best gift on Black Friday, Cyber Monday & Christmas.",03467,"['title: quality made \ntext: The quality of the crown was much better that I had imagined it would be for the price.', 'title: BEST QUALITY \ntext: This item was worth the $.  Its beautiful. Lots of BLING!', 'title: Great quality \ntext: Using this for a photo shoot, it is beautiful very good quality and has some weight to it.', ""title: Made with quality. \ntext: It showed up on time and looks amazing. Not cheap plastic like at the stores. Was metal and heavy but not to heavy. It sparkles in the light and can't wait to wear it at my wedding"", ""title: Good quality. \ntext: I got this for prom. It has a weight to it. It doesn't look cheap and its very good for its price.""]","The product is consistently praised for its high quality, exceeding expectations given its price point. Customers highlight its aesthetic appeal, noting its beauty and the impressive amount of 'bling' it offers [0][1]. The item is described as having a substantial weight, which contributes to its perceived quality and durability, making it suitable for special occasions such as photo shoots and weddings [2][3][4]. Additionally, the product is made of metal rather than cheap plastic, enhancing its overall value and appearance [3].",7.0
What’s the quality of the crystal crowns,"❤Gift Package for You: With this package you will get a crystal crown and a exquisite gift box. Best gift on Black Friday, Cyber Monday & Christmas.",03567,"['title: quality made \ntext: The quality of the crown was much better that I had imagined it would be for the price.', 'title: BEST QUALITY \ntext: This item was worth the $.  Its beautiful. Lots of BLING!', 'title: Quality \ntext: Beautify and heavy, just a little small for women, but for girls is perfect', ""title: Made with quality. \ntext: It showed up on time and looks amazing. Not cheap plastic like at the stores. Was metal and heavy but not to heavy. It sparkles in the light and can't wait to wear it at my wedding"", ""title: Good quality. \ntext: I got this for prom. It has a weight to it. It doesn't look cheap and its very good for its price.""]","The product is consistently praised for its high quality, exceeding expectations given its price point. Customers highlight its beautiful appearance and substantial weight, noting that it is not made of cheap materials but rather metal, which adds to its durability and aesthetic appeal. The product is described as having a lot of 'bling' and sparkling in the light, making it suitable for special occasions like weddings and proms. However, one user mentioned that while it is perfect for girls, it might be slightly small for women, indicating a potential size consideration for adult users [0][1][2][3][4].",7.0
What’s the quality of the crystal crowns,"❤Gift Package for You: With this package you will get a crystal crown and a exquisite gift box. Best gift on Black Friday, Cyber Monday & Christmas.",04567,"['title: quality made \ntext: The quality of the crown was much better that I had imagined it would be for the price.', 'title: Great quality \ntext: Using this for a photo shoot, it is beautiful very good quality and has some weight to it.', 'title: Quality \ntext: Beautify and heavy, just a little small for women, but for girls is perfect', ""title: Made with quality. \ntext: It showed up on time and looks amazing. Not cheap plastic like at the stores. Was metal and heavy but not to heavy. It sparkles in the light and can't wait to wear it at my wedding"", ""title: Good quality. \ntext: I got this for prom. It has a weight to it. It doesn't look cheap and its very good for its price.""]","The product is consistently praised for its high quality, exceeding expectations given its price point [0][4]. It is described as beautiful, with a substantial weight that contributes to its perceived value [1][3]. While it is noted to be slightly small for women, it is deemed perfect for girls [2]. The product is made of metal, not cheap plastic, and sparkles in the light, making it suitable for special occasions like weddings and proms [3][4].",7.0
What’s the quality of the crystal crowns,"❤Gift Package for You: With this package you will get a crystal crown and a exquisite gift box. Best gift on Black Friday, Cyber Monday & Christmas.",12345,"['title: Yes!!!! \ntext: Wow!!! I was really surprised by the quality of the product. The crown is well made!!', 'title: Quality is perfect \ntext: Perfect for my daughters costume! Its perfect for quality on all levels for me. Its heavier than a cheap one so it makes it valuable!', 'title: BEST QUALITY \ntext: This item was worth the $.  Its beautiful. Lots of BLING!', 'title: Great quality \ntext: Using this for a photo shoot, it is beautiful very good quality and has some weight to it.', 'title: Quality \ntext: Beautify and heavy, just a little small for women, but for girls is perfect']","The product has received positive feedback regarding its quality, with users expressing surprise and satisfaction. One user noted that the crown is well-made and exceeded their expectations [0]. Another user highlighted that the product is perfect for their daughter's costume, emphasizing its substantial weight compared to cheaper alternatives, which adds to its perceived value [1]. The item is described as beautiful and worth the price, with a notable amount of 'bling' [2]. It is also praised for its suitability in a photo shoot, being both beautiful and of very good quality, with a reassuring weight [3]. However, while the product is described as beautiful and heavy, it is noted to be slightly small for women but perfect for girls [4].",7.0
What’s the quality of the crystal crowns,"❤Gift Package for You: With this package you will get a crystal crown and a exquisite gift box. Best gift on Black Friday, Cyber Monday & Christmas.",12346,"['title: Yes!!!! \ntext: Wow!!! I was really surprised by the quality of the product. The crown is well made!!', 'title: Quality is perfect \ntext: Perfect for my daughters costume! Its perfect for quality on all levels for me. Its heavier than a cheap one so it makes it valuable!', 'title: BEST QUALITY \ntext: This item was worth the $.  Its beautiful. Lots of BLING!', 'title: Great quality \ntext: Using this for a photo shoot, it is beautiful very good quality and has some weight to it.', ""title: Made with quality. \ntext: It showed up on time and looks amazing. Not cheap plastic like at the stores. Was metal and heavy but not to heavy. It sparkles in the light and can't wait to wear it at my wedding""]","The product has received overwhelmingly positive feedback regarding its quality. One user expressed surprise at the craftsmanship, noting that the crown is well made and exceeded expectations [0]. Another user highlighted its suitability for a costume, emphasizing that its weight and quality make it valuable compared to cheaper alternatives [1]. The product is described as beautiful and worth the price, with a notable amount of embellishment [2]. It is also praised for its suitability for a photo shoot, being both beautiful and of good quality, with a substantial weight [3]. Additionally, the product is appreciated for its timely delivery and impressive appearance, being made of metal rather than cheap plastic, and sparkling in the light, making it ideal for a wedding [4].",7.0
What’s the quality of the crystal crowns,"❤Gift Package for You: With this package you will get a crystal crown and a exquisite gift box. Best gift on Black Friday, Cyber Monday & Christmas.",12347,"['title: Yes!!!! \ntext: Wow!!! I was really surprised by the quality of the product. The crown is well made!!', 'title: Quality is perfect \ntext: Perfect for my daughters costume! Its perfect for quality on all levels for me. Its heavier than a cheap one so it makes it valuable!', 'title: BEST QUALITY \ntext: This item was worth the $.  Its beautiful. Lots of BLING!', 'title: Great quality \ntext: Using this for a photo shoot, it is beautiful very good quality and has some weight to it.', ""title: Good quality. \ntext: I got this for prom. It has a weight to it. It doesn't look cheap and its very good for its price.""]","The product has received overwhelmingly positive feedback regarding its quality. One user expressed surprise at the well-made nature of the crown, highlighting its craftsmanship [0]. Another user praised the product for being perfect in quality, noting its substantial weight compared to cheaper alternatives, which adds to its perceived value [1]. The item was described as beautiful and worth the price, with an emphasis on its aesthetic appeal [2]. It was also noted for its suitability for a photo shoot, with comments on its beauty and good quality, as well as its weight [3]. Additionally, the product was appreciated for prom use, with remarks on its substantial feel and good value for the price [4].",7.0
What’s the quality of the crystal crowns,"❤Gift Package for You: With this package you will get a crystal crown and a exquisite gift box. Best gift on Black Friday, Cyber Monday & Christmas.",12356,"['title: Yes!!!! \ntext: Wow!!! I was really surprised by the quality of the product. The crown is well made!!', 'title: Quality is perfect \ntext: Perfect for my daughters costume! Its perfect for quality on all levels for me. Its heavier than a cheap one so it makes it valuable!', 'title: BEST QUALITY \ntext: This item was worth the $.  Its beautiful. Lots of BLING!', 'title: Quality \ntext: Beautify and heavy, just a little small for women, but for girls is perfect', ""title: Made with quality. \ntext: It showed up on time and looks amazing. Not cheap plastic like at the stores. Was metal and heavy but not to heavy. It sparkles in the light and can't wait to wear it at my wedding""]","The product has received high praise for its quality, with several users expressing satisfaction with its craftsmanship and materials. One user was pleasantly surprised by the well-made crown, highlighting its quality [0]. Another user found it perfect for a costume, noting its weight as a sign of value compared to cheaper alternatives [1]. The product is described as beautiful and worth the price, with an emphasis on its aesthetic appeal [2]. While it is noted to be slightly small for women, it is deemed perfect for girls, with its beauty and weight being appreciated [3]. Additionally, the product is commended for its timely arrival and impressive appearance, being made of metal rather than cheap plastic, and sparkling in the light, making it suitable for special occasions like weddings [4].",7.0
What’s the quality of the crystal crowns,"❤Gift Package for You: With this package you will get a crystal crown and a exquisite gift box. Best gift on Black Friday, Cyber Monday & Christmas.",12357,"['title: Yes!!!! \ntext: Wow!!! I was really surprised by the quality of the product. The crown is well made!!', 'title: Quality is perfect \ntext: Perfect for my daughters costume! Its perfect for quality on all levels for me. Its heavier than a cheap one so it makes it valuable!', 'title: BEST QUALITY \ntext: This item was worth the $.  Its beautiful. Lots of BLING!', 'title: Quality \ntext: Beautify and heavy, just a little small for women, but for girls is perfect', ""title: Good quality. \ntext: I got this for prom. It has a weight to it. It doesn't look cheap and its very good for its price.""]","The product has received positive feedback regarding its quality, with several users expressing satisfaction with its construction and appearance. One user was surprised by the well-made crown, highlighting its craftsmanship [0]. Another user found it perfect for a costume, noting its substantial weight compared to cheaper alternatives, which adds to its perceived value [1]. The product is described as beautiful and worth the price, with an emphasis on its aesthetic appeal [2]. While it is noted to be slightly small for women, it is deemed perfect for girls, maintaining its beauty and heft [3]. Additionally, the product is praised for its weight and non-cheap appearance, making it a good value for its price [4].",6.0
What’s the quality of the crystal crowns,"❤Gift Package for You: With this package you will get a crystal crown and a exquisite gift box. Best gift on Black Friday, Cyber Monday & Christmas.",12367,"['title: Yes!!!! \ntext: Wow!!! I was really surprised by the quality of the product. The crown is well made!!', 'title: Quality is perfect \ntext: Perfect for my daughters costume! Its perfect for quality on all levels for me. Its heavier than a cheap one so it makes it valuable!', 'title: BEST QUALITY \ntext: This item was worth the $.  Its beautiful. Lots of BLING!', ""title: Made with quality. \ntext: It showed up on time and looks amazing. Not cheap plastic like at the stores. Was metal and heavy but not to heavy. It sparkles in the light and can't wait to wear it at my wedding"", ""title: Good quality. \ntext: I got this for prom. It has a weight to it. It doesn't look cheap and its very good for its price.""]","The product has received positive feedback regarding its quality, with users expressing surprise and satisfaction. One user noted that the crown is well-made, indicating a high level of craftsmanship [0]. Another user praised the product for being perfect in quality, highlighting its weight as a sign of value compared to cheaper alternatives [1]. The item is described as beautiful and worth the price, with an emphasis on its aesthetic appeal [2]. It is made of metal rather than plastic, adding to its durability and visual appeal, making it suitable for special occasions like weddings [3]. Additionally, the product is noted for its good quality and reasonable price, with a substantial weight that enhances its perceived value [4].",7.0
What’s the quality of the crystal crowns,"❤Gift Package for You: With this package you will get a crystal crown and a exquisite gift box. Best gift on Black Friday, Cyber Monday & Christmas.",12456,"['title: Yes!!!! \ntext: Wow!!! I was really surprised by the quality of the product. The crown is well made!!', 'title: Quality is perfect \ntext: Perfect for my daughters costume! Its perfect for quality on all levels for me. Its heavier than a cheap one so it makes it valuable!', 'title: Great quality \ntext: Using this for a photo shoot, it is beautiful very good quality and has some weight to it.', 'title: Quality \ntext: Beautify and heavy, just a little small for women, but for girls is perfect', ""title: Made with quality. \ntext: It showed up on time and looks amazing. Not cheap plastic like at the stores. Was metal and heavy but not to heavy. It sparkles in the light and can't wait to wear it at my wedding""]","The product is consistently praised for its high quality, with multiple users expressing surprise and satisfaction with its craftsmanship. One user highlights that the crown is well made, indicating a level of quality that exceeded expectations [0]. Another user finds it perfect for a costume, noting its substantial weight compared to cheaper alternatives, which adds to its perceived value [1]. The product's quality is also appreciated in a photo shoot context, where its beauty and weight are emphasized [2]. While one user mentions that the product is slightly small for women, it is deemed perfect for girls, maintaining its quality appeal [3]. Additionally, the product is described as being made of metal rather than cheap plastic, with a sparkling appearance that is suitable for special occasions like weddings [4].",7.0
What’s the quality of the crystal crowns,"❤Gift Package for You: With this package you will get a crystal crown and a exquisite gift box. Best gift on Black Friday, Cyber Monday & Christmas.",12457,"['title: Yes!!!! \ntext: Wow!!! I was really surprised by the quality of the product. The crown is well made!!', 'title: Quality is perfect \ntext: Perfect for my daughters costume! Its perfect for quality on all levels for me. Its heavier than a cheap one so it makes it valuable!', 'title: Great quality \ntext: Using this for a photo shoot, it is beautiful very good quality and has some weight to it.', 'title: Quality \ntext: Beautify and heavy, just a little small for women, but for girls is perfect', ""title: Good quality. \ntext: I got this for prom. It has a weight to it. It doesn't look cheap and its very good for its price.""]","The product has received positive feedback regarding its quality, with several users expressing satisfaction. One user was surprised by the well-made nature of the product, specifically mentioning the crown's craftsmanship [0]. Another user found it perfect for their daughter's costume, noting its substantial weight compared to cheaper alternatives, which adds to its perceived value [1]. The product was also praised for its suitability in a photo shoot, described as beautiful and of very good quality, with a noticeable weight [2]. While one user mentioned it being slightly small for women, they still acknowledged its beauty and appropriateness for girls [3]. Additionally, the product was deemed good quality for prom, with a weight that prevents it from looking cheap, making it a good value for its price [4].",7.0
What’s the quality of the crystal crowns,"❤Gift Package for You: With this package you will get a crystal crown and a exquisite gift box. Best gift on Black Friday, Cyber Monday & Christmas.",12467,"['title: Yes!!!! \ntext: Wow!!! I was really surprised by the quality of the product. The crown is well made!!', 'title: Quality is perfect \ntext: Perfect for my daughters costume! Its perfect for quality on all levels for me. Its heavier than a cheap one so it makes it valuable!', 'title: Great quality \ntext: Using this for a photo shoot, it is beautiful very good quality and has some weight to it.', ""title: Made with quality. \ntext: It showed up on time and looks amazing. Not cheap plastic like at the stores. Was metal and heavy but not to heavy. It sparkles in the light and can't wait to wear it at my wedding"", ""title: Good quality. \ntext: I got this for prom. It has a weight to it. It doesn't look cheap and its very good for its price.""]","The product has received positive feedback regarding its quality, with multiple users expressing satisfaction. One user was surprised by the well-made crown, highlighting its craftsmanship [0]. Another user found it perfect for a costume, noting its substantial weight compared to cheaper alternatives, which adds to its perceived value [1]. The product is also praised for its suitability in a photo shoot, described as beautiful and of very good quality [2]. It is made of metal, not plastic, and has a pleasing weight, making it suitable for special occasions like weddings [3]. Additionally, it is considered a good purchase for events like prom, offering good quality for its price and not appearing cheap [4].",7.0
What’s the quality of the crystal crowns,"❤Gift Package for You: With this package you will get a crystal crown and a exquisite gift box. Best gift on Black Friday, Cyber Monday & Christmas.",12567,"['title: Yes!!!! \ntext: Wow!!! I was really surprised by the quality of the product. The crown is well made!!', 'title: Quality is perfect \ntext: Perfect for my daughters costume! Its perfect for quality on all levels for me. Its heavier than a cheap one so it makes it valuable!', 'title: Quality \ntext: Beautify and heavy, just a little small for women, but for girls is perfect', ""title: Made with quality. \ntext: It showed up on time and looks amazing. Not cheap plastic like at the stores. Was metal and heavy but not to heavy. It sparkles in the light and can't wait to wear it at my wedding"", ""title: Good quality. \ntext: I got this for prom. It has a weight to it. It doesn't look cheap and its very good for its price.""]","The product is consistently praised for its high quality, with multiple users expressing satisfaction with its craftsmanship and materials. One user was surprised by the quality, noting that the crown is well made [0]. Another user found it perfect for their daughter's costume, appreciating its weight and value compared to cheaper alternatives [1]. While one user mentioned it might be a bit small for women, they still acknowledged its beauty and suitability for girls [2]. The product is described as being made of metal, not cheap plastic, and is noted for its sparkle and appropriate weight, making it suitable for special occasions like weddings [3]. Additionally, it is considered a good purchase for events like prom, with its weight and appearance being highlighted as positive attributes [4].",7.0
What’s the quality of the crystal crowns,"❤Gift Package for You: With this package you will get a crystal crown and a exquisite gift box. Best gift on Black Friday, Cyber Monday & Christmas.",13456,"['title: Yes!!!! \ntext: Wow!!! I was really surprised by the quality of the product. The crown is well made!!', 'title: BEST QUALITY \ntext: This item was worth the $.  Its beautiful. Lots of BLING!', 'title: Great quality \ntext: Using this for a photo shoot, it is beautiful very good quality and has some weight to it.', 'title: Quality \ntext: Beautify and heavy, just a little small for women, but for girls is perfect', ""title: Made with quality. \ntext: It showed up on time and looks amazing. Not cheap plastic like at the stores. Was metal and heavy but not to heavy. It sparkles in the light and can't wait to wear it at my wedding""]","The product has received positive feedback regarding its quality, with users expressing surprise and satisfaction. One user noted that the crown is well-made, highlighting its craftsmanship [0]. Another user praised the item for its beauty and value, emphasizing the 'bling' factor [1]. The product's quality is further affirmed by its suitability for a photo shoot, with comments on its beauty, good quality, and substantial weight [2]. While one user mentioned that the product is a bit small for women, they found it perfect for girls, appreciating its beauty and heaviness [3]. Additionally, the product is described as being made of metal rather than cheap plastic, with a sparkling appearance that is suitable for a wedding [4].",7.0
What’s the quality of the crystal crowns,"❤Gift Package for You: With this package you will get a crystal crown and a exquisite gift box. Best gift on Black Friday, Cyber Monday & Christmas.",13457,"['title: Yes!!!! \ntext: Wow!!! I was really surprised by the quality of the product. The crown is well made!!', 'title: BEST QUALITY \ntext: This item was worth the $.  Its beautiful. Lots of BLING!', 'title: Great quality \ntext: Using this for a photo shoot, it is beautiful very good quality and has some weight to it.', 'title: Quality \ntext: Beautify and heavy, just a little small for women, but for girls is perfect', ""title: Good quality. \ntext: I got this for prom. It has a weight to it. It doesn't look cheap and its very good for its price.""]","The product has received positive feedback regarding its quality, with users expressing surprise and satisfaction. One user noted that the crown is well-made, highlighting its craftsmanship [0]. Another user emphasized that the item was worth the price, describing it as beautiful with lots of 'bling' [1]. The product is also praised for its suitability for a photo shoot, being described as beautiful, of very good quality, and having some weight [2]. While one user mentioned that the product is a bit small for women, it is perfect for girls, indicating a potential size consideration [3]. Additionally, the product is noted for its good quality and weight, making it a valuable purchase for events like prom [4].",6.0
What’s the quality of the crystal crowns,"❤Gift Package for You: With this package you will get a crystal crown and a exquisite gift box. Best gift on Black Friday, Cyber Monday & Christmas.",13467,"['title: Yes!!!! \ntext: Wow!!! I was really surprised by the quality of the product. The crown is well made!!', 'title: BEST QUALITY \ntext: This item was worth the $.  Its beautiful. Lots of BLING!', 'title: Great quality \ntext: Using this for a photo shoot, it is beautiful very good quality and has some weight to it.', ""title: Made with quality. \ntext: It showed up on time and looks amazing. Not cheap plastic like at the stores. Was metal and heavy but not to heavy. It sparkles in the light and can't wait to wear it at my wedding"", ""title: Good quality. \ntext: I got this for prom. It has a weight to it. It doesn't look cheap and its very good for its price.""]","The product has received positive feedback regarding its quality, with users expressing surprise and satisfaction. One user noted that the crown is well made, highlighting its craftsmanship [0]. Another user emphasized the product's value for money, describing it as beautiful with lots of 'bling' [1]. The item is praised for its suitability for a photo shoot, being described as beautiful, of very good quality, and having substantial weight [2]. It is also noted for its timely arrival and impressive appearance, being made of metal rather than cheap plastic, and sparkling in the light, making it suitable for a wedding [3]. Additionally, the product is considered good quality for its price, with a substantial weight and a non-cheap appearance, making it a good choice for prom [4].",7.0
What’s the quality of the crystal crowns,"❤Gift Package for You: With this package you will get a crystal crown and a exquisite gift box. Best gift on Black Friday, Cyber Monday & Christmas.",13567,"['title: Yes!!!! \ntext: Wow!!! I was really surprised by the quality of the product. The crown is well made!!', 'title: BEST QUALITY \ntext: This item was worth the $.  Its beautiful. Lots of BLING!', 'title: Quality \ntext: Beautify and heavy, just a little small for women, but for girls is perfect', ""title: Made with quality. \ntext: It showed up on time and looks amazing. Not cheap plastic like at the stores. Was metal and heavy but not to heavy. It sparkles in the light and can't wait to wear it at my wedding"", ""title: Good quality. \ntext: I got this for prom. It has a weight to it. It doesn't look cheap and its very good for its price.""]","The product has received positive feedback regarding its quality, with users expressing surprise and satisfaction. One user noted that the crown is well-made, highlighting its craftsmanship [0]. Another user emphasized that the item is worth the price, describing it as beautiful with lots of 'bling' [1]. The product is described as beautiful and heavy, although slightly small for women, making it perfect for girls [2]. It is made of metal, not cheap plastic, and has a substantial weight, which contributes to its high-quality appearance, making it suitable for special occasions like weddings [3]. Additionally, the product is praised for its good value, with a weight that adds to its perceived quality, making it an excellent choice for events like prom [4].",7.0
What’s the quality of the crystal crowns,"❤Gift Package for You: With this package you will get a crystal crown and a exquisite gift box. Best gift on Black Friday, Cyber Monday & Christmas.",14567,"['title: Yes!!!! \ntext: Wow!!! I was really surprised by the quality of the product. The crown is well made!!', 'title: Great quality \ntext: Using this for a photo shoot, it is beautiful very good quality and has some weight to it.', 'title: Quality \ntext: Beautify and heavy, just a little small for women, but for girls is perfect', ""title: Made with quality. \ntext: It showed up on time and looks amazing. Not cheap plastic like at the stores. Was metal and heavy but not to heavy. It sparkles in the light and can't wait to wear it at my wedding"", ""title: Good quality. \ntext: I got this for prom. It has a weight to it. It doesn't look cheap and its very good for its price.""]","The product has received positive feedback regarding its quality, with multiple users highlighting its well-made construction and appealing design. One user expressed surprise at the quality, noting that the crown is well made [0]. Another user praised its beauty and substantial weight, making it suitable for a photo shoot [1]. While one user mentioned that the product is a bit small for women, they found it perfect for girls, emphasizing its beauty and heaviness [2]. The product is described as being made of metal, not cheap plastic, and it sparkles in the light, making it ideal for special occasions like weddings [3]. Additionally, it is noted for having a good weight and not looking cheap, offering great value for its price [4].",7.0
What’s the quality of the crystal crowns,"❤Gift Package for You: With this package you will get a crystal crown and a exquisite gift box. Best gift on Black Friday, Cyber Monday & Christmas.",23456,"['title: Quality is perfect \ntext: Perfect for my daughters costume! Its perfect for quality on all levels for me. Its heavier than a cheap one so it makes it valuable!', 'title: BEST QUALITY \ntext: This item was worth the $.  Its beautiful. Lots of BLING!', 'title: Great quality \ntext: Using this for a photo shoot, it is beautiful very good quality and has some weight to it.', 'title: Quality \ntext: Beautify and heavy, just a little small for women, but for girls is perfect', ""title: Made with quality. \ntext: It showed up on time and looks amazing. Not cheap plastic like at the stores. Was metal and heavy but not to heavy. It sparkles in the light and can't wait to wear it at my wedding""]","The product is consistently praised for its high quality, with multiple users highlighting its substantial weight and durability as indicators of its value. One user notes that it is heavier than cheaper alternatives, which adds to its perceived value and suitability for costumes[0]. Another user describes the item as beautiful with lots of 'bling,' suggesting a high-quality appearance[1]. It is also noted for being suitable for photo shoots due to its aesthetic appeal and good quality[2]. While one user mentions it is a bit small for women, it is deemed perfect for girls, emphasizing its beauty and weight[3]. Additionally, the product is described as being made of metal rather than cheap plastic, adding to its quality and appeal for special occasions like weddings[4].",7.0
What’s the quality of the crystal crowns,"❤Gift Package for You: With this package you will get a crystal crown and a exquisite gift box. Best gift on Black Friday, Cyber Monday & Christmas.",23457,"['title: Quality is perfect \ntext: Perfect for my daughters costume! Its perfect for quality on all levels for me. Its heavier than a cheap one so it makes it valuable!', 'title: BEST QUALITY \ntext: This item was worth the $.  Its beautiful. Lots of BLING!', 'title: Great quality \ntext: Using this for a photo shoot, it is beautiful very good quality and has some weight to it.', 'title: Quality \ntext: Beautify and heavy, just a little small for women, but for girls is perfect', ""title: Good quality. \ntext: I got this for prom. It has a weight to it. It doesn't look cheap and its very good for its price.""]","The product is consistently praised for its high quality across multiple reviews. Users highlight its substantial weight, which contributes to its perceived value and distinguishes it from cheaper alternatives[0][2][4]. The item is described as beautiful and adorned with 'bling,' adding to its appeal[1]. While it is noted to be slightly small for women, it is deemed perfect for girls[3]. Overall, the product is considered to be of excellent quality and worth the price[0][1][4].",7.0
What’s the quality of the crystal crowns,"❤Gift Package for You: With this package you will get a crystal crown and a exquisite gift box. Best gift on Black Friday, Cyber Monday & Christmas.",23467,"['title: Quality is perfect \ntext: Perfect for my daughters costume! Its perfect for quality on all levels for me. Its heavier than a cheap one so it makes it valuable!', 'title: BEST QUALITY \ntext: This item was worth the $.  Its beautiful. Lots of BLING!', 'title: Great quality \ntext: Using this for a photo shoot, it is beautiful very good quality and has some weight to it.', ""title: Made with quality. \ntext: It showed up on time and looks amazing. Not cheap plastic like at the stores. Was metal and heavy but not to heavy. It sparkles in the light and can't wait to wear it at my wedding"", ""title: Good quality. \ntext: I got this for prom. It has a weight to it. It doesn't look cheap and its very good for its price.""]","The product is consistently praised for its high quality across multiple reviews. One user highlights its suitability for a costume, noting its substantial weight compared to cheaper alternatives, which adds to its perceived value [0]. Another review emphasizes the product's beauty and the presence of 'bling,' suggesting it was worth the price paid [1]. The product is described as having great quality, suitable for a photo shoot, and possessing a noticeable weight [2]. It is also noted for its timely arrival and impressive appearance, being made of metal rather than cheap plastic, and sparkling in the light, making it ideal for a wedding [3]. Additionally, the product is considered good quality for prom, with a weight that contributes to its non-cheap appearance and good value for the price [4].",7.0
What’s the quality of the crystal crowns,"❤Gift Package for You: With this package you will get a crystal crown and a exquisite gift box. Best gift on Black Friday, Cyber Monday & Christmas.",23567,"['title: Quality is perfect \ntext: Perfect for my daughters costume! Its perfect for quality on all levels for me. Its heavier than a cheap one so it makes it valuable!', 'title: BEST QUALITY \ntext: This item was worth the $.  Its beautiful. Lots of BLING!', 'title: Quality \ntext: Beautify and heavy, just a little small for women, but for girls is perfect', ""title: Made with quality. \ntext: It showed up on time and looks amazing. Not cheap plastic like at the stores. Was metal and heavy but not to heavy. It sparkles in the light and can't wait to wear it at my wedding"", ""title: Good quality. \ntext: I got this for prom. It has a weight to it. It doesn't look cheap and its very good for its price.""]","The product is consistently praised for its high quality, with several users noting its substantial weight and valuable feel, which distinguishes it from cheaper alternatives[0][3][4]. It is described as beautiful and adorned with lots of 'bling,' making it worth the price[1]. While it is noted to be slightly small for women, it is deemed perfect for girls[2]. The product is made of metal rather than cheap plastic, adding to its durability and aesthetic appeal, as highlighted by a user who plans to wear it at their wedding[3]. Overall, the product is considered to be of good quality and a great value for its price[4].",7.0
What’s the quality of the crystal crowns,"❤Gift Package for You: With this package you will get a crystal crown and a exquisite gift box. Best gift on Black Friday, Cyber Monday & Christmas.",24567,"['title: Quality is perfect \ntext: Perfect for my daughters costume! Its perfect for quality on all levels for me. Its heavier than a cheap one so it makes it valuable!', 'title: Great quality \ntext: Using this for a photo shoot, it is beautiful very good quality and has some weight to it.', 'title: Quality \ntext: Beautify and heavy, just a little small for women, but for girls is perfect', ""title: Made with quality. \ntext: It showed up on time and looks amazing. Not cheap plastic like at the stores. Was metal and heavy but not to heavy. It sparkles in the light and can't wait to wear it at my wedding"", ""title: Good quality. \ntext: I got this for prom. It has a weight to it. It doesn't look cheap and its very good for its price.""]","The product is consistently praised for its high quality, with multiple users noting its substantial weight as a positive attribute, indicating durability and value. One user mentioned that it was perfect for a costume, emphasizing its superior quality compared to cheaper alternatives [0]. Another user highlighted its beauty and suitability for a photo shoot, appreciating its good quality and weight [1]. Although one user found it slightly small for women, they still acknowledged its beauty and appropriateness for girls [2]. The product's metal construction, as opposed to cheap plastic, was appreciated for its aesthetic appeal and durability, making it suitable for special occasions like weddings [3]. Additionally, the product was noted for its good quality and reasonable price, making it a great choice for events like prom [4].",7.0
What’s the quality of the crystal crowns,"❤Gift Package for You: With this package you will get a crystal crown and a exquisite gift box. Best gift on Black Friday, Cyber Monday & Christmas.",34567,"['title: BEST QUALITY \ntext: This item was worth the $.  Its beautiful. Lots of BLING!', 'title: Great quality \ntext: Using this for a photo shoot, it is beautiful very good quality and has some weight to it.', 'title: Quality \ntext: Beautify and heavy, just a little small for women, but for girls is perfect', ""title: Made with quality. \ntext: It showed up on time and looks amazing. Not cheap plastic like at the stores. Was metal and heavy but not to heavy. It sparkles in the light and can't wait to wear it at my wedding"", ""title: Good quality. \ntext: I got this for prom. It has a weight to it. It doesn't look cheap and its very good for its price.""]","The product is consistently praised for its high quality and aesthetic appeal. It is described as beautiful with a lot of 'bling' and worth the price paid [0]. Users appreciate its suitability for special occasions, noting its good quality and substantial weight, which adds to its perceived value [1][2]. The product is made of metal, not cheap plastic, and is noted for its sparkling appearance, making it ideal for events like weddings [3]. Additionally, it is considered a good purchase for its price, with a weight that contributes to its quality feel without appearing cheap [4].",7.0
What’s the quality of the crystal crowns,"❤Gift Package for You: With this package you will get a crystal crown and a exquisite gift box. Best gift on Black Friday, Cyber Monday & Christmas.",012345,"['title: quality made \ntext: The quality of the crown was much better that I had imagined it would be for the price.', 'title: Yes!!!! \ntext: Wow!!! I was really surprised by the quality of the product. The crown is well made!!', 'title: Quality is perfect \ntext: Perfect for my daughters costume! Its perfect for quality on all levels for me. Its heavier than a cheap one so it makes it valuable!', 'title: BEST QUALITY \ntext: This item was worth the $.  Its beautiful. Lots of BLING!', 'title: Great quality \ntext: Using this for a photo shoot, it is beautiful very good quality and has some weight to it.', 'title: Quality \ntext: Beautify and heavy, just a little small for women, but for girls is perfect']","The product, specifically a crown, has been consistently praised for its high quality across multiple user comments. One user noted that the quality exceeded their expectations given the price, highlighting the crown's superior craftsmanship [0]. Another user expressed surprise at the well-made nature of the crown, emphasizing its impressive quality [1]. The crown was described as perfect for a costume, with its weight contributing to its perceived value, distinguishing it from cheaper alternatives [2]. Additionally, the crown was deemed worth the cost, being described as beautiful and adorned with plenty of 'bling' [3]. It was also noted for its suitability in a photo shoot due to its beauty and substantial quality, with a notable weight [4]. Lastly, while the crown was appreciated for its beauty and heaviness, it was mentioned that it might be slightly small for women but perfect for girls [5].",7.0
What’s the quality of the crystal crowns,"❤Gift Package for You: With this package you will get a crystal crown and a exquisite gift box. Best gift on Black Friday, Cyber Monday & Christmas.",012346,"['title: quality made \ntext: The quality of the crown was much better that I had imagined it would be for the price.', 'title: Yes!!!! \ntext: Wow!!! I was really surprised by the quality of the product. The crown is well made!!', 'title: Quality is perfect \ntext: Perfect for my daughters costume! Its perfect for quality on all levels for me. Its heavier than a cheap one so it makes it valuable!', 'title: BEST QUALITY \ntext: This item was worth the $.  Its beautiful. Lots of BLING!', 'title: Great quality \ntext: Using this for a photo shoot, it is beautiful very good quality and has some weight to it.', ""title: Made with quality. \ntext: It showed up on time and looks amazing. Not cheap plastic like at the stores. Was metal and heavy but not to heavy. It sparkles in the light and can't wait to wear it at my wedding""]","The comments consistently praise the quality of the crown, highlighting that it exceeds expectations for its price and is well-made [0][1]. Users describe the crown as perfect for various uses, noting its substantial weight and value compared to cheaper alternatives [2]. The product is described as beautiful, with a lot of 'bling,' indicating a high level of craftsmanship [3]. It is also noted for its suitability for professional settings like photo shoots, emphasizing its good quality and aesthetic appeal [4]. Additionally, the crown is made of metal rather than plastic, adding to its perceived quality and making it suitable for special occasions such as weddings [5].",7.0
What’s the quality of the crystal crowns,"❤Gift Package for You: With this package you will get a crystal crown and a exquisite gift box. Best gift on Black Friday, Cyber Monday & Christmas.",012347,"['title: quality made \ntext: The quality of the crown was much better that I had imagined it would be for the price.', 'title: Yes!!!! \ntext: Wow!!! I was really surprised by the quality of the product. The crown is well made!!', 'title: Quality is perfect \ntext: Perfect for my daughters costume! Its perfect for quality on all levels for me. Its heavier than a cheap one so it makes it valuable!', 'title: BEST QUALITY \ntext: This item was worth the $.  Its beautiful. Lots of BLING!', 'title: Great quality \ntext: Using this for a photo shoot, it is beautiful very good quality and has some weight to it.', ""title: Good quality. \ntext: I got this for prom. It has a weight to it. It doesn't look cheap and its very good for its price.""]","The product, specifically a crown, has been consistently praised for its high quality, exceeding expectations given its price point. Customers have noted that the crown is well-made and heavier than cheaper alternatives, which adds to its perceived value [0][1][2]. It has been described as beautiful and adorned with lots of 'bling,' making it worth the cost [3]. Additionally, the crown's good quality and substantial weight make it suitable for various uses, such as photo shoots and prom, without appearing cheap [4][5].",7.0
What’s the quality of the crystal crowns,"❤Gift Package for You: With this package you will get a crystal crown and a exquisite gift box. Best gift on Black Friday, Cyber Monday & Christmas.",012356,"['title: quality made \ntext: The quality of the crown was much better that I had imagined it would be for the price.', 'title: Yes!!!! \ntext: Wow!!! I was really surprised by the quality of the product. The crown is well made!!', 'title: Quality is perfect \ntext: Perfect for my daughters costume! Its perfect for quality on all levels for me. Its heavier than a cheap one so it makes it valuable!', 'title: BEST QUALITY \ntext: This item was worth the $.  Its beautiful. Lots of BLING!', 'title: Quality \ntext: Beautify and heavy, just a little small for women, but for girls is perfect', ""title: Made with quality. \ntext: It showed up on time and looks amazing. Not cheap plastic like at the stores. Was metal and heavy but not to heavy. It sparkles in the light and can't wait to wear it at my wedding""]","The comments consistently praise the quality of the crown, highlighting that it exceeded expectations given its price point [0]. Users were surprised by the craftsmanship, noting that the crown is well-made and substantial [1]. It is described as perfect for costumes, with a weight that adds to its perceived value, distinguishing it from cheaper alternatives [2]. The crown is considered beautiful and worth the cost, with an impressive amount of sparkle [3]. While it is noted to be slightly small for women, it is deemed perfect for girls [4]. The crown is made of metal, not plastic, and has a pleasing weight and appearance, making it suitable for special occasions like weddings [5].",7.0
What’s the quality of the crystal crowns,"❤Gift Package for You: With this package you will get a crystal crown and a exquisite gift box. Best gift on Black Friday, Cyber Monday & Christmas.",012357,"['title: quality made \ntext: The quality of the crown was much better that I had imagined it would be for the price.', 'title: Yes!!!! \ntext: Wow!!! I was really surprised by the quality of the product. The crown is well made!!', 'title: Quality is perfect \ntext: Perfect for my daughters costume! Its perfect for quality on all levels for me. Its heavier than a cheap one so it makes it valuable!', 'title: BEST QUALITY \ntext: This item was worth the $.  Its beautiful. Lots of BLING!', 'title: Quality \ntext: Beautify and heavy, just a little small for women, but for girls is perfect', ""title: Good quality. \ntext: I got this for prom. It has a weight to it. It doesn't look cheap and its very good for its price.""]","The product, specifically a crown, has received positive feedback regarding its quality. Customers have expressed surprise and satisfaction with the craftsmanship, noting that it exceeded expectations given the price point [0][1]. The crown is described as well-made, with a substantial weight that contributes to its perceived value, distinguishing it from cheaper alternatives [2][5]. It is considered perfect for costumes, particularly for children, although it may be slightly small for adult women [4]. Overall, the crown is praised for its beauty and the 'bling' it offers, making it a worthwhile purchase [3].",6.0
What’s the quality of the crystal crowns,"❤Gift Package for You: With this package you will get a crystal crown and a exquisite gift box. Best gift on Black Friday, Cyber Monday & Christmas.",012367,"['title: quality made \ntext: The quality of the crown was much better that I had imagined it would be for the price.', 'title: Yes!!!! \ntext: Wow!!! I was really surprised by the quality of the product. The crown is well made!!', 'title: Quality is perfect \ntext: Perfect for my daughters costume! Its perfect for quality on all levels for me. Its heavier than a cheap one so it makes it valuable!', 'title: BEST QUALITY \ntext: This item was worth the $.  Its beautiful. Lots of BLING!', ""title: Made with quality. \ntext: It showed up on time and looks amazing. Not cheap plastic like at the stores. Was metal and heavy but not to heavy. It sparkles in the light and can't wait to wear it at my wedding"", ""title: Good quality. \ntext: I got this for prom. It has a weight to it. It doesn't look cheap and its very good for its price.""]","The product, specifically a crown, has received positive feedback regarding its quality. Customers have expressed surprise and satisfaction with the craftsmanship, noting that it exceeded expectations given the price point [0][1]. The crown is described as perfect for costumes, with a substantial weight that adds to its perceived value, distinguishing it from cheaper alternatives [2]. It is praised for its beauty and the 'bling' it offers, making it worth the cost [3]. The crown is made of metal rather than plastic, contributing to its durability and aesthetic appeal, and it is suitable for special occasions like weddings [4]. Additionally, it is considered a good purchase for events such as prom, offering a good balance of quality and price [5].",7.0
What’s the quality of the crystal crowns,"❤Gift Package for You: With this package you will get a crystal crown and a exquisite gift box. Best gift on Black Friday, Cyber Monday & Christmas.",012456,"['title: quality made \ntext: The quality of the crown was much better that I had imagined it would be for the price.', 'title: Yes!!!! \ntext: Wow!!! I was really surprised by the quality of the product. The crown is well made!!', 'title: Quality is perfect \ntext: Perfect for my daughters costume! Its perfect for quality on all levels for me. Its heavier than a cheap one so it makes it valuable!', 'title: Great quality \ntext: Using this for a photo shoot, it is beautiful very good quality and has some weight to it.', 'title: Quality \ntext: Beautify and heavy, just a little small for women, but for girls is perfect', ""title: Made with quality. \ntext: It showed up on time and looks amazing. Not cheap plastic like at the stores. Was metal and heavy but not to heavy. It sparkles in the light and can't wait to wear it at my wedding""]","The product, specifically a crown, has received positive feedback regarding its quality. Customers have expressed surprise and satisfaction with the craftsmanship, noting that it exceeded expectations given the price point [0][1]. The crown is described as perfect for costumes, with a substantial weight that adds to its perceived value [2]. It is praised for its beauty and suitability for photo shoots, with comments highlighting its good quality and weight [3]. While it is noted to be slightly small for women, it is deemed perfect for girls [4]. The crown is made of metal, not cheap plastic, and is described as heavy but not overly so, with a sparkling appearance that makes it suitable for special occasions like weddings [5].",7.0
What’s the quality of the crystal crowns,"❤Gift Package for You: With this package you will get a crystal crown and a exquisite gift box. Best gift on Black Friday, Cyber Monday & Christmas.",012457,"['title: quality made \ntext: The quality of the crown was much better that I had imagined it would be for the price.', 'title: Yes!!!! \ntext: Wow!!! I was really surprised by the quality of the product. The crown is well made!!', 'title: Quality is perfect \ntext: Perfect for my daughters costume! Its perfect for quality on all levels for me. Its heavier than a cheap one so it makes it valuable!', 'title: Great quality \ntext: Using this for a photo shoot, it is beautiful very good quality and has some weight to it.', 'title: Quality \ntext: Beautify and heavy, just a little small for women, but for girls is perfect', ""title: Good quality. \ntext: I got this for prom. It has a weight to it. It doesn't look cheap and its very good for its price.""]","The product, a crown, has received positive feedback regarding its quality, with several users expressing satisfaction beyond their expectations. One user noted that the quality exceeded their initial expectations given the price, highlighting the crown's value for money [0]. Another user was pleasantly surprised by the craftsmanship, describing the crown as well-made [1]. The crown was deemed perfect for a costume, with its weight contributing to its perceived value, distinguishing it from cheaper alternatives [2]. It was also praised for its suitability in a photo shoot, being described as beautiful and of very good quality [3]. While one user mentioned that the crown is slightly small for women, they found it perfect for girls, appreciating its beauty and weight [4]. Lastly, the crown was considered a good purchase for prom, noted for its substantial weight and non-cheap appearance, making it a good value for its price [5].",7.0
What’s the quality of the crystal crowns,"❤Gift Package for You: With this package you will get a crystal crown and a exquisite gift box. Best gift on Black Friday, Cyber Monday & Christmas.",012467,"['title: quality made \ntext: The quality of the crown was much better that I had imagined it would be for the price.', 'title: Yes!!!! \ntext: Wow!!! I was really surprised by the quality of the product. The crown is well made!!', 'title: Quality is perfect \ntext: Perfect for my daughters costume! Its perfect for quality on all levels for me. Its heavier than a cheap one so it makes it valuable!', 'title: Great quality \ntext: Using this for a photo shoot, it is beautiful very good quality and has some weight to it.', ""title: Made with quality. \ntext: It showed up on time and looks amazing. Not cheap plastic like at the stores. Was metal and heavy but not to heavy. It sparkles in the light and can't wait to wear it at my wedding"", ""title: Good quality. \ntext: I got this for prom. It has a weight to it. It doesn't look cheap and its very good for its price.""]","The product, specifically a crown, has received positive feedback regarding its quality. Customers have expressed surprise and satisfaction with the crown's construction, noting that it exceeded expectations given its price point [0][1]. The crown is described as being perfect for various uses, such as costumes and photo shoots, due to its substantial weight and high-quality materials, which contribute to its perceived value [2][3]. Additionally, the crown is praised for its aesthetic appeal, being made of metal rather than cheap plastic, and its ability to sparkle, making it suitable for special occasions like weddings and proms [4][5].",7.0
What’s the quality of the crystal crowns,"❤Gift Package for You: With this package you will get a crystal crown and a exquisite gift box. Best gift on Black Friday, Cyber Monday & Christmas.",012567,"['title: quality made \ntext: The quality of the crown was much better that I had imagined it would be for the price.', 'title: Yes!!!! \ntext: Wow!!! I was really surprised by the quality of the product. The crown is well made!!', 'title: Quality is perfect \ntext: Perfect for my daughters costume! Its perfect for quality on all levels for me. Its heavier than a cheap one so it makes it valuable!', 'title: Quality \ntext: Beautify and heavy, just a little small for women, but for girls is perfect', ""title: Made with quality. \ntext: It showed up on time and looks amazing. Not cheap plastic like at the stores. Was metal and heavy but not to heavy. It sparkles in the light and can't wait to wear it at my wedding"", ""title: Good quality. \ntext: I got this for prom. It has a weight to it. It doesn't look cheap and its very good for its price.""]","The product, a crown, has received positive feedback regarding its quality. Customers have expressed surprise and satisfaction with the craftsmanship, noting that it exceeded expectations given its price point [0][1]. The crown is described as perfect for costumes, with a substantial weight that adds to its perceived value, distinguishing it from cheaper alternatives [2]. While it is noted to be a bit small for women, it is considered ideal for girls [3]. The crown is made of metal, not plastic, and is praised for its aesthetic appeal, including its sparkle and suitability for special occasions like weddings [4]. Overall, the crown is considered to have good quality, with a weight that contributes to its premium feel, making it a great purchase for its price [5].",7.0
What’s the quality of the crystal crowns,"❤Gift Package for You: With this package you will get a crystal crown and a exquisite gift box. Best gift on Black Friday, Cyber Monday & Christmas.",013456,"['title: quality made \ntext: The quality of the crown was much better that I had imagined it would be for the price.', 'title: Yes!!!! \ntext: Wow!!! I was really surprised by the quality of the product. The crown is well made!!', 'title: BEST QUALITY \ntext: This item was worth the $.  Its beautiful. Lots of BLING!', 'title: Great quality \ntext: Using this for a photo shoot, it is beautiful very good quality and has some weight to it.', 'title: Quality \ntext: Beautify and heavy, just a little small for women, but for girls is perfect', ""title: Made with quality. \ntext: It showed up on time and looks amazing. Not cheap plastic like at the stores. Was metal and heavy but not to heavy. It sparkles in the light and can't wait to wear it at my wedding""]","The product, a crown, has received positive feedback regarding its quality. Customers have expressed surprise and satisfaction with the craftsmanship, noting that it exceeded expectations given the price point [0][1]. The crown is described as beautiful, with a lot of 'bling,' and is considered worth the cost [2]. It is noted for being well-made, having a good weight, and being suitable for photo shoots [3]. While it is slightly small for women, it is deemed perfect for girls [4]. The crown is made of metal, not cheap plastic, and is heavy but manageable, with a sparkling appearance that is suitable for special occasions like weddings [5].",7.0
What’s the quality of the crystal crowns,"❤Gift Package for You: With this package you will get a crystal crown and a exquisite gift box. Best gift on Black Friday, Cyber Monday & Christmas.",013457,"['title: quality made \ntext: The quality of the crown was much better that I had imagined it would be for the price.', 'title: Yes!!!! \ntext: Wow!!! I was really surprised by the quality of the product. The crown is well made!!', 'title: BEST QUALITY \ntext: This item was worth the $.  Its beautiful. Lots of BLING!', 'title: Great quality \ntext: Using this for a photo shoot, it is beautiful very good quality and has some weight to it.', 'title: Quality \ntext: Beautify and heavy, just a little small for women, but for girls is perfect', ""title: Good quality. \ntext: I got this for prom. It has a weight to it. It doesn't look cheap and its very good for its price.""]","The comments consistently highlight the high quality of the crown, exceeding expectations given its price. Users describe the crown as well-made and beautiful, with a notable amount of 'bling' that adds to its appeal [0][1][2]. The product is praised for its substantial weight, which contributes to its perceived quality, making it suitable for various occasions such as photo shoots and prom [3][5]. However, one user notes that while the crown is beautiful and heavy, it may be slightly small for women but perfect for girls [4]. Overall, the crown is considered a great value for its price, combining aesthetic appeal with solid construction [0][1][5].",6.0
What’s the quality of the crystal crowns,"❤Gift Package for You: With this package you will get a crystal crown and a exquisite gift box. Best gift on Black Friday, Cyber Monday & Christmas.",013467,"['title: quality made \ntext: The quality of the crown was much better that I had imagined it would be for the price.', 'title: Yes!!!! \ntext: Wow!!! I was really surprised by the quality of the product. The crown is well made!!', 'title: BEST QUALITY \ntext: This item was worth the $.  Its beautiful. Lots of BLING!', 'title: Great quality \ntext: Using this for a photo shoot, it is beautiful very good quality and has some weight to it.', ""title: Made with quality. \ntext: It showed up on time and looks amazing. Not cheap plastic like at the stores. Was metal and heavy but not to heavy. It sparkles in the light and can't wait to wear it at my wedding"", ""title: Good quality. \ntext: I got this for prom. It has a weight to it. It doesn't look cheap and its very good for its price.""]","The product, specifically a crown, has received positive feedback regarding its quality. Customers have expressed surprise and satisfaction with the craftsmanship, noting that it exceeded their expectations given the price point [0][1]. The crown is described as beautiful, with a lot of 'bling,' and is considered worth the cost [2]. It is praised for its substantial weight and good quality, making it suitable for special occasions like photo shoots and weddings [3][4]. Additionally, the crown is made of metal rather than cheap plastic, adding to its perceived value and aesthetic appeal [5].",7.0
What’s the quality of the crystal crowns,"❤Gift Package for You: With this package you will get a crystal crown and a exquisite gift box. Best gift on Black Friday, Cyber Monday & Christmas.",013567,"['title: quality made \ntext: The quality of the crown was much better that I had imagined it would be for the price.', 'title: Yes!!!! \ntext: Wow!!! I was really surprised by the quality of the product. The crown is well made!!', 'title: BEST QUALITY \ntext: This item was worth the $.  Its beautiful. Lots of BLING!', 'title: Quality \ntext: Beautify and heavy, just a little small for women, but for girls is perfect', ""title: Made with quality. \ntext: It showed up on time and looks amazing. Not cheap plastic like at the stores. Was metal and heavy but not to heavy. It sparkles in the light and can't wait to wear it at my wedding"", ""title: Good quality. \ntext: I got this for prom. It has a weight to it. It doesn't look cheap and its very good for its price.""]","The product, a crown, has received positive feedback regarding its quality, with several users expressing surprise and satisfaction. One user noted that the quality exceeded their expectations given the price, highlighting the crown's superior craftsmanship [0]. Another user echoed this sentiment, describing the crown as well-made and expressing their surprise at its quality [1]. The crown was also praised for its aesthetic appeal and value, with one user emphasizing its beauty and the 'bling' it offers [2]. While one user mentioned that the crown is a bit small for women, they found it perfect for girls, appreciating its beauty and weight [3]. The crown's material was particularly noted, with a user appreciating that it was made of metal rather than cheap plastic, adding that it sparkles in the light and is suitable for special occasions like weddings [4]. Another user, who purchased the crown for prom, appreciated its weight and noted that it does not look cheap, considering it a good purchase for its price [5].",7.0
What’s the quality of the crystal crowns,"❤Gift Package for You: With this package you will get a crystal crown and a exquisite gift box. Best gift on Black Friday, Cyber Monday & Christmas.",014567,"['title: quality made \ntext: The quality of the crown was much better that I had imagined it would be for the price.', 'title: Yes!!!! \ntext: Wow!!! I was really surprised by the quality of the product. The crown is well made!!', 'title: Great quality \ntext: Using this for a photo shoot, it is beautiful very good quality and has some weight to it.', 'title: Quality \ntext: Beautify and heavy, just a little small for women, but for girls is perfect', ""title: Made with quality. \ntext: It showed up on time and looks amazing. Not cheap plastic like at the stores. Was metal and heavy but not to heavy. It sparkles in the light and can't wait to wear it at my wedding"", ""title: Good quality. \ntext: I got this for prom. It has a weight to it. It doesn't look cheap and its very good for its price.""]","The product, specifically a crown, has been consistently praised for its high quality across multiple reviews. Customers have expressed surprise and satisfaction with the craftsmanship, noting that the crown exceeded their expectations given its price point [0][1]. It is described as beautiful, well-made, and possessing a substantial weight, which contributes to its perceived quality [2][3]. The crown is made of metal rather than plastic, adding to its durability and aesthetic appeal, and it sparkles attractively in the light [4]. Overall, the crown is considered to be of great value, offering a high-quality appearance and feel without looking cheap [5].",7.0
What’s the quality of the crystal crowns,"❤Gift Package for You: With this package you will get a crystal crown and a exquisite gift box. Best gift on Black Friday, Cyber Monday & Christmas.",023456,"['title: quality made \ntext: The quality of the crown was much better that I had imagined it would be for the price.', 'title: Quality is perfect \ntext: Perfect for my daughters costume! Its perfect for quality on all levels for me. Its heavier than a cheap one so it makes it valuable!', 'title: BEST QUALITY \ntext: This item was worth the $.  Its beautiful. Lots of BLING!', 'title: Great quality \ntext: Using this for a photo shoot, it is beautiful very good quality and has some weight to it.', 'title: Quality \ntext: Beautify and heavy, just a little small for women, but for girls is perfect', ""title: Made with quality. \ntext: It showed up on time and looks amazing. Not cheap plastic like at the stores. Was metal and heavy but not to heavy. It sparkles in the light and can't wait to wear it at my wedding""]","The product is consistently praised for its high quality, exceeding expectations given its price point [0]. Customers appreciate its substantial weight, which contributes to its perceived value and distinguishes it from cheaper alternatives [1][3][5]. The item is described as beautiful and adorned with plenty of 'bling,' making it worth the cost [2]. It is noted for its suitability in various contexts, such as costumes and photo shoots, due to its aesthetic appeal and quality construction [1][3]. While it is slightly small for women, it is deemed perfect for girls [4]. Overall, the product is made from metal rather than plastic, adding to its durability and visual appeal, making it a desirable choice for special occasions like weddings [5].",7.0
What’s the quality of the crystal crowns,"❤Gift Package for You: With this package you will get a crystal crown and a exquisite gift box. Best gift on Black Friday, Cyber Monday & Christmas.",023457,"['title: quality made \ntext: The quality of the crown was much better that I had imagined it would be for the price.', 'title: Quality is perfect \ntext: Perfect for my daughters costume! Its perfect for quality on all levels for me. Its heavier than a cheap one so it makes it valuable!', 'title: BEST QUALITY \ntext: This item was worth the $.  Its beautiful. Lots of BLING!', 'title: Great quality \ntext: Using this for a photo shoot, it is beautiful very good quality and has some weight to it.', 'title: Quality \ntext: Beautify and heavy, just a little small for women, but for girls is perfect', ""title: Good quality. \ntext: I got this for prom. It has a weight to it. It doesn't look cheap and its very good for its price.""]","The product is consistently praised for its high quality, exceeding expectations given its price point. Customers appreciate its substantial weight, which contributes to its perceived value and distinguishes it from cheaper alternatives[0][1][3][5]. The item is described as beautiful and adorned with 'lots of bling,' making it visually appealing[2][3]. While it is noted to be slightly small for women, it is considered perfect for girls, indicating its suitability for specific uses such as costumes and photo shoots[4]. Overall, the product is regarded as a worthwhile purchase, offering excellent quality and aesthetic appeal[1][2][5].",7.0
What’s the quality of the crystal crowns,"❤Gift Package for You: With this package you will get a crystal crown and a exquisite gift box. Best gift on Black Friday, Cyber Monday & Christmas.",023467,"['title: quality made \ntext: The quality of the crown was much better that I had imagined it would be for the price.', 'title: Quality is perfect \ntext: Perfect for my daughters costume! Its perfect for quality on all levels for me. Its heavier than a cheap one so it makes it valuable!', 'title: BEST QUALITY \ntext: This item was worth the $.  Its beautiful. Lots of BLING!', 'title: Great quality \ntext: Using this for a photo shoot, it is beautiful very good quality and has some weight to it.', ""title: Made with quality. \ntext: It showed up on time and looks amazing. Not cheap plastic like at the stores. Was metal and heavy but not to heavy. It sparkles in the light and can't wait to wear it at my wedding"", ""title: Good quality. \ntext: I got this for prom. It has a weight to it. It doesn't look cheap and its very good for its price.""]","The product is consistently praised for its high quality, exceeding expectations given its price point. Customers appreciate the substantial weight and the use of metal instead of cheap plastic, which adds to its perceived value and durability [0][1][2][3][4][5]. The item is described as beautiful, with a sparkling appearance that makes it suitable for special occasions such as weddings and proms [3][4][5]. Overall, the product is considered to be of excellent quality, offering a level of craftsmanship and aesthetic appeal that is highly valued by users [0][1][2][3][4][5].",7.0
What’s the quality of the crystal crowns,"❤Gift Package for You: With this package you will get a crystal crown and a exquisite gift box. Best gift on Black Friday, Cyber Monday & Christmas.",023567,"['title: quality made \ntext: The quality of the crown was much better that I had imagined it would be for the price.', 'title: Quality is perfect \ntext: Perfect for my daughters costume! Its perfect for quality on all levels for me. Its heavier than a cheap one so it makes it valuable!', 'title: BEST QUALITY \ntext: This item was worth the $.  Its beautiful. Lots of BLING!', 'title: Quality \ntext: Beautify and heavy, just a little small for women, but for girls is perfect', ""title: Made with quality. \ntext: It showed up on time and looks amazing. Not cheap plastic like at the stores. Was metal and heavy but not to heavy. It sparkles in the light and can't wait to wear it at my wedding"", ""title: Good quality. \ntext: I got this for prom. It has a weight to it. It doesn't look cheap and its very good for its price.""]","The product is consistently praised for its high quality, exceeding expectations given its price point. Customers appreciate its substantial weight, which adds to its perceived value and distinguishes it from cheaper alternatives[0][1][5]. The item is described as beautiful and adorned with plenty of 'bling,' making it worth the cost[2]. While it is noted to be slightly small for women, it is deemed perfect for girls[3]. The product is made of metal rather than plastic, contributing to its durability and aesthetic appeal, and it sparkles in the light, making it suitable for special occasions like weddings and proms[4][5].",7.0
What’s the quality of the crystal crowns,"❤Gift Package for You: With this package you will get a crystal crown and a exquisite gift box. Best gift on Black Friday, Cyber Monday & Christmas.",024567,"['title: quality made \ntext: The quality of the crown was much better that I had imagined it would be for the price.', 'title: Quality is perfect \ntext: Perfect for my daughters costume! Its perfect for quality on all levels for me. Its heavier than a cheap one so it makes it valuable!', 'title: Great quality \ntext: Using this for a photo shoot, it is beautiful very good quality and has some weight to it.', 'title: Quality \ntext: Beautify and heavy, just a little small for women, but for girls is perfect', ""title: Made with quality. \ntext: It showed up on time and looks amazing. Not cheap plastic like at the stores. Was metal and heavy but not to heavy. It sparkles in the light and can't wait to wear it at my wedding"", ""title: Good quality. \ntext: I got this for prom. It has a weight to it. It doesn't look cheap and its very good for its price.""]","The product is consistently praised for its high quality, exceeding expectations given its price point. Customers appreciate its substantial weight, which adds to its perceived value and distinguishes it from cheaper alternatives[0][1][2][3][4][5]. The crown is noted for its beauty and durability, making it suitable for various occasions such as costumes, photo shoots, and weddings[1][2][4]. While it is slightly small for adult women, it is deemed perfect for girls[3]. Overall, the product is described as being made of metal rather than plastic, contributing to its impressive appearance and quality[4].",7.0
What’s the quality of the crystal crowns,"❤Gift Package for You: With this package you will get a crystal crown and a exquisite gift box. Best gift on Black Friday, Cyber Monday & Christmas.",034567,"['title: quality made \ntext: The quality of the crown was much better that I had imagined it would be for the price.', 'title: BEST QUALITY \ntext: This item was worth the $.  Its beautiful. Lots of BLING!', 'title: Great quality \ntext: Using this for a photo shoot, it is beautiful very good quality and has some weight to it.', 'title: Quality \ntext: Beautify and heavy, just a little small for women, but for girls is perfect', ""title: Made with quality. \ntext: It showed up on time and looks amazing. Not cheap plastic like at the stores. Was metal and heavy but not to heavy. It sparkles in the light and can't wait to wear it at my wedding"", ""title: Good quality. \ntext: I got this for prom. It has a weight to it. It doesn't look cheap and its very good for its price.""]","The product is consistently praised for its high quality, exceeding expectations given its price point. Customers highlight its beauty and substantial weight, which contributes to its perceived value and durability [0][1][2][3][4][5]. The item is described as being made of metal rather than cheap plastic, adding to its appeal and making it suitable for special occasions such as weddings and proms [4][5]. Despite its weight, it is not overly heavy, making it comfortable to wear [4]. However, one user noted that while it is perfect for girls, it might be slightly small for women [3]. Overall, the product is considered a worthwhile purchase, offering significant 'bling' and aesthetic appeal [1].",7.0
What’s the quality of the crystal crowns,"❤Gift Package for You: With this package you will get a crystal crown and a exquisite gift box. Best gift on Black Friday, Cyber Monday & Christmas.",123456,"['title: Yes!!!! \ntext: Wow!!! I was really surprised by the quality of the product. The crown is well made!!', 'title: Quality is perfect \ntext: Perfect for my daughters costume! Its perfect for quality on all levels for me. Its heavier than a cheap one so it makes it valuable!', 'title: BEST QUALITY \ntext: This item was worth the $.  Its beautiful. Lots of BLING!', 'title: Great quality \ntext: Using this for a photo shoot, it is beautiful very good quality and has some weight to it.', 'title: Quality \ntext: Beautify and heavy, just a little small for women, but for girls is perfect', ""title: Made with quality. \ntext: It showed up on time and looks amazing. Not cheap plastic like at the stores. Was metal and heavy but not to heavy. It sparkles in the light and can't wait to wear it at my wedding""]","The product has received overwhelmingly positive feedback regarding its quality. Customers have expressed surprise and satisfaction with the craftsmanship, noting that the crown is well-made and exceeds expectations [0]. It is described as perfect for costumes, with a weight that adds to its perceived value, distinguishing it from cheaper alternatives [1]. The item is praised for its beauty and the amount of embellishment, making it worth the price [2]. Users have highlighted its suitability for photo shoots due to its aesthetic appeal and substantial quality [3]. While it is noted to be slightly small for women, it is deemed perfect for girls, maintaining its beauty and weight [4]. The product is appreciated for its timely delivery and impressive appearance, being made of metal rather than plastic, and is anticipated to be a highlight at events such as weddings [5].",7.0
What’s the quality of the crystal crowns,"❤Gift Package for You: With this package you will get a crystal crown and a exquisite gift box. Best gift on Black Friday, Cyber Monday & Christmas.",123457,"['title: Yes!!!! \ntext: Wow!!! I was really surprised by the quality of the product. The crown is well made!!', 'title: Quality is perfect \ntext: Perfect for my daughters costume! Its perfect for quality on all levels for me. Its heavier than a cheap one so it makes it valuable!', 'title: BEST QUALITY \ntext: This item was worth the $.  Its beautiful. Lots of BLING!', 'title: Great quality \ntext: Using this for a photo shoot, it is beautiful very good quality and has some weight to it.', 'title: Quality \ntext: Beautify and heavy, just a little small for women, but for girls is perfect', ""title: Good quality. \ntext: I got this for prom. It has a weight to it. It doesn't look cheap and its very good for its price.""]","The product has received overwhelmingly positive feedback regarding its quality. Users have expressed surprise and satisfaction with the craftsmanship, noting that the crown is well made and exceeds expectations in terms of quality[0]. It is described as perfect for costumes, with a weight that adds value compared to cheaper alternatives[1]. The item is praised for its beauty and the 'bling' it offers, making it worth the price[2]. It is also highlighted as being suitable for photo shoots due to its good quality and substantial weight[3]. While it is noted to be a bit small for women, it is considered perfect for girls[4]. Overall, the product is regarded as having a good weight, not looking cheap, and being a great value for its price[5].",7.0
What’s the quality of the crystal crowns,"❤Gift Package for You: With this package you will get a crystal crown and a exquisite gift box. Best gift on Black Friday, Cyber Monday & Christmas.",123467,"['title: Yes!!!! \ntext: Wow!!! I was really surprised by the quality of the product. The crown is well made!!', 'title: Quality is perfect \ntext: Perfect for my daughters costume! Its perfect for quality on all levels for me. Its heavier than a cheap one so it makes it valuable!', 'title: BEST QUALITY \ntext: This item was worth the $.  Its beautiful. Lots of BLING!', 'title: Great quality \ntext: Using this for a photo shoot, it is beautiful very good quality and has some weight to it.', ""title: Made with quality. \ntext: It showed up on time and looks amazing. Not cheap plastic like at the stores. Was metal and heavy but not to heavy. It sparkles in the light and can't wait to wear it at my wedding"", ""title: Good quality. \ntext: I got this for prom. It has a weight to it. It doesn't look cheap and its very good for its price.""]","The product has received overwhelmingly positive feedback regarding its quality. Users have expressed surprise and satisfaction with the craftsmanship, noting that the crown is well-made and not made of cheap materials[0][1]. It is described as having a substantial weight, which adds to its perceived value and distinguishes it from cheaper alternatives[1][4][5]. The product is praised for its beauty and the 'bling' it offers, making it worth the price[2][3]. Additionally, it is highlighted for its suitability for special occasions such as photo shoots, weddings, and proms, where its quality and appearance are particularly appreciated[3][4][5].",7.0
What’s the quality of the crystal crowns,"❤Gift Package for You: With this package you will get a crystal crown and a exquisite gift box. Best gift on Black Friday, Cyber Monday & Christmas.",123567,"['title: Yes!!!! \ntext: Wow!!! I was really surprised by the quality of the product. The crown is well made!!', 'title: Quality is perfect \ntext: Perfect for my daughters costume! Its perfect for quality on all levels for me. Its heavier than a cheap one so it makes it valuable!', 'title: BEST QUALITY \ntext: This item was worth the $.  Its beautiful. Lots of BLING!', 'title: Quality \ntext: Beautify and heavy, just a little small for women, but for girls is perfect', ""title: Made with quality. \ntext: It showed up on time and looks amazing. Not cheap plastic like at the stores. Was metal and heavy but not to heavy. It sparkles in the light and can't wait to wear it at my wedding"", ""title: Good quality. \ntext: I got this for prom. It has a weight to it. It doesn't look cheap and its very good for its price.""]","The product is consistently praised for its high quality and craftsmanship. Customers are impressed by the well-made crown, noting its substantial weight and valuable feel compared to cheaper alternatives[0][1]. The item is described as beautiful and worth the price, with a lot of sparkle and 'bling'[2]. While it is slightly small for women, it is deemed perfect for girls[3]. The crown is made of metal, not cheap plastic, and has a pleasing weight, making it suitable for special occasions like weddings[4]. Additionally, it is considered a good purchase for events like prom, offering excellent quality for its price[5].",7.0
What’s the quality of the crystal crowns,"❤Gift Package for You: With this package you will get a crystal crown and a exquisite gift box. Best gift on Black Friday, Cyber Monday & Christmas.",124567,"['title: Yes!!!! \ntext: Wow!!! I was really surprised by the quality of the product. The crown is well made!!', 'title: Quality is perfect \ntext: Perfect for my daughters costume! Its perfect for quality on all levels for me. Its heavier than a cheap one so it makes it valuable!', 'title: Great quality \ntext: Using this for a photo shoot, it is beautiful very good quality and has some weight to it.', 'title: Quality \ntext: Beautify and heavy, just a little small for women, but for girls is perfect', ""title: Made with quality. \ntext: It showed up on time and looks amazing. Not cheap plastic like at the stores. Was metal and heavy but not to heavy. It sparkles in the light and can't wait to wear it at my wedding"", ""title: Good quality. \ntext: I got this for prom. It has a weight to it. It doesn't look cheap and its very good for its price.""]","The product is consistently praised for its high quality across multiple reviews. One user expressed surprise at the well-made crown, highlighting its craftsmanship [0]. Another user found it perfect for a daughter's costume, noting its substantial weight compared to cheaper alternatives, which adds to its perceived value [1]. The product's quality is also appreciated in a photo shoot context, where its beauty and weight were emphasized [2]. While one reviewer mentioned it being slightly small for women, they still acknowledged its suitability for girls and its overall quality [3]. The product's metal construction, as opposed to cheap plastic, was highlighted by another user who appreciated its timely arrival and aesthetic appeal, making it suitable for a wedding [4]. Lastly, a user who purchased it for prom noted its good price-to-quality ratio, emphasizing its weight and non-cheap appearance [5].",7.0
What’s the quality of the crystal crowns,"❤Gift Package for You: With this package you will get a crystal crown and a exquisite gift box. Best gift on Black Friday, Cyber Monday & Christmas.",134567,"['title: Yes!!!! \ntext: Wow!!! I was really surprised by the quality of the product. The crown is well made!!', 'title: BEST QUALITY \ntext: This item was worth the $.  Its beautiful. Lots of BLING!', 'title: Great quality \ntext: Using this for a photo shoot, it is beautiful very good quality and has some weight to it.', 'title: Quality \ntext: Beautify and heavy, just a little small for women, but for girls is perfect', ""title: Made with quality. \ntext: It showed up on time and looks amazing. Not cheap plastic like at the stores. Was metal and heavy but not to heavy. It sparkles in the light and can't wait to wear it at my wedding"", ""title: Good quality. \ntext: I got this for prom. It has a weight to it. It doesn't look cheap and its very good for its price.""]","The product has received positive feedback regarding its quality, with several users expressing satisfaction with its construction and appearance. One user was surprised by the well-made crown, highlighting its craftsmanship [0]. Another user praised the item for its beauty and value, noting the abundance of 'bling' [1]. The product is described as having good quality and weight, making it suitable for a photo shoot [2]. While it is noted to be a bit small for women, it is deemed perfect for girls [3]. The product is appreciated for being made of metal rather than cheap plastic, adding to its aesthetic appeal and durability, making it a desirable choice for a wedding [4]. Additionally, it is considered a good purchase for prom due to its substantial weight and non-cheap appearance, offering good value for its price [5].",7.0
What’s the quality of the crystal crowns,"❤Gift Package for You: With this package you will get a crystal crown and a exquisite gift box. Best gift on Black Friday, Cyber Monday & Christmas.",234567,"['title: Quality is perfect \ntext: Perfect for my daughters costume! Its perfect for quality on all levels for me. Its heavier than a cheap one so it makes it valuable!', 'title: BEST QUALITY \ntext: This item was worth the $.  Its beautiful. Lots of BLING!', 'title: Great quality \ntext: Using this for a photo shoot, it is beautiful very good quality and has some weight to it.', 'title: Quality \ntext: Beautify and heavy, just a little small for women, but for girls is perfect', ""title: Made with quality. \ntext: It showed up on time and looks amazing. Not cheap plastic like at the stores. Was metal and heavy but not to heavy. It sparkles in the light and can't wait to wear it at my wedding"", ""title: Good quality. \ntext: I got this for prom. It has a weight to it. It doesn't look cheap and its very good for its price.""]","The product is consistently praised for its high quality, with multiple users noting its substantial weight and valuable feel, which distinguishes it from cheaper alternatives[0][2][5]. It is described as beautiful and adorned with 'bling,' making it visually appealing[1]. Users appreciate its suitability for various occasions, such as costumes, photo shoots, and weddings, highlighting its versatility and aesthetic appeal[0][2][4]. The product is made of metal rather than plastic, contributing to its durability and premium appearance[4]. However, one user noted that while it is perfect for girls, it might be slightly small for women[3]. Overall, the product is considered worth its price due to its quality and appearance[1][5].",7.0
What’s the quality of the crystal crowns,"❤Gift Package for You: With this package you will get a crystal crown and a exquisite gift box. Best gift on Black Friday, Cyber Monday & Christmas.",0123456,"['title: quality made \ntext: The quality of the crown was much better that I had imagined it would be for the price.', 'title: Yes!!!! \ntext: Wow!!! I was really surprised by the quality of the product. The crown is well made!!', 'title: Quality is perfect \ntext: Perfect for my daughters costume! Its perfect for quality on all levels for me. Its heavier than a cheap one so it makes it valuable!', 'title: BEST QUALITY \ntext: This item was worth the $.  Its beautiful. Lots of BLING!', 'title: Great quality \ntext: Using this for a photo shoot, it is beautiful very good quality and has some weight to it.', 'title: Quality \ntext: Beautify and heavy, just a little small for women, but for girls is perfect', ""title: Made with quality. \ntext: It showed up on time and looks amazing. Not cheap plastic like at the stores. Was metal and heavy but not to heavy. It sparkles in the light and can't wait to wear it at my wedding""]","The product, a crown, has received overwhelmingly positive feedback regarding its quality. Customers have expressed surprise and satisfaction with the craftsmanship, noting that it exceeded expectations given its price point [0][1]. The crown is described as well-made, with a weight that suggests durability and value, making it suitable for various uses such as costumes and photo shoots [2][4]. It is noted for its beauty and substantial feel, distinguishing it from cheaper alternatives [3][5][6]. Although it is slightly small for women, it is deemed perfect for girls [5]. Overall, the crown's metal construction and sparkling appearance have been highlighted as key attributes contributing to its perceived high quality [6].",7.0
What’s the quality of the crystal crowns,"❤Gift Package for You: With this package you will get a crystal crown and a exquisite gift box. Best gift on Black Friday, Cyber Monday & Christmas.",0123457,"['title: quality made \ntext: The quality of the crown was much better that I had imagined it would be for the price.', 'title: Yes!!!! \ntext: Wow!!! I was really surprised by the quality of the product. The crown is well made!!', 'title: Quality is perfect \ntext: Perfect for my daughters costume! Its perfect for quality on all levels for me. Its heavier than a cheap one so it makes it valuable!', 'title: BEST QUALITY \ntext: This item was worth the $.  Its beautiful. Lots of BLING!', 'title: Great quality \ntext: Using this for a photo shoot, it is beautiful very good quality and has some weight to it.', 'title: Quality \ntext: Beautify and heavy, just a little small for women, but for girls is perfect', ""title: Good quality. \ntext: I got this for prom. It has a weight to it. It doesn't look cheap and its very good for its price.""]","The product, specifically a crown, has received positive feedback regarding its quality, exceeding expectations given its price point. Customers have noted that the crown is well-made and heavier than cheaper alternatives, which adds to its perceived value [0][1][2]. It is described as beautiful, with a lot of 'bling,' making it worth the cost [3]. The crown's quality is highlighted as suitable for various uses, such as costumes and photo shoots, due to its aesthetic appeal and substantial weight [4][5]. However, one comment mentions that while the crown is beautiful and heavy, it may be slightly small for women but perfect for girls [5]. Overall, the crown is praised for not looking cheap and being a good purchase for its price [6].",7.0
What’s the quality of the crystal crowns,"❤Gift Package for You: With this package you will get a crystal crown and a exquisite gift box. Best gift on Black Friday, Cyber Monday & Christmas.",0123467,"['title: quality made \ntext: The quality of the crown was much better that I had imagined it would be for the price.', 'title: Yes!!!! \ntext: Wow!!! I was really surprised by the quality of the product. The crown is well made!!', 'title: Quality is perfect \ntext: Perfect for my daughters costume! Its perfect for quality on all levels for me. Its heavier than a cheap one so it makes it valuable!', 'title: BEST QUALITY \ntext: This item was worth the $.  Its beautiful. Lots of BLING!', 'title: Great quality \ntext: Using this for a photo shoot, it is beautiful very good quality and has some weight to it.', ""title: Made with quality. \ntext: It showed up on time and looks amazing. Not cheap plastic like at the stores. Was metal and heavy but not to heavy. It sparkles in the light and can't wait to wear it at my wedding"", ""title: Good quality. \ntext: I got this for prom. It has a weight to it. It doesn't look cheap and its very good for its price.""]","The product, a crown, has received positive feedback regarding its quality, with several users expressing surprise and satisfaction. One user noted that the quality exceeded their expectations given the price, highlighting the crown's superior craftsmanship [0]. Another user emphasized the crown's well-made construction, expressing delight at its quality [1]. The crown was described as perfect for a costume, with its weight contributing to its perceived value, distinguishing it from cheaper alternatives [2]. Users also praised the crown for its beauty and the value it offers for the price, with one noting its 'bling' factor [3]. It was deemed suitable for a photo shoot due to its good quality and substantial weight [4]. The crown's metal construction and sparkling appearance were appreciated, with one user looking forward to wearing it at their wedding [5]. Lastly, the crown was described as having a good weight and not appearing cheap, making it a worthwhile purchase for events like prom [6].",7.0
What’s the quality of the crystal crowns,"❤Gift Package for You: With this package you will get a crystal crown and a exquisite gift box. Best gift on Black Friday, Cyber Monday & Christmas.",0123567,"['title: quality made \ntext: The quality of the crown was much better that I had imagined it would be for the price.', 'title: Yes!!!! \ntext: Wow!!! I was really surprised by the quality of the product. The crown is well made!!', 'title: Quality is perfect \ntext: Perfect for my daughters costume! Its perfect for quality on all levels for me. Its heavier than a cheap one so it makes it valuable!', 'title: BEST QUALITY \ntext: This item was worth the $.  Its beautiful. Lots of BLING!', 'title: Quality \ntext: Beautify and heavy, just a little small for women, but for girls is perfect', ""title: Made with quality. \ntext: It showed up on time and looks amazing. Not cheap plastic like at the stores. Was metal and heavy but not to heavy. It sparkles in the light and can't wait to wear it at my wedding"", ""title: Good quality. \ntext: I got this for prom. It has a weight to it. It doesn't look cheap and its very good for its price.""]","The product, a crown, has received positive feedback regarding its quality, surpassing expectations given its price point [0]. Customers have expressed surprise and satisfaction with the craftsmanship, noting that it is well-made and not cheaply constructed [1]. The crown is described as perfect for costumes, with a substantial weight that adds to its perceived value [2]. It is considered beautiful and worth the cost, with a lot of visual appeal [3]. While it is noted to be slightly small for women, it is deemed perfect for girls [4]. The crown is made of metal, not plastic, and has a pleasing weight, making it suitable for special occasions like weddings [5]. Additionally, it is praised for its good quality and affordability, making it a great choice for events such as prom [6].",7.0
What’s the quality of the crystal crowns,"❤Gift Package for You: With this package you will get a crystal crown and a exquisite gift box. Best gift on Black Friday, Cyber Monday & Christmas.",0124567,"['title: quality made \ntext: The quality of the crown was much better that I had imagined it would be for the price.', 'title: Yes!!!! \ntext: Wow!!! I was really surprised by the quality of the product. The crown is well made!!', 'title: Quality is perfect \ntext: Perfect for my daughters costume! Its perfect for quality on all levels for me. Its heavier than a cheap one so it makes it valuable!', 'title: Great quality \ntext: Using this for a photo shoot, it is beautiful very good quality and has some weight to it.', 'title: Quality \ntext: Beautify and heavy, just a little small for women, but for girls is perfect', ""title: Made with quality. \ntext: It showed up on time and looks amazing. Not cheap plastic like at the stores. Was metal and heavy but not to heavy. It sparkles in the light and can't wait to wear it at my wedding"", ""title: Good quality. \ntext: I got this for prom. It has a weight to it. It doesn't look cheap and its very good for its price.""]","The product, a crown, has received positive feedback regarding its quality, with several users expressing surprise and satisfaction with its construction and value for the price. One user noted that the quality exceeded their expectations given the cost, highlighting the crown's superior craftsmanship [0]. Another user emphasized the crown's well-made nature, expressing delight at its quality [1]. The crown was described as perfect for a costume, with its weight contributing to its perceived value, distinguishing it from cheaper alternatives [2]. It was also praised for its suitability for a photo shoot, being both beautiful and of good quality [3]. While one user mentioned it being slightly small for women, they found it perfect for girls, appreciating its beauty and weight [4]. The crown was noted for its timely arrival and impressive appearance, being made of metal rather than plastic, and sparkling in the light, making it suitable for a wedding [5]. Lastly, another user found it ideal for prom, appreciating its weight and good value for the price [6].",7.0
What’s the quality of the crystal crowns,"❤Gift Package for You: With this package you will get a crystal crown and a exquisite gift box. Best gift on Black Friday, Cyber Monday & Christmas.",0134567,"['title: quality made \ntext: The quality of the crown was much better that I had imagined it would be for the price.', 'title: Yes!!!! \ntext: Wow!!! I was really surprised by the quality of the product. The crown is well made!!', 'title: BEST QUALITY \ntext: This item was worth the $.  Its beautiful. Lots of BLING!', 'title: Great quality \ntext: Using this for a photo shoot, it is beautiful very good quality and has some weight to it.', 'title: Quality \ntext: Beautify and heavy, just a little small for women, but for girls is perfect', ""title: Made with quality. \ntext: It showed up on time and looks amazing. Not cheap plastic like at the stores. Was metal and heavy but not to heavy. It sparkles in the light and can't wait to wear it at my wedding"", ""title: Good quality. \ntext: I got this for prom. It has a weight to it. It doesn't look cheap and its very good for its price.""]","The product, a crown, has received positive feedback regarding its quality, with several users expressing surprise and satisfaction with its construction and appearance. One user noted that the quality exceeded their expectations given the price, highlighting the crown's value for money [0]. Another user emphasized the crown's well-made nature, describing it as beautiful and full of 'bling' [1][2]. The crown's suitability for a photo shoot was praised, with comments on its beauty, good quality, and substantial weight [3]. While one user mentioned it being slightly small for women, they found it perfect for girls, appreciating its beauty and heaviness [4]. The crown was also described as not being made of cheap plastic, but rather metal, which adds to its weight and sparkle, making it ideal for special occasions like weddings [5]. Lastly, another user found it to be of good quality for prom, noting its weight and non-cheap appearance, which they deemed excellent for the price [6].",7.0
What’s the quality of the crystal crowns,"❤Gift Package for You: With this package you will get a crystal crown and a exquisite gift box. Best gift on Black Friday, Cyber Monday & Christmas.",0234567,"['title: quality made \ntext: The quality of the crown was much better that I had imagined it would be for the price.', 'title: Quality is perfect \ntext: Perfect for my daughters costume! Its perfect for quality on all levels for me. Its heavier than a cheap one so it makes it valuable!', 'title: BEST QUALITY \ntext: This item was worth the $.  Its beautiful. Lots of BLING!', 'title: Great quality \ntext: Using this for a photo shoot, it is beautiful very good quality and has some weight to it.', 'title: Quality \ntext: Beautify and heavy, just a little small for women, but for girls is perfect', ""title: Made with quality. \ntext: It showed up on time and looks amazing. Not cheap plastic like at the stores. Was metal and heavy but not to heavy. It sparkles in the light and can't wait to wear it at my wedding"", ""title: Good quality. \ntext: I got this for prom. It has a weight to it. It doesn't look cheap and its very good for its price.""]","The product is consistently praised for its high quality, exceeding expectations given its price point. Customers appreciate its substantial weight, which adds to its perceived value and distinguishes it from cheaper alternatives[0][1][3][5][6]. The item is described as beautiful and adorned with 'bling,' making it visually appealing[2][3]. It is noted for being made of metal rather than plastic, contributing to its durability and aesthetic appeal[5]. While it is slightly small for women, it is deemed perfect for girls[4]. Overall, the product is considered excellent for various uses, including costumes, photo shoots, and special occasions like weddings and proms[1][3][5][6].",7.0
What’s the quality of the crystal crowns,"❤Gift Package for You: With this package you will get a crystal crown and a exquisite gift box. Best gift on Black Friday, Cyber Monday & Christmas.",1234567,"['title: Yes!!!! \ntext: Wow!!! I was really surprised by the quality of the product. The crown is well made!!', 'title: Quality is perfect \ntext: Perfect for my daughters costume! Its perfect for quality on all levels for me. Its heavier than a cheap one so it makes it valuable!', 'title: BEST QUALITY \ntext: This item was worth the $.  Its beautiful. Lots of BLING!', 'title: Great quality \ntext: Using this for a photo shoot, it is beautiful very good quality and has some weight to it.', 'title: Quality \ntext: Beautify and heavy, just a little small for women, but for girls is perfect', ""title: Made with quality. \ntext: It showed up on time and looks amazing. Not cheap plastic like at the stores. Was metal and heavy but not to heavy. It sparkles in the light and can't wait to wear it at my wedding"", ""title: Good quality. \ntext: I got this for prom. It has a weight to it. It doesn't look cheap and its very good for its price.""]","The product has received overwhelmingly positive feedback regarding its quality. Customers have praised the craftsmanship, noting that the crown is well-made and exceeds expectations in terms of quality [0]. It is described as perfect for costumes, with a heavier weight that adds to its perceived value compared to cheaper alternatives [1]. The item is considered beautiful and worth the price, with lots of decorative elements [2]. Users have highlighted its suitability for photo shoots due to its good quality and substantial weight [3]. While it is noted to be slightly small for women, it is deemed perfect for girls [4]. The product is made of metal, not cheap plastic, and is described as heavy but not overly so, with a sparkling appearance that is ideal for special occasions like weddings [5]. Additionally, it is considered a good purchase for events like prom, offering good quality at a reasonable price [6].",7.0
What’s the quality of the crystal crowns,"❤Gift Package for You: With this package you will get a crystal crown and a exquisite gift box. Best gift on Black Friday, Cyber Monday & Christmas.",01234567,"['title: quality made \ntext: The quality of the crown was much better that I had imagined it would be for the price.', 'title: Yes!!!! \ntext: Wow!!! I was really surprised by the quality of the product. The crown is well made!!', 'title: Quality is perfect \ntext: Perfect for my daughters costume! Its perfect for quality on all levels for me. Its heavier than a cheap one so it makes it valuable!', 'title: BEST QUALITY \ntext: This item was worth the $.  Its beautiful. Lots of BLING!', 'title: Great quality \ntext: Using this for a photo shoot, it is beautiful very good quality and has some weight to it.', 'title: Quality \ntext: Beautify and heavy, just a little small for women, but for girls is perfect', ""title: Made with quality. \ntext: It showed up on time and looks amazing. Not cheap plastic like at the stores. Was metal and heavy but not to heavy. It sparkles in the light and can't wait to wear it at my wedding"", ""title: Good quality. \ntext: I got this for prom. It has a weight to it. It doesn't look cheap and its very good for its price.""]","The product, a crown, has received positive feedback regarding its quality, with several users expressing satisfaction with its construction and value for money. One user noted that the quality exceeded their expectations given the price, highlighting the crown's superior craftsmanship [0]. Another user was pleasantly surprised by the crown's well-made design [1]. The crown was described as perfect for a costume, with its weight adding to its perceived value, distinguishing it from cheaper alternatives [2]. It was also praised for its beauty and 'bling,' making it worth the cost [3]. For a photo shoot, the crown's good quality and weight were appreciated, contributing to its aesthetic appeal [4]. While it was noted to be slightly small for women, it was deemed perfect for girls, with its beauty and heaviness being highlighted [5]. The crown was described as metal and heavy, not made of cheap plastic, and it sparkled in the light, making it suitable for a wedding [6]. Lastly, it was considered a good purchase for prom, with its weight and non-cheap appearance being emphasized as positive attributes [7].",7.0
What’s the quality of the crystal crowns,"❤Gift Package for You: With this package you will get a crystal crown and a exquisite gift box. Best gift on Black Friday, Cyber Monday & Christmas.",Comment 0,"title: quality made 
text: The quality of the crown was much better that I had imagined it would be for the price.",,0.6622023809523812
What’s the quality of the crystal crowns,"❤Gift Package for You: With this package you will get a crystal crown and a exquisite gift box. Best gift on Black Friday, Cyber Monday & Christmas.",Comment 1,"title: Yes!!!! 
text: Wow!!! I was really surprised by the quality of the product. The crown is well made!!",,0.5372023809523812
What’s the quality of the crystal crowns,"❤Gift Package for You: With this package you will get a crystal crown and a exquisite gift box. Best gift on Black Friday, Cyber Monday & Christmas.",Comment 2,"title: Quality is perfect 
text: Perfect for my daughters costume! Its perfect for quality on all levels for me. Its heavier than a cheap one so it makes it valuable!",,1.0550595238095237
What’s the quality of the crystal crowns,"❤Gift Package for You: With this package you will get a crystal crown and a exquisite gift box. Best gift on Black Friday, Cyber Monday & Christmas.",Comment 3,"title: BEST QUALITY 
text: This item was worth the $.  Its beautiful. Lots of BLING!",,0.7276785714285715
What’s the quality of the crystal crowns,"❤Gift Package for You: With this package you will get a crystal crown and a exquisite gift box. Best gift on Black Friday, Cyber Monday & Christmas.",Comment 4,"title: Great quality 
text: Using this for a photo shoot, it is beautiful very good quality and has some weight to it.",,1.0550595238095237
What’s the quality of the crystal crowns,"❤Gift Package for You: With this package you will get a crystal crown and a exquisite gift box. Best gift on Black Friday, Cyber Monday & Christmas.",Comment 5,"title: Quality 
text: Beautify and heavy, just a little small for women, but for girls is perfect",,0.697916666666667
What’s the quality of the crystal crowns,"❤Gift Package for You: With this package you will get a crystal crown and a exquisite gift box. Best gift on Black Friday, Cyber Monday & Christmas.",Comment 6,"title: Made with quality. 
text: It showed up on time and looks amazing. Not cheap plastic like at the stores. Was metal and heavy but not to heavy. It sparkles in the light and can't wait to wear it at my wedding",,1.5550595238095233
What’s the quality of the crystal crowns,"❤Gift Package for You: With this package you will get a crystal crown and a exquisite gift box. Best gift on Black Friday, Cyber Monday & Christmas.",Comment 7,"title: Good quality. 
text: I got this for prom. It has a weight to it. It doesn't look cheap and its very good for its price.",,0.7098214285714288
