original_query,product_description,subset,comments,summary,avg_score
How's the multiplayer capability of the product,"Play three of Mario’s greatest 3D platforming adventures—all in one package! Play three iconic games at home or on the go—all in one package on the Nintendo Switch system! Jump into paintings in Super Mario 64, clean up paint-like goop in Super Mario Sunshine, and fly from planet to planet in Super Mario Galaxy.  Run, jump, and dive with ease! Make Mario move using the Nintendo Switch system’s Joy-Con controllers. You can also pass a Joy-Con controller to a friend to play the Super Mario Galaxy game in Co-Star Mode! Mario’s movements are as smooth as ever with HD resolution for each game, while still retaining the look and feel of the originals.  Listen to timeless Super Mario tunes Listen to a total of 175 iconic tunes from all three games! Whether you want to get up and dance or take a minute to relax—this collection has music to fit your mood!  Even when you aren’t playing, you can enjoy the sounds that these worlds (and galaxies!) are so famous for. With three games, modern upgrades, and music-player mode, this collection is filled with fun for both new players and 3D platforming Mario masters. Super Mario 3D All-Stars will be available as a limited-run retail edition and a digital edition that is available for a limited time until the end of March 2021. The physical version of Super Mario 3D All-Stars (released Sep. 18) will continue to be shipped to retailers and available for purchase through March 31, 2021 or while supplies last. The digital version of Super Mario 3D All-Stars will be available for purchase through March 31, 2021. Once the digital edition has been purchased on your Nintendo Account, it can be re-downloaded and played if deleted from your device.  Software compatibility and play experience may differ on Nintendo Switch Lite. Additional accessories may be required (sold separately). Terms apply.",0,"[""title: Not two player as described \ntext: Says one or two players, means if you're willing to cut your remote in half two people can control half of one player""]","The comment highlights a misleading description regarding the multiplayer capability of the product. It states that while the product claims to support one or two players, in reality, it only allows two people to control half of one player by sharing a single remote, rather than providing a true two-player experience [0].",8.0
How's the multiplayer capability of the product,"Play three of Mario’s greatest 3D platforming adventures—all in one package! Play three iconic games at home or on the go—all in one package on the Nintendo Switch system! Jump into paintings in Super Mario 64, clean up paint-like goop in Super Mario Sunshine, and fly from planet to planet in Super Mario Galaxy.  Run, jump, and dive with ease! Make Mario move using the Nintendo Switch system’s Joy-Con controllers. You can also pass a Joy-Con controller to a friend to play the Super Mario Galaxy game in Co-Star Mode! Mario’s movements are as smooth as ever with HD resolution for each game, while still retaining the look and feel of the originals.  Listen to timeless Super Mario tunes Listen to a total of 175 iconic tunes from all three games! Whether you want to get up and dance or take a minute to relax—this collection has music to fit your mood!  Even when you aren’t playing, you can enjoy the sounds that these worlds (and galaxies!) are so famous for. With three games, modern upgrades, and music-player mode, this collection is filled with fun for both new players and 3D platforming Mario masters. Super Mario 3D All-Stars will be available as a limited-run retail edition and a digital edition that is available for a limited time until the end of March 2021. The physical version of Super Mario 3D All-Stars (released Sep. 18) will continue to be shipped to retailers and available for purchase through March 31, 2021 or while supplies last. The digital version of Super Mario 3D All-Stars will be available for purchase through March 31, 2021. Once the digital edition has been purchased on your Nintendo Account, it can be re-downloaded and played if deleted from your device.  Software compatibility and play experience may differ on Nintendo Switch Lite. Additional accessories may be required (sold separately). Terms apply.",1,"['title: Decent \ntext: This game is a little deceiving, it says it’s 2 players but it’s not really a good 2 player. Like you get to float around them. But not actually play.Really fun 1 player though!']","The game is advertised as having a two-player mode, but the multiplayer experience is limited. Players can only interact by floating around each other rather than engaging in a fully interactive two-player gameplay. However, the game is enjoyable as a single-player experience [0].",8.0
How's the multiplayer capability of the product,"Play three of Mario’s greatest 3D platforming adventures—all in one package! Play three iconic games at home or on the go—all in one package on the Nintendo Switch system! Jump into paintings in Super Mario 64, clean up paint-like goop in Super Mario Sunshine, and fly from planet to planet in Super Mario Galaxy.  Run, jump, and dive with ease! Make Mario move using the Nintendo Switch system’s Joy-Con controllers. You can also pass a Joy-Con controller to a friend to play the Super Mario Galaxy game in Co-Star Mode! Mario’s movements are as smooth as ever with HD resolution for each game, while still retaining the look and feel of the originals.  Listen to timeless Super Mario tunes Listen to a total of 175 iconic tunes from all three games! Whether you want to get up and dance or take a minute to relax—this collection has music to fit your mood!  Even when you aren’t playing, you can enjoy the sounds that these worlds (and galaxies!) are so famous for. With three games, modern upgrades, and music-player mode, this collection is filled with fun for both new players and 3D platforming Mario masters. Super Mario 3D All-Stars will be available as a limited-run retail edition and a digital edition that is available for a limited time until the end of March 2021. The physical version of Super Mario 3D All-Stars (released Sep. 18) will continue to be shipped to retailers and available for purchase through March 31, 2021 or while supplies last. The digital version of Super Mario 3D All-Stars will be available for purchase through March 31, 2021. Once the digital edition has been purchased on your Nintendo Account, it can be re-downloaded and played if deleted from your device.  Software compatibility and play experience may differ on Nintendo Switch Lite. Additional accessories may be required (sold separately). Terms apply.",2,['title: Amazing Game \ntext: Amazing product all the games are outstanding and it is totally worth it just hoping that there is a Wii Sports compilation pack for the switch'],[0] is not related to the query.,0.0
How's the multiplayer capability of the product,"Play three of Mario’s greatest 3D platforming adventures—all in one package! Play three iconic games at home or on the go—all in one package on the Nintendo Switch system! Jump into paintings in Super Mario 64, clean up paint-like goop in Super Mario Sunshine, and fly from planet to planet in Super Mario Galaxy.  Run, jump, and dive with ease! Make Mario move using the Nintendo Switch system’s Joy-Con controllers. You can also pass a Joy-Con controller to a friend to play the Super Mario Galaxy game in Co-Star Mode! Mario’s movements are as smooth as ever with HD resolution for each game, while still retaining the look and feel of the originals.  Listen to timeless Super Mario tunes Listen to a total of 175 iconic tunes from all three games! Whether you want to get up and dance or take a minute to relax—this collection has music to fit your mood!  Even when you aren’t playing, you can enjoy the sounds that these worlds (and galaxies!) are so famous for. With three games, modern upgrades, and music-player mode, this collection is filled with fun for both new players and 3D platforming Mario masters. Super Mario 3D All-Stars will be available as a limited-run retail edition and a digital edition that is available for a limited time until the end of March 2021. The physical version of Super Mario 3D All-Stars (released Sep. 18) will continue to be shipped to retailers and available for purchase through March 31, 2021 or while supplies last. The digital version of Super Mario 3D All-Stars will be available for purchase through March 31, 2021. Once the digital edition has been purchased on your Nintendo Account, it can be re-downloaded and played if deleted from your device.  Software compatibility and play experience may differ on Nintendo Switch Lite. Additional accessories may be required (sold separately). Terms apply.",3,"['title: Barebones emulation \ntext: The product is a huge disappointment, in particular Mario sunshine which is borderline unplayable since Nintendo has ruined the controls in particular the camera controls. To make the problem even worse Gamecube controllers are not supported.']",[0] is not related to the query.,0.0
How's the multiplayer capability of the product,"Play three of Mario’s greatest 3D platforming adventures—all in one package! Play three iconic games at home or on the go—all in one package on the Nintendo Switch system! Jump into paintings in Super Mario 64, clean up paint-like goop in Super Mario Sunshine, and fly from planet to planet in Super Mario Galaxy.  Run, jump, and dive with ease! Make Mario move using the Nintendo Switch system’s Joy-Con controllers. You can also pass a Joy-Con controller to a friend to play the Super Mario Galaxy game in Co-Star Mode! Mario’s movements are as smooth as ever with HD resolution for each game, while still retaining the look and feel of the originals.  Listen to timeless Super Mario tunes Listen to a total of 175 iconic tunes from all three games! Whether you want to get up and dance or take a minute to relax—this collection has music to fit your mood!  Even when you aren’t playing, you can enjoy the sounds that these worlds (and galaxies!) are so famous for. With three games, modern upgrades, and music-player mode, this collection is filled with fun for both new players and 3D platforming Mario masters. Super Mario 3D All-Stars will be available as a limited-run retail edition and a digital edition that is available for a limited time until the end of March 2021. The physical version of Super Mario 3D All-Stars (released Sep. 18) will continue to be shipped to retailers and available for purchase through March 31, 2021 or while supplies last. The digital version of Super Mario 3D All-Stars will be available for purchase through March 31, 2021. Once the digital edition has been purchased on your Nintendo Account, it can be re-downloaded and played if deleted from your device.  Software compatibility and play experience may differ on Nintendo Switch Lite. Additional accessories may be required (sold separately). Terms apply.",4,['title: Don’t let it fool you \ntext: You don’t actually play co-op. All single player. Don’t let it mislead you. Still good old school-ish games.'],"The comment highlights that despite the product being marketed with multiplayer capabilities, it is actually a single-player experience. The user warns others not to be misled by the co-op label, although they still appreciate the product for its old-school gaming qualities [0].",7.0
How's the multiplayer capability of the product,"Play three of Mario’s greatest 3D platforming adventures—all in one package! Play three iconic games at home or on the go—all in one package on the Nintendo Switch system! Jump into paintings in Super Mario 64, clean up paint-like goop in Super Mario Sunshine, and fly from planet to planet in Super Mario Galaxy.  Run, jump, and dive with ease! Make Mario move using the Nintendo Switch system’s Joy-Con controllers. You can also pass a Joy-Con controller to a friend to play the Super Mario Galaxy game in Co-Star Mode! Mario’s movements are as smooth as ever with HD resolution for each game, while still retaining the look and feel of the originals.  Listen to timeless Super Mario tunes Listen to a total of 175 iconic tunes from all three games! Whether you want to get up and dance or take a minute to relax—this collection has music to fit your mood!  Even when you aren’t playing, you can enjoy the sounds that these worlds (and galaxies!) are so famous for. With three games, modern upgrades, and music-player mode, this collection is filled with fun for both new players and 3D platforming Mario masters. Super Mario 3D All-Stars will be available as a limited-run retail edition and a digital edition that is available for a limited time until the end of March 2021. The physical version of Super Mario 3D All-Stars (released Sep. 18) will continue to be shipped to retailers and available for purchase through March 31, 2021 or while supplies last. The digital version of Super Mario 3D All-Stars will be available for purchase through March 31, 2021. Once the digital edition has been purchased on your Nintendo Account, it can be re-downloaded and played if deleted from your device.  Software compatibility and play experience may differ on Nintendo Switch Lite. Additional accessories may be required (sold separately). Terms apply.",5,['title: Amazing! \ntext: Great game to have! Perfect for the whole family to play with.'],[0] is not related to the query.,0.0
How's the multiplayer capability of the product,"Play three of Mario’s greatest 3D platforming adventures—all in one package! Play three iconic games at home or on the go—all in one package on the Nintendo Switch system! Jump into paintings in Super Mario 64, clean up paint-like goop in Super Mario Sunshine, and fly from planet to planet in Super Mario Galaxy.  Run, jump, and dive with ease! Make Mario move using the Nintendo Switch system’s Joy-Con controllers. You can also pass a Joy-Con controller to a friend to play the Super Mario Galaxy game in Co-Star Mode! Mario’s movements are as smooth as ever with HD resolution for each game, while still retaining the look and feel of the originals.  Listen to timeless Super Mario tunes Listen to a total of 175 iconic tunes from all three games! Whether you want to get up and dance or take a minute to relax—this collection has music to fit your mood!  Even when you aren’t playing, you can enjoy the sounds that these worlds (and galaxies!) are so famous for. With three games, modern upgrades, and music-player mode, this collection is filled with fun for both new players and 3D platforming Mario masters. Super Mario 3D All-Stars will be available as a limited-run retail edition and a digital edition that is available for a limited time until the end of March 2021. The physical version of Super Mario 3D All-Stars (released Sep. 18) will continue to be shipped to retailers and available for purchase through March 31, 2021 or while supplies last. The digital version of Super Mario 3D All-Stars will be available for purchase through March 31, 2021. Once the digital edition has been purchased on your Nintendo Account, it can be re-downloaded and played if deleted from your device.  Software compatibility and play experience may differ on Nintendo Switch Lite. Additional accessories may be required (sold separately). Terms apply.",6,['title: Yahoo! \ntext: A great bundle of games. Has some bugs but its still fun'],[0] is not related to the query.,0.0
How's the multiplayer capability of the product,"Play three of Mario’s greatest 3D platforming adventures—all in one package! Play three iconic games at home or on the go—all in one package on the Nintendo Switch system! Jump into paintings in Super Mario 64, clean up paint-like goop in Super Mario Sunshine, and fly from planet to planet in Super Mario Galaxy.  Run, jump, and dive with ease! Make Mario move using the Nintendo Switch system’s Joy-Con controllers. You can also pass a Joy-Con controller to a friend to play the Super Mario Galaxy game in Co-Star Mode! Mario’s movements are as smooth as ever with HD resolution for each game, while still retaining the look and feel of the originals.  Listen to timeless Super Mario tunes Listen to a total of 175 iconic tunes from all three games! Whether you want to get up and dance or take a minute to relax—this collection has music to fit your mood!  Even when you aren’t playing, you can enjoy the sounds that these worlds (and galaxies!) are so famous for. With three games, modern upgrades, and music-player mode, this collection is filled with fun for both new players and 3D platforming Mario masters. Super Mario 3D All-Stars will be available as a limited-run retail edition and a digital edition that is available for a limited time until the end of March 2021. The physical version of Super Mario 3D All-Stars (released Sep. 18) will continue to be shipped to retailers and available for purchase through March 31, 2021 or while supplies last. The digital version of Super Mario 3D All-Stars will be available for purchase through March 31, 2021. Once the digital edition has been purchased on your Nintendo Account, it can be re-downloaded and played if deleted from your device.  Software compatibility and play experience may differ on Nintendo Switch Lite. Additional accessories may be required (sold separately). Terms apply.",7,"[""title: All 3 Games in one cartridge \ntext: Don't even need internet to play all 3 games which is the main reason why I bought this.Super Mario 64 looks smoother and better than before.The controllers took a while to get used to again since the camera for SM64 was weird but cool at the time it came out.Super Mario Sunshine was also a bit awkward having the map at L1, I accidentally press it.  A & B have the same button action.The switch does have remapping the the system settings.""]",[0] is not related to the query.,0.0
How's the multiplayer capability of the product,"Play three of Mario’s greatest 3D platforming adventures—all in one package! Play three iconic games at home or on the go—all in one package on the Nintendo Switch system! Jump into paintings in Super Mario 64, clean up paint-like goop in Super Mario Sunshine, and fly from planet to planet in Super Mario Galaxy.  Run, jump, and dive with ease! Make Mario move using the Nintendo Switch system’s Joy-Con controllers. You can also pass a Joy-Con controller to a friend to play the Super Mario Galaxy game in Co-Star Mode! Mario’s movements are as smooth as ever with HD resolution for each game, while still retaining the look and feel of the originals.  Listen to timeless Super Mario tunes Listen to a total of 175 iconic tunes from all three games! Whether you want to get up and dance or take a minute to relax—this collection has music to fit your mood!  Even when you aren’t playing, you can enjoy the sounds that these worlds (and galaxies!) are so famous for. With three games, modern upgrades, and music-player mode, this collection is filled with fun for both new players and 3D platforming Mario masters. Super Mario 3D All-Stars will be available as a limited-run retail edition and a digital edition that is available for a limited time until the end of March 2021. The physical version of Super Mario 3D All-Stars (released Sep. 18) will continue to be shipped to retailers and available for purchase through March 31, 2021 or while supplies last. The digital version of Super Mario 3D All-Stars will be available for purchase through March 31, 2021. Once the digital edition has been purchased on your Nintendo Account, it can be re-downloaded and played if deleted from your device.  Software compatibility and play experience may differ on Nintendo Switch Lite. Additional accessories may be required (sold separately). Terms apply.",01,"[""title: Not two player as described \ntext: Says one or two players, means if you're willing to cut your remote in half two people can control half of one player"", 'title: Decent \ntext: This game is a little deceiving, it says it’s 2 players but it’s not really a good 2 player. Like you get to float around them. But not actually play.Really fun 1 player though!']","The comments highlight issues with the multiplayer capability of the product. One user points out that although the product claims to support one or two players, it only allows two people to control half of one player if they share a remote, which is misleading[0]. Another user echoes this sentiment, stating that while the game advertises a two-player mode, it does not provide a satisfactory multiplayer experience, as the second player can only 'float around' rather than actively participate in the game[1].",9.0
How's the multiplayer capability of the product,"Play three of Mario’s greatest 3D platforming adventures—all in one package! Play three iconic games at home or on the go—all in one package on the Nintendo Switch system! Jump into paintings in Super Mario 64, clean up paint-like goop in Super Mario Sunshine, and fly from planet to planet in Super Mario Galaxy.  Run, jump, and dive with ease! Make Mario move using the Nintendo Switch system’s Joy-Con controllers. You can also pass a Joy-Con controller to a friend to play the Super Mario Galaxy game in Co-Star Mode! Mario’s movements are as smooth as ever with HD resolution for each game, while still retaining the look and feel of the originals.  Listen to timeless Super Mario tunes Listen to a total of 175 iconic tunes from all three games! Whether you want to get up and dance or take a minute to relax—this collection has music to fit your mood!  Even when you aren’t playing, you can enjoy the sounds that these worlds (and galaxies!) are so famous for. With three games, modern upgrades, and music-player mode, this collection is filled with fun for both new players and 3D platforming Mario masters. Super Mario 3D All-Stars will be available as a limited-run retail edition and a digital edition that is available for a limited time until the end of March 2021. The physical version of Super Mario 3D All-Stars (released Sep. 18) will continue to be shipped to retailers and available for purchase through March 31, 2021 or while supplies last. The digital version of Super Mario 3D All-Stars will be available for purchase through March 31, 2021. Once the digital edition has been purchased on your Nintendo Account, it can be re-downloaded and played if deleted from your device.  Software compatibility and play experience may differ on Nintendo Switch Lite. Additional accessories may be required (sold separately). Terms apply.",02,"[""title: Not two player as described \ntext: Says one or two players, means if you're willing to cut your remote in half two people can control half of one player"", 'title: Amazing Game \ntext: Amazing product all the games are outstanding and it is totally worth it just hoping that there is a Wii Sports compilation pack for the switch']","The comment highlights a misleading description regarding the multiplayer capability of the product. It states that while the product claims to support one or two players, in reality, it only allows for two people to control half of one player by sharing a single remote, rather than providing a true two-player experience [0]. [1] is not related to the query.",8.0
How's the multiplayer capability of the product,"Play three of Mario’s greatest 3D platforming adventures—all in one package! Play three iconic games at home or on the go—all in one package on the Nintendo Switch system! Jump into paintings in Super Mario 64, clean up paint-like goop in Super Mario Sunshine, and fly from planet to planet in Super Mario Galaxy.  Run, jump, and dive with ease! Make Mario move using the Nintendo Switch system’s Joy-Con controllers. You can also pass a Joy-Con controller to a friend to play the Super Mario Galaxy game in Co-Star Mode! Mario’s movements are as smooth as ever with HD resolution for each game, while still retaining the look and feel of the originals.  Listen to timeless Super Mario tunes Listen to a total of 175 iconic tunes from all three games! Whether you want to get up and dance or take a minute to relax—this collection has music to fit your mood!  Even when you aren’t playing, you can enjoy the sounds that these worlds (and galaxies!) are so famous for. With three games, modern upgrades, and music-player mode, this collection is filled with fun for both new players and 3D platforming Mario masters. Super Mario 3D All-Stars will be available as a limited-run retail edition and a digital edition that is available for a limited time until the end of March 2021. The physical version of Super Mario 3D All-Stars (released Sep. 18) will continue to be shipped to retailers and available for purchase through March 31, 2021 or while supplies last. The digital version of Super Mario 3D All-Stars will be available for purchase through March 31, 2021. Once the digital edition has been purchased on your Nintendo Account, it can be re-downloaded and played if deleted from your device.  Software compatibility and play experience may differ on Nintendo Switch Lite. Additional accessories may be required (sold separately). Terms apply.",03,"[""title: Not two player as described \ntext: Says one or two players, means if you're willing to cut your remote in half two people can control half of one player"", 'title: Barebones emulation \ntext: The product is a huge disappointment, in particular Mario sunshine which is borderline unplayable since Nintendo has ruined the controls in particular the camera controls. To make the problem even worse Gamecube controllers are not supported.']","The product is advertised as supporting one or two players, but in reality, it only allows for two players if they share a single controller, effectively controlling half of one player each. This limitation suggests that the multiplayer capability is not as robust as described, as it does not support independent control for two players [0]. [1] is not related to the query.",8.0
How's the multiplayer capability of the product,"Play three of Mario’s greatest 3D platforming adventures—all in one package! Play three iconic games at home or on the go—all in one package on the Nintendo Switch system! Jump into paintings in Super Mario 64, clean up paint-like goop in Super Mario Sunshine, and fly from planet to planet in Super Mario Galaxy.  Run, jump, and dive with ease! Make Mario move using the Nintendo Switch system’s Joy-Con controllers. You can also pass a Joy-Con controller to a friend to play the Super Mario Galaxy game in Co-Star Mode! Mario’s movements are as smooth as ever with HD resolution for each game, while still retaining the look and feel of the originals.  Listen to timeless Super Mario tunes Listen to a total of 175 iconic tunes from all three games! Whether you want to get up and dance or take a minute to relax—this collection has music to fit your mood!  Even when you aren’t playing, you can enjoy the sounds that these worlds (and galaxies!) are so famous for. With three games, modern upgrades, and music-player mode, this collection is filled with fun for both new players and 3D platforming Mario masters. Super Mario 3D All-Stars will be available as a limited-run retail edition and a digital edition that is available for a limited time until the end of March 2021. The physical version of Super Mario 3D All-Stars (released Sep. 18) will continue to be shipped to retailers and available for purchase through March 31, 2021 or while supplies last. The digital version of Super Mario 3D All-Stars will be available for purchase through March 31, 2021. Once the digital edition has been purchased on your Nintendo Account, it can be re-downloaded and played if deleted from your device.  Software compatibility and play experience may differ on Nintendo Switch Lite. Additional accessories may be required (sold separately). Terms apply.",04,"[""title: Not two player as described \ntext: Says one or two players, means if you're willing to cut your remote in half two people can control half of one player"", 'title: Don’t let it fool you \ntext: You don’t actually play co-op. All single player. Don’t let it mislead you. Still good old school-ish games.']","The comments highlight a misleading aspect of the product's multiplayer capability. Although it is advertised as supporting one or two players, the actual experience does not offer true cooperative play. Instead, it requires players to share control of a single character, which does not constitute a genuine multiplayer experience. This has led to disappointment among users who expected a traditional two-player mode[0][1].",9.0
How's the multiplayer capability of the product,"Play three of Mario’s greatest 3D platforming adventures—all in one package! Play three iconic games at home or on the go—all in one package on the Nintendo Switch system! Jump into paintings in Super Mario 64, clean up paint-like goop in Super Mario Sunshine, and fly from planet to planet in Super Mario Galaxy.  Run, jump, and dive with ease! Make Mario move using the Nintendo Switch system’s Joy-Con controllers. You can also pass a Joy-Con controller to a friend to play the Super Mario Galaxy game in Co-Star Mode! Mario’s movements are as smooth as ever with HD resolution for each game, while still retaining the look and feel of the originals.  Listen to timeless Super Mario tunes Listen to a total of 175 iconic tunes from all three games! Whether you want to get up and dance or take a minute to relax—this collection has music to fit your mood!  Even when you aren’t playing, you can enjoy the sounds that these worlds (and galaxies!) are so famous for. With three games, modern upgrades, and music-player mode, this collection is filled with fun for both new players and 3D platforming Mario masters. Super Mario 3D All-Stars will be available as a limited-run retail edition and a digital edition that is available for a limited time until the end of March 2021. The physical version of Super Mario 3D All-Stars (released Sep. 18) will continue to be shipped to retailers and available for purchase through March 31, 2021 or while supplies last. The digital version of Super Mario 3D All-Stars will be available for purchase through March 31, 2021. Once the digital edition has been purchased on your Nintendo Account, it can be re-downloaded and played if deleted from your device.  Software compatibility and play experience may differ on Nintendo Switch Lite. Additional accessories may be required (sold separately). Terms apply.",05,"[""title: Not two player as described \ntext: Says one or two players, means if you're willing to cut your remote in half two people can control half of one player"", 'title: Amazing! \ntext: Great game to have! Perfect for the whole family to play with.']","The comment highlights a misleading aspect of the product's multiplayer capability. It suggests that while the product is advertised as supporting one or two players, in reality, it only allows two people to control half of one player if they share a single remote, rather than providing a true two-player experience [0]. [1] is not related to the query.",8.0
How's the multiplayer capability of the product,"Play three of Mario’s greatest 3D platforming adventures—all in one package! Play three iconic games at home or on the go—all in one package on the Nintendo Switch system! Jump into paintings in Super Mario 64, clean up paint-like goop in Super Mario Sunshine, and fly from planet to planet in Super Mario Galaxy.  Run, jump, and dive with ease! Make Mario move using the Nintendo Switch system’s Joy-Con controllers. You can also pass a Joy-Con controller to a friend to play the Super Mario Galaxy game in Co-Star Mode! Mario’s movements are as smooth as ever with HD resolution for each game, while still retaining the look and feel of the originals.  Listen to timeless Super Mario tunes Listen to a total of 175 iconic tunes from all three games! Whether you want to get up and dance or take a minute to relax—this collection has music to fit your mood!  Even when you aren’t playing, you can enjoy the sounds that these worlds (and galaxies!) are so famous for. With three games, modern upgrades, and music-player mode, this collection is filled with fun for both new players and 3D platforming Mario masters. Super Mario 3D All-Stars will be available as a limited-run retail edition and a digital edition that is available for a limited time until the end of March 2021. The physical version of Super Mario 3D All-Stars (released Sep. 18) will continue to be shipped to retailers and available for purchase through March 31, 2021 or while supplies last. The digital version of Super Mario 3D All-Stars will be available for purchase through March 31, 2021. Once the digital edition has been purchased on your Nintendo Account, it can be re-downloaded and played if deleted from your device.  Software compatibility and play experience may differ on Nintendo Switch Lite. Additional accessories may be required (sold separately). Terms apply.",06,"[""title: Not two player as described \ntext: Says one or two players, means if you're willing to cut your remote in half two people can control half of one player"", 'title: Yahoo! \ntext: A great bundle of games. Has some bugs but its still fun']","The comment highlights a misleading aspect of the product's multiplayer capability. It states that although the product is advertised as supporting one or two players, in reality, it requires users to share a single controller between two people, effectively allowing them to control only half of one player each[0]. [1] is not related to the query.",8.0
How's the multiplayer capability of the product,"Play three of Mario’s greatest 3D platforming adventures—all in one package! Play three iconic games at home or on the go—all in one package on the Nintendo Switch system! Jump into paintings in Super Mario 64, clean up paint-like goop in Super Mario Sunshine, and fly from planet to planet in Super Mario Galaxy.  Run, jump, and dive with ease! Make Mario move using the Nintendo Switch system’s Joy-Con controllers. You can also pass a Joy-Con controller to a friend to play the Super Mario Galaxy game in Co-Star Mode! Mario’s movements are as smooth as ever with HD resolution for each game, while still retaining the look and feel of the originals.  Listen to timeless Super Mario tunes Listen to a total of 175 iconic tunes from all three games! Whether you want to get up and dance or take a minute to relax—this collection has music to fit your mood!  Even when you aren’t playing, you can enjoy the sounds that these worlds (and galaxies!) are so famous for. With three games, modern upgrades, and music-player mode, this collection is filled with fun for both new players and 3D platforming Mario masters. Super Mario 3D All-Stars will be available as a limited-run retail edition and a digital edition that is available for a limited time until the end of March 2021. The physical version of Super Mario 3D All-Stars (released Sep. 18) will continue to be shipped to retailers and available for purchase through March 31, 2021 or while supplies last. The digital version of Super Mario 3D All-Stars will be available for purchase through March 31, 2021. Once the digital edition has been purchased on your Nintendo Account, it can be re-downloaded and played if deleted from your device.  Software compatibility and play experience may differ on Nintendo Switch Lite. Additional accessories may be required (sold separately). Terms apply.",07,"[""title: Not two player as described \ntext: Says one or two players, means if you're willing to cut your remote in half two people can control half of one player"", ""title: All 3 Games in one cartridge \ntext: Don't even need internet to play all 3 games which is the main reason why I bought this.Super Mario 64 looks smoother and better than before.The controllers took a while to get used to again since the camera for SM64 was weird but cool at the time it came out.Super Mario Sunshine was also a bit awkward having the map at L1, I accidentally press it.  A & B have the same button action.The switch does have remapping the the system settings.""]","The comment highlights a misleading description regarding the multiplayer capability of the product. It states that while the product claims to support one or two players, in reality, it requires users to split a single remote control between two people, effectively allowing them to control only half of one player each[0]. [1] is not related to the query.",8.0
How's the multiplayer capability of the product,"Play three of Mario’s greatest 3D platforming adventures—all in one package! Play three iconic games at home or on the go—all in one package on the Nintendo Switch system! Jump into paintings in Super Mario 64, clean up paint-like goop in Super Mario Sunshine, and fly from planet to planet in Super Mario Galaxy.  Run, jump, and dive with ease! Make Mario move using the Nintendo Switch system’s Joy-Con controllers. You can also pass a Joy-Con controller to a friend to play the Super Mario Galaxy game in Co-Star Mode! Mario’s movements are as smooth as ever with HD resolution for each game, while still retaining the look and feel of the originals.  Listen to timeless Super Mario tunes Listen to a total of 175 iconic tunes from all three games! Whether you want to get up and dance or take a minute to relax—this collection has music to fit your mood!  Even when you aren’t playing, you can enjoy the sounds that these worlds (and galaxies!) are so famous for. With three games, modern upgrades, and music-player mode, this collection is filled with fun for both new players and 3D platforming Mario masters. Super Mario 3D All-Stars will be available as a limited-run retail edition and a digital edition that is available for a limited time until the end of March 2021. The physical version of Super Mario 3D All-Stars (released Sep. 18) will continue to be shipped to retailers and available for purchase through March 31, 2021 or while supplies last. The digital version of Super Mario 3D All-Stars will be available for purchase through March 31, 2021. Once the digital edition has been purchased on your Nintendo Account, it can be re-downloaded and played if deleted from your device.  Software compatibility and play experience may differ on Nintendo Switch Lite. Additional accessories may be required (sold separately). Terms apply.",12,"['title: Decent \ntext: This game is a little deceiving, it says it’s 2 players but it’s not really a good 2 player. Like you get to float around them. But not actually play.Really fun 1 player though!', 'title: Amazing Game \ntext: Amazing product all the games are outstanding and it is totally worth it just hoping that there is a Wii Sports compilation pack for the switch']","The comment highlights that while the game is advertised as a two-player experience, it does not effectively support multiplayer gameplay. Instead, the second player can only interact in a limited way, such as floating around the main player, rather than fully participating in the game. However, the game is noted to be enjoyable as a single-player experience [0]. [1] is not related to the query.",8.0
How's the multiplayer capability of the product,"Play three of Mario’s greatest 3D platforming adventures—all in one package! Play three iconic games at home or on the go—all in one package on the Nintendo Switch system! Jump into paintings in Super Mario 64, clean up paint-like goop in Super Mario Sunshine, and fly from planet to planet in Super Mario Galaxy.  Run, jump, and dive with ease! Make Mario move using the Nintendo Switch system’s Joy-Con controllers. You can also pass a Joy-Con controller to a friend to play the Super Mario Galaxy game in Co-Star Mode! Mario’s movements are as smooth as ever with HD resolution for each game, while still retaining the look and feel of the originals.  Listen to timeless Super Mario tunes Listen to a total of 175 iconic tunes from all three games! Whether you want to get up and dance or take a minute to relax—this collection has music to fit your mood!  Even when you aren’t playing, you can enjoy the sounds that these worlds (and galaxies!) are so famous for. With three games, modern upgrades, and music-player mode, this collection is filled with fun for both new players and 3D platforming Mario masters. Super Mario 3D All-Stars will be available as a limited-run retail edition and a digital edition that is available for a limited time until the end of March 2021. The physical version of Super Mario 3D All-Stars (released Sep. 18) will continue to be shipped to retailers and available for purchase through March 31, 2021 or while supplies last. The digital version of Super Mario 3D All-Stars will be available for purchase through March 31, 2021. Once the digital edition has been purchased on your Nintendo Account, it can be re-downloaded and played if deleted from your device.  Software compatibility and play experience may differ on Nintendo Switch Lite. Additional accessories may be required (sold separately). Terms apply.",13,"['title: Decent \ntext: This game is a little deceiving, it says it’s 2 players but it’s not really a good 2 player. Like you get to float around them. But not actually play.Really fun 1 player though!', 'title: Barebones emulation \ntext: The product is a huge disappointment, in particular Mario sunshine which is borderline unplayable since Nintendo has ruined the controls in particular the camera controls. To make the problem even worse Gamecube controllers are not supported.']","The game is advertised as having a two-player mode, but users have found that it does not offer a satisfactory multiplayer experience. Instead of allowing both players to actively participate, the second player can only float around the first player, which limits the interaction and engagement expected from a multiplayer game. However, the game is noted to be enjoyable when played in single-player mode [0]. [1] is not related to the query.",8.0
How's the multiplayer capability of the product,"Play three of Mario’s greatest 3D platforming adventures—all in one package! Play three iconic games at home or on the go—all in one package on the Nintendo Switch system! Jump into paintings in Super Mario 64, clean up paint-like goop in Super Mario Sunshine, and fly from planet to planet in Super Mario Galaxy.  Run, jump, and dive with ease! Make Mario move using the Nintendo Switch system’s Joy-Con controllers. You can also pass a Joy-Con controller to a friend to play the Super Mario Galaxy game in Co-Star Mode! Mario’s movements are as smooth as ever with HD resolution for each game, while still retaining the look and feel of the originals.  Listen to timeless Super Mario tunes Listen to a total of 175 iconic tunes from all three games! Whether you want to get up and dance or take a minute to relax—this collection has music to fit your mood!  Even when you aren’t playing, you can enjoy the sounds that these worlds (and galaxies!) are so famous for. With three games, modern upgrades, and music-player mode, this collection is filled with fun for both new players and 3D platforming Mario masters. Super Mario 3D All-Stars will be available as a limited-run retail edition and a digital edition that is available for a limited time until the end of March 2021. The physical version of Super Mario 3D All-Stars (released Sep. 18) will continue to be shipped to retailers and available for purchase through March 31, 2021 or while supplies last. The digital version of Super Mario 3D All-Stars will be available for purchase through March 31, 2021. Once the digital edition has been purchased on your Nintendo Account, it can be re-downloaded and played if deleted from your device.  Software compatibility and play experience may differ on Nintendo Switch Lite. Additional accessories may be required (sold separately). Terms apply.",14,"['title: Decent \ntext: This game is a little deceiving, it says it’s 2 players but it’s not really a good 2 player. Like you get to float around them. But not actually play.Really fun 1 player though!', 'title: Don’t let it fool you \ntext: You don’t actually play co-op. All single player. Don’t let it mislead you. Still good old school-ish games.']","The multiplayer capability of the product has been criticized by users who feel that it is misleading. Although the game is advertised as a two-player experience, users report that the second player does not have an active role and merely 'floats around' the main player, which does not constitute a true cooperative gameplay experience. Despite this, the game is still appreciated for its single-player mode and nostalgic elements [0][1].",9.0
How's the multiplayer capability of the product,"Play three of Mario’s greatest 3D platforming adventures—all in one package! Play three iconic games at home or on the go—all in one package on the Nintendo Switch system! Jump into paintings in Super Mario 64, clean up paint-like goop in Super Mario Sunshine, and fly from planet to planet in Super Mario Galaxy.  Run, jump, and dive with ease! Make Mario move using the Nintendo Switch system’s Joy-Con controllers. You can also pass a Joy-Con controller to a friend to play the Super Mario Galaxy game in Co-Star Mode! Mario’s movements are as smooth as ever with HD resolution for each game, while still retaining the look and feel of the originals.  Listen to timeless Super Mario tunes Listen to a total of 175 iconic tunes from all three games! Whether you want to get up and dance or take a minute to relax—this collection has music to fit your mood!  Even when you aren’t playing, you can enjoy the sounds that these worlds (and galaxies!) are so famous for. With three games, modern upgrades, and music-player mode, this collection is filled with fun for both new players and 3D platforming Mario masters. Super Mario 3D All-Stars will be available as a limited-run retail edition and a digital edition that is available for a limited time until the end of March 2021. The physical version of Super Mario 3D All-Stars (released Sep. 18) will continue to be shipped to retailers and available for purchase through March 31, 2021 or while supplies last. The digital version of Super Mario 3D All-Stars will be available for purchase through March 31, 2021. Once the digital edition has been purchased on your Nintendo Account, it can be re-downloaded and played if deleted from your device.  Software compatibility and play experience may differ on Nintendo Switch Lite. Additional accessories may be required (sold separately). Terms apply.",15,"['title: Decent \ntext: This game is a little deceiving, it says it’s 2 players but it’s not really a good 2 player. Like you get to float around them. But not actually play.Really fun 1 player though!', 'title: Amazing! \ntext: Great game to have! Perfect for the whole family to play with.']","The game is advertised as a 2-player experience, but the multiplayer aspect is limited. Players can interact by floating around each other, but it does not offer a full-fledged two-player gameplay experience. However, it is noted to be enjoyable as a single-player game.[0] [1] is not related to the query.",8.0
How's the multiplayer capability of the product,"Play three of Mario’s greatest 3D platforming adventures—all in one package! Play three iconic games at home or on the go—all in one package on the Nintendo Switch system! Jump into paintings in Super Mario 64, clean up paint-like goop in Super Mario Sunshine, and fly from planet to planet in Super Mario Galaxy.  Run, jump, and dive with ease! Make Mario move using the Nintendo Switch system’s Joy-Con controllers. You can also pass a Joy-Con controller to a friend to play the Super Mario Galaxy game in Co-Star Mode! Mario’s movements are as smooth as ever with HD resolution for each game, while still retaining the look and feel of the originals.  Listen to timeless Super Mario tunes Listen to a total of 175 iconic tunes from all three games! Whether you want to get up and dance or take a minute to relax—this collection has music to fit your mood!  Even when you aren’t playing, you can enjoy the sounds that these worlds (and galaxies!) are so famous for. With three games, modern upgrades, and music-player mode, this collection is filled with fun for both new players and 3D platforming Mario masters. Super Mario 3D All-Stars will be available as a limited-run retail edition and a digital edition that is available for a limited time until the end of March 2021. The physical version of Super Mario 3D All-Stars (released Sep. 18) will continue to be shipped to retailers and available for purchase through March 31, 2021 or while supplies last. The digital version of Super Mario 3D All-Stars will be available for purchase through March 31, 2021. Once the digital edition has been purchased on your Nintendo Account, it can be re-downloaded and played if deleted from your device.  Software compatibility and play experience may differ on Nintendo Switch Lite. Additional accessories may be required (sold separately). Terms apply.",16,"['title: Decent \ntext: This game is a little deceiving, it says it’s 2 players but it’s not really a good 2 player. Like you get to float around them. But not actually play.Really fun 1 player though!', 'title: Yahoo! \ntext: A great bundle of games. Has some bugs but its still fun']","The comment highlights a discrepancy in the game's multiplayer capability, noting that while it is advertised as a two-player game, the multiplayer experience is limited. Players can interact by floating around each other, but it does not offer a fully engaging two-player experience. However, the game is described as enjoyable for single-player mode [0]. [1] is not related to the query.",8.0
How's the multiplayer capability of the product,"Play three of Mario’s greatest 3D platforming adventures—all in one package! Play three iconic games at home or on the go—all in one package on the Nintendo Switch system! Jump into paintings in Super Mario 64, clean up paint-like goop in Super Mario Sunshine, and fly from planet to planet in Super Mario Galaxy.  Run, jump, and dive with ease! Make Mario move using the Nintendo Switch system’s Joy-Con controllers. You can also pass a Joy-Con controller to a friend to play the Super Mario Galaxy game in Co-Star Mode! Mario’s movements are as smooth as ever with HD resolution for each game, while still retaining the look and feel of the originals.  Listen to timeless Super Mario tunes Listen to a total of 175 iconic tunes from all three games! Whether you want to get up and dance or take a minute to relax—this collection has music to fit your mood!  Even when you aren’t playing, you can enjoy the sounds that these worlds (and galaxies!) are so famous for. With three games, modern upgrades, and music-player mode, this collection is filled with fun for both new players and 3D platforming Mario masters. Super Mario 3D All-Stars will be available as a limited-run retail edition and a digital edition that is available for a limited time until the end of March 2021. The physical version of Super Mario 3D All-Stars (released Sep. 18) will continue to be shipped to retailers and available for purchase through March 31, 2021 or while supplies last. The digital version of Super Mario 3D All-Stars will be available for purchase through March 31, 2021. Once the digital edition has been purchased on your Nintendo Account, it can be re-downloaded and played if deleted from your device.  Software compatibility and play experience may differ on Nintendo Switch Lite. Additional accessories may be required (sold separately). Terms apply.",17,"['title: Decent \ntext: This game is a little deceiving, it says it’s 2 players but it’s not really a good 2 player. Like you get to float around them. But not actually play.Really fun 1 player though!', ""title: All 3 Games in one cartridge \ntext: Don't even need internet to play all 3 games which is the main reason why I bought this.Super Mario 64 looks smoother and better than before.The controllers took a while to get used to again since the camera for SM64 was weird but cool at the time it came out.Super Mario Sunshine was also a bit awkward having the map at L1, I accidentally press it.  A & B have the same button action.The switch does have remapping the the system settings.""]","The comment highlights a discrepancy in the game's multiplayer capability, noting that while it is advertised as a two-player game, the multiplayer experience is limited. Players can interact by floating around each other, but it does not offer a fully engaging two-player experience. However, the game is described as enjoyable for single-player mode [0]. [1] is not related to the query.",8.0
How's the multiplayer capability of the product,"Play three of Mario’s greatest 3D platforming adventures—all in one package! Play three iconic games at home or on the go—all in one package on the Nintendo Switch system! Jump into paintings in Super Mario 64, clean up paint-like goop in Super Mario Sunshine, and fly from planet to planet in Super Mario Galaxy.  Run, jump, and dive with ease! Make Mario move using the Nintendo Switch system’s Joy-Con controllers. You can also pass a Joy-Con controller to a friend to play the Super Mario Galaxy game in Co-Star Mode! Mario’s movements are as smooth as ever with HD resolution for each game, while still retaining the look and feel of the originals.  Listen to timeless Super Mario tunes Listen to a total of 175 iconic tunes from all three games! Whether you want to get up and dance or take a minute to relax—this collection has music to fit your mood!  Even when you aren’t playing, you can enjoy the sounds that these worlds (and galaxies!) are so famous for. With three games, modern upgrades, and music-player mode, this collection is filled with fun for both new players and 3D platforming Mario masters. Super Mario 3D All-Stars will be available as a limited-run retail edition and a digital edition that is available for a limited time until the end of March 2021. The physical version of Super Mario 3D All-Stars (released Sep. 18) will continue to be shipped to retailers and available for purchase through March 31, 2021 or while supplies last. The digital version of Super Mario 3D All-Stars will be available for purchase through March 31, 2021. Once the digital edition has been purchased on your Nintendo Account, it can be re-downloaded and played if deleted from your device.  Software compatibility and play experience may differ on Nintendo Switch Lite. Additional accessories may be required (sold separately). Terms apply.",23,"['title: Amazing Game \ntext: Amazing product all the games are outstanding and it is totally worth it just hoping that there is a Wii Sports compilation pack for the switch', 'title: Barebones emulation \ntext: The product is a huge disappointment, in particular Mario sunshine which is borderline unplayable since Nintendo has ruined the controls in particular the camera controls. To make the problem even worse Gamecube controllers are not supported.']",[0] is not related to the query. [1] is not related to the query.,0.0
How's the multiplayer capability of the product,"Play three of Mario’s greatest 3D platforming adventures—all in one package! Play three iconic games at home or on the go—all in one package on the Nintendo Switch system! Jump into paintings in Super Mario 64, clean up paint-like goop in Super Mario Sunshine, and fly from planet to planet in Super Mario Galaxy.  Run, jump, and dive with ease! Make Mario move using the Nintendo Switch system’s Joy-Con controllers. You can also pass a Joy-Con controller to a friend to play the Super Mario Galaxy game in Co-Star Mode! Mario’s movements are as smooth as ever with HD resolution for each game, while still retaining the look and feel of the originals.  Listen to timeless Super Mario tunes Listen to a total of 175 iconic tunes from all three games! Whether you want to get up and dance or take a minute to relax—this collection has music to fit your mood!  Even when you aren’t playing, you can enjoy the sounds that these worlds (and galaxies!) are so famous for. With three games, modern upgrades, and music-player mode, this collection is filled with fun for both new players and 3D platforming Mario masters. Super Mario 3D All-Stars will be available as a limited-run retail edition and a digital edition that is available for a limited time until the end of March 2021. The physical version of Super Mario 3D All-Stars (released Sep. 18) will continue to be shipped to retailers and available for purchase through March 31, 2021 or while supplies last. The digital version of Super Mario 3D All-Stars will be available for purchase through March 31, 2021. Once the digital edition has been purchased on your Nintendo Account, it can be re-downloaded and played if deleted from your device.  Software compatibility and play experience may differ on Nintendo Switch Lite. Additional accessories may be required (sold separately). Terms apply.",24,"['title: Amazing Game \ntext: Amazing product all the games are outstanding and it is totally worth it just hoping that there is a Wii Sports compilation pack for the switch', 'title: Don’t let it fool you \ntext: You don’t actually play co-op. All single player. Don’t let it mislead you. Still good old school-ish games.']","The comment highlights a misconception about the product's multiplayer capability, stating that despite any implications, the game is actually single-player only and does not support cooperative play. However, it is still appreciated for its old-school style.[0] [0] is not related to the query.",7.0
How's the multiplayer capability of the product,"Play three of Mario’s greatest 3D platforming adventures—all in one package! Play three iconic games at home or on the go—all in one package on the Nintendo Switch system! Jump into paintings in Super Mario 64, clean up paint-like goop in Super Mario Sunshine, and fly from planet to planet in Super Mario Galaxy.  Run, jump, and dive with ease! Make Mario move using the Nintendo Switch system’s Joy-Con controllers. You can also pass a Joy-Con controller to a friend to play the Super Mario Galaxy game in Co-Star Mode! Mario’s movements are as smooth as ever with HD resolution for each game, while still retaining the look and feel of the originals.  Listen to timeless Super Mario tunes Listen to a total of 175 iconic tunes from all three games! Whether you want to get up and dance or take a minute to relax—this collection has music to fit your mood!  Even when you aren’t playing, you can enjoy the sounds that these worlds (and galaxies!) are so famous for. With three games, modern upgrades, and music-player mode, this collection is filled with fun for both new players and 3D platforming Mario masters. Super Mario 3D All-Stars will be available as a limited-run retail edition and a digital edition that is available for a limited time until the end of March 2021. The physical version of Super Mario 3D All-Stars (released Sep. 18) will continue to be shipped to retailers and available for purchase through March 31, 2021 or while supplies last. The digital version of Super Mario 3D All-Stars will be available for purchase through March 31, 2021. Once the digital edition has been purchased on your Nintendo Account, it can be re-downloaded and played if deleted from your device.  Software compatibility and play experience may differ on Nintendo Switch Lite. Additional accessories may be required (sold separately). Terms apply.",25,"['title: Amazing Game \ntext: Amazing product all the games are outstanding and it is totally worth it just hoping that there is a Wii Sports compilation pack for the switch', 'title: Amazing! \ntext: Great game to have! Perfect for the whole family to play with.']",[0] is not related to the query. [1] is not related to the query.,0.0
How's the multiplayer capability of the product,"Play three of Mario’s greatest 3D platforming adventures—all in one package! Play three iconic games at home or on the go—all in one package on the Nintendo Switch system! Jump into paintings in Super Mario 64, clean up paint-like goop in Super Mario Sunshine, and fly from planet to planet in Super Mario Galaxy.  Run, jump, and dive with ease! Make Mario move using the Nintendo Switch system’s Joy-Con controllers. You can also pass a Joy-Con controller to a friend to play the Super Mario Galaxy game in Co-Star Mode! Mario’s movements are as smooth as ever with HD resolution for each game, while still retaining the look and feel of the originals.  Listen to timeless Super Mario tunes Listen to a total of 175 iconic tunes from all three games! Whether you want to get up and dance or take a minute to relax—this collection has music to fit your mood!  Even when you aren’t playing, you can enjoy the sounds that these worlds (and galaxies!) are so famous for. With three games, modern upgrades, and music-player mode, this collection is filled with fun for both new players and 3D platforming Mario masters. Super Mario 3D All-Stars will be available as a limited-run retail edition and a digital edition that is available for a limited time until the end of March 2021. The physical version of Super Mario 3D All-Stars (released Sep. 18) will continue to be shipped to retailers and available for purchase through March 31, 2021 or while supplies last. The digital version of Super Mario 3D All-Stars will be available for purchase through March 31, 2021. Once the digital edition has been purchased on your Nintendo Account, it can be re-downloaded and played if deleted from your device.  Software compatibility and play experience may differ on Nintendo Switch Lite. Additional accessories may be required (sold separately). Terms apply.",26,"['title: Amazing Game \ntext: Amazing product all the games are outstanding and it is totally worth it just hoping that there is a Wii Sports compilation pack for the switch', 'title: Yahoo! \ntext: A great bundle of games. Has some bugs but its still fun']",[0] is not related to the query. [1] is not related to the query.,0.0
How's the multiplayer capability of the product,"Play three of Mario’s greatest 3D platforming adventures—all in one package! Play three iconic games at home or on the go—all in one package on the Nintendo Switch system! Jump into paintings in Super Mario 64, clean up paint-like goop in Super Mario Sunshine, and fly from planet to planet in Super Mario Galaxy.  Run, jump, and dive with ease! Make Mario move using the Nintendo Switch system’s Joy-Con controllers. You can also pass a Joy-Con controller to a friend to play the Super Mario Galaxy game in Co-Star Mode! Mario’s movements are as smooth as ever with HD resolution for each game, while still retaining the look and feel of the originals.  Listen to timeless Super Mario tunes Listen to a total of 175 iconic tunes from all three games! Whether you want to get up and dance or take a minute to relax—this collection has music to fit your mood!  Even when you aren’t playing, you can enjoy the sounds that these worlds (and galaxies!) are so famous for. With three games, modern upgrades, and music-player mode, this collection is filled with fun for both new players and 3D platforming Mario masters. Super Mario 3D All-Stars will be available as a limited-run retail edition and a digital edition that is available for a limited time until the end of March 2021. The physical version of Super Mario 3D All-Stars (released Sep. 18) will continue to be shipped to retailers and available for purchase through March 31, 2021 or while supplies last. The digital version of Super Mario 3D All-Stars will be available for purchase through March 31, 2021. Once the digital edition has been purchased on your Nintendo Account, it can be re-downloaded and played if deleted from your device.  Software compatibility and play experience may differ on Nintendo Switch Lite. Additional accessories may be required (sold separately). Terms apply.",27,"['title: Amazing Game \ntext: Amazing product all the games are outstanding and it is totally worth it just hoping that there is a Wii Sports compilation pack for the switch', ""title: All 3 Games in one cartridge \ntext: Don't even need internet to play all 3 games which is the main reason why I bought this.Super Mario 64 looks smoother and better than before.The controllers took a while to get used to again since the camera for SM64 was weird but cool at the time it came out.Super Mario Sunshine was also a bit awkward having the map at L1, I accidentally press it.  A & B have the same button action.The switch does have remapping the the system settings.""]",[0] is not related to the query. [1] is not related to the query.,0.0
How's the multiplayer capability of the product,"Play three of Mario’s greatest 3D platforming adventures—all in one package! Play three iconic games at home or on the go—all in one package on the Nintendo Switch system! Jump into paintings in Super Mario 64, clean up paint-like goop in Super Mario Sunshine, and fly from planet to planet in Super Mario Galaxy.  Run, jump, and dive with ease! Make Mario move using the Nintendo Switch system’s Joy-Con controllers. You can also pass a Joy-Con controller to a friend to play the Super Mario Galaxy game in Co-Star Mode! Mario’s movements are as smooth as ever with HD resolution for each game, while still retaining the look and feel of the originals.  Listen to timeless Super Mario tunes Listen to a total of 175 iconic tunes from all three games! Whether you want to get up and dance or take a minute to relax—this collection has music to fit your mood!  Even when you aren’t playing, you can enjoy the sounds that these worlds (and galaxies!) are so famous for. With three games, modern upgrades, and music-player mode, this collection is filled with fun for both new players and 3D platforming Mario masters. Super Mario 3D All-Stars will be available as a limited-run retail edition and a digital edition that is available for a limited time until the end of March 2021. The physical version of Super Mario 3D All-Stars (released Sep. 18) will continue to be shipped to retailers and available for purchase through March 31, 2021 or while supplies last. The digital version of Super Mario 3D All-Stars will be available for purchase through March 31, 2021. Once the digital edition has been purchased on your Nintendo Account, it can be re-downloaded and played if deleted from your device.  Software compatibility and play experience may differ on Nintendo Switch Lite. Additional accessories may be required (sold separately). Terms apply.",34,"['title: Barebones emulation \ntext: The product is a huge disappointment, in particular Mario sunshine which is borderline unplayable since Nintendo has ruined the controls in particular the camera controls. To make the problem even worse Gamecube controllers are not supported.', 'title: Don’t let it fool you \ntext: You don’t actually play co-op. All single player. Don’t let it mislead you. Still good old school-ish games.']","The comment highlights a misconception about the product's multiplayer capability, stating that despite any indications of cooperative play, the game is actually single-player only. It warns potential users not to be misled by any claims of multiplayer features, while still acknowledging the game's quality as reminiscent of old-school games [0]. [0] is not related to the query.",7.0
How's the multiplayer capability of the product,"Play three of Mario’s greatest 3D platforming adventures—all in one package! Play three iconic games at home or on the go—all in one package on the Nintendo Switch system! Jump into paintings in Super Mario 64, clean up paint-like goop in Super Mario Sunshine, and fly from planet to planet in Super Mario Galaxy.  Run, jump, and dive with ease! Make Mario move using the Nintendo Switch system’s Joy-Con controllers. You can also pass a Joy-Con controller to a friend to play the Super Mario Galaxy game in Co-Star Mode! Mario’s movements are as smooth as ever with HD resolution for each game, while still retaining the look and feel of the originals.  Listen to timeless Super Mario tunes Listen to a total of 175 iconic tunes from all three games! Whether you want to get up and dance or take a minute to relax—this collection has music to fit your mood!  Even when you aren’t playing, you can enjoy the sounds that these worlds (and galaxies!) are so famous for. With three games, modern upgrades, and music-player mode, this collection is filled with fun for both new players and 3D platforming Mario masters. Super Mario 3D All-Stars will be available as a limited-run retail edition and a digital edition that is available for a limited time until the end of March 2021. The physical version of Super Mario 3D All-Stars (released Sep. 18) will continue to be shipped to retailers and available for purchase through March 31, 2021 or while supplies last. The digital version of Super Mario 3D All-Stars will be available for purchase through March 31, 2021. Once the digital edition has been purchased on your Nintendo Account, it can be re-downloaded and played if deleted from your device.  Software compatibility and play experience may differ on Nintendo Switch Lite. Additional accessories may be required (sold separately). Terms apply.",35,"['title: Barebones emulation \ntext: The product is a huge disappointment, in particular Mario sunshine which is borderline unplayable since Nintendo has ruined the controls in particular the camera controls. To make the problem even worse Gamecube controllers are not supported.', 'title: Amazing! \ntext: Great game to have! Perfect for the whole family to play with.']",[0] is not related to the query. [1] is not related to the query.,0.0
How's the multiplayer capability of the product,"Play three of Mario’s greatest 3D platforming adventures—all in one package! Play three iconic games at home or on the go—all in one package on the Nintendo Switch system! Jump into paintings in Super Mario 64, clean up paint-like goop in Super Mario Sunshine, and fly from planet to planet in Super Mario Galaxy.  Run, jump, and dive with ease! Make Mario move using the Nintendo Switch system’s Joy-Con controllers. You can also pass a Joy-Con controller to a friend to play the Super Mario Galaxy game in Co-Star Mode! Mario’s movements are as smooth as ever with HD resolution for each game, while still retaining the look and feel of the originals.  Listen to timeless Super Mario tunes Listen to a total of 175 iconic tunes from all three games! Whether you want to get up and dance or take a minute to relax—this collection has music to fit your mood!  Even when you aren’t playing, you can enjoy the sounds that these worlds (and galaxies!) are so famous for. With three games, modern upgrades, and music-player mode, this collection is filled with fun for both new players and 3D platforming Mario masters. Super Mario 3D All-Stars will be available as a limited-run retail edition and a digital edition that is available for a limited time until the end of March 2021. The physical version of Super Mario 3D All-Stars (released Sep. 18) will continue to be shipped to retailers and available for purchase through March 31, 2021 or while supplies last. The digital version of Super Mario 3D All-Stars will be available for purchase through March 31, 2021. Once the digital edition has been purchased on your Nintendo Account, it can be re-downloaded and played if deleted from your device.  Software compatibility and play experience may differ on Nintendo Switch Lite. Additional accessories may be required (sold separately). Terms apply.",36,"['title: Barebones emulation \ntext: The product is a huge disappointment, in particular Mario sunshine which is borderline unplayable since Nintendo has ruined the controls in particular the camera controls. To make the problem even worse Gamecube controllers are not supported.', 'title: Yahoo! \ntext: A great bundle of games. Has some bugs but its still fun']",[0] is not related to the query. [1] is not related to the query.,0.0
How's the multiplayer capability of the product,"Play three of Mario’s greatest 3D platforming adventures—all in one package! Play three iconic games at home or on the go—all in one package on the Nintendo Switch system! Jump into paintings in Super Mario 64, clean up paint-like goop in Super Mario Sunshine, and fly from planet to planet in Super Mario Galaxy.  Run, jump, and dive with ease! Make Mario move using the Nintendo Switch system’s Joy-Con controllers. You can also pass a Joy-Con controller to a friend to play the Super Mario Galaxy game in Co-Star Mode! Mario’s movements are as smooth as ever with HD resolution for each game, while still retaining the look and feel of the originals.  Listen to timeless Super Mario tunes Listen to a total of 175 iconic tunes from all three games! Whether you want to get up and dance or take a minute to relax—this collection has music to fit your mood!  Even when you aren’t playing, you can enjoy the sounds that these worlds (and galaxies!) are so famous for. With three games, modern upgrades, and music-player mode, this collection is filled with fun for both new players and 3D platforming Mario masters. Super Mario 3D All-Stars will be available as a limited-run retail edition and a digital edition that is available for a limited time until the end of March 2021. The physical version of Super Mario 3D All-Stars (released Sep. 18) will continue to be shipped to retailers and available for purchase through March 31, 2021 or while supplies last. The digital version of Super Mario 3D All-Stars will be available for purchase through March 31, 2021. Once the digital edition has been purchased on your Nintendo Account, it can be re-downloaded and played if deleted from your device.  Software compatibility and play experience may differ on Nintendo Switch Lite. Additional accessories may be required (sold separately). Terms apply.",37,"['title: Barebones emulation \ntext: The product is a huge disappointment, in particular Mario sunshine which is borderline unplayable since Nintendo has ruined the controls in particular the camera controls. To make the problem even worse Gamecube controllers are not supported.', ""title: All 3 Games in one cartridge \ntext: Don't even need internet to play all 3 games which is the main reason why I bought this.Super Mario 64 looks smoother and better than before.The controllers took a while to get used to again since the camera for SM64 was weird but cool at the time it came out.Super Mario Sunshine was also a bit awkward having the map at L1, I accidentally press it.  A & B have the same button action.The switch does have remapping the the system settings.""]",[0] is not related to the query. [1] is not related to the query.,0.0
How's the multiplayer capability of the product,"Play three of Mario’s greatest 3D platforming adventures—all in one package! Play three iconic games at home or on the go—all in one package on the Nintendo Switch system! Jump into paintings in Super Mario 64, clean up paint-like goop in Super Mario Sunshine, and fly from planet to planet in Super Mario Galaxy.  Run, jump, and dive with ease! Make Mario move using the Nintendo Switch system’s Joy-Con controllers. You can also pass a Joy-Con controller to a friend to play the Super Mario Galaxy game in Co-Star Mode! Mario’s movements are as smooth as ever with HD resolution for each game, while still retaining the look and feel of the originals.  Listen to timeless Super Mario tunes Listen to a total of 175 iconic tunes from all three games! Whether you want to get up and dance or take a minute to relax—this collection has music to fit your mood!  Even when you aren’t playing, you can enjoy the sounds that these worlds (and galaxies!) are so famous for. With three games, modern upgrades, and music-player mode, this collection is filled with fun for both new players and 3D platforming Mario masters. Super Mario 3D All-Stars will be available as a limited-run retail edition and a digital edition that is available for a limited time until the end of March 2021. The physical version of Super Mario 3D All-Stars (released Sep. 18) will continue to be shipped to retailers and available for purchase through March 31, 2021 or while supplies last. The digital version of Super Mario 3D All-Stars will be available for purchase through March 31, 2021. Once the digital edition has been purchased on your Nintendo Account, it can be re-downloaded and played if deleted from your device.  Software compatibility and play experience may differ on Nintendo Switch Lite. Additional accessories may be required (sold separately). Terms apply.",45,"['title: Don’t let it fool you \ntext: You don’t actually play co-op. All single player. Don’t let it mislead you. Still good old school-ish games.', 'title: Amazing! \ntext: Great game to have! Perfect for the whole family to play with.']","The comment highlights a misconception about the product's multiplayer capabilities, stating that despite any implications of cooperative play, the game is actually single-player only. It warns potential users not to be misled by any suggestions of multiplayer features, although it acknowledges the game retains a classic feel.[0] [1] is not related to the query.",7.0
How's the multiplayer capability of the product,"Play three of Mario’s greatest 3D platforming adventures—all in one package! Play three iconic games at home or on the go—all in one package on the Nintendo Switch system! Jump into paintings in Super Mario 64, clean up paint-like goop in Super Mario Sunshine, and fly from planet to planet in Super Mario Galaxy.  Run, jump, and dive with ease! Make Mario move using the Nintendo Switch system’s Joy-Con controllers. You can also pass a Joy-Con controller to a friend to play the Super Mario Galaxy game in Co-Star Mode! Mario’s movements are as smooth as ever with HD resolution for each game, while still retaining the look and feel of the originals.  Listen to timeless Super Mario tunes Listen to a total of 175 iconic tunes from all three games! Whether you want to get up and dance or take a minute to relax—this collection has music to fit your mood!  Even when you aren’t playing, you can enjoy the sounds that these worlds (and galaxies!) are so famous for. With three games, modern upgrades, and music-player mode, this collection is filled with fun for both new players and 3D platforming Mario masters. Super Mario 3D All-Stars will be available as a limited-run retail edition and a digital edition that is available for a limited time until the end of March 2021. The physical version of Super Mario 3D All-Stars (released Sep. 18) will continue to be shipped to retailers and available for purchase through March 31, 2021 or while supplies last. The digital version of Super Mario 3D All-Stars will be available for purchase through March 31, 2021. Once the digital edition has been purchased on your Nintendo Account, it can be re-downloaded and played if deleted from your device.  Software compatibility and play experience may differ on Nintendo Switch Lite. Additional accessories may be required (sold separately). Terms apply.",46,"['title: Don’t let it fool you \ntext: You don’t actually play co-op. All single player. Don’t let it mislead you. Still good old school-ish games.', 'title: Yahoo! \ntext: A great bundle of games. Has some bugs but its still fun']","The comment highlights that the product does not offer a true cooperative multiplayer experience, as it is entirely single-player. Despite this, the games are still enjoyable and have an old-school feel [0]. [1] is not related to the query.",7.0
How's the multiplayer capability of the product,"Play three of Mario’s greatest 3D platforming adventures—all in one package! Play three iconic games at home or on the go—all in one package on the Nintendo Switch system! Jump into paintings in Super Mario 64, clean up paint-like goop in Super Mario Sunshine, and fly from planet to planet in Super Mario Galaxy.  Run, jump, and dive with ease! Make Mario move using the Nintendo Switch system’s Joy-Con controllers. You can also pass a Joy-Con controller to a friend to play the Super Mario Galaxy game in Co-Star Mode! Mario’s movements are as smooth as ever with HD resolution for each game, while still retaining the look and feel of the originals.  Listen to timeless Super Mario tunes Listen to a total of 175 iconic tunes from all three games! Whether you want to get up and dance or take a minute to relax—this collection has music to fit your mood!  Even when you aren’t playing, you can enjoy the sounds that these worlds (and galaxies!) are so famous for. With three games, modern upgrades, and music-player mode, this collection is filled with fun for both new players and 3D platforming Mario masters. Super Mario 3D All-Stars will be available as a limited-run retail edition and a digital edition that is available for a limited time until the end of March 2021. The physical version of Super Mario 3D All-Stars (released Sep. 18) will continue to be shipped to retailers and available for purchase through March 31, 2021 or while supplies last. The digital version of Super Mario 3D All-Stars will be available for purchase through March 31, 2021. Once the digital edition has been purchased on your Nintendo Account, it can be re-downloaded and played if deleted from your device.  Software compatibility and play experience may differ on Nintendo Switch Lite. Additional accessories may be required (sold separately). Terms apply.",47,"['title: Don’t let it fool you \ntext: You don’t actually play co-op. All single player. Don’t let it mislead you. Still good old school-ish games.', ""title: All 3 Games in one cartridge \ntext: Don't even need internet to play all 3 games which is the main reason why I bought this.Super Mario 64 looks smoother and better than before.The controllers took a while to get used to again since the camera for SM64 was weird but cool at the time it came out.Super Mario Sunshine was also a bit awkward having the map at L1, I accidentally press it.  A & B have the same button action.The switch does have remapping the the system settings.""]","The comment highlights that the product does not offer true cooperative multiplayer gameplay, as it is entirely single-player. Despite this, the commenter notes that the games maintain a classic, old-school feel, which they still find enjoyable [0]. [1] is not related to the query.",7.0
How's the multiplayer capability of the product,"Play three of Mario’s greatest 3D platforming adventures—all in one package! Play three iconic games at home or on the go—all in one package on the Nintendo Switch system! Jump into paintings in Super Mario 64, clean up paint-like goop in Super Mario Sunshine, and fly from planet to planet in Super Mario Galaxy.  Run, jump, and dive with ease! Make Mario move using the Nintendo Switch system’s Joy-Con controllers. You can also pass a Joy-Con controller to a friend to play the Super Mario Galaxy game in Co-Star Mode! Mario’s movements are as smooth as ever with HD resolution for each game, while still retaining the look and feel of the originals.  Listen to timeless Super Mario tunes Listen to a total of 175 iconic tunes from all three games! Whether you want to get up and dance or take a minute to relax—this collection has music to fit your mood!  Even when you aren’t playing, you can enjoy the sounds that these worlds (and galaxies!) are so famous for. With three games, modern upgrades, and music-player mode, this collection is filled with fun for both new players and 3D platforming Mario masters. Super Mario 3D All-Stars will be available as a limited-run retail edition and a digital edition that is available for a limited time until the end of March 2021. The physical version of Super Mario 3D All-Stars (released Sep. 18) will continue to be shipped to retailers and available for purchase through March 31, 2021 or while supplies last. The digital version of Super Mario 3D All-Stars will be available for purchase through March 31, 2021. Once the digital edition has been purchased on your Nintendo Account, it can be re-downloaded and played if deleted from your device.  Software compatibility and play experience may differ on Nintendo Switch Lite. Additional accessories may be required (sold separately). Terms apply.",56,"['title: Amazing! \ntext: Great game to have! Perfect for the whole family to play with.', 'title: Yahoo! \ntext: A great bundle of games. Has some bugs but its still fun']",[0] is not related to the query. [1] is not related to the query.,0.0
How's the multiplayer capability of the product,"Play three of Mario’s greatest 3D platforming adventures—all in one package! Play three iconic games at home or on the go—all in one package on the Nintendo Switch system! Jump into paintings in Super Mario 64, clean up paint-like goop in Super Mario Sunshine, and fly from planet to planet in Super Mario Galaxy.  Run, jump, and dive with ease! Make Mario move using the Nintendo Switch system’s Joy-Con controllers. You can also pass a Joy-Con controller to a friend to play the Super Mario Galaxy game in Co-Star Mode! Mario’s movements are as smooth as ever with HD resolution for each game, while still retaining the look and feel of the originals.  Listen to timeless Super Mario tunes Listen to a total of 175 iconic tunes from all three games! Whether you want to get up and dance or take a minute to relax—this collection has music to fit your mood!  Even when you aren’t playing, you can enjoy the sounds that these worlds (and galaxies!) are so famous for. With three games, modern upgrades, and music-player mode, this collection is filled with fun for both new players and 3D platforming Mario masters. Super Mario 3D All-Stars will be available as a limited-run retail edition and a digital edition that is available for a limited time until the end of March 2021. The physical version of Super Mario 3D All-Stars (released Sep. 18) will continue to be shipped to retailers and available for purchase through March 31, 2021 or while supplies last. The digital version of Super Mario 3D All-Stars will be available for purchase through March 31, 2021. Once the digital edition has been purchased on your Nintendo Account, it can be re-downloaded and played if deleted from your device.  Software compatibility and play experience may differ on Nintendo Switch Lite. Additional accessories may be required (sold separately). Terms apply.",57,"['title: Amazing! \ntext: Great game to have! Perfect for the whole family to play with.', ""title: All 3 Games in one cartridge \ntext: Don't even need internet to play all 3 games which is the main reason why I bought this.Super Mario 64 looks smoother and better than before.The controllers took a while to get used to again since the camera for SM64 was weird but cool at the time it came out.Super Mario Sunshine was also a bit awkward having the map at L1, I accidentally press it.  A & B have the same button action.The switch does have remapping the the system settings.""]",[0] is not related to the query. [1] is not related to the query.,0.0
How's the multiplayer capability of the product,"Play three of Mario’s greatest 3D platforming adventures—all in one package! Play three iconic games at home or on the go—all in one package on the Nintendo Switch system! Jump into paintings in Super Mario 64, clean up paint-like goop in Super Mario Sunshine, and fly from planet to planet in Super Mario Galaxy.  Run, jump, and dive with ease! Make Mario move using the Nintendo Switch system’s Joy-Con controllers. You can also pass a Joy-Con controller to a friend to play the Super Mario Galaxy game in Co-Star Mode! Mario’s movements are as smooth as ever with HD resolution for each game, while still retaining the look and feel of the originals.  Listen to timeless Super Mario tunes Listen to a total of 175 iconic tunes from all three games! Whether you want to get up and dance or take a minute to relax—this collection has music to fit your mood!  Even when you aren’t playing, you can enjoy the sounds that these worlds (and galaxies!) are so famous for. With three games, modern upgrades, and music-player mode, this collection is filled with fun for both new players and 3D platforming Mario masters. Super Mario 3D All-Stars will be available as a limited-run retail edition and a digital edition that is available for a limited time until the end of March 2021. The physical version of Super Mario 3D All-Stars (released Sep. 18) will continue to be shipped to retailers and available for purchase through March 31, 2021 or while supplies last. The digital version of Super Mario 3D All-Stars will be available for purchase through March 31, 2021. Once the digital edition has been purchased on your Nintendo Account, it can be re-downloaded and played if deleted from your device.  Software compatibility and play experience may differ on Nintendo Switch Lite. Additional accessories may be required (sold separately). Terms apply.",67,"['title: Yahoo! \ntext: A great bundle of games. Has some bugs but its still fun', ""title: All 3 Games in one cartridge \ntext: Don't even need internet to play all 3 games which is the main reason why I bought this.Super Mario 64 looks smoother and better than before.The controllers took a while to get used to again since the camera for SM64 was weird but cool at the time it came out.Super Mario Sunshine was also a bit awkward having the map at L1, I accidentally press it.  A & B have the same button action.The switch does have remapping the the system settings.""]",[0] is not related to the query. [1] is not related to the query.,0.0
How's the multiplayer capability of the product,"Play three of Mario’s greatest 3D platforming adventures—all in one package! Play three iconic games at home or on the go—all in one package on the Nintendo Switch system! Jump into paintings in Super Mario 64, clean up paint-like goop in Super Mario Sunshine, and fly from planet to planet in Super Mario Galaxy.  Run, jump, and dive with ease! Make Mario move using the Nintendo Switch system’s Joy-Con controllers. You can also pass a Joy-Con controller to a friend to play the Super Mario Galaxy game in Co-Star Mode! Mario’s movements are as smooth as ever with HD resolution for each game, while still retaining the look and feel of the originals.  Listen to timeless Super Mario tunes Listen to a total of 175 iconic tunes from all three games! Whether you want to get up and dance or take a minute to relax—this collection has music to fit your mood!  Even when you aren’t playing, you can enjoy the sounds that these worlds (and galaxies!) are so famous for. With three games, modern upgrades, and music-player mode, this collection is filled with fun for both new players and 3D platforming Mario masters. Super Mario 3D All-Stars will be available as a limited-run retail edition and a digital edition that is available for a limited time until the end of March 2021. The physical version of Super Mario 3D All-Stars (released Sep. 18) will continue to be shipped to retailers and available for purchase through March 31, 2021 or while supplies last. The digital version of Super Mario 3D All-Stars will be available for purchase through March 31, 2021. Once the digital edition has been purchased on your Nintendo Account, it can be re-downloaded and played if deleted from your device.  Software compatibility and play experience may differ on Nintendo Switch Lite. Additional accessories may be required (sold separately). Terms apply.",012,"[""title: Not two player as described \ntext: Says one or two players, means if you're willing to cut your remote in half two people can control half of one player"", 'title: Decent \ntext: This game is a little deceiving, it says it’s 2 players but it’s not really a good 2 player. Like you get to float around them. But not actually play.Really fun 1 player though!', 'title: Amazing Game \ntext: Amazing product all the games are outstanding and it is totally worth it just hoping that there is a Wii Sports compilation pack for the switch']","The product is advertised as having multiplayer capabilities, specifically for two players, but users have expressed dissatisfaction with this feature. One user noted that while it claims to support two players, it requires sharing a single remote, effectively splitting control between two people, which does not provide a true multiplayer experience [0]. Another user echoed this sentiment, stating that although the game is labeled as two-player, it does not offer a genuine two-player mode, as the second player merely floats around without actively participating in the gameplay. However, the game is enjoyable in single-player mode [1]. [2] is not related to the query.",9.0
How's the multiplayer capability of the product,"Play three of Mario’s greatest 3D platforming adventures—all in one package! Play three iconic games at home or on the go—all in one package on the Nintendo Switch system! Jump into paintings in Super Mario 64, clean up paint-like goop in Super Mario Sunshine, and fly from planet to planet in Super Mario Galaxy.  Run, jump, and dive with ease! Make Mario move using the Nintendo Switch system’s Joy-Con controllers. You can also pass a Joy-Con controller to a friend to play the Super Mario Galaxy game in Co-Star Mode! Mario’s movements are as smooth as ever with HD resolution for each game, while still retaining the look and feel of the originals.  Listen to timeless Super Mario tunes Listen to a total of 175 iconic tunes from all three games! Whether you want to get up and dance or take a minute to relax—this collection has music to fit your mood!  Even when you aren’t playing, you can enjoy the sounds that these worlds (and galaxies!) are so famous for. With three games, modern upgrades, and music-player mode, this collection is filled with fun for both new players and 3D platforming Mario masters. Super Mario 3D All-Stars will be available as a limited-run retail edition and a digital edition that is available for a limited time until the end of March 2021. The physical version of Super Mario 3D All-Stars (released Sep. 18) will continue to be shipped to retailers and available for purchase through March 31, 2021 or while supplies last. The digital version of Super Mario 3D All-Stars will be available for purchase through March 31, 2021. Once the digital edition has been purchased on your Nintendo Account, it can be re-downloaded and played if deleted from your device.  Software compatibility and play experience may differ on Nintendo Switch Lite. Additional accessories may be required (sold separately). Terms apply.",013,"[""title: Not two player as described \ntext: Says one or two players, means if you're willing to cut your remote in half two people can control half of one player"", 'title: Decent \ntext: This game is a little deceiving, it says it’s 2 players but it’s not really a good 2 player. Like you get to float around them. But not actually play.Really fun 1 player though!', 'title: Barebones emulation \ntext: The product is a huge disappointment, in particular Mario sunshine which is borderline unplayable since Nintendo has ruined the controls in particular the camera controls. To make the problem even worse Gamecube controllers are not supported.']","The comments highlight issues with the multiplayer capability of the product. One user points out that although the product is advertised as supporting one or two players, the multiplayer experience is misleading as it requires sharing a single controller between two people, effectively controlling half of one player each[0]. Another user echoes this sentiment, noting that while the game claims to support two players, the experience is not satisfactory as the second player merely floats around rather than actively participating in the gameplay. However, the game is noted to be enjoyable for single-player use[1]. [2] is not related to the query.",9.0
How's the multiplayer capability of the product,"Play three of Mario’s greatest 3D platforming adventures—all in one package! Play three iconic games at home or on the go—all in one package on the Nintendo Switch system! Jump into paintings in Super Mario 64, clean up paint-like goop in Super Mario Sunshine, and fly from planet to planet in Super Mario Galaxy.  Run, jump, and dive with ease! Make Mario move using the Nintendo Switch system’s Joy-Con controllers. You can also pass a Joy-Con controller to a friend to play the Super Mario Galaxy game in Co-Star Mode! Mario’s movements are as smooth as ever with HD resolution for each game, while still retaining the look and feel of the originals.  Listen to timeless Super Mario tunes Listen to a total of 175 iconic tunes from all three games! Whether you want to get up and dance or take a minute to relax—this collection has music to fit your mood!  Even when you aren’t playing, you can enjoy the sounds that these worlds (and galaxies!) are so famous for. With three games, modern upgrades, and music-player mode, this collection is filled with fun for both new players and 3D platforming Mario masters. Super Mario 3D All-Stars will be available as a limited-run retail edition and a digital edition that is available for a limited time until the end of March 2021. The physical version of Super Mario 3D All-Stars (released Sep. 18) will continue to be shipped to retailers and available for purchase through March 31, 2021 or while supplies last. The digital version of Super Mario 3D All-Stars will be available for purchase through March 31, 2021. Once the digital edition has been purchased on your Nintendo Account, it can be re-downloaded and played if deleted from your device.  Software compatibility and play experience may differ on Nintendo Switch Lite. Additional accessories may be required (sold separately). Terms apply.",014,"[""title: Not two player as described \ntext: Says one or two players, means if you're willing to cut your remote in half two people can control half of one player"", 'title: Decent \ntext: This game is a little deceiving, it says it’s 2 players but it’s not really a good 2 player. Like you get to float around them. But not actually play.Really fun 1 player though!', 'title: Don’t let it fool you \ntext: You don’t actually play co-op. All single player. Don’t let it mislead you. Still good old school-ish games.']","The comments collectively express dissatisfaction with the multiplayer capability of the product, highlighting that it is misleadingly advertised as a two-player game. One comment sarcastically notes that two players can only participate if they are willing to 'cut your remote in half,' implying that the multiplayer functionality is not genuinely supported [0]. Another comment describes the game as 'deceiving,' stating that while it claims to be for two players, it does not offer a true two-player experience, as the second player merely 'floats around' rather than actively participating [1]. A third comment reinforces this sentiment, emphasizing that the game is essentially single-player and warns others not to be misled by the co-op claims, although it acknowledges the game's appeal as a single-player experience [2].",10.0
How's the multiplayer capability of the product,"Play three of Mario’s greatest 3D platforming adventures—all in one package! Play three iconic games at home or on the go—all in one package on the Nintendo Switch system! Jump into paintings in Super Mario 64, clean up paint-like goop in Super Mario Sunshine, and fly from planet to planet in Super Mario Galaxy.  Run, jump, and dive with ease! Make Mario move using the Nintendo Switch system’s Joy-Con controllers. You can also pass a Joy-Con controller to a friend to play the Super Mario Galaxy game in Co-Star Mode! Mario’s movements are as smooth as ever with HD resolution for each game, while still retaining the look and feel of the originals.  Listen to timeless Super Mario tunes Listen to a total of 175 iconic tunes from all three games! Whether you want to get up and dance or take a minute to relax—this collection has music to fit your mood!  Even when you aren’t playing, you can enjoy the sounds that these worlds (and galaxies!) are so famous for. With three games, modern upgrades, and music-player mode, this collection is filled with fun for both new players and 3D platforming Mario masters. Super Mario 3D All-Stars will be available as a limited-run retail edition and a digital edition that is available for a limited time until the end of March 2021. The physical version of Super Mario 3D All-Stars (released Sep. 18) will continue to be shipped to retailers and available for purchase through March 31, 2021 or while supplies last. The digital version of Super Mario 3D All-Stars will be available for purchase through March 31, 2021. Once the digital edition has been purchased on your Nintendo Account, it can be re-downloaded and played if deleted from your device.  Software compatibility and play experience may differ on Nintendo Switch Lite. Additional accessories may be required (sold separately). Terms apply.",015,"[""title: Not two player as described \ntext: Says one or two players, means if you're willing to cut your remote in half two people can control half of one player"", 'title: Decent \ntext: This game is a little deceiving, it says it’s 2 players but it’s not really a good 2 player. Like you get to float around them. But not actually play.Really fun 1 player though!', 'title: Amazing! \ntext: Great game to have! Perfect for the whole family to play with.']","The comments highlight issues with the multiplayer capability of the product. One user points out that although the product is advertised as supporting one or two players, the multiplayer experience is misleading, as it requires sharing a single remote, effectively splitting control between two people, which is not practical [0]. Another user echoes this sentiment, noting that while the game claims to support two players, the experience is not satisfactory for multiplayer gameplay, as the second player merely floats around without actively participating. However, the game is enjoyable for single-player use [1]. [2] is not related to the query.",9.0
How's the multiplayer capability of the product,"Play three of Mario’s greatest 3D platforming adventures—all in one package! Play three iconic games at home or on the go—all in one package on the Nintendo Switch system! Jump into paintings in Super Mario 64, clean up paint-like goop in Super Mario Sunshine, and fly from planet to planet in Super Mario Galaxy.  Run, jump, and dive with ease! Make Mario move using the Nintendo Switch system’s Joy-Con controllers. You can also pass a Joy-Con controller to a friend to play the Super Mario Galaxy game in Co-Star Mode! Mario’s movements are as smooth as ever with HD resolution for each game, while still retaining the look and feel of the originals.  Listen to timeless Super Mario tunes Listen to a total of 175 iconic tunes from all three games! Whether you want to get up and dance or take a minute to relax—this collection has music to fit your mood!  Even when you aren’t playing, you can enjoy the sounds that these worlds (and galaxies!) are so famous for. With three games, modern upgrades, and music-player mode, this collection is filled with fun for both new players and 3D platforming Mario masters. Super Mario 3D All-Stars will be available as a limited-run retail edition and a digital edition that is available for a limited time until the end of March 2021. The physical version of Super Mario 3D All-Stars (released Sep. 18) will continue to be shipped to retailers and available for purchase through March 31, 2021 or while supplies last. The digital version of Super Mario 3D All-Stars will be available for purchase through March 31, 2021. Once the digital edition has been purchased on your Nintendo Account, it can be re-downloaded and played if deleted from your device.  Software compatibility and play experience may differ on Nintendo Switch Lite. Additional accessories may be required (sold separately). Terms apply.",016,"[""title: Not two player as described \ntext: Says one or two players, means if you're willing to cut your remote in half two people can control half of one player"", 'title: Decent \ntext: This game is a little deceiving, it says it’s 2 players but it’s not really a good 2 player. Like you get to float around them. But not actually play.Really fun 1 player though!', 'title: Yahoo! \ntext: A great bundle of games. Has some bugs but its still fun']","The comments highlight issues with the multiplayer capability of the product. One user notes that although the product claims to support one or two players, the multiplayer experience is misleading as it requires sharing a single controller between two people, effectively allowing only one player to be controlled at a time [0]. Another user echoes this sentiment, stating that while the game advertises a two-player mode, it does not provide a satisfactory multiplayer experience. Instead, the second player can only interact in a limited way, such as floating around the main player, rather than fully participating in the game [1]. [2] is not related to the query.",9.0
How's the multiplayer capability of the product,"Play three of Mario’s greatest 3D platforming adventures—all in one package! Play three iconic games at home or on the go—all in one package on the Nintendo Switch system! Jump into paintings in Super Mario 64, clean up paint-like goop in Super Mario Sunshine, and fly from planet to planet in Super Mario Galaxy.  Run, jump, and dive with ease! Make Mario move using the Nintendo Switch system’s Joy-Con controllers. You can also pass a Joy-Con controller to a friend to play the Super Mario Galaxy game in Co-Star Mode! Mario’s movements are as smooth as ever with HD resolution for each game, while still retaining the look and feel of the originals.  Listen to timeless Super Mario tunes Listen to a total of 175 iconic tunes from all three games! Whether you want to get up and dance or take a minute to relax—this collection has music to fit your mood!  Even when you aren’t playing, you can enjoy the sounds that these worlds (and galaxies!) are so famous for. With three games, modern upgrades, and music-player mode, this collection is filled with fun for both new players and 3D platforming Mario masters. Super Mario 3D All-Stars will be available as a limited-run retail edition and a digital edition that is available for a limited time until the end of March 2021. The physical version of Super Mario 3D All-Stars (released Sep. 18) will continue to be shipped to retailers and available for purchase through March 31, 2021 or while supplies last. The digital version of Super Mario 3D All-Stars will be available for purchase through March 31, 2021. Once the digital edition has been purchased on your Nintendo Account, it can be re-downloaded and played if deleted from your device.  Software compatibility and play experience may differ on Nintendo Switch Lite. Additional accessories may be required (sold separately). Terms apply.",017,"[""title: Not two player as described \ntext: Says one or two players, means if you're willing to cut your remote in half two people can control half of one player"", 'title: Decent \ntext: This game is a little deceiving, it says it’s 2 players but it’s not really a good 2 player. Like you get to float around them. But not actually play.Really fun 1 player though!', ""title: All 3 Games in one cartridge \ntext: Don't even need internet to play all 3 games which is the main reason why I bought this.Super Mario 64 looks smoother and better than before.The controllers took a while to get used to again since the camera for SM64 was weird but cool at the time it came out.Super Mario Sunshine was also a bit awkward having the map at L1, I accidentally press it.  A & B have the same button action.The switch does have remapping the the system settings.""]","The comments highlight issues with the multiplayer capability of the product. One user points out that although the product claims to support one or two players, the multiplayer experience is misleading as it requires sharing a single controller between two people, effectively allowing only one player to be controlled at a time [0]. Another user echoes this sentiment, noting that while the game advertises a two-player mode, it does not provide a satisfactory multiplayer experience, as the second player can only 'float around' rather than actively participate in the gameplay. However, the game is noted to be enjoyable for single players [1]. [2] is not related to the query.",9.0
How's the multiplayer capability of the product,"Play three of Mario’s greatest 3D platforming adventures—all in one package! Play three iconic games at home or on the go—all in one package on the Nintendo Switch system! Jump into paintings in Super Mario 64, clean up paint-like goop in Super Mario Sunshine, and fly from planet to planet in Super Mario Galaxy.  Run, jump, and dive with ease! Make Mario move using the Nintendo Switch system’s Joy-Con controllers. You can also pass a Joy-Con controller to a friend to play the Super Mario Galaxy game in Co-Star Mode! Mario’s movements are as smooth as ever with HD resolution for each game, while still retaining the look and feel of the originals.  Listen to timeless Super Mario tunes Listen to a total of 175 iconic tunes from all three games! Whether you want to get up and dance or take a minute to relax—this collection has music to fit your mood!  Even when you aren’t playing, you can enjoy the sounds that these worlds (and galaxies!) are so famous for. With three games, modern upgrades, and music-player mode, this collection is filled with fun for both new players and 3D platforming Mario masters. Super Mario 3D All-Stars will be available as a limited-run retail edition and a digital edition that is available for a limited time until the end of March 2021. The physical version of Super Mario 3D All-Stars (released Sep. 18) will continue to be shipped to retailers and available for purchase through March 31, 2021 or while supplies last. The digital version of Super Mario 3D All-Stars will be available for purchase through March 31, 2021. Once the digital edition has been purchased on your Nintendo Account, it can be re-downloaded and played if deleted from your device.  Software compatibility and play experience may differ on Nintendo Switch Lite. Additional accessories may be required (sold separately). Terms apply.",023,"[""title: Not two player as described \ntext: Says one or two players, means if you're willing to cut your remote in half two people can control half of one player"", 'title: Amazing Game \ntext: Amazing product all the games are outstanding and it is totally worth it just hoping that there is a Wii Sports compilation pack for the switch', 'title: Barebones emulation \ntext: The product is a huge disappointment, in particular Mario sunshine which is borderline unplayable since Nintendo has ruined the controls in particular the camera controls. To make the problem even worse Gamecube controllers are not supported.']","The comment highlights a misleading aspect of the product's multiplayer capability. It suggests that while the product claims to support one or two players, in reality, it only allows two people to control half of one player if they share a single remote, indicating a lack of true multiplayer functionality [0]. [1] is not related to the query. [2] is not related to the query.",8.0
How's the multiplayer capability of the product,"Play three of Mario’s greatest 3D platforming adventures—all in one package! Play three iconic games at home or on the go—all in one package on the Nintendo Switch system! Jump into paintings in Super Mario 64, clean up paint-like goop in Super Mario Sunshine, and fly from planet to planet in Super Mario Galaxy.  Run, jump, and dive with ease! Make Mario move using the Nintendo Switch system’s Joy-Con controllers. You can also pass a Joy-Con controller to a friend to play the Super Mario Galaxy game in Co-Star Mode! Mario’s movements are as smooth as ever with HD resolution for each game, while still retaining the look and feel of the originals.  Listen to timeless Super Mario tunes Listen to a total of 175 iconic tunes from all three games! Whether you want to get up and dance or take a minute to relax—this collection has music to fit your mood!  Even when you aren’t playing, you can enjoy the sounds that these worlds (and galaxies!) are so famous for. With three games, modern upgrades, and music-player mode, this collection is filled with fun for both new players and 3D platforming Mario masters. Super Mario 3D All-Stars will be available as a limited-run retail edition and a digital edition that is available for a limited time until the end of March 2021. The physical version of Super Mario 3D All-Stars (released Sep. 18) will continue to be shipped to retailers and available for purchase through March 31, 2021 or while supplies last. The digital version of Super Mario 3D All-Stars will be available for purchase through March 31, 2021. Once the digital edition has been purchased on your Nintendo Account, it can be re-downloaded and played if deleted from your device.  Software compatibility and play experience may differ on Nintendo Switch Lite. Additional accessories may be required (sold separately). Terms apply.",024,"[""title: Not two player as described \ntext: Says one or two players, means if you're willing to cut your remote in half two people can control half of one player"", 'title: Amazing Game \ntext: Amazing product all the games are outstanding and it is totally worth it just hoping that there is a Wii Sports compilation pack for the switch', 'title: Don’t let it fool you \ntext: You don’t actually play co-op. All single player. Don’t let it mislead you. Still good old school-ish games.']","The comments highlight a misleading aspect of the product's multiplayer capability. Although it is advertised as supporting one or two players, the actual experience does not offer true cooperative play. Instead, the multiplayer feature requires two people to share control of a single player, which does not constitute a genuine two-player mode. This has led to disappointment among users who expected a traditional multiplayer experience[0][1]. [1] is not related to the query.",9.0
How's the multiplayer capability of the product,"Play three of Mario’s greatest 3D platforming adventures—all in one package! Play three iconic games at home or on the go—all in one package on the Nintendo Switch system! Jump into paintings in Super Mario 64, clean up paint-like goop in Super Mario Sunshine, and fly from planet to planet in Super Mario Galaxy.  Run, jump, and dive with ease! Make Mario move using the Nintendo Switch system’s Joy-Con controllers. You can also pass a Joy-Con controller to a friend to play the Super Mario Galaxy game in Co-Star Mode! Mario’s movements are as smooth as ever with HD resolution for each game, while still retaining the look and feel of the originals.  Listen to timeless Super Mario tunes Listen to a total of 175 iconic tunes from all three games! Whether you want to get up and dance or take a minute to relax—this collection has music to fit your mood!  Even when you aren’t playing, you can enjoy the sounds that these worlds (and galaxies!) are so famous for. With three games, modern upgrades, and music-player mode, this collection is filled with fun for both new players and 3D platforming Mario masters. Super Mario 3D All-Stars will be available as a limited-run retail edition and a digital edition that is available for a limited time until the end of March 2021. The physical version of Super Mario 3D All-Stars (released Sep. 18) will continue to be shipped to retailers and available for purchase through March 31, 2021 or while supplies last. The digital version of Super Mario 3D All-Stars will be available for purchase through March 31, 2021. Once the digital edition has been purchased on your Nintendo Account, it can be re-downloaded and played if deleted from your device.  Software compatibility and play experience may differ on Nintendo Switch Lite. Additional accessories may be required (sold separately). Terms apply.",025,"[""title: Not two player as described \ntext: Says one or two players, means if you're willing to cut your remote in half two people can control half of one player"", 'title: Amazing Game \ntext: Amazing product all the games are outstanding and it is totally worth it just hoping that there is a Wii Sports compilation pack for the switch', 'title: Amazing! \ntext: Great game to have! Perfect for the whole family to play with.']","The product is advertised as supporting one or two players, but in reality, it only allows two people to control half of one player if they share a single remote, which limits its multiplayer capability [0]. [1] is not related to the query. [2] is not related to the query.",8.0
How's the multiplayer capability of the product,"Play three of Mario’s greatest 3D platforming adventures—all in one package! Play three iconic games at home or on the go—all in one package on the Nintendo Switch system! Jump into paintings in Super Mario 64, clean up paint-like goop in Super Mario Sunshine, and fly from planet to planet in Super Mario Galaxy.  Run, jump, and dive with ease! Make Mario move using the Nintendo Switch system’s Joy-Con controllers. You can also pass a Joy-Con controller to a friend to play the Super Mario Galaxy game in Co-Star Mode! Mario’s movements are as smooth as ever with HD resolution for each game, while still retaining the look and feel of the originals.  Listen to timeless Super Mario tunes Listen to a total of 175 iconic tunes from all three games! Whether you want to get up and dance or take a minute to relax—this collection has music to fit your mood!  Even when you aren’t playing, you can enjoy the sounds that these worlds (and galaxies!) are so famous for. With three games, modern upgrades, and music-player mode, this collection is filled with fun for both new players and 3D platforming Mario masters. Super Mario 3D All-Stars will be available as a limited-run retail edition and a digital edition that is available for a limited time until the end of March 2021. The physical version of Super Mario 3D All-Stars (released Sep. 18) will continue to be shipped to retailers and available for purchase through March 31, 2021 or while supplies last. The digital version of Super Mario 3D All-Stars will be available for purchase through March 31, 2021. Once the digital edition has been purchased on your Nintendo Account, it can be re-downloaded and played if deleted from your device.  Software compatibility and play experience may differ on Nintendo Switch Lite. Additional accessories may be required (sold separately). Terms apply.",026,"[""title: Not two player as described \ntext: Says one or two players, means if you're willing to cut your remote in half two people can control half of one player"", 'title: Amazing Game \ntext: Amazing product all the games are outstanding and it is totally worth it just hoping that there is a Wii Sports compilation pack for the switch', 'title: Yahoo! \ntext: A great bundle of games. Has some bugs but its still fun']","The product is advertised as supporting one or two players, but in reality, it only allows for two people to control half of one player, which does not constitute true multiplayer capability [0]. [1] is not related to the query. [2] is not related to the query.",8.0
How's the multiplayer capability of the product,"Play three of Mario’s greatest 3D platforming adventures—all in one package! Play three iconic games at home or on the go—all in one package on the Nintendo Switch system! Jump into paintings in Super Mario 64, clean up paint-like goop in Super Mario Sunshine, and fly from planet to planet in Super Mario Galaxy.  Run, jump, and dive with ease! Make Mario move using the Nintendo Switch system’s Joy-Con controllers. You can also pass a Joy-Con controller to a friend to play the Super Mario Galaxy game in Co-Star Mode! Mario’s movements are as smooth as ever with HD resolution for each game, while still retaining the look and feel of the originals.  Listen to timeless Super Mario tunes Listen to a total of 175 iconic tunes from all three games! Whether you want to get up and dance or take a minute to relax—this collection has music to fit your mood!  Even when you aren’t playing, you can enjoy the sounds that these worlds (and galaxies!) are so famous for. With three games, modern upgrades, and music-player mode, this collection is filled with fun for both new players and 3D platforming Mario masters. Super Mario 3D All-Stars will be available as a limited-run retail edition and a digital edition that is available for a limited time until the end of March 2021. The physical version of Super Mario 3D All-Stars (released Sep. 18) will continue to be shipped to retailers and available for purchase through March 31, 2021 or while supplies last. The digital version of Super Mario 3D All-Stars will be available for purchase through March 31, 2021. Once the digital edition has been purchased on your Nintendo Account, it can be re-downloaded and played if deleted from your device.  Software compatibility and play experience may differ on Nintendo Switch Lite. Additional accessories may be required (sold separately). Terms apply.",027,"[""title: Not two player as described \ntext: Says one or two players, means if you're willing to cut your remote in half two people can control half of one player"", 'title: Amazing Game \ntext: Amazing product all the games are outstanding and it is totally worth it just hoping that there is a Wii Sports compilation pack for the switch', ""title: All 3 Games in one cartridge \ntext: Don't even need internet to play all 3 games which is the main reason why I bought this.Super Mario 64 looks smoother and better than before.The controllers took a while to get used to again since the camera for SM64 was weird but cool at the time it came out.Super Mario Sunshine was also a bit awkward having the map at L1, I accidentally press it.  A & B have the same button action.The switch does have remapping the the system settings.""]","The comment highlights a misleading aspect of the product's multiplayer capability. It suggests that while the product is advertised as supporting one or two players, in reality, it only allows two people to control a single player if they share a remote, rather than providing a true two-player experience [0]. [1] is not related to the query. [2] is not related to the query.",8.0
How's the multiplayer capability of the product,"Play three of Mario’s greatest 3D platforming adventures—all in one package! Play three iconic games at home or on the go—all in one package on the Nintendo Switch system! Jump into paintings in Super Mario 64, clean up paint-like goop in Super Mario Sunshine, and fly from planet to planet in Super Mario Galaxy.  Run, jump, and dive with ease! Make Mario move using the Nintendo Switch system’s Joy-Con controllers. You can also pass a Joy-Con controller to a friend to play the Super Mario Galaxy game in Co-Star Mode! Mario’s movements are as smooth as ever with HD resolution for each game, while still retaining the look and feel of the originals.  Listen to timeless Super Mario tunes Listen to a total of 175 iconic tunes from all three games! Whether you want to get up and dance or take a minute to relax—this collection has music to fit your mood!  Even when you aren’t playing, you can enjoy the sounds that these worlds (and galaxies!) are so famous for. With three games, modern upgrades, and music-player mode, this collection is filled with fun for both new players and 3D platforming Mario masters. Super Mario 3D All-Stars will be available as a limited-run retail edition and a digital edition that is available for a limited time until the end of March 2021. The physical version of Super Mario 3D All-Stars (released Sep. 18) will continue to be shipped to retailers and available for purchase through March 31, 2021 or while supplies last. The digital version of Super Mario 3D All-Stars will be available for purchase through March 31, 2021. Once the digital edition has been purchased on your Nintendo Account, it can be re-downloaded and played if deleted from your device.  Software compatibility and play experience may differ on Nintendo Switch Lite. Additional accessories may be required (sold separately). Terms apply.",034,"[""title: Not two player as described \ntext: Says one or two players, means if you're willing to cut your remote in half two people can control half of one player"", 'title: Barebones emulation \ntext: The product is a huge disappointment, in particular Mario sunshine which is borderline unplayable since Nintendo has ruined the controls in particular the camera controls. To make the problem even worse Gamecube controllers are not supported.', 'title: Don’t let it fool you \ntext: You don’t actually play co-op. All single player. Don’t let it mislead you. Still good old school-ish games.']","The product's multiplayer capability is misleading, as it suggests a two-player mode that is not genuinely cooperative. Instead, it requires two people to share control of a single player, rather than offering a true co-op experience. Despite this, the product still provides a nostalgic single-player experience.[0][1] [1] is not related to the query.",9.0
How's the multiplayer capability of the product,"Play three of Mario’s greatest 3D platforming adventures—all in one package! Play three iconic games at home or on the go—all in one package on the Nintendo Switch system! Jump into paintings in Super Mario 64, clean up paint-like goop in Super Mario Sunshine, and fly from planet to planet in Super Mario Galaxy.  Run, jump, and dive with ease! Make Mario move using the Nintendo Switch system’s Joy-Con controllers. You can also pass a Joy-Con controller to a friend to play the Super Mario Galaxy game in Co-Star Mode! Mario’s movements are as smooth as ever with HD resolution for each game, while still retaining the look and feel of the originals.  Listen to timeless Super Mario tunes Listen to a total of 175 iconic tunes from all three games! Whether you want to get up and dance or take a minute to relax—this collection has music to fit your mood!  Even when you aren’t playing, you can enjoy the sounds that these worlds (and galaxies!) are so famous for. With three games, modern upgrades, and music-player mode, this collection is filled with fun for both new players and 3D platforming Mario masters. Super Mario 3D All-Stars will be available as a limited-run retail edition and a digital edition that is available for a limited time until the end of March 2021. The physical version of Super Mario 3D All-Stars (released Sep. 18) will continue to be shipped to retailers and available for purchase through March 31, 2021 or while supplies last. The digital version of Super Mario 3D All-Stars will be available for purchase through March 31, 2021. Once the digital edition has been purchased on your Nintendo Account, it can be re-downloaded and played if deleted from your device.  Software compatibility and play experience may differ on Nintendo Switch Lite. Additional accessories may be required (sold separately). Terms apply.",035,"[""title: Not two player as described \ntext: Says one or two players, means if you're willing to cut your remote in half two people can control half of one player"", 'title: Barebones emulation \ntext: The product is a huge disappointment, in particular Mario sunshine which is borderline unplayable since Nintendo has ruined the controls in particular the camera controls. To make the problem even worse Gamecube controllers are not supported.', 'title: Amazing! \ntext: Great game to have! Perfect for the whole family to play with.']","The product is advertised as supporting one or two players, but in reality, it only allows for two people to control half of one player, which does not constitute true multiplayer capability as described [0]. [1] is not related to the query. [2] is not related to the query.",8.0
How's the multiplayer capability of the product,"Play three of Mario’s greatest 3D platforming adventures—all in one package! Play three iconic games at home or on the go—all in one package on the Nintendo Switch system! Jump into paintings in Super Mario 64, clean up paint-like goop in Super Mario Sunshine, and fly from planet to planet in Super Mario Galaxy.  Run, jump, and dive with ease! Make Mario move using the Nintendo Switch system’s Joy-Con controllers. You can also pass a Joy-Con controller to a friend to play the Super Mario Galaxy game in Co-Star Mode! Mario’s movements are as smooth as ever with HD resolution for each game, while still retaining the look and feel of the originals.  Listen to timeless Super Mario tunes Listen to a total of 175 iconic tunes from all three games! Whether you want to get up and dance or take a minute to relax—this collection has music to fit your mood!  Even when you aren’t playing, you can enjoy the sounds that these worlds (and galaxies!) are so famous for. With three games, modern upgrades, and music-player mode, this collection is filled with fun for both new players and 3D platforming Mario masters. Super Mario 3D All-Stars will be available as a limited-run retail edition and a digital edition that is available for a limited time until the end of March 2021. The physical version of Super Mario 3D All-Stars (released Sep. 18) will continue to be shipped to retailers and available for purchase through March 31, 2021 or while supplies last. The digital version of Super Mario 3D All-Stars will be available for purchase through March 31, 2021. Once the digital edition has been purchased on your Nintendo Account, it can be re-downloaded and played if deleted from your device.  Software compatibility and play experience may differ on Nintendo Switch Lite. Additional accessories may be required (sold separately). Terms apply.",036,"[""title: Not two player as described \ntext: Says one or two players, means if you're willing to cut your remote in half two people can control half of one player"", 'title: Barebones emulation \ntext: The product is a huge disappointment, in particular Mario sunshine which is borderline unplayable since Nintendo has ruined the controls in particular the camera controls. To make the problem even worse Gamecube controllers are not supported.', 'title: Yahoo! \ntext: A great bundle of games. Has some bugs but its still fun']","The comment highlights a misleading aspect of the product's multiplayer capability. It suggests that while the product is advertised as supporting one or two players, in reality, it only allows two people to control half of one player, implying a lack of true multiplayer functionality [0]. [1] is not related to the query. [2] is not related to the query.",8.0
How's the multiplayer capability of the product,"Play three of Mario’s greatest 3D platforming adventures—all in one package! Play three iconic games at home or on the go—all in one package on the Nintendo Switch system! Jump into paintings in Super Mario 64, clean up paint-like goop in Super Mario Sunshine, and fly from planet to planet in Super Mario Galaxy.  Run, jump, and dive with ease! Make Mario move using the Nintendo Switch system’s Joy-Con controllers. You can also pass a Joy-Con controller to a friend to play the Super Mario Galaxy game in Co-Star Mode! Mario’s movements are as smooth as ever with HD resolution for each game, while still retaining the look and feel of the originals.  Listen to timeless Super Mario tunes Listen to a total of 175 iconic tunes from all three games! Whether you want to get up and dance or take a minute to relax—this collection has music to fit your mood!  Even when you aren’t playing, you can enjoy the sounds that these worlds (and galaxies!) are so famous for. With three games, modern upgrades, and music-player mode, this collection is filled with fun for both new players and 3D platforming Mario masters. Super Mario 3D All-Stars will be available as a limited-run retail edition and a digital edition that is available for a limited time until the end of March 2021. The physical version of Super Mario 3D All-Stars (released Sep. 18) will continue to be shipped to retailers and available for purchase through March 31, 2021 or while supplies last. The digital version of Super Mario 3D All-Stars will be available for purchase through March 31, 2021. Once the digital edition has been purchased on your Nintendo Account, it can be re-downloaded and played if deleted from your device.  Software compatibility and play experience may differ on Nintendo Switch Lite. Additional accessories may be required (sold separately). Terms apply.",037,"[""title: Not two player as described \ntext: Says one or two players, means if you're willing to cut your remote in half two people can control half of one player"", 'title: Barebones emulation \ntext: The product is a huge disappointment, in particular Mario sunshine which is borderline unplayable since Nintendo has ruined the controls in particular the camera controls. To make the problem even worse Gamecube controllers are not supported.', ""title: All 3 Games in one cartridge \ntext: Don't even need internet to play all 3 games which is the main reason why I bought this.Super Mario 64 looks smoother and better than before.The controllers took a while to get used to again since the camera for SM64 was weird but cool at the time it came out.Super Mario Sunshine was also a bit awkward having the map at L1, I accidentally press it.  A & B have the same button action.The switch does have remapping the the system settings.""]","The product is advertised as supporting one or two players, but in reality, it only allows for two people to control half of one player if they share a single remote, which limits its multiplayer capability [0]. [1] is not related to the query. [2] is not related to the query.",8.0
How's the multiplayer capability of the product,"Play three of Mario’s greatest 3D platforming adventures—all in one package! Play three iconic games at home or on the go—all in one package on the Nintendo Switch system! Jump into paintings in Super Mario 64, clean up paint-like goop in Super Mario Sunshine, and fly from planet to planet in Super Mario Galaxy.  Run, jump, and dive with ease! Make Mario move using the Nintendo Switch system’s Joy-Con controllers. You can also pass a Joy-Con controller to a friend to play the Super Mario Galaxy game in Co-Star Mode! Mario’s movements are as smooth as ever with HD resolution for each game, while still retaining the look and feel of the originals.  Listen to timeless Super Mario tunes Listen to a total of 175 iconic tunes from all three games! Whether you want to get up and dance or take a minute to relax—this collection has music to fit your mood!  Even when you aren’t playing, you can enjoy the sounds that these worlds (and galaxies!) are so famous for. With three games, modern upgrades, and music-player mode, this collection is filled with fun for both new players and 3D platforming Mario masters. Super Mario 3D All-Stars will be available as a limited-run retail edition and a digital edition that is available for a limited time until the end of March 2021. The physical version of Super Mario 3D All-Stars (released Sep. 18) will continue to be shipped to retailers and available for purchase through March 31, 2021 or while supplies last. The digital version of Super Mario 3D All-Stars will be available for purchase through March 31, 2021. Once the digital edition has been purchased on your Nintendo Account, it can be re-downloaded and played if deleted from your device.  Software compatibility and play experience may differ on Nintendo Switch Lite. Additional accessories may be required (sold separately). Terms apply.",045,"[""title: Not two player as described \ntext: Says one or two players, means if you're willing to cut your remote in half two people can control half of one player"", 'title: Don’t let it fool you \ntext: You don’t actually play co-op. All single player. Don’t let it mislead you. Still good old school-ish games.', 'title: Amazing! \ntext: Great game to have! Perfect for the whole family to play with.']","The comments highlight a misleading aspect of the product's multiplayer capability. One user points out that although the product claims to support one or two players, it actually requires players to share a single controller, effectively controlling half of one player each, which undermines the true multiplayer experience [0]. Another user emphasizes that the product does not offer a genuine cooperative mode, as it is essentially a single-player experience despite being marketed as having multiplayer features [1]. [2] is not related to the query.",9.0
How's the multiplayer capability of the product,"Play three of Mario’s greatest 3D platforming adventures—all in one package! Play three iconic games at home or on the go—all in one package on the Nintendo Switch system! Jump into paintings in Super Mario 64, clean up paint-like goop in Super Mario Sunshine, and fly from planet to planet in Super Mario Galaxy.  Run, jump, and dive with ease! Make Mario move using the Nintendo Switch system’s Joy-Con controllers. You can also pass a Joy-Con controller to a friend to play the Super Mario Galaxy game in Co-Star Mode! Mario’s movements are as smooth as ever with HD resolution for each game, while still retaining the look and feel of the originals.  Listen to timeless Super Mario tunes Listen to a total of 175 iconic tunes from all three games! Whether you want to get up and dance or take a minute to relax—this collection has music to fit your mood!  Even when you aren’t playing, you can enjoy the sounds that these worlds (and galaxies!) are so famous for. With three games, modern upgrades, and music-player mode, this collection is filled with fun for both new players and 3D platforming Mario masters. Super Mario 3D All-Stars will be available as a limited-run retail edition and a digital edition that is available for a limited time until the end of March 2021. The physical version of Super Mario 3D All-Stars (released Sep. 18) will continue to be shipped to retailers and available for purchase through March 31, 2021 or while supplies last. The digital version of Super Mario 3D All-Stars will be available for purchase through March 31, 2021. Once the digital edition has been purchased on your Nintendo Account, it can be re-downloaded and played if deleted from your device.  Software compatibility and play experience may differ on Nintendo Switch Lite. Additional accessories may be required (sold separately). Terms apply.",046,"[""title: Not two player as described \ntext: Says one or two players, means if you're willing to cut your remote in half two people can control half of one player"", 'title: Don’t let it fool you \ntext: You don’t actually play co-op. All single player. Don’t let it mislead you. Still good old school-ish games.', 'title: Yahoo! \ntext: A great bundle of games. Has some bugs but its still fun']","The comments highlight a discrepancy in the product's multiplayer capability. One user points out that although the product is advertised as supporting one or two players, it only allows two people to control half of one player if they share a remote, which is misleading [0]. Another user emphasizes that the product does not actually support cooperative play, as it is entirely single-player, despite any suggestions to the contrary in its marketing [1]. [2] is not related to the query.",9.0
How's the multiplayer capability of the product,"Play three of Mario’s greatest 3D platforming adventures—all in one package! Play three iconic games at home or on the go—all in one package on the Nintendo Switch system! Jump into paintings in Super Mario 64, clean up paint-like goop in Super Mario Sunshine, and fly from planet to planet in Super Mario Galaxy.  Run, jump, and dive with ease! Make Mario move using the Nintendo Switch system’s Joy-Con controllers. You can also pass a Joy-Con controller to a friend to play the Super Mario Galaxy game in Co-Star Mode! Mario’s movements are as smooth as ever with HD resolution for each game, while still retaining the look and feel of the originals.  Listen to timeless Super Mario tunes Listen to a total of 175 iconic tunes from all three games! Whether you want to get up and dance or take a minute to relax—this collection has music to fit your mood!  Even when you aren’t playing, you can enjoy the sounds that these worlds (and galaxies!) are so famous for. With three games, modern upgrades, and music-player mode, this collection is filled with fun for both new players and 3D platforming Mario masters. Super Mario 3D All-Stars will be available as a limited-run retail edition and a digital edition that is available for a limited time until the end of March 2021. The physical version of Super Mario 3D All-Stars (released Sep. 18) will continue to be shipped to retailers and available for purchase through March 31, 2021 or while supplies last. The digital version of Super Mario 3D All-Stars will be available for purchase through March 31, 2021. Once the digital edition has been purchased on your Nintendo Account, it can be re-downloaded and played if deleted from your device.  Software compatibility and play experience may differ on Nintendo Switch Lite. Additional accessories may be required (sold separately). Terms apply.",047,"[""title: Not two player as described \ntext: Says one or two players, means if you're willing to cut your remote in half two people can control half of one player"", 'title: Don’t let it fool you \ntext: You don’t actually play co-op. All single player. Don’t let it mislead you. Still good old school-ish games.', ""title: All 3 Games in one cartridge \ntext: Don't even need internet to play all 3 games which is the main reason why I bought this.Super Mario 64 looks smoother and better than before.The controllers took a while to get used to again since the camera for SM64 was weird but cool at the time it came out.Super Mario Sunshine was also a bit awkward having the map at L1, I accidentally press it.  A & B have the same button action.The switch does have remapping the the system settings.""]","The comments highlight a misleading aspect of the product's multiplayer capability. One user points out that although the product is advertised as supporting one or two players, it actually requires players to share a single controller, effectively allowing only one player to control the game at a time [0]. Another user emphasizes that the product does not offer a true cooperative multiplayer experience, as it is essentially a single-player game despite claims to the contrary [1]. [2] is not related to the query.",9.0
How's the multiplayer capability of the product,"Play three of Mario’s greatest 3D platforming adventures—all in one package! Play three iconic games at home or on the go—all in one package on the Nintendo Switch system! Jump into paintings in Super Mario 64, clean up paint-like goop in Super Mario Sunshine, and fly from planet to planet in Super Mario Galaxy.  Run, jump, and dive with ease! Make Mario move using the Nintendo Switch system’s Joy-Con controllers. You can also pass a Joy-Con controller to a friend to play the Super Mario Galaxy game in Co-Star Mode! Mario’s movements are as smooth as ever with HD resolution for each game, while still retaining the look and feel of the originals.  Listen to timeless Super Mario tunes Listen to a total of 175 iconic tunes from all three games! Whether you want to get up and dance or take a minute to relax—this collection has music to fit your mood!  Even when you aren’t playing, you can enjoy the sounds that these worlds (and galaxies!) are so famous for. With three games, modern upgrades, and music-player mode, this collection is filled with fun for both new players and 3D platforming Mario masters. Super Mario 3D All-Stars will be available as a limited-run retail edition and a digital edition that is available for a limited time until the end of March 2021. The physical version of Super Mario 3D All-Stars (released Sep. 18) will continue to be shipped to retailers and available for purchase through March 31, 2021 or while supplies last. The digital version of Super Mario 3D All-Stars will be available for purchase through March 31, 2021. Once the digital edition has been purchased on your Nintendo Account, it can be re-downloaded and played if deleted from your device.  Software compatibility and play experience may differ on Nintendo Switch Lite. Additional accessories may be required (sold separately). Terms apply.",056,"[""title: Not two player as described \ntext: Says one or two players, means if you're willing to cut your remote in half two people can control half of one player"", 'title: Amazing! \ntext: Great game to have! Perfect for the whole family to play with.', 'title: Yahoo! \ntext: A great bundle of games. Has some bugs but its still fun']","The comment highlights a misleading aspect of the product's multiplayer capability. It states that while the product is advertised as supporting one or two players, in reality, it only allows two people to control half of one player, which does not constitute a true two-player experience [0]. [1] is not related to the query. [2] is not related to the query.",8.0
How's the multiplayer capability of the product,"Play three of Mario’s greatest 3D platforming adventures—all in one package! Play three iconic games at home or on the go—all in one package on the Nintendo Switch system! Jump into paintings in Super Mario 64, clean up paint-like goop in Super Mario Sunshine, and fly from planet to planet in Super Mario Galaxy.  Run, jump, and dive with ease! Make Mario move using the Nintendo Switch system’s Joy-Con controllers. You can also pass a Joy-Con controller to a friend to play the Super Mario Galaxy game in Co-Star Mode! Mario’s movements are as smooth as ever with HD resolution for each game, while still retaining the look and feel of the originals.  Listen to timeless Super Mario tunes Listen to a total of 175 iconic tunes from all three games! Whether you want to get up and dance or take a minute to relax—this collection has music to fit your mood!  Even when you aren’t playing, you can enjoy the sounds that these worlds (and galaxies!) are so famous for. With three games, modern upgrades, and music-player mode, this collection is filled with fun for both new players and 3D platforming Mario masters. Super Mario 3D All-Stars will be available as a limited-run retail edition and a digital edition that is available for a limited time until the end of March 2021. The physical version of Super Mario 3D All-Stars (released Sep. 18) will continue to be shipped to retailers and available for purchase through March 31, 2021 or while supplies last. The digital version of Super Mario 3D All-Stars will be available for purchase through March 31, 2021. Once the digital edition has been purchased on your Nintendo Account, it can be re-downloaded and played if deleted from your device.  Software compatibility and play experience may differ on Nintendo Switch Lite. Additional accessories may be required (sold separately). Terms apply.",057,"[""title: Not two player as described \ntext: Says one or two players, means if you're willing to cut your remote in half two people can control half of one player"", 'title: Amazing! \ntext: Great game to have! Perfect for the whole family to play with.', ""title: All 3 Games in one cartridge \ntext: Don't even need internet to play all 3 games which is the main reason why I bought this.Super Mario 64 looks smoother and better than before.The controllers took a while to get used to again since the camera for SM64 was weird but cool at the time it came out.Super Mario Sunshine was also a bit awkward having the map at L1, I accidentally press it.  A & B have the same button action.The switch does have remapping the the system settings.""]","The product is advertised as supporting one or two players, but in reality, it only allows for two people to control half of one player, which does not constitute a true multiplayer experience [0]. [1] is not related to the query. [2] is not related to the query.",8.0
How's the multiplayer capability of the product,"Play three of Mario’s greatest 3D platforming adventures—all in one package! Play three iconic games at home or on the go—all in one package on the Nintendo Switch system! Jump into paintings in Super Mario 64, clean up paint-like goop in Super Mario Sunshine, and fly from planet to planet in Super Mario Galaxy.  Run, jump, and dive with ease! Make Mario move using the Nintendo Switch system’s Joy-Con controllers. You can also pass a Joy-Con controller to a friend to play the Super Mario Galaxy game in Co-Star Mode! Mario’s movements are as smooth as ever with HD resolution for each game, while still retaining the look and feel of the originals.  Listen to timeless Super Mario tunes Listen to a total of 175 iconic tunes from all three games! Whether you want to get up and dance or take a minute to relax—this collection has music to fit your mood!  Even when you aren’t playing, you can enjoy the sounds that these worlds (and galaxies!) are so famous for. With three games, modern upgrades, and music-player mode, this collection is filled with fun for both new players and 3D platforming Mario masters. Super Mario 3D All-Stars will be available as a limited-run retail edition and a digital edition that is available for a limited time until the end of March 2021. The physical version of Super Mario 3D All-Stars (released Sep. 18) will continue to be shipped to retailers and available for purchase through March 31, 2021 or while supplies last. The digital version of Super Mario 3D All-Stars will be available for purchase through March 31, 2021. Once the digital edition has been purchased on your Nintendo Account, it can be re-downloaded and played if deleted from your device.  Software compatibility and play experience may differ on Nintendo Switch Lite. Additional accessories may be required (sold separately). Terms apply.",067,"[""title: Not two player as described \ntext: Says one or two players, means if you're willing to cut your remote in half two people can control half of one player"", 'title: Yahoo! \ntext: A great bundle of games. Has some bugs but its still fun', ""title: All 3 Games in one cartridge \ntext: Don't even need internet to play all 3 games which is the main reason why I bought this.Super Mario 64 looks smoother and better than before.The controllers took a while to get used to again since the camera for SM64 was weird but cool at the time it came out.Super Mario Sunshine was also a bit awkward having the map at L1, I accidentally press it.  A & B have the same button action.The switch does have remapping the the system settings.""]","The comment highlights a misleading aspect of the product's multiplayer capability. It suggests that while the product is advertised as supporting one or two players, in reality, it requires users to share a single remote, effectively allowing two people to control only half of one player, rather than providing a true two-player experience [0]. [1] is not related to the query. [2] is not related to the query.",8.0
How's the multiplayer capability of the product,"Play three of Mario’s greatest 3D platforming adventures—all in one package! Play three iconic games at home or on the go—all in one package on the Nintendo Switch system! Jump into paintings in Super Mario 64, clean up paint-like goop in Super Mario Sunshine, and fly from planet to planet in Super Mario Galaxy.  Run, jump, and dive with ease! Make Mario move using the Nintendo Switch system’s Joy-Con controllers. You can also pass a Joy-Con controller to a friend to play the Super Mario Galaxy game in Co-Star Mode! Mario’s movements are as smooth as ever with HD resolution for each game, while still retaining the look and feel of the originals.  Listen to timeless Super Mario tunes Listen to a total of 175 iconic tunes from all three games! Whether you want to get up and dance or take a minute to relax—this collection has music to fit your mood!  Even when you aren’t playing, you can enjoy the sounds that these worlds (and galaxies!) are so famous for. With three games, modern upgrades, and music-player mode, this collection is filled with fun for both new players and 3D platforming Mario masters. Super Mario 3D All-Stars will be available as a limited-run retail edition and a digital edition that is available for a limited time until the end of March 2021. The physical version of Super Mario 3D All-Stars (released Sep. 18) will continue to be shipped to retailers and available for purchase through March 31, 2021 or while supplies last. The digital version of Super Mario 3D All-Stars will be available for purchase through March 31, 2021. Once the digital edition has been purchased on your Nintendo Account, it can be re-downloaded and played if deleted from your device.  Software compatibility and play experience may differ on Nintendo Switch Lite. Additional accessories may be required (sold separately). Terms apply.",123,"['title: Decent \ntext: This game is a little deceiving, it says it’s 2 players but it’s not really a good 2 player. Like you get to float around them. But not actually play.Really fun 1 player though!', 'title: Amazing Game \ntext: Amazing product all the games are outstanding and it is totally worth it just hoping that there is a Wii Sports compilation pack for the switch', 'title: Barebones emulation \ntext: The product is a huge disappointment, in particular Mario sunshine which is borderline unplayable since Nintendo has ruined the controls in particular the camera controls. To make the problem even worse Gamecube controllers are not supported.']","The comment highlights that while the game is advertised as a two-player experience, it does not effectively support multiplayer gameplay. The second player can only float around the first player rather than actively participate, making it less engaging for two players. However, the game is noted to be enjoyable as a single-player experience [0]. [1] is not related to the query. [2] is not related to the query.",8.0
How's the multiplayer capability of the product,"Play three of Mario’s greatest 3D platforming adventures—all in one package! Play three iconic games at home or on the go—all in one package on the Nintendo Switch system! Jump into paintings in Super Mario 64, clean up paint-like goop in Super Mario Sunshine, and fly from planet to planet in Super Mario Galaxy.  Run, jump, and dive with ease! Make Mario move using the Nintendo Switch system’s Joy-Con controllers. You can also pass a Joy-Con controller to a friend to play the Super Mario Galaxy game in Co-Star Mode! Mario’s movements are as smooth as ever with HD resolution for each game, while still retaining the look and feel of the originals.  Listen to timeless Super Mario tunes Listen to a total of 175 iconic tunes from all three games! Whether you want to get up and dance or take a minute to relax—this collection has music to fit your mood!  Even when you aren’t playing, you can enjoy the sounds that these worlds (and galaxies!) are so famous for. With three games, modern upgrades, and music-player mode, this collection is filled with fun for both new players and 3D platforming Mario masters. Super Mario 3D All-Stars will be available as a limited-run retail edition and a digital edition that is available for a limited time until the end of March 2021. The physical version of Super Mario 3D All-Stars (released Sep. 18) will continue to be shipped to retailers and available for purchase through March 31, 2021 or while supplies last. The digital version of Super Mario 3D All-Stars will be available for purchase through March 31, 2021. Once the digital edition has been purchased on your Nintendo Account, it can be re-downloaded and played if deleted from your device.  Software compatibility and play experience may differ on Nintendo Switch Lite. Additional accessories may be required (sold separately). Terms apply.",124,"['title: Decent \ntext: This game is a little deceiving, it says it’s 2 players but it’s not really a good 2 player. Like you get to float around them. But not actually play.Really fun 1 player though!', 'title: Amazing Game \ntext: Amazing product all the games are outstanding and it is totally worth it just hoping that there is a Wii Sports compilation pack for the switch', 'title: Don’t let it fool you \ntext: You don’t actually play co-op. All single player. Don’t let it mislead you. Still good old school-ish games.']","The multiplayer capability of the product is misleading as it claims to support two players, but in reality, it does not offer a true cooperative experience. Players can only float around each other without engaging in actual multiplayer gameplay, making it primarily a single-player game despite its claims [0][1]. [1] is not related to the query.",9.0
How's the multiplayer capability of the product,"Play three of Mario’s greatest 3D platforming adventures—all in one package! Play three iconic games at home or on the go—all in one package on the Nintendo Switch system! Jump into paintings in Super Mario 64, clean up paint-like goop in Super Mario Sunshine, and fly from planet to planet in Super Mario Galaxy.  Run, jump, and dive with ease! Make Mario move using the Nintendo Switch system’s Joy-Con controllers. You can also pass a Joy-Con controller to a friend to play the Super Mario Galaxy game in Co-Star Mode! Mario’s movements are as smooth as ever with HD resolution for each game, while still retaining the look and feel of the originals.  Listen to timeless Super Mario tunes Listen to a total of 175 iconic tunes from all three games! Whether you want to get up and dance or take a minute to relax—this collection has music to fit your mood!  Even when you aren’t playing, you can enjoy the sounds that these worlds (and galaxies!) are so famous for. With three games, modern upgrades, and music-player mode, this collection is filled with fun for both new players and 3D platforming Mario masters. Super Mario 3D All-Stars will be available as a limited-run retail edition and a digital edition that is available for a limited time until the end of March 2021. The physical version of Super Mario 3D All-Stars (released Sep. 18) will continue to be shipped to retailers and available for purchase through March 31, 2021 or while supplies last. The digital version of Super Mario 3D All-Stars will be available for purchase through March 31, 2021. Once the digital edition has been purchased on your Nintendo Account, it can be re-downloaded and played if deleted from your device.  Software compatibility and play experience may differ on Nintendo Switch Lite. Additional accessories may be required (sold separately). Terms apply.",125,"['title: Decent \ntext: This game is a little deceiving, it says it’s 2 players but it’s not really a good 2 player. Like you get to float around them. But not actually play.Really fun 1 player though!', 'title: Amazing Game \ntext: Amazing product all the games are outstanding and it is totally worth it just hoping that there is a Wii Sports compilation pack for the switch', 'title: Amazing! \ntext: Great game to have! Perfect for the whole family to play with.']","The comment highlights that while the game is advertised as a two-player experience, it does not effectively support multiplayer gameplay. Instead, the second player can only interact in a limited way, such as floating around the main player, rather than fully participating in the game. The game is noted to be enjoyable as a single-player experience, suggesting that its multiplayer capability is lacking [0]. [1] is not related to the query. [2] is not related to the query.",8.0
How's the multiplayer capability of the product,"Play three of Mario’s greatest 3D platforming adventures—all in one package! Play three iconic games at home or on the go—all in one package on the Nintendo Switch system! Jump into paintings in Super Mario 64, clean up paint-like goop in Super Mario Sunshine, and fly from planet to planet in Super Mario Galaxy.  Run, jump, and dive with ease! Make Mario move using the Nintendo Switch system’s Joy-Con controllers. You can also pass a Joy-Con controller to a friend to play the Super Mario Galaxy game in Co-Star Mode! Mario’s movements are as smooth as ever with HD resolution for each game, while still retaining the look and feel of the originals.  Listen to timeless Super Mario tunes Listen to a total of 175 iconic tunes from all three games! Whether you want to get up and dance or take a minute to relax—this collection has music to fit your mood!  Even when you aren’t playing, you can enjoy the sounds that these worlds (and galaxies!) are so famous for. With three games, modern upgrades, and music-player mode, this collection is filled with fun for both new players and 3D platforming Mario masters. Super Mario 3D All-Stars will be available as a limited-run retail edition and a digital edition that is available for a limited time until the end of March 2021. The physical version of Super Mario 3D All-Stars (released Sep. 18) will continue to be shipped to retailers and available for purchase through March 31, 2021 or while supplies last. The digital version of Super Mario 3D All-Stars will be available for purchase through March 31, 2021. Once the digital edition has been purchased on your Nintendo Account, it can be re-downloaded and played if deleted from your device.  Software compatibility and play experience may differ on Nintendo Switch Lite. Additional accessories may be required (sold separately). Terms apply.",126,"['title: Decent \ntext: This game is a little deceiving, it says it’s 2 players but it’s not really a good 2 player. Like you get to float around them. But not actually play.Really fun 1 player though!', 'title: Amazing Game \ntext: Amazing product all the games are outstanding and it is totally worth it just hoping that there is a Wii Sports compilation pack for the switch', 'title: Yahoo! \ntext: A great bundle of games. Has some bugs but its still fun']","The game is advertised as having a two-player mode, but users have found that the multiplayer experience is lacking. While it allows for a second player to participate, the interaction is limited to floating around the main player rather than engaging in a full cooperative or competitive gameplay experience. However, the game is noted to be enjoyable in single-player mode [0]. [1] is not related to the query. [2] is not related to the query.",8.0
How's the multiplayer capability of the product,"Play three of Mario’s greatest 3D platforming adventures—all in one package! Play three iconic games at home or on the go—all in one package on the Nintendo Switch system! Jump into paintings in Super Mario 64, clean up paint-like goop in Super Mario Sunshine, and fly from planet to planet in Super Mario Galaxy.  Run, jump, and dive with ease! Make Mario move using the Nintendo Switch system’s Joy-Con controllers. You can also pass a Joy-Con controller to a friend to play the Super Mario Galaxy game in Co-Star Mode! Mario’s movements are as smooth as ever with HD resolution for each game, while still retaining the look and feel of the originals.  Listen to timeless Super Mario tunes Listen to a total of 175 iconic tunes from all three games! Whether you want to get up and dance or take a minute to relax—this collection has music to fit your mood!  Even when you aren’t playing, you can enjoy the sounds that these worlds (and galaxies!) are so famous for. With three games, modern upgrades, and music-player mode, this collection is filled with fun for both new players and 3D platforming Mario masters. Super Mario 3D All-Stars will be available as a limited-run retail edition and a digital edition that is available for a limited time until the end of March 2021. The physical version of Super Mario 3D All-Stars (released Sep. 18) will continue to be shipped to retailers and available for purchase through March 31, 2021 or while supplies last. The digital version of Super Mario 3D All-Stars will be available for purchase through March 31, 2021. Once the digital edition has been purchased on your Nintendo Account, it can be re-downloaded and played if deleted from your device.  Software compatibility and play experience may differ on Nintendo Switch Lite. Additional accessories may be required (sold separately). Terms apply.",127,"['title: Decent \ntext: This game is a little deceiving, it says it’s 2 players but it’s not really a good 2 player. Like you get to float around them. But not actually play.Really fun 1 player though!', 'title: Amazing Game \ntext: Amazing product all the games are outstanding and it is totally worth it just hoping that there is a Wii Sports compilation pack for the switch', ""title: All 3 Games in one cartridge \ntext: Don't even need internet to play all 3 games which is the main reason why I bought this.Super Mario 64 looks smoother and better than before.The controllers took a while to get used to again since the camera for SM64 was weird but cool at the time it came out.Super Mario Sunshine was also a bit awkward having the map at L1, I accidentally press it.  A & B have the same button action.The switch does have remapping the the system settings.""]","The comment highlights a discrepancy in the game's multiplayer capability, noting that while it is advertised as a two-player game, the multiplayer experience is limited. Players can interact by floating around each other, but it does not offer a substantial two-player gameplay experience. The game is, however, enjoyable as a single-player experience [0]. [1] is not related to the query. [2] is not related to the query.",8.0
How's the multiplayer capability of the product,"Play three of Mario’s greatest 3D platforming adventures—all in one package! Play three iconic games at home or on the go—all in one package on the Nintendo Switch system! Jump into paintings in Super Mario 64, clean up paint-like goop in Super Mario Sunshine, and fly from planet to planet in Super Mario Galaxy.  Run, jump, and dive with ease! Make Mario move using the Nintendo Switch system’s Joy-Con controllers. You can also pass a Joy-Con controller to a friend to play the Super Mario Galaxy game in Co-Star Mode! Mario’s movements are as smooth as ever with HD resolution for each game, while still retaining the look and feel of the originals.  Listen to timeless Super Mario tunes Listen to a total of 175 iconic tunes from all three games! Whether you want to get up and dance or take a minute to relax—this collection has music to fit your mood!  Even when you aren’t playing, you can enjoy the sounds that these worlds (and galaxies!) are so famous for. With three games, modern upgrades, and music-player mode, this collection is filled with fun for both new players and 3D platforming Mario masters. Super Mario 3D All-Stars will be available as a limited-run retail edition and a digital edition that is available for a limited time until the end of March 2021. The physical version of Super Mario 3D All-Stars (released Sep. 18) will continue to be shipped to retailers and available for purchase through March 31, 2021 or while supplies last. The digital version of Super Mario 3D All-Stars will be available for purchase through March 31, 2021. Once the digital edition has been purchased on your Nintendo Account, it can be re-downloaded and played if deleted from your device.  Software compatibility and play experience may differ on Nintendo Switch Lite. Additional accessories may be required (sold separately). Terms apply.",134,"['title: Decent \ntext: This game is a little deceiving, it says it’s 2 players but it’s not really a good 2 player. Like you get to float around them. But not actually play.Really fun 1 player though!', 'title: Barebones emulation \ntext: The product is a huge disappointment, in particular Mario sunshine which is borderline unplayable since Nintendo has ruined the controls in particular the camera controls. To make the problem even worse Gamecube controllers are not supported.', 'title: Don’t let it fool you \ntext: You don’t actually play co-op. All single player. Don’t let it mislead you. Still good old school-ish games.']","The multiplayer capability of the product is misleading, as it is advertised as a two-player game but does not offer a true cooperative experience. Instead, the second player can only float around the main player without actively participating in the gameplay. Both comments highlight that while the game is enjoyable as a single-player experience, it does not fulfill expectations for multiplayer interaction [0][1]. [1] is not related to the query.",9.0
How's the multiplayer capability of the product,"Play three of Mario’s greatest 3D platforming adventures—all in one package! Play three iconic games at home or on the go—all in one package on the Nintendo Switch system! Jump into paintings in Super Mario 64, clean up paint-like goop in Super Mario Sunshine, and fly from planet to planet in Super Mario Galaxy.  Run, jump, and dive with ease! Make Mario move using the Nintendo Switch system’s Joy-Con controllers. You can also pass a Joy-Con controller to a friend to play the Super Mario Galaxy game in Co-Star Mode! Mario’s movements are as smooth as ever with HD resolution for each game, while still retaining the look and feel of the originals.  Listen to timeless Super Mario tunes Listen to a total of 175 iconic tunes from all three games! Whether you want to get up and dance or take a minute to relax—this collection has music to fit your mood!  Even when you aren’t playing, you can enjoy the sounds that these worlds (and galaxies!) are so famous for. With three games, modern upgrades, and music-player mode, this collection is filled with fun for both new players and 3D platforming Mario masters. Super Mario 3D All-Stars will be available as a limited-run retail edition and a digital edition that is available for a limited time until the end of March 2021. The physical version of Super Mario 3D All-Stars (released Sep. 18) will continue to be shipped to retailers and available for purchase through March 31, 2021 or while supplies last. The digital version of Super Mario 3D All-Stars will be available for purchase through March 31, 2021. Once the digital edition has been purchased on your Nintendo Account, it can be re-downloaded and played if deleted from your device.  Software compatibility and play experience may differ on Nintendo Switch Lite. Additional accessories may be required (sold separately). Terms apply.",135,"['title: Decent \ntext: This game is a little deceiving, it says it’s 2 players but it’s not really a good 2 player. Like you get to float around them. But not actually play.Really fun 1 player though!', 'title: Barebones emulation \ntext: The product is a huge disappointment, in particular Mario sunshine which is borderline unplayable since Nintendo has ruined the controls in particular the camera controls. To make the problem even worse Gamecube controllers are not supported.', 'title: Amazing! \ntext: Great game to have! Perfect for the whole family to play with.']","The comment highlights a discrepancy in the game's advertised multiplayer capability. Although it claims to support two players, the multiplayer experience is limited, as the second player can only float around the main player rather than actively participate in the gameplay. The game is noted to be enjoyable as a single-player experience, suggesting that its multiplayer functionality may not meet expectations for those seeking a fully interactive two-player mode.[0] [1] is not related to the query. [2] is not related to the query.",8.0
How's the multiplayer capability of the product,"Play three of Mario’s greatest 3D platforming adventures—all in one package! Play three iconic games at home or on the go—all in one package on the Nintendo Switch system! Jump into paintings in Super Mario 64, clean up paint-like goop in Super Mario Sunshine, and fly from planet to planet in Super Mario Galaxy.  Run, jump, and dive with ease! Make Mario move using the Nintendo Switch system’s Joy-Con controllers. You can also pass a Joy-Con controller to a friend to play the Super Mario Galaxy game in Co-Star Mode! Mario’s movements are as smooth as ever with HD resolution for each game, while still retaining the look and feel of the originals.  Listen to timeless Super Mario tunes Listen to a total of 175 iconic tunes from all three games! Whether you want to get up and dance or take a minute to relax—this collection has music to fit your mood!  Even when you aren’t playing, you can enjoy the sounds that these worlds (and galaxies!) are so famous for. With three games, modern upgrades, and music-player mode, this collection is filled with fun for both new players and 3D platforming Mario masters. Super Mario 3D All-Stars will be available as a limited-run retail edition and a digital edition that is available for a limited time until the end of March 2021. The physical version of Super Mario 3D All-Stars (released Sep. 18) will continue to be shipped to retailers and available for purchase through March 31, 2021 or while supplies last. The digital version of Super Mario 3D All-Stars will be available for purchase through March 31, 2021. Once the digital edition has been purchased on your Nintendo Account, it can be re-downloaded and played if deleted from your device.  Software compatibility and play experience may differ on Nintendo Switch Lite. Additional accessories may be required (sold separately). Terms apply.",136,"['title: Decent \ntext: This game is a little deceiving, it says it’s 2 players but it’s not really a good 2 player. Like you get to float around them. But not actually play.Really fun 1 player though!', 'title: Barebones emulation \ntext: The product is a huge disappointment, in particular Mario sunshine which is borderline unplayable since Nintendo has ruined the controls in particular the camera controls. To make the problem even worse Gamecube controllers are not supported.', 'title: Yahoo! \ntext: A great bundle of games. Has some bugs but its still fun']","The comment highlights a discrepancy in the game's advertised multiplayer capability. Although it claims to support two players, the multiplayer experience is limited, as the second player can only float around the main player rather than actively participate in the gameplay. However, the game is noted to be enjoyable in single-player mode [0]. [1] is not related to the query. [2] is not related to the query.",8.0
How's the multiplayer capability of the product,"Play three of Mario’s greatest 3D platforming adventures—all in one package! Play three iconic games at home or on the go—all in one package on the Nintendo Switch system! Jump into paintings in Super Mario 64, clean up paint-like goop in Super Mario Sunshine, and fly from planet to planet in Super Mario Galaxy.  Run, jump, and dive with ease! Make Mario move using the Nintendo Switch system’s Joy-Con controllers. You can also pass a Joy-Con controller to a friend to play the Super Mario Galaxy game in Co-Star Mode! Mario’s movements are as smooth as ever with HD resolution for each game, while still retaining the look and feel of the originals.  Listen to timeless Super Mario tunes Listen to a total of 175 iconic tunes from all three games! Whether you want to get up and dance or take a minute to relax—this collection has music to fit your mood!  Even when you aren’t playing, you can enjoy the sounds that these worlds (and galaxies!) are so famous for. With three games, modern upgrades, and music-player mode, this collection is filled with fun for both new players and 3D platforming Mario masters. Super Mario 3D All-Stars will be available as a limited-run retail edition and a digital edition that is available for a limited time until the end of March 2021. The physical version of Super Mario 3D All-Stars (released Sep. 18) will continue to be shipped to retailers and available for purchase through March 31, 2021 or while supplies last. The digital version of Super Mario 3D All-Stars will be available for purchase through March 31, 2021. Once the digital edition has been purchased on your Nintendo Account, it can be re-downloaded and played if deleted from your device.  Software compatibility and play experience may differ on Nintendo Switch Lite. Additional accessories may be required (sold separately). Terms apply.",137,"['title: Decent \ntext: This game is a little deceiving, it says it’s 2 players but it’s not really a good 2 player. Like you get to float around them. But not actually play.Really fun 1 player though!', 'title: Barebones emulation \ntext: The product is a huge disappointment, in particular Mario sunshine which is borderline unplayable since Nintendo has ruined the controls in particular the camera controls. To make the problem even worse Gamecube controllers are not supported.', ""title: All 3 Games in one cartridge \ntext: Don't even need internet to play all 3 games which is the main reason why I bought this.Super Mario 64 looks smoother and better than before.The controllers took a while to get used to again since the camera for SM64 was weird but cool at the time it came out.Super Mario Sunshine was also a bit awkward having the map at L1, I accidentally press it.  A & B have the same button action.The switch does have remapping the the system settings.""]","The comment highlights that while the game is advertised as a 2-player experience, it does not effectively support multiplayer gameplay. Instead, the second player can only interact in a limited way, such as floating around the main player, rather than fully participating in the game. However, the game is noted to be enjoyable as a single-player experience [0]. [1] is not related to the query. [2] is not related to the query.",8.0
How's the multiplayer capability of the product,"Play three of Mario’s greatest 3D platforming adventures—all in one package! Play three iconic games at home or on the go—all in one package on the Nintendo Switch system! Jump into paintings in Super Mario 64, clean up paint-like goop in Super Mario Sunshine, and fly from planet to planet in Super Mario Galaxy.  Run, jump, and dive with ease! Make Mario move using the Nintendo Switch system’s Joy-Con controllers. You can also pass a Joy-Con controller to a friend to play the Super Mario Galaxy game in Co-Star Mode! Mario’s movements are as smooth as ever with HD resolution for each game, while still retaining the look and feel of the originals.  Listen to timeless Super Mario tunes Listen to a total of 175 iconic tunes from all three games! Whether you want to get up and dance or take a minute to relax—this collection has music to fit your mood!  Even when you aren’t playing, you can enjoy the sounds that these worlds (and galaxies!) are so famous for. With three games, modern upgrades, and music-player mode, this collection is filled with fun for both new players and 3D platforming Mario masters. Super Mario 3D All-Stars will be available as a limited-run retail edition and a digital edition that is available for a limited time until the end of March 2021. The physical version of Super Mario 3D All-Stars (released Sep. 18) will continue to be shipped to retailers and available for purchase through March 31, 2021 or while supplies last. The digital version of Super Mario 3D All-Stars will be available for purchase through March 31, 2021. Once the digital edition has been purchased on your Nintendo Account, it can be re-downloaded and played if deleted from your device.  Software compatibility and play experience may differ on Nintendo Switch Lite. Additional accessories may be required (sold separately). Terms apply.",145,"['title: Decent \ntext: This game is a little deceiving, it says it’s 2 players but it’s not really a good 2 player. Like you get to float around them. But not actually play.Really fun 1 player though!', 'title: Don’t let it fool you \ntext: You don’t actually play co-op. All single player. Don’t let it mislead you. Still good old school-ish games.', 'title: Amazing! \ntext: Great game to have! Perfect for the whole family to play with.']","The multiplayer capability of the product has been criticized by users who feel that it is misleading. Although the game is advertised as a two-player experience, users report that the second player has a limited role, merely floating around the main player rather than actively participating in the gameplay. This has led to disappointment among those expecting a true cooperative experience, as the game functions primarily as a single-player game despite its claims [0][1]. [2] is not related to the query.",9.0
How's the multiplayer capability of the product,"Play three of Mario’s greatest 3D platforming adventures—all in one package! Play three iconic games at home or on the go—all in one package on the Nintendo Switch system! Jump into paintings in Super Mario 64, clean up paint-like goop in Super Mario Sunshine, and fly from planet to planet in Super Mario Galaxy.  Run, jump, and dive with ease! Make Mario move using the Nintendo Switch system’s Joy-Con controllers. You can also pass a Joy-Con controller to a friend to play the Super Mario Galaxy game in Co-Star Mode! Mario’s movements are as smooth as ever with HD resolution for each game, while still retaining the look and feel of the originals.  Listen to timeless Super Mario tunes Listen to a total of 175 iconic tunes from all three games! Whether you want to get up and dance or take a minute to relax—this collection has music to fit your mood!  Even when you aren’t playing, you can enjoy the sounds that these worlds (and galaxies!) are so famous for. With three games, modern upgrades, and music-player mode, this collection is filled with fun for both new players and 3D platforming Mario masters. Super Mario 3D All-Stars will be available as a limited-run retail edition and a digital edition that is available for a limited time until the end of March 2021. The physical version of Super Mario 3D All-Stars (released Sep. 18) will continue to be shipped to retailers and available for purchase through March 31, 2021 or while supplies last. The digital version of Super Mario 3D All-Stars will be available for purchase through March 31, 2021. Once the digital edition has been purchased on your Nintendo Account, it can be re-downloaded and played if deleted from your device.  Software compatibility and play experience may differ on Nintendo Switch Lite. Additional accessories may be required (sold separately). Terms apply.",146,"['title: Decent \ntext: This game is a little deceiving, it says it’s 2 players but it’s not really a good 2 player. Like you get to float around them. But not actually play.Really fun 1 player though!', 'title: Don’t let it fool you \ntext: You don’t actually play co-op. All single player. Don’t let it mislead you. Still good old school-ish games.', 'title: Yahoo! \ntext: A great bundle of games. Has some bugs but its still fun']","The multiplayer capability of the product is misleading, as users have noted that while it is advertised as a two-player game, the actual gameplay does not support true cooperative play. Instead, the second player can only float around the main player without engaging in the game meaningfully. Despite this, the game is enjoyable as a single-player experience, offering a nostalgic feel reminiscent of old-school games [0][1]. [2] is not related to the query.",9.0
How's the multiplayer capability of the product,"Play three of Mario’s greatest 3D platforming adventures—all in one package! Play three iconic games at home or on the go—all in one package on the Nintendo Switch system! Jump into paintings in Super Mario 64, clean up paint-like goop in Super Mario Sunshine, and fly from planet to planet in Super Mario Galaxy.  Run, jump, and dive with ease! Make Mario move using the Nintendo Switch system’s Joy-Con controllers. You can also pass a Joy-Con controller to a friend to play the Super Mario Galaxy game in Co-Star Mode! Mario’s movements are as smooth as ever with HD resolution for each game, while still retaining the look and feel of the originals.  Listen to timeless Super Mario tunes Listen to a total of 175 iconic tunes from all three games! Whether you want to get up and dance or take a minute to relax—this collection has music to fit your mood!  Even when you aren’t playing, you can enjoy the sounds that these worlds (and galaxies!) are so famous for. With three games, modern upgrades, and music-player mode, this collection is filled with fun for both new players and 3D platforming Mario masters. Super Mario 3D All-Stars will be available as a limited-run retail edition and a digital edition that is available for a limited time until the end of March 2021. The physical version of Super Mario 3D All-Stars (released Sep. 18) will continue to be shipped to retailers and available for purchase through March 31, 2021 or while supplies last. The digital version of Super Mario 3D All-Stars will be available for purchase through March 31, 2021. Once the digital edition has been purchased on your Nintendo Account, it can be re-downloaded and played if deleted from your device.  Software compatibility and play experience may differ on Nintendo Switch Lite. Additional accessories may be required (sold separately). Terms apply.",147,"['title: Decent \ntext: This game is a little deceiving, it says it’s 2 players but it’s not really a good 2 player. Like you get to float around them. But not actually play.Really fun 1 player though!', 'title: Don’t let it fool you \ntext: You don’t actually play co-op. All single player. Don’t let it mislead you. Still good old school-ish games.', ""title: All 3 Games in one cartridge \ntext: Don't even need internet to play all 3 games which is the main reason why I bought this.Super Mario 64 looks smoother and better than before.The controllers took a while to get used to again since the camera for SM64 was weird but cool at the time it came out.Super Mario Sunshine was also a bit awkward having the map at L1, I accidentally press it.  A & B have the same button action.The switch does have remapping the the system settings.""]","The multiplayer capability of the product has been criticized by users who feel that it is misleading. Although the game is advertised as supporting two players, users report that the second player does not have an active role and merely floats around the main player, which detracts from the cooperative experience. Despite this, the game is still considered enjoyable for single-player use, offering a nostalgic, old-school gaming experience [0][1]. [2] is not related to the query.",9.0
How's the multiplayer capability of the product,"Play three of Mario’s greatest 3D platforming adventures—all in one package! Play three iconic games at home or on the go—all in one package on the Nintendo Switch system! Jump into paintings in Super Mario 64, clean up paint-like goop in Super Mario Sunshine, and fly from planet to planet in Super Mario Galaxy.  Run, jump, and dive with ease! Make Mario move using the Nintendo Switch system’s Joy-Con controllers. You can also pass a Joy-Con controller to a friend to play the Super Mario Galaxy game in Co-Star Mode! Mario’s movements are as smooth as ever with HD resolution for each game, while still retaining the look and feel of the originals.  Listen to timeless Super Mario tunes Listen to a total of 175 iconic tunes from all three games! Whether you want to get up and dance or take a minute to relax—this collection has music to fit your mood!  Even when you aren’t playing, you can enjoy the sounds that these worlds (and galaxies!) are so famous for. With three games, modern upgrades, and music-player mode, this collection is filled with fun for both new players and 3D platforming Mario masters. Super Mario 3D All-Stars will be available as a limited-run retail edition and a digital edition that is available for a limited time until the end of March 2021. The physical version of Super Mario 3D All-Stars (released Sep. 18) will continue to be shipped to retailers and available for purchase through March 31, 2021 or while supplies last. The digital version of Super Mario 3D All-Stars will be available for purchase through March 31, 2021. Once the digital edition has been purchased on your Nintendo Account, it can be re-downloaded and played if deleted from your device.  Software compatibility and play experience may differ on Nintendo Switch Lite. Additional accessories may be required (sold separately). Terms apply.",156,"['title: Decent \ntext: This game is a little deceiving, it says it’s 2 players but it’s not really a good 2 player. Like you get to float around them. But not actually play.Really fun 1 player though!', 'title: Amazing! \ntext: Great game to have! Perfect for the whole family to play with.', 'title: Yahoo! \ntext: A great bundle of games. Has some bugs but its still fun']","The comment highlights that while the game is advertised as a two-player experience, it does not effectively support multiplayer gameplay. Instead, the second player can only interact in a limited way, such as floating around the main player, rather than fully participating in the game. The game is noted to be enjoyable as a single-player experience, suggesting that its multiplayer capability is lacking [0]. [1] is not related to the query. [2] is not related to the query.",8.0
How's the multiplayer capability of the product,"Play three of Mario’s greatest 3D platforming adventures—all in one package! Play three iconic games at home or on the go—all in one package on the Nintendo Switch system! Jump into paintings in Super Mario 64, clean up paint-like goop in Super Mario Sunshine, and fly from planet to planet in Super Mario Galaxy.  Run, jump, and dive with ease! Make Mario move using the Nintendo Switch system’s Joy-Con controllers. You can also pass a Joy-Con controller to a friend to play the Super Mario Galaxy game in Co-Star Mode! Mario’s movements are as smooth as ever with HD resolution for each game, while still retaining the look and feel of the originals.  Listen to timeless Super Mario tunes Listen to a total of 175 iconic tunes from all three games! Whether you want to get up and dance or take a minute to relax—this collection has music to fit your mood!  Even when you aren’t playing, you can enjoy the sounds that these worlds (and galaxies!) are so famous for. With three games, modern upgrades, and music-player mode, this collection is filled with fun for both new players and 3D platforming Mario masters. Super Mario 3D All-Stars will be available as a limited-run retail edition and a digital edition that is available for a limited time until the end of March 2021. The physical version of Super Mario 3D All-Stars (released Sep. 18) will continue to be shipped to retailers and available for purchase through March 31, 2021 or while supplies last. The digital version of Super Mario 3D All-Stars will be available for purchase through March 31, 2021. Once the digital edition has been purchased on your Nintendo Account, it can be re-downloaded and played if deleted from your device.  Software compatibility and play experience may differ on Nintendo Switch Lite. Additional accessories may be required (sold separately). Terms apply.",157,"['title: Decent \ntext: This game is a little deceiving, it says it’s 2 players but it’s not really a good 2 player. Like you get to float around them. But not actually play.Really fun 1 player though!', 'title: Amazing! \ntext: Great game to have! Perfect for the whole family to play with.', ""title: All 3 Games in one cartridge \ntext: Don't even need internet to play all 3 games which is the main reason why I bought this.Super Mario 64 looks smoother and better than before.The controllers took a while to get used to again since the camera for SM64 was weird but cool at the time it came out.Super Mario Sunshine was also a bit awkward having the map at L1, I accidentally press it.  A & B have the same button action.The switch does have remapping the the system settings.""]","The comment highlights a discrepancy in the game's multiplayer capability, noting that while it is advertised as a two-player game, the multiplayer experience is limited. Players can interact by floating around each other, but it does not offer a fully engaging two-player experience. However, the game is described as enjoyable for single-player mode [0]. [1] is not related to the query. [2] is not related to the query.",8.0
How's the multiplayer capability of the product,"Play three of Mario’s greatest 3D platforming adventures—all in one package! Play three iconic games at home or on the go—all in one package on the Nintendo Switch system! Jump into paintings in Super Mario 64, clean up paint-like goop in Super Mario Sunshine, and fly from planet to planet in Super Mario Galaxy.  Run, jump, and dive with ease! Make Mario move using the Nintendo Switch system’s Joy-Con controllers. You can also pass a Joy-Con controller to a friend to play the Super Mario Galaxy game in Co-Star Mode! Mario’s movements are as smooth as ever with HD resolution for each game, while still retaining the look and feel of the originals.  Listen to timeless Super Mario tunes Listen to a total of 175 iconic tunes from all three games! Whether you want to get up and dance or take a minute to relax—this collection has music to fit your mood!  Even when you aren’t playing, you can enjoy the sounds that these worlds (and galaxies!) are so famous for. With three games, modern upgrades, and music-player mode, this collection is filled with fun for both new players and 3D platforming Mario masters. Super Mario 3D All-Stars will be available as a limited-run retail edition and a digital edition that is available for a limited time until the end of March 2021. The physical version of Super Mario 3D All-Stars (released Sep. 18) will continue to be shipped to retailers and available for purchase through March 31, 2021 or while supplies last. The digital version of Super Mario 3D All-Stars will be available for purchase through March 31, 2021. Once the digital edition has been purchased on your Nintendo Account, it can be re-downloaded and played if deleted from your device.  Software compatibility and play experience may differ on Nintendo Switch Lite. Additional accessories may be required (sold separately). Terms apply.",167,"['title: Decent \ntext: This game is a little deceiving, it says it’s 2 players but it’s not really a good 2 player. Like you get to float around them. But not actually play.Really fun 1 player though!', 'title: Yahoo! \ntext: A great bundle of games. Has some bugs but its still fun', ""title: All 3 Games in one cartridge \ntext: Don't even need internet to play all 3 games which is the main reason why I bought this.Super Mario 64 looks smoother and better than before.The controllers took a while to get used to again since the camera for SM64 was weird but cool at the time it came out.Super Mario Sunshine was also a bit awkward having the map at L1, I accidentally press it.  A & B have the same button action.The switch does have remapping the the system settings.""]","The game is advertised as having a two-player mode, but the multiplayer experience is limited. Players can only float around each other rather than actively engage in gameplay together, making it less suitable for two players. However, it is noted to be enjoyable as a single-player game.[0] [1] is not related to the query. [2] is not related to the query.",8.0
How's the multiplayer capability of the product,"Play three of Mario’s greatest 3D platforming adventures—all in one package! Play three iconic games at home or on the go—all in one package on the Nintendo Switch system! Jump into paintings in Super Mario 64, clean up paint-like goop in Super Mario Sunshine, and fly from planet to planet in Super Mario Galaxy.  Run, jump, and dive with ease! Make Mario move using the Nintendo Switch system’s Joy-Con controllers. You can also pass a Joy-Con controller to a friend to play the Super Mario Galaxy game in Co-Star Mode! Mario’s movements are as smooth as ever with HD resolution for each game, while still retaining the look and feel of the originals.  Listen to timeless Super Mario tunes Listen to a total of 175 iconic tunes from all three games! Whether you want to get up and dance or take a minute to relax—this collection has music to fit your mood!  Even when you aren’t playing, you can enjoy the sounds that these worlds (and galaxies!) are so famous for. With three games, modern upgrades, and music-player mode, this collection is filled with fun for both new players and 3D platforming Mario masters. Super Mario 3D All-Stars will be available as a limited-run retail edition and a digital edition that is available for a limited time until the end of March 2021. The physical version of Super Mario 3D All-Stars (released Sep. 18) will continue to be shipped to retailers and available for purchase through March 31, 2021 or while supplies last. The digital version of Super Mario 3D All-Stars will be available for purchase through March 31, 2021. Once the digital edition has been purchased on your Nintendo Account, it can be re-downloaded and played if deleted from your device.  Software compatibility and play experience may differ on Nintendo Switch Lite. Additional accessories may be required (sold separately). Terms apply.",234,"['title: Amazing Game \ntext: Amazing product all the games are outstanding and it is totally worth it just hoping that there is a Wii Sports compilation pack for the switch', 'title: Barebones emulation \ntext: The product is a huge disappointment, in particular Mario sunshine which is borderline unplayable since Nintendo has ruined the controls in particular the camera controls. To make the problem even worse Gamecube controllers are not supported.', 'title: Don’t let it fool you \ntext: You don’t actually play co-op. All single player. Don’t let it mislead you. Still good old school-ish games.']","The comment highlights a misconception about the product's multiplayer capability, indicating that despite any suggestions of cooperative play, the game is actually single-player only. The commenter warns others not to be misled by this, although they still appreciate the game for its old-school charm [0]. [0] is not related to the query. [1] is not related to the query.",7.0
How's the multiplayer capability of the product,"Play three of Mario’s greatest 3D platforming adventures—all in one package! Play three iconic games at home or on the go—all in one package on the Nintendo Switch system! Jump into paintings in Super Mario 64, clean up paint-like goop in Super Mario Sunshine, and fly from planet to planet in Super Mario Galaxy.  Run, jump, and dive with ease! Make Mario move using the Nintendo Switch system’s Joy-Con controllers. You can also pass a Joy-Con controller to a friend to play the Super Mario Galaxy game in Co-Star Mode! Mario’s movements are as smooth as ever with HD resolution for each game, while still retaining the look and feel of the originals.  Listen to timeless Super Mario tunes Listen to a total of 175 iconic tunes from all three games! Whether you want to get up and dance or take a minute to relax—this collection has music to fit your mood!  Even when you aren’t playing, you can enjoy the sounds that these worlds (and galaxies!) are so famous for. With three games, modern upgrades, and music-player mode, this collection is filled with fun for both new players and 3D platforming Mario masters. Super Mario 3D All-Stars will be available as a limited-run retail edition and a digital edition that is available for a limited time until the end of March 2021. The physical version of Super Mario 3D All-Stars (released Sep. 18) will continue to be shipped to retailers and available for purchase through March 31, 2021 or while supplies last. The digital version of Super Mario 3D All-Stars will be available for purchase through March 31, 2021. Once the digital edition has been purchased on your Nintendo Account, it can be re-downloaded and played if deleted from your device.  Software compatibility and play experience may differ on Nintendo Switch Lite. Additional accessories may be required (sold separately). Terms apply.",235,"['title: Amazing Game \ntext: Amazing product all the games are outstanding and it is totally worth it just hoping that there is a Wii Sports compilation pack for the switch', 'title: Barebones emulation \ntext: The product is a huge disappointment, in particular Mario sunshine which is borderline unplayable since Nintendo has ruined the controls in particular the camera controls. To make the problem even worse Gamecube controllers are not supported.', 'title: Amazing! \ntext: Great game to have! Perfect for the whole family to play with.']",[0] is not related to the query. [1] is not related to the query. [2] is not related to the query.,0.0
How's the multiplayer capability of the product,"Play three of Mario’s greatest 3D platforming adventures—all in one package! Play three iconic games at home or on the go—all in one package on the Nintendo Switch system! Jump into paintings in Super Mario 64, clean up paint-like goop in Super Mario Sunshine, and fly from planet to planet in Super Mario Galaxy.  Run, jump, and dive with ease! Make Mario move using the Nintendo Switch system’s Joy-Con controllers. You can also pass a Joy-Con controller to a friend to play the Super Mario Galaxy game in Co-Star Mode! Mario’s movements are as smooth as ever with HD resolution for each game, while still retaining the look and feel of the originals.  Listen to timeless Super Mario tunes Listen to a total of 175 iconic tunes from all three games! Whether you want to get up and dance or take a minute to relax—this collection has music to fit your mood!  Even when you aren’t playing, you can enjoy the sounds that these worlds (and galaxies!) are so famous for. With three games, modern upgrades, and music-player mode, this collection is filled with fun for both new players and 3D platforming Mario masters. Super Mario 3D All-Stars will be available as a limited-run retail edition and a digital edition that is available for a limited time until the end of March 2021. The physical version of Super Mario 3D All-Stars (released Sep. 18) will continue to be shipped to retailers and available for purchase through March 31, 2021 or while supplies last. The digital version of Super Mario 3D All-Stars will be available for purchase through March 31, 2021. Once the digital edition has been purchased on your Nintendo Account, it can be re-downloaded and played if deleted from your device.  Software compatibility and play experience may differ on Nintendo Switch Lite. Additional accessories may be required (sold separately). Terms apply.",236,"['title: Amazing Game \ntext: Amazing product all the games are outstanding and it is totally worth it just hoping that there is a Wii Sports compilation pack for the switch', 'title: Barebones emulation \ntext: The product is a huge disappointment, in particular Mario sunshine which is borderline unplayable since Nintendo has ruined the controls in particular the camera controls. To make the problem even worse Gamecube controllers are not supported.', 'title: Yahoo! \ntext: A great bundle of games. Has some bugs but its still fun']",[0] is not related to the query. [1] is not related to the query. [2] is not related to the query.,0.0
How's the multiplayer capability of the product,"Play three of Mario’s greatest 3D platforming adventures—all in one package! Play three iconic games at home or on the go—all in one package on the Nintendo Switch system! Jump into paintings in Super Mario 64, clean up paint-like goop in Super Mario Sunshine, and fly from planet to planet in Super Mario Galaxy.  Run, jump, and dive with ease! Make Mario move using the Nintendo Switch system’s Joy-Con controllers. You can also pass a Joy-Con controller to a friend to play the Super Mario Galaxy game in Co-Star Mode! Mario’s movements are as smooth as ever with HD resolution for each game, while still retaining the look and feel of the originals.  Listen to timeless Super Mario tunes Listen to a total of 175 iconic tunes from all three games! Whether you want to get up and dance or take a minute to relax—this collection has music to fit your mood!  Even when you aren’t playing, you can enjoy the sounds that these worlds (and galaxies!) are so famous for. With three games, modern upgrades, and music-player mode, this collection is filled with fun for both new players and 3D platforming Mario masters. Super Mario 3D All-Stars will be available as a limited-run retail edition and a digital edition that is available for a limited time until the end of March 2021. The physical version of Super Mario 3D All-Stars (released Sep. 18) will continue to be shipped to retailers and available for purchase through March 31, 2021 or while supplies last. The digital version of Super Mario 3D All-Stars will be available for purchase through March 31, 2021. Once the digital edition has been purchased on your Nintendo Account, it can be re-downloaded and played if deleted from your device.  Software compatibility and play experience may differ on Nintendo Switch Lite. Additional accessories may be required (sold separately). Terms apply.",237,"['title: Amazing Game \ntext: Amazing product all the games are outstanding and it is totally worth it just hoping that there is a Wii Sports compilation pack for the switch', 'title: Barebones emulation \ntext: The product is a huge disappointment, in particular Mario sunshine which is borderline unplayable since Nintendo has ruined the controls in particular the camera controls. To make the problem even worse Gamecube controllers are not supported.', ""title: All 3 Games in one cartridge \ntext: Don't even need internet to play all 3 games which is the main reason why I bought this.Super Mario 64 looks smoother and better than before.The controllers took a while to get used to again since the camera for SM64 was weird but cool at the time it came out.Super Mario Sunshine was also a bit awkward having the map at L1, I accidentally press it.  A & B have the same button action.The switch does have remapping the the system settings.""]",[0] is not related to the query. [1] is not related to the query. [2] is not related to the query.,0.0
How's the multiplayer capability of the product,"Play three of Mario’s greatest 3D platforming adventures—all in one package! Play three iconic games at home or on the go—all in one package on the Nintendo Switch system! Jump into paintings in Super Mario 64, clean up paint-like goop in Super Mario Sunshine, and fly from planet to planet in Super Mario Galaxy.  Run, jump, and dive with ease! Make Mario move using the Nintendo Switch system’s Joy-Con controllers. You can also pass a Joy-Con controller to a friend to play the Super Mario Galaxy game in Co-Star Mode! Mario’s movements are as smooth as ever with HD resolution for each game, while still retaining the look and feel of the originals.  Listen to timeless Super Mario tunes Listen to a total of 175 iconic tunes from all three games! Whether you want to get up and dance or take a minute to relax—this collection has music to fit your mood!  Even when you aren’t playing, you can enjoy the sounds that these worlds (and galaxies!) are so famous for. With three games, modern upgrades, and music-player mode, this collection is filled with fun for both new players and 3D platforming Mario masters. Super Mario 3D All-Stars will be available as a limited-run retail edition and a digital edition that is available for a limited time until the end of March 2021. The physical version of Super Mario 3D All-Stars (released Sep. 18) will continue to be shipped to retailers and available for purchase through March 31, 2021 or while supplies last. The digital version of Super Mario 3D All-Stars will be available for purchase through March 31, 2021. Once the digital edition has been purchased on your Nintendo Account, it can be re-downloaded and played if deleted from your device.  Software compatibility and play experience may differ on Nintendo Switch Lite. Additional accessories may be required (sold separately). Terms apply.",245,"['title: Amazing Game \ntext: Amazing product all the games are outstanding and it is totally worth it just hoping that there is a Wii Sports compilation pack for the switch', 'title: Don’t let it fool you \ntext: You don’t actually play co-op. All single player. Don’t let it mislead you. Still good old school-ish games.', 'title: Amazing! \ntext: Great game to have! Perfect for the whole family to play with.']","The comment highlights a misconception about the product's multiplayer capabilities, stating that despite any indications of cooperative play, the game is actually single-player only. It warns potential users not to be misled by any claims of multiplayer features, although it acknowledges the game retains a classic feel.[0] [0] is not related to the query. [2] is not related to the query.",7.0
How's the multiplayer capability of the product,"Play three of Mario’s greatest 3D platforming adventures—all in one package! Play three iconic games at home or on the go—all in one package on the Nintendo Switch system! Jump into paintings in Super Mario 64, clean up paint-like goop in Super Mario Sunshine, and fly from planet to planet in Super Mario Galaxy.  Run, jump, and dive with ease! Make Mario move using the Nintendo Switch system’s Joy-Con controllers. You can also pass a Joy-Con controller to a friend to play the Super Mario Galaxy game in Co-Star Mode! Mario’s movements are as smooth as ever with HD resolution for each game, while still retaining the look and feel of the originals.  Listen to timeless Super Mario tunes Listen to a total of 175 iconic tunes from all three games! Whether you want to get up and dance or take a minute to relax—this collection has music to fit your mood!  Even when you aren’t playing, you can enjoy the sounds that these worlds (and galaxies!) are so famous for. With three games, modern upgrades, and music-player mode, this collection is filled with fun for both new players and 3D platforming Mario masters. Super Mario 3D All-Stars will be available as a limited-run retail edition and a digital edition that is available for a limited time until the end of March 2021. The physical version of Super Mario 3D All-Stars (released Sep. 18) will continue to be shipped to retailers and available for purchase through March 31, 2021 or while supplies last. The digital version of Super Mario 3D All-Stars will be available for purchase through March 31, 2021. Once the digital edition has been purchased on your Nintendo Account, it can be re-downloaded and played if deleted from your device.  Software compatibility and play experience may differ on Nintendo Switch Lite. Additional accessories may be required (sold separately). Terms apply.",246,"['title: Amazing Game \ntext: Amazing product all the games are outstanding and it is totally worth it just hoping that there is a Wii Sports compilation pack for the switch', 'title: Don’t let it fool you \ntext: You don’t actually play co-op. All single player. Don’t let it mislead you. Still good old school-ish games.', 'title: Yahoo! \ntext: A great bundle of games. Has some bugs but its still fun']","The comment highlights that despite the product being marketed as having multiplayer capabilities, it is essentially a single-player experience. The user warns others not to be misled by the co-op label, although they still appreciate the game for its old-school charm [0]. [0] is not related to the query. [2] is not related to the query.",7.0
How's the multiplayer capability of the product,"Play three of Mario’s greatest 3D platforming adventures—all in one package! Play three iconic games at home or on the go—all in one package on the Nintendo Switch system! Jump into paintings in Super Mario 64, clean up paint-like goop in Super Mario Sunshine, and fly from planet to planet in Super Mario Galaxy.  Run, jump, and dive with ease! Make Mario move using the Nintendo Switch system’s Joy-Con controllers. You can also pass a Joy-Con controller to a friend to play the Super Mario Galaxy game in Co-Star Mode! Mario’s movements are as smooth as ever with HD resolution for each game, while still retaining the look and feel of the originals.  Listen to timeless Super Mario tunes Listen to a total of 175 iconic tunes from all three games! Whether you want to get up and dance or take a minute to relax—this collection has music to fit your mood!  Even when you aren’t playing, you can enjoy the sounds that these worlds (and galaxies!) are so famous for. With three games, modern upgrades, and music-player mode, this collection is filled with fun for both new players and 3D platforming Mario masters. Super Mario 3D All-Stars will be available as a limited-run retail edition and a digital edition that is available for a limited time until the end of March 2021. The physical version of Super Mario 3D All-Stars (released Sep. 18) will continue to be shipped to retailers and available for purchase through March 31, 2021 or while supplies last. The digital version of Super Mario 3D All-Stars will be available for purchase through March 31, 2021. Once the digital edition has been purchased on your Nintendo Account, it can be re-downloaded and played if deleted from your device.  Software compatibility and play experience may differ on Nintendo Switch Lite. Additional accessories may be required (sold separately). Terms apply.",247,"['title: Amazing Game \ntext: Amazing product all the games are outstanding and it is totally worth it just hoping that there is a Wii Sports compilation pack for the switch', 'title: Don’t let it fool you \ntext: You don’t actually play co-op. All single player. Don’t let it mislead you. Still good old school-ish games.', ""title: All 3 Games in one cartridge \ntext: Don't even need internet to play all 3 games which is the main reason why I bought this.Super Mario 64 looks smoother and better than before.The controllers took a while to get used to again since the camera for SM64 was weird but cool at the time it came out.Super Mario Sunshine was also a bit awkward having the map at L1, I accidentally press it.  A & B have the same button action.The switch does have remapping the the system settings.""]","The comment highlights a misconception about the product's multiplayer capability, stating that despite any indications of cooperative play, the game is actually single-player only. The commenter warns others not to be misled by this, although they still appreciate the game for its old-school charm [0]. [0] is not related to the query. [2] is not related to the query.",7.0
How's the multiplayer capability of the product,"Play three of Mario’s greatest 3D platforming adventures—all in one package! Play three iconic games at home or on the go—all in one package on the Nintendo Switch system! Jump into paintings in Super Mario 64, clean up paint-like goop in Super Mario Sunshine, and fly from planet to planet in Super Mario Galaxy.  Run, jump, and dive with ease! Make Mario move using the Nintendo Switch system’s Joy-Con controllers. You can also pass a Joy-Con controller to a friend to play the Super Mario Galaxy game in Co-Star Mode! Mario’s movements are as smooth as ever with HD resolution for each game, while still retaining the look and feel of the originals.  Listen to timeless Super Mario tunes Listen to a total of 175 iconic tunes from all three games! Whether you want to get up and dance or take a minute to relax—this collection has music to fit your mood!  Even when you aren’t playing, you can enjoy the sounds that these worlds (and galaxies!) are so famous for. With three games, modern upgrades, and music-player mode, this collection is filled with fun for both new players and 3D platforming Mario masters. Super Mario 3D All-Stars will be available as a limited-run retail edition and a digital edition that is available for a limited time until the end of March 2021. The physical version of Super Mario 3D All-Stars (released Sep. 18) will continue to be shipped to retailers and available for purchase through March 31, 2021 or while supplies last. The digital version of Super Mario 3D All-Stars will be available for purchase through March 31, 2021. Once the digital edition has been purchased on your Nintendo Account, it can be re-downloaded and played if deleted from your device.  Software compatibility and play experience may differ on Nintendo Switch Lite. Additional accessories may be required (sold separately). Terms apply.",256,"['title: Amazing Game \ntext: Amazing product all the games are outstanding and it is totally worth it just hoping that there is a Wii Sports compilation pack for the switch', 'title: Amazing! \ntext: Great game to have! Perfect for the whole family to play with.', 'title: Yahoo! \ntext: A great bundle of games. Has some bugs but its still fun']",[0] is not related to the query. [1] is not related to the query. [2] is not related to the query.,0.0
How's the multiplayer capability of the product,"Play three of Mario’s greatest 3D platforming adventures—all in one package! Play three iconic games at home or on the go—all in one package on the Nintendo Switch system! Jump into paintings in Super Mario 64, clean up paint-like goop in Super Mario Sunshine, and fly from planet to planet in Super Mario Galaxy.  Run, jump, and dive with ease! Make Mario move using the Nintendo Switch system’s Joy-Con controllers. You can also pass a Joy-Con controller to a friend to play the Super Mario Galaxy game in Co-Star Mode! Mario’s movements are as smooth as ever with HD resolution for each game, while still retaining the look and feel of the originals.  Listen to timeless Super Mario tunes Listen to a total of 175 iconic tunes from all three games! Whether you want to get up and dance or take a minute to relax—this collection has music to fit your mood!  Even when you aren’t playing, you can enjoy the sounds that these worlds (and galaxies!) are so famous for. With three games, modern upgrades, and music-player mode, this collection is filled with fun for both new players and 3D platforming Mario masters. Super Mario 3D All-Stars will be available as a limited-run retail edition and a digital edition that is available for a limited time until the end of March 2021. The physical version of Super Mario 3D All-Stars (released Sep. 18) will continue to be shipped to retailers and available for purchase through March 31, 2021 or while supplies last. The digital version of Super Mario 3D All-Stars will be available for purchase through March 31, 2021. Once the digital edition has been purchased on your Nintendo Account, it can be re-downloaded and played if deleted from your device.  Software compatibility and play experience may differ on Nintendo Switch Lite. Additional accessories may be required (sold separately). Terms apply.",257,"['title: Amazing Game \ntext: Amazing product all the games are outstanding and it is totally worth it just hoping that there is a Wii Sports compilation pack for the switch', 'title: Amazing! \ntext: Great game to have! Perfect for the whole family to play with.', ""title: All 3 Games in one cartridge \ntext: Don't even need internet to play all 3 games which is the main reason why I bought this.Super Mario 64 looks smoother and better than before.The controllers took a while to get used to again since the camera for SM64 was weird but cool at the time it came out.Super Mario Sunshine was also a bit awkward having the map at L1, I accidentally press it.  A & B have the same button action.The switch does have remapping the the system settings.""]",[0] is not related to the query. [1] is not related to the query. [2] is not related to the query.,0.0
How's the multiplayer capability of the product,"Play three of Mario’s greatest 3D platforming adventures—all in one package! Play three iconic games at home or on the go—all in one package on the Nintendo Switch system! Jump into paintings in Super Mario 64, clean up paint-like goop in Super Mario Sunshine, and fly from planet to planet in Super Mario Galaxy.  Run, jump, and dive with ease! Make Mario move using the Nintendo Switch system’s Joy-Con controllers. You can also pass a Joy-Con controller to a friend to play the Super Mario Galaxy game in Co-Star Mode! Mario’s movements are as smooth as ever with HD resolution for each game, while still retaining the look and feel of the originals.  Listen to timeless Super Mario tunes Listen to a total of 175 iconic tunes from all three games! Whether you want to get up and dance or take a minute to relax—this collection has music to fit your mood!  Even when you aren’t playing, you can enjoy the sounds that these worlds (and galaxies!) are so famous for. With three games, modern upgrades, and music-player mode, this collection is filled with fun for both new players and 3D platforming Mario masters. Super Mario 3D All-Stars will be available as a limited-run retail edition and a digital edition that is available for a limited time until the end of March 2021. The physical version of Super Mario 3D All-Stars (released Sep. 18) will continue to be shipped to retailers and available for purchase through March 31, 2021 or while supplies last. The digital version of Super Mario 3D All-Stars will be available for purchase through March 31, 2021. Once the digital edition has been purchased on your Nintendo Account, it can be re-downloaded and played if deleted from your device.  Software compatibility and play experience may differ on Nintendo Switch Lite. Additional accessories may be required (sold separately). Terms apply.",267,"['title: Amazing Game \ntext: Amazing product all the games are outstanding and it is totally worth it just hoping that there is a Wii Sports compilation pack for the switch', 'title: Yahoo! \ntext: A great bundle of games. Has some bugs but its still fun', ""title: All 3 Games in one cartridge \ntext: Don't even need internet to play all 3 games which is the main reason why I bought this.Super Mario 64 looks smoother and better than before.The controllers took a while to get used to again since the camera for SM64 was weird but cool at the time it came out.Super Mario Sunshine was also a bit awkward having the map at L1, I accidentally press it.  A & B have the same button action.The switch does have remapping the the system settings.""]",[0] is not related to the query. [1] is not related to the query. [2] is not related to the query.,0.0
How's the multiplayer capability of the product,"Play three of Mario’s greatest 3D platforming adventures—all in one package! Play three iconic games at home or on the go—all in one package on the Nintendo Switch system! Jump into paintings in Super Mario 64, clean up paint-like goop in Super Mario Sunshine, and fly from planet to planet in Super Mario Galaxy.  Run, jump, and dive with ease! Make Mario move using the Nintendo Switch system’s Joy-Con controllers. You can also pass a Joy-Con controller to a friend to play the Super Mario Galaxy game in Co-Star Mode! Mario’s movements are as smooth as ever with HD resolution for each game, while still retaining the look and feel of the originals.  Listen to timeless Super Mario tunes Listen to a total of 175 iconic tunes from all three games! Whether you want to get up and dance or take a minute to relax—this collection has music to fit your mood!  Even when you aren’t playing, you can enjoy the sounds that these worlds (and galaxies!) are so famous for. With three games, modern upgrades, and music-player mode, this collection is filled with fun for both new players and 3D platforming Mario masters. Super Mario 3D All-Stars will be available as a limited-run retail edition and a digital edition that is available for a limited time until the end of March 2021. The physical version of Super Mario 3D All-Stars (released Sep. 18) will continue to be shipped to retailers and available for purchase through March 31, 2021 or while supplies last. The digital version of Super Mario 3D All-Stars will be available for purchase through March 31, 2021. Once the digital edition has been purchased on your Nintendo Account, it can be re-downloaded and played if deleted from your device.  Software compatibility and play experience may differ on Nintendo Switch Lite. Additional accessories may be required (sold separately). Terms apply.",345,"['title: Barebones emulation \ntext: The product is a huge disappointment, in particular Mario sunshine which is borderline unplayable since Nintendo has ruined the controls in particular the camera controls. To make the problem even worse Gamecube controllers are not supported.', 'title: Don’t let it fool you \ntext: You don’t actually play co-op. All single player. Don’t let it mislead you. Still good old school-ish games.', 'title: Amazing! \ntext: Great game to have! Perfect for the whole family to play with.']","The comment highlights a misconception about the product's multiplayer capability, stating that despite any indications of cooperative play, the game is actually single-player only. The commenter advises not to be misled by any claims of multiplayer features, although they still appreciate the game for its old-school style.[0] [0] is not related to the query. [2] is not related to the query.",7.0
How's the multiplayer capability of the product,"Play three of Mario’s greatest 3D platforming adventures—all in one package! Play three iconic games at home or on the go—all in one package on the Nintendo Switch system! Jump into paintings in Super Mario 64, clean up paint-like goop in Super Mario Sunshine, and fly from planet to planet in Super Mario Galaxy.  Run, jump, and dive with ease! Make Mario move using the Nintendo Switch system’s Joy-Con controllers. You can also pass a Joy-Con controller to a friend to play the Super Mario Galaxy game in Co-Star Mode! Mario’s movements are as smooth as ever with HD resolution for each game, while still retaining the look and feel of the originals.  Listen to timeless Super Mario tunes Listen to a total of 175 iconic tunes from all three games! Whether you want to get up and dance or take a minute to relax—this collection has music to fit your mood!  Even when you aren’t playing, you can enjoy the sounds that these worlds (and galaxies!) are so famous for. With three games, modern upgrades, and music-player mode, this collection is filled with fun for both new players and 3D platforming Mario masters. Super Mario 3D All-Stars will be available as a limited-run retail edition and a digital edition that is available for a limited time until the end of March 2021. The physical version of Super Mario 3D All-Stars (released Sep. 18) will continue to be shipped to retailers and available for purchase through March 31, 2021 or while supplies last. The digital version of Super Mario 3D All-Stars will be available for purchase through March 31, 2021. Once the digital edition has been purchased on your Nintendo Account, it can be re-downloaded and played if deleted from your device.  Software compatibility and play experience may differ on Nintendo Switch Lite. Additional accessories may be required (sold separately). Terms apply.",346,"['title: Barebones emulation \ntext: The product is a huge disappointment, in particular Mario sunshine which is borderline unplayable since Nintendo has ruined the controls in particular the camera controls. To make the problem even worse Gamecube controllers are not supported.', 'title: Don’t let it fool you \ntext: You don’t actually play co-op. All single player. Don’t let it mislead you. Still good old school-ish games.', 'title: Yahoo! \ntext: A great bundle of games. Has some bugs but its still fun']","The comment highlights a misconception about the product's multiplayer capabilities, clarifying that despite any suggestions of cooperative play, the game is actually a single-player experience. The commenter advises not to be misled by any claims of multiplayer features, although they still appreciate the game for its old-school style.[0] [0] is not related to the query. [2] is not related to the query.",7.0
How's the multiplayer capability of the product,"Play three of Mario’s greatest 3D platforming adventures—all in one package! Play three iconic games at home or on the go—all in one package on the Nintendo Switch system! Jump into paintings in Super Mario 64, clean up paint-like goop in Super Mario Sunshine, and fly from planet to planet in Super Mario Galaxy.  Run, jump, and dive with ease! Make Mario move using the Nintendo Switch system’s Joy-Con controllers. You can also pass a Joy-Con controller to a friend to play the Super Mario Galaxy game in Co-Star Mode! Mario’s movements are as smooth as ever with HD resolution for each game, while still retaining the look and feel of the originals.  Listen to timeless Super Mario tunes Listen to a total of 175 iconic tunes from all three games! Whether you want to get up and dance or take a minute to relax—this collection has music to fit your mood!  Even when you aren’t playing, you can enjoy the sounds that these worlds (and galaxies!) are so famous for. With three games, modern upgrades, and music-player mode, this collection is filled with fun for both new players and 3D platforming Mario masters. Super Mario 3D All-Stars will be available as a limited-run retail edition and a digital edition that is available for a limited time until the end of March 2021. The physical version of Super Mario 3D All-Stars (released Sep. 18) will continue to be shipped to retailers and available for purchase through March 31, 2021 or while supplies last. The digital version of Super Mario 3D All-Stars will be available for purchase through March 31, 2021. Once the digital edition has been purchased on your Nintendo Account, it can be re-downloaded and played if deleted from your device.  Software compatibility and play experience may differ on Nintendo Switch Lite. Additional accessories may be required (sold separately). Terms apply.",347,"['title: Barebones emulation \ntext: The product is a huge disappointment, in particular Mario sunshine which is borderline unplayable since Nintendo has ruined the controls in particular the camera controls. To make the problem even worse Gamecube controllers are not supported.', 'title: Don’t let it fool you \ntext: You don’t actually play co-op. All single player. Don’t let it mislead you. Still good old school-ish games.', ""title: All 3 Games in one cartridge \ntext: Don't even need internet to play all 3 games which is the main reason why I bought this.Super Mario 64 looks smoother and better than before.The controllers took a while to get used to again since the camera for SM64 was weird but cool at the time it came out.Super Mario Sunshine was also a bit awkward having the map at L1, I accidentally press it.  A & B have the same button action.The switch does have remapping the the system settings.""]","The comment highlights a misconception about the product's multiplayer capability, stating that despite any indications of cooperative play, the game is actually single-player only. The commenter advises others not to be misled by any claims of multiplayer features, although they still appreciate the game for its old-school style.[0] [0] is not related to the query. [2] is not related to the query.",7.0
How's the multiplayer capability of the product,"Play three of Mario’s greatest 3D platforming adventures—all in one package! Play three iconic games at home or on the go—all in one package on the Nintendo Switch system! Jump into paintings in Super Mario 64, clean up paint-like goop in Super Mario Sunshine, and fly from planet to planet in Super Mario Galaxy.  Run, jump, and dive with ease! Make Mario move using the Nintendo Switch system’s Joy-Con controllers. You can also pass a Joy-Con controller to a friend to play the Super Mario Galaxy game in Co-Star Mode! Mario’s movements are as smooth as ever with HD resolution for each game, while still retaining the look and feel of the originals.  Listen to timeless Super Mario tunes Listen to a total of 175 iconic tunes from all three games! Whether you want to get up and dance or take a minute to relax—this collection has music to fit your mood!  Even when you aren’t playing, you can enjoy the sounds that these worlds (and galaxies!) are so famous for. With three games, modern upgrades, and music-player mode, this collection is filled with fun for both new players and 3D platforming Mario masters. Super Mario 3D All-Stars will be available as a limited-run retail edition and a digital edition that is available for a limited time until the end of March 2021. The physical version of Super Mario 3D All-Stars (released Sep. 18) will continue to be shipped to retailers and available for purchase through March 31, 2021 or while supplies last. The digital version of Super Mario 3D All-Stars will be available for purchase through March 31, 2021. Once the digital edition has been purchased on your Nintendo Account, it can be re-downloaded and played if deleted from your device.  Software compatibility and play experience may differ on Nintendo Switch Lite. Additional accessories may be required (sold separately). Terms apply.",356,"['title: Barebones emulation \ntext: The product is a huge disappointment, in particular Mario sunshine which is borderline unplayable since Nintendo has ruined the controls in particular the camera controls. To make the problem even worse Gamecube controllers are not supported.', 'title: Amazing! \ntext: Great game to have! Perfect for the whole family to play with.', 'title: Yahoo! \ntext: A great bundle of games. Has some bugs but its still fun']",[0] is not related to the query. [1] is not related to the query. [2] is not related to the query.,0.0
How's the multiplayer capability of the product,"Play three of Mario’s greatest 3D platforming adventures—all in one package! Play three iconic games at home or on the go—all in one package on the Nintendo Switch system! Jump into paintings in Super Mario 64, clean up paint-like goop in Super Mario Sunshine, and fly from planet to planet in Super Mario Galaxy.  Run, jump, and dive with ease! Make Mario move using the Nintendo Switch system’s Joy-Con controllers. You can also pass a Joy-Con controller to a friend to play the Super Mario Galaxy game in Co-Star Mode! Mario’s movements are as smooth as ever with HD resolution for each game, while still retaining the look and feel of the originals.  Listen to timeless Super Mario tunes Listen to a total of 175 iconic tunes from all three games! Whether you want to get up and dance or take a minute to relax—this collection has music to fit your mood!  Even when you aren’t playing, you can enjoy the sounds that these worlds (and galaxies!) are so famous for. With three games, modern upgrades, and music-player mode, this collection is filled with fun for both new players and 3D platforming Mario masters. Super Mario 3D All-Stars will be available as a limited-run retail edition and a digital edition that is available for a limited time until the end of March 2021. The physical version of Super Mario 3D All-Stars (released Sep. 18) will continue to be shipped to retailers and available for purchase through March 31, 2021 or while supplies last. The digital version of Super Mario 3D All-Stars will be available for purchase through March 31, 2021. Once the digital edition has been purchased on your Nintendo Account, it can be re-downloaded and played if deleted from your device.  Software compatibility and play experience may differ on Nintendo Switch Lite. Additional accessories may be required (sold separately). Terms apply.",357,"['title: Barebones emulation \ntext: The product is a huge disappointment, in particular Mario sunshine which is borderline unplayable since Nintendo has ruined the controls in particular the camera controls. To make the problem even worse Gamecube controllers are not supported.', 'title: Amazing! \ntext: Great game to have! Perfect for the whole family to play with.', ""title: All 3 Games in one cartridge \ntext: Don't even need internet to play all 3 games which is the main reason why I bought this.Super Mario 64 looks smoother and better than before.The controllers took a while to get used to again since the camera for SM64 was weird but cool at the time it came out.Super Mario Sunshine was also a bit awkward having the map at L1, I accidentally press it.  A & B have the same button action.The switch does have remapping the the system settings.""]",[0] is not related to the query. [1] is not related to the query. [2] is not related to the query.,0.0
How's the multiplayer capability of the product,"Play three of Mario’s greatest 3D platforming adventures—all in one package! Play three iconic games at home or on the go—all in one package on the Nintendo Switch system! Jump into paintings in Super Mario 64, clean up paint-like goop in Super Mario Sunshine, and fly from planet to planet in Super Mario Galaxy.  Run, jump, and dive with ease! Make Mario move using the Nintendo Switch system’s Joy-Con controllers. You can also pass a Joy-Con controller to a friend to play the Super Mario Galaxy game in Co-Star Mode! Mario’s movements are as smooth as ever with HD resolution for each game, while still retaining the look and feel of the originals.  Listen to timeless Super Mario tunes Listen to a total of 175 iconic tunes from all three games! Whether you want to get up and dance or take a minute to relax—this collection has music to fit your mood!  Even when you aren’t playing, you can enjoy the sounds that these worlds (and galaxies!) are so famous for. With three games, modern upgrades, and music-player mode, this collection is filled with fun for both new players and 3D platforming Mario masters. Super Mario 3D All-Stars will be available as a limited-run retail edition and a digital edition that is available for a limited time until the end of March 2021. The physical version of Super Mario 3D All-Stars (released Sep. 18) will continue to be shipped to retailers and available for purchase through March 31, 2021 or while supplies last. The digital version of Super Mario 3D All-Stars will be available for purchase through March 31, 2021. Once the digital edition has been purchased on your Nintendo Account, it can be re-downloaded and played if deleted from your device.  Software compatibility and play experience may differ on Nintendo Switch Lite. Additional accessories may be required (sold separately). Terms apply.",367,"['title: Barebones emulation \ntext: The product is a huge disappointment, in particular Mario sunshine which is borderline unplayable since Nintendo has ruined the controls in particular the camera controls. To make the problem even worse Gamecube controllers are not supported.', 'title: Yahoo! \ntext: A great bundle of games. Has some bugs but its still fun', ""title: All 3 Games in one cartridge \ntext: Don't even need internet to play all 3 games which is the main reason why I bought this.Super Mario 64 looks smoother and better than before.The controllers took a while to get used to again since the camera for SM64 was weird but cool at the time it came out.Super Mario Sunshine was also a bit awkward having the map at L1, I accidentally press it.  A & B have the same button action.The switch does have remapping the the system settings.""]",[0] is not related to the query. [1] is not related to the query. [2] is not related to the query.,0.0
How's the multiplayer capability of the product,"Play three of Mario’s greatest 3D platforming adventures—all in one package! Play three iconic games at home or on the go—all in one package on the Nintendo Switch system! Jump into paintings in Super Mario 64, clean up paint-like goop in Super Mario Sunshine, and fly from planet to planet in Super Mario Galaxy.  Run, jump, and dive with ease! Make Mario move using the Nintendo Switch system’s Joy-Con controllers. You can also pass a Joy-Con controller to a friend to play the Super Mario Galaxy game in Co-Star Mode! Mario’s movements are as smooth as ever with HD resolution for each game, while still retaining the look and feel of the originals.  Listen to timeless Super Mario tunes Listen to a total of 175 iconic tunes from all three games! Whether you want to get up and dance or take a minute to relax—this collection has music to fit your mood!  Even when you aren’t playing, you can enjoy the sounds that these worlds (and galaxies!) are so famous for. With three games, modern upgrades, and music-player mode, this collection is filled with fun for both new players and 3D platforming Mario masters. Super Mario 3D All-Stars will be available as a limited-run retail edition and a digital edition that is available for a limited time until the end of March 2021. The physical version of Super Mario 3D All-Stars (released Sep. 18) will continue to be shipped to retailers and available for purchase through March 31, 2021 or while supplies last. The digital version of Super Mario 3D All-Stars will be available for purchase through March 31, 2021. Once the digital edition has been purchased on your Nintendo Account, it can be re-downloaded and played if deleted from your device.  Software compatibility and play experience may differ on Nintendo Switch Lite. Additional accessories may be required (sold separately). Terms apply.",456,"['title: Don’t let it fool you \ntext: You don’t actually play co-op. All single player. Don’t let it mislead you. Still good old school-ish games.', 'title: Amazing! \ntext: Great game to have! Perfect for the whole family to play with.', 'title: Yahoo! \ntext: A great bundle of games. Has some bugs but its still fun']","The comment highlights that despite the product being marketed with multiplayer capabilities, it is essentially a single-player experience. The user warns others not to be misled by the co-op label, although they still appreciate the product for its nostalgic, old-school qualities. [0] [1] is not related to the query. [2] is not related to the query.",7.0
How's the multiplayer capability of the product,"Play three of Mario’s greatest 3D platforming adventures—all in one package! Play three iconic games at home or on the go—all in one package on the Nintendo Switch system! Jump into paintings in Super Mario 64, clean up paint-like goop in Super Mario Sunshine, and fly from planet to planet in Super Mario Galaxy.  Run, jump, and dive with ease! Make Mario move using the Nintendo Switch system’s Joy-Con controllers. You can also pass a Joy-Con controller to a friend to play the Super Mario Galaxy game in Co-Star Mode! Mario’s movements are as smooth as ever with HD resolution for each game, while still retaining the look and feel of the originals.  Listen to timeless Super Mario tunes Listen to a total of 175 iconic tunes from all three games! Whether you want to get up and dance or take a minute to relax—this collection has music to fit your mood!  Even when you aren’t playing, you can enjoy the sounds that these worlds (and galaxies!) are so famous for. With three games, modern upgrades, and music-player mode, this collection is filled with fun for both new players and 3D platforming Mario masters. Super Mario 3D All-Stars will be available as a limited-run retail edition and a digital edition that is available for a limited time until the end of March 2021. The physical version of Super Mario 3D All-Stars (released Sep. 18) will continue to be shipped to retailers and available for purchase through March 31, 2021 or while supplies last. The digital version of Super Mario 3D All-Stars will be available for purchase through March 31, 2021. Once the digital edition has been purchased on your Nintendo Account, it can be re-downloaded and played if deleted from your device.  Software compatibility and play experience may differ on Nintendo Switch Lite. Additional accessories may be required (sold separately). Terms apply.",457,"['title: Don’t let it fool you \ntext: You don’t actually play co-op. All single player. Don’t let it mislead you. Still good old school-ish games.', 'title: Amazing! \ntext: Great game to have! Perfect for the whole family to play with.', ""title: All 3 Games in one cartridge \ntext: Don't even need internet to play all 3 games which is the main reason why I bought this.Super Mario 64 looks smoother and better than before.The controllers took a while to get used to again since the camera for SM64 was weird but cool at the time it came out.Super Mario Sunshine was also a bit awkward having the map at L1, I accidentally press it.  A & B have the same button action.The switch does have remapping the the system settings.""]","The comment highlights that despite the product being marketed with multiplayer features, it is essentially a single-player experience. The user warns others not to be misled by the co-op label, although they acknowledge that the games maintain a classic feel.[0] [1] is not related to the query. [2] is not related to the query.",7.0
How's the multiplayer capability of the product,"Play three of Mario’s greatest 3D platforming adventures—all in one package! Play three iconic games at home or on the go—all in one package on the Nintendo Switch system! Jump into paintings in Super Mario 64, clean up paint-like goop in Super Mario Sunshine, and fly from planet to planet in Super Mario Galaxy.  Run, jump, and dive with ease! Make Mario move using the Nintendo Switch system’s Joy-Con controllers. You can also pass a Joy-Con controller to a friend to play the Super Mario Galaxy game in Co-Star Mode! Mario’s movements are as smooth as ever with HD resolution for each game, while still retaining the look and feel of the originals.  Listen to timeless Super Mario tunes Listen to a total of 175 iconic tunes from all three games! Whether you want to get up and dance or take a minute to relax—this collection has music to fit your mood!  Even when you aren’t playing, you can enjoy the sounds that these worlds (and galaxies!) are so famous for. With three games, modern upgrades, and music-player mode, this collection is filled with fun for both new players and 3D platforming Mario masters. Super Mario 3D All-Stars will be available as a limited-run retail edition and a digital edition that is available for a limited time until the end of March 2021. The physical version of Super Mario 3D All-Stars (released Sep. 18) will continue to be shipped to retailers and available for purchase through March 31, 2021 or while supplies last. The digital version of Super Mario 3D All-Stars will be available for purchase through March 31, 2021. Once the digital edition has been purchased on your Nintendo Account, it can be re-downloaded and played if deleted from your device.  Software compatibility and play experience may differ on Nintendo Switch Lite. Additional accessories may be required (sold separately). Terms apply.",467,"['title: Don’t let it fool you \ntext: You don’t actually play co-op. All single player. Don’t let it mislead you. Still good old school-ish games.', 'title: Yahoo! \ntext: A great bundle of games. Has some bugs but its still fun', ""title: All 3 Games in one cartridge \ntext: Don't even need internet to play all 3 games which is the main reason why I bought this.Super Mario 64 looks smoother and better than before.The controllers took a while to get used to again since the camera for SM64 was weird but cool at the time it came out.Super Mario Sunshine was also a bit awkward having the map at L1, I accidentally press it.  A & B have the same button action.The switch does have remapping the the system settings.""]","The comment highlights a misconception about the product's multiplayer capability, stating that despite any implications of cooperative play, the game is actually single-player only. The commenter warns others not to be misled by this, although they still appreciate the game for its old-school style.[0] [1] is not related to the query. [2] is not related to the query.",7.0
How's the multiplayer capability of the product,"Play three of Mario’s greatest 3D platforming adventures—all in one package! Play three iconic games at home or on the go—all in one package on the Nintendo Switch system! Jump into paintings in Super Mario 64, clean up paint-like goop in Super Mario Sunshine, and fly from planet to planet in Super Mario Galaxy.  Run, jump, and dive with ease! Make Mario move using the Nintendo Switch system’s Joy-Con controllers. You can also pass a Joy-Con controller to a friend to play the Super Mario Galaxy game in Co-Star Mode! Mario’s movements are as smooth as ever with HD resolution for each game, while still retaining the look and feel of the originals.  Listen to timeless Super Mario tunes Listen to a total of 175 iconic tunes from all three games! Whether you want to get up and dance or take a minute to relax—this collection has music to fit your mood!  Even when you aren’t playing, you can enjoy the sounds that these worlds (and galaxies!) are so famous for. With three games, modern upgrades, and music-player mode, this collection is filled with fun for both new players and 3D platforming Mario masters. Super Mario 3D All-Stars will be available as a limited-run retail edition and a digital edition that is available for a limited time until the end of March 2021. The physical version of Super Mario 3D All-Stars (released Sep. 18) will continue to be shipped to retailers and available for purchase through March 31, 2021 or while supplies last. The digital version of Super Mario 3D All-Stars will be available for purchase through March 31, 2021. Once the digital edition has been purchased on your Nintendo Account, it can be re-downloaded and played if deleted from your device.  Software compatibility and play experience may differ on Nintendo Switch Lite. Additional accessories may be required (sold separately). Terms apply.",567,"['title: Amazing! \ntext: Great game to have! Perfect for the whole family to play with.', 'title: Yahoo! \ntext: A great bundle of games. Has some bugs but its still fun', ""title: All 3 Games in one cartridge \ntext: Don't even need internet to play all 3 games which is the main reason why I bought this.Super Mario 64 looks smoother and better than before.The controllers took a while to get used to again since the camera for SM64 was weird but cool at the time it came out.Super Mario Sunshine was also a bit awkward having the map at L1, I accidentally press it.  A & B have the same button action.The switch does have remapping the the system settings.""]",[0] is not related to the query. [1] is not related to the query. [2] is not related to the query.,0.0
How's the multiplayer capability of the product,"Play three of Mario’s greatest 3D platforming adventures—all in one package! Play three iconic games at home or on the go—all in one package on the Nintendo Switch system! Jump into paintings in Super Mario 64, clean up paint-like goop in Super Mario Sunshine, and fly from planet to planet in Super Mario Galaxy.  Run, jump, and dive with ease! Make Mario move using the Nintendo Switch system’s Joy-Con controllers. You can also pass a Joy-Con controller to a friend to play the Super Mario Galaxy game in Co-Star Mode! Mario’s movements are as smooth as ever with HD resolution for each game, while still retaining the look and feel of the originals.  Listen to timeless Super Mario tunes Listen to a total of 175 iconic tunes from all three games! Whether you want to get up and dance or take a minute to relax—this collection has music to fit your mood!  Even when you aren’t playing, you can enjoy the sounds that these worlds (and galaxies!) are so famous for. With three games, modern upgrades, and music-player mode, this collection is filled with fun for both new players and 3D platforming Mario masters. Super Mario 3D All-Stars will be available as a limited-run retail edition and a digital edition that is available for a limited time until the end of March 2021. The physical version of Super Mario 3D All-Stars (released Sep. 18) will continue to be shipped to retailers and available for purchase through March 31, 2021 or while supplies last. The digital version of Super Mario 3D All-Stars will be available for purchase through March 31, 2021. Once the digital edition has been purchased on your Nintendo Account, it can be re-downloaded and played if deleted from your device.  Software compatibility and play experience may differ on Nintendo Switch Lite. Additional accessories may be required (sold separately). Terms apply.",0123,"[""title: Not two player as described \ntext: Says one or two players, means if you're willing to cut your remote in half two people can control half of one player"", 'title: Decent \ntext: This game is a little deceiving, it says it’s 2 players but it’s not really a good 2 player. Like you get to float around them. But not actually play.Really fun 1 player though!', 'title: Amazing Game \ntext: Amazing product all the games are outstanding and it is totally worth it just hoping that there is a Wii Sports compilation pack for the switch', 'title: Barebones emulation \ntext: The product is a huge disappointment, in particular Mario sunshine which is borderline unplayable since Nintendo has ruined the controls in particular the camera controls. To make the problem even worse Gamecube controllers are not supported.']","The comments highlight issues with the multiplayer capability of the product. One user notes that while the product is advertised as supporting one or two players, the multiplayer experience is misleading, as it requires sharing a single controller between two people, effectively limiting the gameplay to one player controlling half of the character each[0]. Another user echoes this sentiment, stating that although the game claims to support two players, the multiplayer experience is not satisfactory, as the second player can only 'float around' rather than fully participate in the game. However, the game is described as enjoyable for single-player use[1]. [2] is not related to the query. [3] is not related to the query.",9.0
How's the multiplayer capability of the product,"Play three of Mario’s greatest 3D platforming adventures—all in one package! Play three iconic games at home or on the go—all in one package on the Nintendo Switch system! Jump into paintings in Super Mario 64, clean up paint-like goop in Super Mario Sunshine, and fly from planet to planet in Super Mario Galaxy.  Run, jump, and dive with ease! Make Mario move using the Nintendo Switch system’s Joy-Con controllers. You can also pass a Joy-Con controller to a friend to play the Super Mario Galaxy game in Co-Star Mode! Mario’s movements are as smooth as ever with HD resolution for each game, while still retaining the look and feel of the originals.  Listen to timeless Super Mario tunes Listen to a total of 175 iconic tunes from all three games! Whether you want to get up and dance or take a minute to relax—this collection has music to fit your mood!  Even when you aren’t playing, you can enjoy the sounds that these worlds (and galaxies!) are so famous for. With three games, modern upgrades, and music-player mode, this collection is filled with fun for both new players and 3D platforming Mario masters. Super Mario 3D All-Stars will be available as a limited-run retail edition and a digital edition that is available for a limited time until the end of March 2021. The physical version of Super Mario 3D All-Stars (released Sep. 18) will continue to be shipped to retailers and available for purchase through March 31, 2021 or while supplies last. The digital version of Super Mario 3D All-Stars will be available for purchase through March 31, 2021. Once the digital edition has been purchased on your Nintendo Account, it can be re-downloaded and played if deleted from your device.  Software compatibility and play experience may differ on Nintendo Switch Lite. Additional accessories may be required (sold separately). Terms apply.",0124,"[""title: Not two player as described \ntext: Says one or two players, means if you're willing to cut your remote in half two people can control half of one player"", 'title: Decent \ntext: This game is a little deceiving, it says it’s 2 players but it’s not really a good 2 player. Like you get to float around them. But not actually play.Really fun 1 player though!', 'title: Amazing Game \ntext: Amazing product all the games are outstanding and it is totally worth it just hoping that there is a Wii Sports compilation pack for the switch', 'title: Don’t let it fool you \ntext: You don’t actually play co-op. All single player. Don’t let it mislead you. Still good old school-ish games.']","The comments collectively express dissatisfaction with the multiplayer capability of the product, highlighting that it is misleadingly advertised as a two-player game. One comment suggests that the game claims to support two players, but in reality, it requires players to share a single controller, effectively making it a single-player experience[0]. Another comment echoes this sentiment, stating that while the game is labeled as two-player, it does not provide a genuine two-player experience, as the second player merely floats around without actively participating[1]. A third comment reinforces the notion that the game is essentially single-player, despite its misleading marketing as a co-op game[2]. [2] is not related to the query.",10.0
How's the multiplayer capability of the product,"Play three of Mario’s greatest 3D platforming adventures—all in one package! Play three iconic games at home or on the go—all in one package on the Nintendo Switch system! Jump into paintings in Super Mario 64, clean up paint-like goop in Super Mario Sunshine, and fly from planet to planet in Super Mario Galaxy.  Run, jump, and dive with ease! Make Mario move using the Nintendo Switch system’s Joy-Con controllers. You can also pass a Joy-Con controller to a friend to play the Super Mario Galaxy game in Co-Star Mode! Mario’s movements are as smooth as ever with HD resolution for each game, while still retaining the look and feel of the originals.  Listen to timeless Super Mario tunes Listen to a total of 175 iconic tunes from all three games! Whether you want to get up and dance or take a minute to relax—this collection has music to fit your mood!  Even when you aren’t playing, you can enjoy the sounds that these worlds (and galaxies!) are so famous for. With three games, modern upgrades, and music-player mode, this collection is filled with fun for both new players and 3D platforming Mario masters. Super Mario 3D All-Stars will be available as a limited-run retail edition and a digital edition that is available for a limited time until the end of March 2021. The physical version of Super Mario 3D All-Stars (released Sep. 18) will continue to be shipped to retailers and available for purchase through March 31, 2021 or while supplies last. The digital version of Super Mario 3D All-Stars will be available for purchase through March 31, 2021. Once the digital edition has been purchased on your Nintendo Account, it can be re-downloaded and played if deleted from your device.  Software compatibility and play experience may differ on Nintendo Switch Lite. Additional accessories may be required (sold separately). Terms apply.",0125,"[""title: Not two player as described \ntext: Says one or two players, means if you're willing to cut your remote in half two people can control half of one player"", 'title: Decent \ntext: This game is a little deceiving, it says it’s 2 players but it’s not really a good 2 player. Like you get to float around them. But not actually play.Really fun 1 player though!', 'title: Amazing Game \ntext: Amazing product all the games are outstanding and it is totally worth it just hoping that there is a Wii Sports compilation pack for the switch', 'title: Amazing! \ntext: Great game to have! Perfect for the whole family to play with.']","The comments highlight issues with the multiplayer capability of the product. One user notes that although the product claims to support one or two players, the multiplayer experience is misleading as it requires sharing a single remote, effectively allowing two people to control only half of one player [0]. Another user echoes this sentiment, describing the two-player mode as not truly interactive, as it merely allows the second player to 'float around' rather than actively participate in the game, although they find the single-player mode enjoyable [1]. [2] is not related to the query. [3] is not related to the query.",9.0
How's the multiplayer capability of the product,"Play three of Mario’s greatest 3D platforming adventures—all in one package! Play three iconic games at home or on the go—all in one package on the Nintendo Switch system! Jump into paintings in Super Mario 64, clean up paint-like goop in Super Mario Sunshine, and fly from planet to planet in Super Mario Galaxy.  Run, jump, and dive with ease! Make Mario move using the Nintendo Switch system’s Joy-Con controllers. You can also pass a Joy-Con controller to a friend to play the Super Mario Galaxy game in Co-Star Mode! Mario’s movements are as smooth as ever with HD resolution for each game, while still retaining the look and feel of the originals.  Listen to timeless Super Mario tunes Listen to a total of 175 iconic tunes from all three games! Whether you want to get up and dance or take a minute to relax—this collection has music to fit your mood!  Even when you aren’t playing, you can enjoy the sounds that these worlds (and galaxies!) are so famous for. With three games, modern upgrades, and music-player mode, this collection is filled with fun for both new players and 3D platforming Mario masters. Super Mario 3D All-Stars will be available as a limited-run retail edition and a digital edition that is available for a limited time until the end of March 2021. The physical version of Super Mario 3D All-Stars (released Sep. 18) will continue to be shipped to retailers and available for purchase through March 31, 2021 or while supplies last. The digital version of Super Mario 3D All-Stars will be available for purchase through March 31, 2021. Once the digital edition has been purchased on your Nintendo Account, it can be re-downloaded and played if deleted from your device.  Software compatibility and play experience may differ on Nintendo Switch Lite. Additional accessories may be required (sold separately). Terms apply.",0126,"[""title: Not two player as described \ntext: Says one or two players, means if you're willing to cut your remote in half two people can control half of one player"", 'title: Decent \ntext: This game is a little deceiving, it says it’s 2 players but it’s not really a good 2 player. Like you get to float around them. But not actually play.Really fun 1 player though!', 'title: Amazing Game \ntext: Amazing product all the games are outstanding and it is totally worth it just hoping that there is a Wii Sports compilation pack for the switch', 'title: Yahoo! \ntext: A great bundle of games. Has some bugs but its still fun']","The comments highlight issues with the multiplayer capability of the product. One user points out that while the product claims to support one or two players, the multiplayer mode is misleading as it requires sharing a single remote, effectively splitting control between two people, which does not constitute a true two-player experience [0]. Another user echoes this sentiment, describing the multiplayer feature as deceptive. They note that while the game is advertised as supporting two players, the second player merely floats around without engaging in actual gameplay, making it more suitable for single-player use [1]. [2] is not related to the query. [3] is not related to the query.",9.0
How's the multiplayer capability of the product,"Play three of Mario’s greatest 3D platforming adventures—all in one package! Play three iconic games at home or on the go—all in one package on the Nintendo Switch system! Jump into paintings in Super Mario 64, clean up paint-like goop in Super Mario Sunshine, and fly from planet to planet in Super Mario Galaxy.  Run, jump, and dive with ease! Make Mario move using the Nintendo Switch system’s Joy-Con controllers. You can also pass a Joy-Con controller to a friend to play the Super Mario Galaxy game in Co-Star Mode! Mario’s movements are as smooth as ever with HD resolution for each game, while still retaining the look and feel of the originals.  Listen to timeless Super Mario tunes Listen to a total of 175 iconic tunes from all three games! Whether you want to get up and dance or take a minute to relax—this collection has music to fit your mood!  Even when you aren’t playing, you can enjoy the sounds that these worlds (and galaxies!) are so famous for. With three games, modern upgrades, and music-player mode, this collection is filled with fun for both new players and 3D platforming Mario masters. Super Mario 3D All-Stars will be available as a limited-run retail edition and a digital edition that is available for a limited time until the end of March 2021. The physical version of Super Mario 3D All-Stars (released Sep. 18) will continue to be shipped to retailers and available for purchase through March 31, 2021 or while supplies last. The digital version of Super Mario 3D All-Stars will be available for purchase through March 31, 2021. Once the digital edition has been purchased on your Nintendo Account, it can be re-downloaded and played if deleted from your device.  Software compatibility and play experience may differ on Nintendo Switch Lite. Additional accessories may be required (sold separately). Terms apply.",0127,"[""title: Not two player as described \ntext: Says one or two players, means if you're willing to cut your remote in half two people can control half of one player"", 'title: Decent \ntext: This game is a little deceiving, it says it’s 2 players but it’s not really a good 2 player. Like you get to float around them. But not actually play.Really fun 1 player though!', 'title: Amazing Game \ntext: Amazing product all the games are outstanding and it is totally worth it just hoping that there is a Wii Sports compilation pack for the switch', ""title: All 3 Games in one cartridge \ntext: Don't even need internet to play all 3 games which is the main reason why I bought this.Super Mario 64 looks smoother and better than before.The controllers took a while to get used to again since the camera for SM64 was weird but cool at the time it came out.Super Mario Sunshine was also a bit awkward having the map at L1, I accidentally press it.  A & B have the same button action.The switch does have remapping the the system settings.""]","The comments highlight issues with the multiplayer capability of the product. One user points out that while the product claims to support one or two players, the multiplayer experience is misleading as it requires sharing a single controller between two people, effectively controlling only half of one player [0]. Another user echoes this sentiment, stating that the game is described as two-player but does not offer a satisfactory multiplayer experience, as the second player can only 'float around' rather than actively participate. However, the game is noted to be enjoyable for single players [1]. [2] is not related to the query. [3] is not related to the query.",9.0
How's the multiplayer capability of the product,"Play three of Mario’s greatest 3D platforming adventures—all in one package! Play three iconic games at home or on the go—all in one package on the Nintendo Switch system! Jump into paintings in Super Mario 64, clean up paint-like goop in Super Mario Sunshine, and fly from planet to planet in Super Mario Galaxy.  Run, jump, and dive with ease! Make Mario move using the Nintendo Switch system’s Joy-Con controllers. You can also pass a Joy-Con controller to a friend to play the Super Mario Galaxy game in Co-Star Mode! Mario’s movements are as smooth as ever with HD resolution for each game, while still retaining the look and feel of the originals.  Listen to timeless Super Mario tunes Listen to a total of 175 iconic tunes from all three games! Whether you want to get up and dance or take a minute to relax—this collection has music to fit your mood!  Even when you aren’t playing, you can enjoy the sounds that these worlds (and galaxies!) are so famous for. With three games, modern upgrades, and music-player mode, this collection is filled with fun for both new players and 3D platforming Mario masters. Super Mario 3D All-Stars will be available as a limited-run retail edition and a digital edition that is available for a limited time until the end of March 2021. The physical version of Super Mario 3D All-Stars (released Sep. 18) will continue to be shipped to retailers and available for purchase through March 31, 2021 or while supplies last. The digital version of Super Mario 3D All-Stars will be available for purchase through March 31, 2021. Once the digital edition has been purchased on your Nintendo Account, it can be re-downloaded and played if deleted from your device.  Software compatibility and play experience may differ on Nintendo Switch Lite. Additional accessories may be required (sold separately). Terms apply.",0134,"[""title: Not two player as described \ntext: Says one or two players, means if you're willing to cut your remote in half two people can control half of one player"", 'title: Decent \ntext: This game is a little deceiving, it says it’s 2 players but it’s not really a good 2 player. Like you get to float around them. But not actually play.Really fun 1 player though!', 'title: Barebones emulation \ntext: The product is a huge disappointment, in particular Mario sunshine which is borderline unplayable since Nintendo has ruined the controls in particular the camera controls. To make the problem even worse Gamecube controllers are not supported.', 'title: Don’t let it fool you \ntext: You don’t actually play co-op. All single player. Don’t let it mislead you. Still good old school-ish games.']","The comments collectively express dissatisfaction with the multiplayer capability of the product, highlighting that while it is advertised as a two-player game, the actual experience does not meet expectations. One comment suggests that the two-player mode requires sharing a single controller, which is impractical and misleading [0]. Another comment describes the two-player mode as ineffective, allowing the second player to only ""float around"" rather than actively participate, although it acknowledges the game is enjoyable in single-player mode [1]. A third comment reinforces the notion that the game is essentially single-player, despite claims of cooperative play, and warns potential buyers not to be misled by the advertising [2]. [2] is not related to the query.",10.0
How's the multiplayer capability of the product,"Play three of Mario’s greatest 3D platforming adventures—all in one package! Play three iconic games at home or on the go—all in one package on the Nintendo Switch system! Jump into paintings in Super Mario 64, clean up paint-like goop in Super Mario Sunshine, and fly from planet to planet in Super Mario Galaxy.  Run, jump, and dive with ease! Make Mario move using the Nintendo Switch system’s Joy-Con controllers. You can also pass a Joy-Con controller to a friend to play the Super Mario Galaxy game in Co-Star Mode! Mario’s movements are as smooth as ever with HD resolution for each game, while still retaining the look and feel of the originals.  Listen to timeless Super Mario tunes Listen to a total of 175 iconic tunes from all three games! Whether you want to get up and dance or take a minute to relax—this collection has music to fit your mood!  Even when you aren’t playing, you can enjoy the sounds that these worlds (and galaxies!) are so famous for. With three games, modern upgrades, and music-player mode, this collection is filled with fun for both new players and 3D platforming Mario masters. Super Mario 3D All-Stars will be available as a limited-run retail edition and a digital edition that is available for a limited time until the end of March 2021. The physical version of Super Mario 3D All-Stars (released Sep. 18) will continue to be shipped to retailers and available for purchase through March 31, 2021 or while supplies last. The digital version of Super Mario 3D All-Stars will be available for purchase through March 31, 2021. Once the digital edition has been purchased on your Nintendo Account, it can be re-downloaded and played if deleted from your device.  Software compatibility and play experience may differ on Nintendo Switch Lite. Additional accessories may be required (sold separately). Terms apply.",0135,"[""title: Not two player as described \ntext: Says one or two players, means if you're willing to cut your remote in half two people can control half of one player"", 'title: Decent \ntext: This game is a little deceiving, it says it’s 2 players but it’s not really a good 2 player. Like you get to float around them. But not actually play.Really fun 1 player though!', 'title: Barebones emulation \ntext: The product is a huge disappointment, in particular Mario sunshine which is borderline unplayable since Nintendo has ruined the controls in particular the camera controls. To make the problem even worse Gamecube controllers are not supported.', 'title: Amazing! \ntext: Great game to have! Perfect for the whole family to play with.']","The comments highlight issues with the multiplayer capability of the product. One user points out that although the product is advertised as supporting one or two players, the multiplayer experience is misleading, as it requires sharing a single controller between two people, effectively splitting control rather than offering a true two-player mode [0]. Another user echoes this sentiment, noting that while the game claims to support two players, the experience is not satisfactory as the second player merely floats around without engaging in actual gameplay, though it is enjoyable as a single-player game [1]. [2] is not related to the query. [3] is not related to the query.",9.0
How's the multiplayer capability of the product,"Play three of Mario’s greatest 3D platforming adventures—all in one package! Play three iconic games at home or on the go—all in one package on the Nintendo Switch system! Jump into paintings in Super Mario 64, clean up paint-like goop in Super Mario Sunshine, and fly from planet to planet in Super Mario Galaxy.  Run, jump, and dive with ease! Make Mario move using the Nintendo Switch system’s Joy-Con controllers. You can also pass a Joy-Con controller to a friend to play the Super Mario Galaxy game in Co-Star Mode! Mario’s movements are as smooth as ever with HD resolution for each game, while still retaining the look and feel of the originals.  Listen to timeless Super Mario tunes Listen to a total of 175 iconic tunes from all three games! Whether you want to get up and dance or take a minute to relax—this collection has music to fit your mood!  Even when you aren’t playing, you can enjoy the sounds that these worlds (and galaxies!) are so famous for. With three games, modern upgrades, and music-player mode, this collection is filled with fun for both new players and 3D platforming Mario masters. Super Mario 3D All-Stars will be available as a limited-run retail edition and a digital edition that is available for a limited time until the end of March 2021. The physical version of Super Mario 3D All-Stars (released Sep. 18) will continue to be shipped to retailers and available for purchase through March 31, 2021 or while supplies last. The digital version of Super Mario 3D All-Stars will be available for purchase through March 31, 2021. Once the digital edition has been purchased on your Nintendo Account, it can be re-downloaded and played if deleted from your device.  Software compatibility and play experience may differ on Nintendo Switch Lite. Additional accessories may be required (sold separately). Terms apply.",0136,"[""title: Not two player as described \ntext: Says one or two players, means if you're willing to cut your remote in half two people can control half of one player"", 'title: Decent \ntext: This game is a little deceiving, it says it’s 2 players but it’s not really a good 2 player. Like you get to float around them. But not actually play.Really fun 1 player though!', 'title: Barebones emulation \ntext: The product is a huge disappointment, in particular Mario sunshine which is borderline unplayable since Nintendo has ruined the controls in particular the camera controls. To make the problem even worse Gamecube controllers are not supported.', 'title: Yahoo! \ntext: A great bundle of games. Has some bugs but its still fun']","The product is advertised as having multiplayer capabilities, specifically for two players, but users have expressed dissatisfaction with this feature. One comment suggests that the two-player mode requires sharing a single controller, which limits the experience to controlling half of one player, rather than providing a full two-player experience [0]. Another comment echoes this sentiment, noting that while the game is enjoyable for a single player, the two-player mode is misleading as it does not allow both players to fully engage in the game, instead offering a limited interaction [1]. [2] is not related to the query. [3] is not related to the query.",9.0
How's the multiplayer capability of the product,"Play three of Mario’s greatest 3D platforming adventures—all in one package! Play three iconic games at home or on the go—all in one package on the Nintendo Switch system! Jump into paintings in Super Mario 64, clean up paint-like goop in Super Mario Sunshine, and fly from planet to planet in Super Mario Galaxy.  Run, jump, and dive with ease! Make Mario move using the Nintendo Switch system’s Joy-Con controllers. You can also pass a Joy-Con controller to a friend to play the Super Mario Galaxy game in Co-Star Mode! Mario’s movements are as smooth as ever with HD resolution for each game, while still retaining the look and feel of the originals.  Listen to timeless Super Mario tunes Listen to a total of 175 iconic tunes from all three games! Whether you want to get up and dance or take a minute to relax—this collection has music to fit your mood!  Even when you aren’t playing, you can enjoy the sounds that these worlds (and galaxies!) are so famous for. With three games, modern upgrades, and music-player mode, this collection is filled with fun for both new players and 3D platforming Mario masters. Super Mario 3D All-Stars will be available as a limited-run retail edition and a digital edition that is available for a limited time until the end of March 2021. The physical version of Super Mario 3D All-Stars (released Sep. 18) will continue to be shipped to retailers and available for purchase through March 31, 2021 or while supplies last. The digital version of Super Mario 3D All-Stars will be available for purchase through March 31, 2021. Once the digital edition has been purchased on your Nintendo Account, it can be re-downloaded and played if deleted from your device.  Software compatibility and play experience may differ on Nintendo Switch Lite. Additional accessories may be required (sold separately). Terms apply.",0137,"[""title: Not two player as described \ntext: Says one or two players, means if you're willing to cut your remote in half two people can control half of one player"", 'title: Decent \ntext: This game is a little deceiving, it says it’s 2 players but it’s not really a good 2 player. Like you get to float around them. But not actually play.Really fun 1 player though!', 'title: Barebones emulation \ntext: The product is a huge disappointment, in particular Mario sunshine which is borderline unplayable since Nintendo has ruined the controls in particular the camera controls. To make the problem even worse Gamecube controllers are not supported.', ""title: All 3 Games in one cartridge \ntext: Don't even need internet to play all 3 games which is the main reason why I bought this.Super Mario 64 looks smoother and better than before.The controllers took a while to get used to again since the camera for SM64 was weird but cool at the time it came out.Super Mario Sunshine was also a bit awkward having the map at L1, I accidentally press it.  A & B have the same button action.The switch does have remapping the the system settings.""]","The comments highlight issues with the multiplayer capability of the product. One user points out that although the product is advertised as supporting one or two players, the multiplayer experience is misleading, as it requires sharing a single controller between two people, effectively allowing them to control only half of one player [0]. Another user echoes this sentiment, noting that while the game claims to support two players, the experience is not satisfactory as the second player can only 'float around' rather than actively participate, although it is enjoyable as a single-player game [1]. [2] is not related to the query. [3] is not related to the query.",9.0
How's the multiplayer capability of the product,"Play three of Mario’s greatest 3D platforming adventures—all in one package! Play three iconic games at home or on the go—all in one package on the Nintendo Switch system! Jump into paintings in Super Mario 64, clean up paint-like goop in Super Mario Sunshine, and fly from planet to planet in Super Mario Galaxy.  Run, jump, and dive with ease! Make Mario move using the Nintendo Switch system’s Joy-Con controllers. You can also pass a Joy-Con controller to a friend to play the Super Mario Galaxy game in Co-Star Mode! Mario’s movements are as smooth as ever with HD resolution for each game, while still retaining the look and feel of the originals.  Listen to timeless Super Mario tunes Listen to a total of 175 iconic tunes from all three games! Whether you want to get up and dance or take a minute to relax—this collection has music to fit your mood!  Even when you aren’t playing, you can enjoy the sounds that these worlds (and galaxies!) are so famous for. With three games, modern upgrades, and music-player mode, this collection is filled with fun for both new players and 3D platforming Mario masters. Super Mario 3D All-Stars will be available as a limited-run retail edition and a digital edition that is available for a limited time until the end of March 2021. The physical version of Super Mario 3D All-Stars (released Sep. 18) will continue to be shipped to retailers and available for purchase through March 31, 2021 or while supplies last. The digital version of Super Mario 3D All-Stars will be available for purchase through March 31, 2021. Once the digital edition has been purchased on your Nintendo Account, it can be re-downloaded and played if deleted from your device.  Software compatibility and play experience may differ on Nintendo Switch Lite. Additional accessories may be required (sold separately). Terms apply.",0145,"[""title: Not two player as described \ntext: Says one or two players, means if you're willing to cut your remote in half two people can control half of one player"", 'title: Decent \ntext: This game is a little deceiving, it says it’s 2 players but it’s not really a good 2 player. Like you get to float around them. But not actually play.Really fun 1 player though!', 'title: Don’t let it fool you \ntext: You don’t actually play co-op. All single player. Don’t let it mislead you. Still good old school-ish games.', 'title: Amazing! \ntext: Great game to have! Perfect for the whole family to play with.']","The comments collectively express dissatisfaction with the multiplayer capability of the product. Users report that although the product is advertised as supporting two players, the actual experience does not meet expectations. One comment suggests that the two-player mode requires sharing a single controller, which is impractical [0]. Another comment describes the multiplayer experience as misleading, as it only allows the second player to 'float around' rather than actively participate, making it more of a single-player game [1]. A third comment reinforces this sentiment, stating that the game is essentially single-player despite claims of cooperative play [2]. [3] is not related to the query.",10.0
How's the multiplayer capability of the product,"Play three of Mario’s greatest 3D platforming adventures—all in one package! Play three iconic games at home or on the go—all in one package on the Nintendo Switch system! Jump into paintings in Super Mario 64, clean up paint-like goop in Super Mario Sunshine, and fly from planet to planet in Super Mario Galaxy.  Run, jump, and dive with ease! Make Mario move using the Nintendo Switch system’s Joy-Con controllers. You can also pass a Joy-Con controller to a friend to play the Super Mario Galaxy game in Co-Star Mode! Mario’s movements are as smooth as ever with HD resolution for each game, while still retaining the look and feel of the originals.  Listen to timeless Super Mario tunes Listen to a total of 175 iconic tunes from all three games! Whether you want to get up and dance or take a minute to relax—this collection has music to fit your mood!  Even when you aren’t playing, you can enjoy the sounds that these worlds (and galaxies!) are so famous for. With three games, modern upgrades, and music-player mode, this collection is filled with fun for both new players and 3D platforming Mario masters. Super Mario 3D All-Stars will be available as a limited-run retail edition and a digital edition that is available for a limited time until the end of March 2021. The physical version of Super Mario 3D All-Stars (released Sep. 18) will continue to be shipped to retailers and available for purchase through March 31, 2021 or while supplies last. The digital version of Super Mario 3D All-Stars will be available for purchase through March 31, 2021. Once the digital edition has been purchased on your Nintendo Account, it can be re-downloaded and played if deleted from your device.  Software compatibility and play experience may differ on Nintendo Switch Lite. Additional accessories may be required (sold separately). Terms apply.",0146,"[""title: Not two player as described \ntext: Says one or two players, means if you're willing to cut your remote in half two people can control half of one player"", 'title: Decent \ntext: This game is a little deceiving, it says it’s 2 players but it’s not really a good 2 player. Like you get to float around them. But not actually play.Really fun 1 player though!', 'title: Don’t let it fool you \ntext: You don’t actually play co-op. All single player. Don’t let it mislead you. Still good old school-ish games.', 'title: Yahoo! \ntext: A great bundle of games. Has some bugs but its still fun']","The comments collectively highlight a discrepancy in the advertised multiplayer capability of the product. Users express dissatisfaction with the game's claim of being a two-player experience. One comment suggests that the game only allows two players if they share a single controller, effectively splitting control between them, which is not a true multiplayer experience [0]. Another user describes the two-player mode as misleading, as it does not allow for genuine cooperative play, but rather involves one player floating around the other without active participation [1]. A third comment reinforces this sentiment, stating that the game is entirely single-player despite claims of co-op functionality, though it still offers enjoyable gameplay reminiscent of old-school games [2]. [3] is not related to the query.",10.0
How's the multiplayer capability of the product,"Play three of Mario’s greatest 3D platforming adventures—all in one package! Play three iconic games at home or on the go—all in one package on the Nintendo Switch system! Jump into paintings in Super Mario 64, clean up paint-like goop in Super Mario Sunshine, and fly from planet to planet in Super Mario Galaxy.  Run, jump, and dive with ease! Make Mario move using the Nintendo Switch system’s Joy-Con controllers. You can also pass a Joy-Con controller to a friend to play the Super Mario Galaxy game in Co-Star Mode! Mario’s movements are as smooth as ever with HD resolution for each game, while still retaining the look and feel of the originals.  Listen to timeless Super Mario tunes Listen to a total of 175 iconic tunes from all three games! Whether you want to get up and dance or take a minute to relax—this collection has music to fit your mood!  Even when you aren’t playing, you can enjoy the sounds that these worlds (and galaxies!) are so famous for. With three games, modern upgrades, and music-player mode, this collection is filled with fun for both new players and 3D platforming Mario masters. Super Mario 3D All-Stars will be available as a limited-run retail edition and a digital edition that is available for a limited time until the end of March 2021. The physical version of Super Mario 3D All-Stars (released Sep. 18) will continue to be shipped to retailers and available for purchase through March 31, 2021 or while supplies last. The digital version of Super Mario 3D All-Stars will be available for purchase through March 31, 2021. Once the digital edition has been purchased on your Nintendo Account, it can be re-downloaded and played if deleted from your device.  Software compatibility and play experience may differ on Nintendo Switch Lite. Additional accessories may be required (sold separately). Terms apply.",0147,"[""title: Not two player as described \ntext: Says one or two players, means if you're willing to cut your remote in half two people can control half of one player"", 'title: Decent \ntext: This game is a little deceiving, it says it’s 2 players but it’s not really a good 2 player. Like you get to float around them. But not actually play.Really fun 1 player though!', 'title: Don’t let it fool you \ntext: You don’t actually play co-op. All single player. Don’t let it mislead you. Still good old school-ish games.', ""title: All 3 Games in one cartridge \ntext: Don't even need internet to play all 3 games which is the main reason why I bought this.Super Mario 64 looks smoother and better than before.The controllers took a while to get used to again since the camera for SM64 was weird but cool at the time it came out.Super Mario Sunshine was also a bit awkward having the map at L1, I accidentally press it.  A & B have the same button action.The switch does have remapping the the system settings.""]","The comments collectively express dissatisfaction with the multiplayer capability of the product, highlighting that it is misleadingly advertised as a two-player game. One comment suggests that the game claims to support two players, but in reality, it requires players to share a single controller, effectively making it a single-player experience[0]. Another comment describes the multiplayer aspect as inadequate, where the second player merely floats around rather than actively participating, although it acknowledges the game is enjoyable for solo play[1]. A third comment reinforces the notion that the game is essentially single-player, cautioning others not to be misled by the co-op claim, despite appreciating the game's nostalgic elements[2]. [3] is not related to the query.",10.0
How's the multiplayer capability of the product,"Play three of Mario’s greatest 3D platforming adventures—all in one package! Play three iconic games at home or on the go—all in one package on the Nintendo Switch system! Jump into paintings in Super Mario 64, clean up paint-like goop in Super Mario Sunshine, and fly from planet to planet in Super Mario Galaxy.  Run, jump, and dive with ease! Make Mario move using the Nintendo Switch system’s Joy-Con controllers. You can also pass a Joy-Con controller to a friend to play the Super Mario Galaxy game in Co-Star Mode! Mario’s movements are as smooth as ever with HD resolution for each game, while still retaining the look and feel of the originals.  Listen to timeless Super Mario tunes Listen to a total of 175 iconic tunes from all three games! Whether you want to get up and dance or take a minute to relax—this collection has music to fit your mood!  Even when you aren’t playing, you can enjoy the sounds that these worlds (and galaxies!) are so famous for. With three games, modern upgrades, and music-player mode, this collection is filled with fun for both new players and 3D platforming Mario masters. Super Mario 3D All-Stars will be available as a limited-run retail edition and a digital edition that is available for a limited time until the end of March 2021. The physical version of Super Mario 3D All-Stars (released Sep. 18) will continue to be shipped to retailers and available for purchase through March 31, 2021 or while supplies last. The digital version of Super Mario 3D All-Stars will be available for purchase through March 31, 2021. Once the digital edition has been purchased on your Nintendo Account, it can be re-downloaded and played if deleted from your device.  Software compatibility and play experience may differ on Nintendo Switch Lite. Additional accessories may be required (sold separately). Terms apply.",0156,"[""title: Not two player as described \ntext: Says one or two players, means if you're willing to cut your remote in half two people can control half of one player"", 'title: Decent \ntext: This game is a little deceiving, it says it’s 2 players but it’s not really a good 2 player. Like you get to float around them. But not actually play.Really fun 1 player though!', 'title: Amazing! \ntext: Great game to have! Perfect for the whole family to play with.', 'title: Yahoo! \ntext: A great bundle of games. Has some bugs but its still fun']","The comments highlight issues with the multiplayer capability of the product. One user notes that while the product claims to support one or two players, the multiplayer experience is misleading as it requires sharing a single controller between two people, effectively controlling half of one player each[0]. Another user echoes this sentiment, stating that although the game advertises a two-player mode, it does not provide a satisfactory multiplayer experience, as the second player merely floats around rather than actively participating in the game[1]. [2] is not related to the query. [3] is not related to the query.",9.0
How's the multiplayer capability of the product,"Play three of Mario’s greatest 3D platforming adventures—all in one package! Play three iconic games at home or on the go—all in one package on the Nintendo Switch system! Jump into paintings in Super Mario 64, clean up paint-like goop in Super Mario Sunshine, and fly from planet to planet in Super Mario Galaxy.  Run, jump, and dive with ease! Make Mario move using the Nintendo Switch system’s Joy-Con controllers. You can also pass a Joy-Con controller to a friend to play the Super Mario Galaxy game in Co-Star Mode! Mario’s movements are as smooth as ever with HD resolution for each game, while still retaining the look and feel of the originals.  Listen to timeless Super Mario tunes Listen to a total of 175 iconic tunes from all three games! Whether you want to get up and dance or take a minute to relax—this collection has music to fit your mood!  Even when you aren’t playing, you can enjoy the sounds that these worlds (and galaxies!) are so famous for. With three games, modern upgrades, and music-player mode, this collection is filled with fun for both new players and 3D platforming Mario masters. Super Mario 3D All-Stars will be available as a limited-run retail edition and a digital edition that is available for a limited time until the end of March 2021. The physical version of Super Mario 3D All-Stars (released Sep. 18) will continue to be shipped to retailers and available for purchase through March 31, 2021 or while supplies last. The digital version of Super Mario 3D All-Stars will be available for purchase through March 31, 2021. Once the digital edition has been purchased on your Nintendo Account, it can be re-downloaded and played if deleted from your device.  Software compatibility and play experience may differ on Nintendo Switch Lite. Additional accessories may be required (sold separately). Terms apply.",0157,"[""title: Not two player as described \ntext: Says one or two players, means if you're willing to cut your remote in half two people can control half of one player"", 'title: Decent \ntext: This game is a little deceiving, it says it’s 2 players but it’s not really a good 2 player. Like you get to float around them. But not actually play.Really fun 1 player though!', 'title: Amazing! \ntext: Great game to have! Perfect for the whole family to play with.', ""title: All 3 Games in one cartridge \ntext: Don't even need internet to play all 3 games which is the main reason why I bought this.Super Mario 64 looks smoother and better than before.The controllers took a while to get used to again since the camera for SM64 was weird but cool at the time it came out.Super Mario Sunshine was also a bit awkward having the map at L1, I accidentally press it.  A & B have the same button action.The switch does have remapping the the system settings.""]","The comments highlight issues with the multiplayer capability of the product. One user points out that although the product claims to support one or two players, it only allows two people to control half of one player, which is misleading[0]. Another user echoes this sentiment, stating that while the game advertises a two-player mode, it does not provide a satisfactory multiplayer experience, as the second player can only float around rather than actively participate. However, the game is noted to be enjoyable in single-player mode[1]. [2] is not related to the query. [3] is not related to the query.",9.0
How's the multiplayer capability of the product,"Play three of Mario’s greatest 3D platforming adventures—all in one package! Play three iconic games at home or on the go—all in one package on the Nintendo Switch system! Jump into paintings in Super Mario 64, clean up paint-like goop in Super Mario Sunshine, and fly from planet to planet in Super Mario Galaxy.  Run, jump, and dive with ease! Make Mario move using the Nintendo Switch system’s Joy-Con controllers. You can also pass a Joy-Con controller to a friend to play the Super Mario Galaxy game in Co-Star Mode! Mario’s movements are as smooth as ever with HD resolution for each game, while still retaining the look and feel of the originals.  Listen to timeless Super Mario tunes Listen to a total of 175 iconic tunes from all three games! Whether you want to get up and dance or take a minute to relax—this collection has music to fit your mood!  Even when you aren’t playing, you can enjoy the sounds that these worlds (and galaxies!) are so famous for. With three games, modern upgrades, and music-player mode, this collection is filled with fun for both new players and 3D platforming Mario masters. Super Mario 3D All-Stars will be available as a limited-run retail edition and a digital edition that is available for a limited time until the end of March 2021. The physical version of Super Mario 3D All-Stars (released Sep. 18) will continue to be shipped to retailers and available for purchase through March 31, 2021 or while supplies last. The digital version of Super Mario 3D All-Stars will be available for purchase through March 31, 2021. Once the digital edition has been purchased on your Nintendo Account, it can be re-downloaded and played if deleted from your device.  Software compatibility and play experience may differ on Nintendo Switch Lite. Additional accessories may be required (sold separately). Terms apply.",0167,"[""title: Not two player as described \ntext: Says one or two players, means if you're willing to cut your remote in half two people can control half of one player"", 'title: Decent \ntext: This game is a little deceiving, it says it’s 2 players but it’s not really a good 2 player. Like you get to float around them. But not actually play.Really fun 1 player though!', 'title: Yahoo! \ntext: A great bundle of games. Has some bugs but its still fun', ""title: All 3 Games in one cartridge \ntext: Don't even need internet to play all 3 games which is the main reason why I bought this.Super Mario 64 looks smoother and better than before.The controllers took a while to get used to again since the camera for SM64 was weird but cool at the time it came out.Super Mario Sunshine was also a bit awkward having the map at L1, I accidentally press it.  A & B have the same button action.The switch does have remapping the the system settings.""]","The product is advertised as having multiplayer capabilities, specifically for two players, but users have expressed dissatisfaction with this feature. One comment suggests that the two-player mode is misleading, as it requires sharing a single controller between two people, effectively splitting control of one player between them [0]. Another comment echoes this sentiment, stating that while the game claims to support two players, the experience is not truly interactive for both players, as one player merely floats around without actively participating in the gameplay [1]. [2] is not related to the query. [3] is not related to the query.",9.0
How's the multiplayer capability of the product,"Play three of Mario’s greatest 3D platforming adventures—all in one package! Play three iconic games at home or on the go—all in one package on the Nintendo Switch system! Jump into paintings in Super Mario 64, clean up paint-like goop in Super Mario Sunshine, and fly from planet to planet in Super Mario Galaxy.  Run, jump, and dive with ease! Make Mario move using the Nintendo Switch system’s Joy-Con controllers. You can also pass a Joy-Con controller to a friend to play the Super Mario Galaxy game in Co-Star Mode! Mario’s movements are as smooth as ever with HD resolution for each game, while still retaining the look and feel of the originals.  Listen to timeless Super Mario tunes Listen to a total of 175 iconic tunes from all three games! Whether you want to get up and dance or take a minute to relax—this collection has music to fit your mood!  Even when you aren’t playing, you can enjoy the sounds that these worlds (and galaxies!) are so famous for. With three games, modern upgrades, and music-player mode, this collection is filled with fun for both new players and 3D platforming Mario masters. Super Mario 3D All-Stars will be available as a limited-run retail edition and a digital edition that is available for a limited time until the end of March 2021. The physical version of Super Mario 3D All-Stars (released Sep. 18) will continue to be shipped to retailers and available for purchase through March 31, 2021 or while supplies last. The digital version of Super Mario 3D All-Stars will be available for purchase through March 31, 2021. Once the digital edition has been purchased on your Nintendo Account, it can be re-downloaded and played if deleted from your device.  Software compatibility and play experience may differ on Nintendo Switch Lite. Additional accessories may be required (sold separately). Terms apply.",0234,"[""title: Not two player as described \ntext: Says one or two players, means if you're willing to cut your remote in half two people can control half of one player"", 'title: Amazing Game \ntext: Amazing product all the games are outstanding and it is totally worth it just hoping that there is a Wii Sports compilation pack for the switch', 'title: Barebones emulation \ntext: The product is a huge disappointment, in particular Mario sunshine which is borderline unplayable since Nintendo has ruined the controls in particular the camera controls. To make the problem even worse Gamecube controllers are not supported.', 'title: Don’t let it fool you \ntext: You don’t actually play co-op. All single player. Don’t let it mislead you. Still good old school-ish games.']","The comments highlight a misleading aspect of the product's multiplayer capability. One user points out that although the product claims to support one or two players, it actually requires players to share a single controller, effectively splitting control between two people rather than offering a true two-player experience [0]. Another user emphasizes that the product does not support cooperative play as suggested, as it remains a single-player experience despite the implication of multiplayer functionality [1]. [1] is not related to the query. [2] is not related to the query.",9.0
How's the multiplayer capability of the product,"Play three of Mario’s greatest 3D platforming adventures—all in one package! Play three iconic games at home or on the go—all in one package on the Nintendo Switch system! Jump into paintings in Super Mario 64, clean up paint-like goop in Super Mario Sunshine, and fly from planet to planet in Super Mario Galaxy.  Run, jump, and dive with ease! Make Mario move using the Nintendo Switch system’s Joy-Con controllers. You can also pass a Joy-Con controller to a friend to play the Super Mario Galaxy game in Co-Star Mode! Mario’s movements are as smooth as ever with HD resolution for each game, while still retaining the look and feel of the originals.  Listen to timeless Super Mario tunes Listen to a total of 175 iconic tunes from all three games! Whether you want to get up and dance or take a minute to relax—this collection has music to fit your mood!  Even when you aren’t playing, you can enjoy the sounds that these worlds (and galaxies!) are so famous for. With three games, modern upgrades, and music-player mode, this collection is filled with fun for both new players and 3D platforming Mario masters. Super Mario 3D All-Stars will be available as a limited-run retail edition and a digital edition that is available for a limited time until the end of March 2021. The physical version of Super Mario 3D All-Stars (released Sep. 18) will continue to be shipped to retailers and available for purchase through March 31, 2021 or while supplies last. The digital version of Super Mario 3D All-Stars will be available for purchase through March 31, 2021. Once the digital edition has been purchased on your Nintendo Account, it can be re-downloaded and played if deleted from your device.  Software compatibility and play experience may differ on Nintendo Switch Lite. Additional accessories may be required (sold separately). Terms apply.",0235,"[""title: Not two player as described \ntext: Says one or two players, means if you're willing to cut your remote in half two people can control half of one player"", 'title: Amazing Game \ntext: Amazing product all the games are outstanding and it is totally worth it just hoping that there is a Wii Sports compilation pack for the switch', 'title: Barebones emulation \ntext: The product is a huge disappointment, in particular Mario sunshine which is borderline unplayable since Nintendo has ruined the controls in particular the camera controls. To make the problem even worse Gamecube controllers are not supported.', 'title: Amazing! \ntext: Great game to have! Perfect for the whole family to play with.']","The product is advertised as supporting one or two players, but in reality, it only allows for two players if they share a single controller, effectively controlling half of one player each. This indicates a misleading description of its multiplayer capabilities, as it does not truly support two separate players in the traditional sense [0]. [1] is not related to the query. [2] is not related to the query. [3] is not related to the query.",8.0
How's the multiplayer capability of the product,"Play three of Mario’s greatest 3D platforming adventures—all in one package! Play three iconic games at home or on the go—all in one package on the Nintendo Switch system! Jump into paintings in Super Mario 64, clean up paint-like goop in Super Mario Sunshine, and fly from planet to planet in Super Mario Galaxy.  Run, jump, and dive with ease! Make Mario move using the Nintendo Switch system’s Joy-Con controllers. You can also pass a Joy-Con controller to a friend to play the Super Mario Galaxy game in Co-Star Mode! Mario’s movements are as smooth as ever with HD resolution for each game, while still retaining the look and feel of the originals.  Listen to timeless Super Mario tunes Listen to a total of 175 iconic tunes from all three games! Whether you want to get up and dance or take a minute to relax—this collection has music to fit your mood!  Even when you aren’t playing, you can enjoy the sounds that these worlds (and galaxies!) are so famous for. With three games, modern upgrades, and music-player mode, this collection is filled with fun for both new players and 3D platforming Mario masters. Super Mario 3D All-Stars will be available as a limited-run retail edition and a digital edition that is available for a limited time until the end of March 2021. The physical version of Super Mario 3D All-Stars (released Sep. 18) will continue to be shipped to retailers and available for purchase through March 31, 2021 or while supplies last. The digital version of Super Mario 3D All-Stars will be available for purchase through March 31, 2021. Once the digital edition has been purchased on your Nintendo Account, it can be re-downloaded and played if deleted from your device.  Software compatibility and play experience may differ on Nintendo Switch Lite. Additional accessories may be required (sold separately). Terms apply.",0236,"[""title: Not two player as described \ntext: Says one or two players, means if you're willing to cut your remote in half two people can control half of one player"", 'title: Amazing Game \ntext: Amazing product all the games are outstanding and it is totally worth it just hoping that there is a Wii Sports compilation pack for the switch', 'title: Barebones emulation \ntext: The product is a huge disappointment, in particular Mario sunshine which is borderline unplayable since Nintendo has ruined the controls in particular the camera controls. To make the problem even worse Gamecube controllers are not supported.', 'title: Yahoo! \ntext: A great bundle of games. Has some bugs but its still fun']","The comment highlights a misleading aspect of the product's multiplayer capability. It states that while the product is advertised as supporting one or two players, in reality, it only allows two people to control half of one player, implying that the multiplayer feature is not as functional as described [0]. [1] is not related to the query. [2] is not related to the query. [3] is not related to the query.",8.0
How's the multiplayer capability of the product,"Play three of Mario’s greatest 3D platforming adventures—all in one package! Play three iconic games at home or on the go—all in one package on the Nintendo Switch system! Jump into paintings in Super Mario 64, clean up paint-like goop in Super Mario Sunshine, and fly from planet to planet in Super Mario Galaxy.  Run, jump, and dive with ease! Make Mario move using the Nintendo Switch system’s Joy-Con controllers. You can also pass a Joy-Con controller to a friend to play the Super Mario Galaxy game in Co-Star Mode! Mario’s movements are as smooth as ever with HD resolution for each game, while still retaining the look and feel of the originals.  Listen to timeless Super Mario tunes Listen to a total of 175 iconic tunes from all three games! Whether you want to get up and dance or take a minute to relax—this collection has music to fit your mood!  Even when you aren’t playing, you can enjoy the sounds that these worlds (and galaxies!) are so famous for. With three games, modern upgrades, and music-player mode, this collection is filled with fun for both new players and 3D platforming Mario masters. Super Mario 3D All-Stars will be available as a limited-run retail edition and a digital edition that is available for a limited time until the end of March 2021. The physical version of Super Mario 3D All-Stars (released Sep. 18) will continue to be shipped to retailers and available for purchase through March 31, 2021 or while supplies last. The digital version of Super Mario 3D All-Stars will be available for purchase through March 31, 2021. Once the digital edition has been purchased on your Nintendo Account, it can be re-downloaded and played if deleted from your device.  Software compatibility and play experience may differ on Nintendo Switch Lite. Additional accessories may be required (sold separately). Terms apply.",0237,"[""title: Not two player as described \ntext: Says one or two players, means if you're willing to cut your remote in half two people can control half of one player"", 'title: Amazing Game \ntext: Amazing product all the games are outstanding and it is totally worth it just hoping that there is a Wii Sports compilation pack for the switch', 'title: Barebones emulation \ntext: The product is a huge disappointment, in particular Mario sunshine which is borderline unplayable since Nintendo has ruined the controls in particular the camera controls. To make the problem even worse Gamecube controllers are not supported.', ""title: All 3 Games in one cartridge \ntext: Don't even need internet to play all 3 games which is the main reason why I bought this.Super Mario 64 looks smoother and better than before.The controllers took a while to get used to again since the camera for SM64 was weird but cool at the time it came out.Super Mario Sunshine was also a bit awkward having the map at L1, I accidentally press it.  A & B have the same button action.The switch does have remapping the the system settings.""]","The product is advertised as supporting one or two players, but in reality, it only allows for two people to control half of one player by sharing a single remote, rather than providing a true two-player experience [0]. [1] is not related to the query. [2] is not related to the query. [3] is not related to the query.",8.0
How's the multiplayer capability of the product,"Play three of Mario’s greatest 3D platforming adventures—all in one package! Play three iconic games at home or on the go—all in one package on the Nintendo Switch system! Jump into paintings in Super Mario 64, clean up paint-like goop in Super Mario Sunshine, and fly from planet to planet in Super Mario Galaxy.  Run, jump, and dive with ease! Make Mario move using the Nintendo Switch system’s Joy-Con controllers. You can also pass a Joy-Con controller to a friend to play the Super Mario Galaxy game in Co-Star Mode! Mario’s movements are as smooth as ever with HD resolution for each game, while still retaining the look and feel of the originals.  Listen to timeless Super Mario tunes Listen to a total of 175 iconic tunes from all three games! Whether you want to get up and dance or take a minute to relax—this collection has music to fit your mood!  Even when you aren’t playing, you can enjoy the sounds that these worlds (and galaxies!) are so famous for. With three games, modern upgrades, and music-player mode, this collection is filled with fun for both new players and 3D platforming Mario masters. Super Mario 3D All-Stars will be available as a limited-run retail edition and a digital edition that is available for a limited time until the end of March 2021. The physical version of Super Mario 3D All-Stars (released Sep. 18) will continue to be shipped to retailers and available for purchase through March 31, 2021 or while supplies last. The digital version of Super Mario 3D All-Stars will be available for purchase through March 31, 2021. Once the digital edition has been purchased on your Nintendo Account, it can be re-downloaded and played if deleted from your device.  Software compatibility and play experience may differ on Nintendo Switch Lite. Additional accessories may be required (sold separately). Terms apply.",0245,"[""title: Not two player as described \ntext: Says one or two players, means if you're willing to cut your remote in half two people can control half of one player"", 'title: Amazing Game \ntext: Amazing product all the games are outstanding and it is totally worth it just hoping that there is a Wii Sports compilation pack for the switch', 'title: Don’t let it fool you \ntext: You don’t actually play co-op. All single player. Don’t let it mislead you. Still good old school-ish games.', 'title: Amazing! \ntext: Great game to have! Perfect for the whole family to play with.']","The comments highlight a misleading aspect of the product's multiplayer capability. One user points out that although the product is advertised as supporting one or two players, it actually requires players to share a single controller, effectively making it a single-player experience[0]. Another user echoes this sentiment, stating that the product does not offer true cooperative play, as it is entirely single-player despite claims to the contrary[1]. [1] is not related to the query. [3] is not related to the query.",9.0
How's the multiplayer capability of the product,"Play three of Mario’s greatest 3D platforming adventures—all in one package! Play three iconic games at home or on the go—all in one package on the Nintendo Switch system! Jump into paintings in Super Mario 64, clean up paint-like goop in Super Mario Sunshine, and fly from planet to planet in Super Mario Galaxy.  Run, jump, and dive with ease! Make Mario move using the Nintendo Switch system’s Joy-Con controllers. You can also pass a Joy-Con controller to a friend to play the Super Mario Galaxy game in Co-Star Mode! Mario’s movements are as smooth as ever with HD resolution for each game, while still retaining the look and feel of the originals.  Listen to timeless Super Mario tunes Listen to a total of 175 iconic tunes from all three games! Whether you want to get up and dance or take a minute to relax—this collection has music to fit your mood!  Even when you aren’t playing, you can enjoy the sounds that these worlds (and galaxies!) are so famous for. With three games, modern upgrades, and music-player mode, this collection is filled with fun for both new players and 3D platforming Mario masters. Super Mario 3D All-Stars will be available as a limited-run retail edition and a digital edition that is available for a limited time until the end of March 2021. The physical version of Super Mario 3D All-Stars (released Sep. 18) will continue to be shipped to retailers and available for purchase through March 31, 2021 or while supplies last. The digital version of Super Mario 3D All-Stars will be available for purchase through March 31, 2021. Once the digital edition has been purchased on your Nintendo Account, it can be re-downloaded and played if deleted from your device.  Software compatibility and play experience may differ on Nintendo Switch Lite. Additional accessories may be required (sold separately). Terms apply.",0246,"[""title: Not two player as described \ntext: Says one or two players, means if you're willing to cut your remote in half two people can control half of one player"", 'title: Amazing Game \ntext: Amazing product all the games are outstanding and it is totally worth it just hoping that there is a Wii Sports compilation pack for the switch', 'title: Don’t let it fool you \ntext: You don’t actually play co-op. All single player. Don’t let it mislead you. Still good old school-ish games.', 'title: Yahoo! \ntext: A great bundle of games. Has some bugs but its still fun']","The product is advertised as supporting one or two players, but in reality, it does not offer a true multiplayer experience. Instead, it suggests that two people can control half of one player if they share a remote, which is misleading[0]. Additionally, the product does not provide a cooperative multiplayer mode, as it is entirely single-player, despite any implications otherwise[1]. [1] is not related to the query. [3] is not related to the query.",9.0
How's the multiplayer capability of the product,"Play three of Mario’s greatest 3D platforming adventures—all in one package! Play three iconic games at home or on the go—all in one package on the Nintendo Switch system! Jump into paintings in Super Mario 64, clean up paint-like goop in Super Mario Sunshine, and fly from planet to planet in Super Mario Galaxy.  Run, jump, and dive with ease! Make Mario move using the Nintendo Switch system’s Joy-Con controllers. You can also pass a Joy-Con controller to a friend to play the Super Mario Galaxy game in Co-Star Mode! Mario’s movements are as smooth as ever with HD resolution for each game, while still retaining the look and feel of the originals.  Listen to timeless Super Mario tunes Listen to a total of 175 iconic tunes from all three games! Whether you want to get up and dance or take a minute to relax—this collection has music to fit your mood!  Even when you aren’t playing, you can enjoy the sounds that these worlds (and galaxies!) are so famous for. With three games, modern upgrades, and music-player mode, this collection is filled with fun for both new players and 3D platforming Mario masters. Super Mario 3D All-Stars will be available as a limited-run retail edition and a digital edition that is available for a limited time until the end of March 2021. The physical version of Super Mario 3D All-Stars (released Sep. 18) will continue to be shipped to retailers and available for purchase through March 31, 2021 or while supplies last. The digital version of Super Mario 3D All-Stars will be available for purchase through March 31, 2021. Once the digital edition has been purchased on your Nintendo Account, it can be re-downloaded and played if deleted from your device.  Software compatibility and play experience may differ on Nintendo Switch Lite. Additional accessories may be required (sold separately). Terms apply.",0247,"[""title: Not two player as described \ntext: Says one or two players, means if you're willing to cut your remote in half two people can control half of one player"", 'title: Amazing Game \ntext: Amazing product all the games are outstanding and it is totally worth it just hoping that there is a Wii Sports compilation pack for the switch', 'title: Don’t let it fool you \ntext: You don’t actually play co-op. All single player. Don’t let it mislead you. Still good old school-ish games.', ""title: All 3 Games in one cartridge \ntext: Don't even need internet to play all 3 games which is the main reason why I bought this.Super Mario 64 looks smoother and better than before.The controllers took a while to get used to again since the camera for SM64 was weird but cool at the time it came out.Super Mario Sunshine was also a bit awkward having the map at L1, I accidentally press it.  A & B have the same button action.The switch does have remapping the the system settings.""]","The product is advertised as supporting one or two players, but in reality, it does not offer a true multiplayer experience. Users have noted that the multiplayer aspect is misleading, as it requires sharing a single controller between two people, effectively making it a single-player game with shared controls[0][1]. [1] is not related to the query. [3] is not related to the query.",9.0
How's the multiplayer capability of the product,"Play three of Mario’s greatest 3D platforming adventures—all in one package! Play three iconic games at home or on the go—all in one package on the Nintendo Switch system! Jump into paintings in Super Mario 64, clean up paint-like goop in Super Mario Sunshine, and fly from planet to planet in Super Mario Galaxy.  Run, jump, and dive with ease! Make Mario move using the Nintendo Switch system’s Joy-Con controllers. You can also pass a Joy-Con controller to a friend to play the Super Mario Galaxy game in Co-Star Mode! Mario’s movements are as smooth as ever with HD resolution for each game, while still retaining the look and feel of the originals.  Listen to timeless Super Mario tunes Listen to a total of 175 iconic tunes from all three games! Whether you want to get up and dance or take a minute to relax—this collection has music to fit your mood!  Even when you aren’t playing, you can enjoy the sounds that these worlds (and galaxies!) are so famous for. With three games, modern upgrades, and music-player mode, this collection is filled with fun for both new players and 3D platforming Mario masters. Super Mario 3D All-Stars will be available as a limited-run retail edition and a digital edition that is available for a limited time until the end of March 2021. The physical version of Super Mario 3D All-Stars (released Sep. 18) will continue to be shipped to retailers and available for purchase through March 31, 2021 or while supplies last. The digital version of Super Mario 3D All-Stars will be available for purchase through March 31, 2021. Once the digital edition has been purchased on your Nintendo Account, it can be re-downloaded and played if deleted from your device.  Software compatibility and play experience may differ on Nintendo Switch Lite. Additional accessories may be required (sold separately). Terms apply.",0256,"[""title: Not two player as described \ntext: Says one or two players, means if you're willing to cut your remote in half two people can control half of one player"", 'title: Amazing Game \ntext: Amazing product all the games are outstanding and it is totally worth it just hoping that there is a Wii Sports compilation pack for the switch', 'title: Amazing! \ntext: Great game to have! Perfect for the whole family to play with.', 'title: Yahoo! \ntext: A great bundle of games. Has some bugs but its still fun']","The product is advertised as supporting one or two players, but in reality, it only allows for two people to control half of one player by sharing a single remote. This indicates a misleading description of its multiplayer capability, as it does not truly support two separate players as expected [0]. [1] is not related to the query. [2] is not related to the query. [3] is not related to the query.",8.0
How's the multiplayer capability of the product,"Play three of Mario’s greatest 3D platforming adventures—all in one package! Play three iconic games at home or on the go—all in one package on the Nintendo Switch system! Jump into paintings in Super Mario 64, clean up paint-like goop in Super Mario Sunshine, and fly from planet to planet in Super Mario Galaxy.  Run, jump, and dive with ease! Make Mario move using the Nintendo Switch system’s Joy-Con controllers. You can also pass a Joy-Con controller to a friend to play the Super Mario Galaxy game in Co-Star Mode! Mario’s movements are as smooth as ever with HD resolution for each game, while still retaining the look and feel of the originals.  Listen to timeless Super Mario tunes Listen to a total of 175 iconic tunes from all three games! Whether you want to get up and dance or take a minute to relax—this collection has music to fit your mood!  Even when you aren’t playing, you can enjoy the sounds that these worlds (and galaxies!) are so famous for. With three games, modern upgrades, and music-player mode, this collection is filled with fun for both new players and 3D platforming Mario masters. Super Mario 3D All-Stars will be available as a limited-run retail edition and a digital edition that is available for a limited time until the end of March 2021. The physical version of Super Mario 3D All-Stars (released Sep. 18) will continue to be shipped to retailers and available for purchase through March 31, 2021 or while supplies last. The digital version of Super Mario 3D All-Stars will be available for purchase through March 31, 2021. Once the digital edition has been purchased on your Nintendo Account, it can be re-downloaded and played if deleted from your device.  Software compatibility and play experience may differ on Nintendo Switch Lite. Additional accessories may be required (sold separately). Terms apply.",0257,"[""title: Not two player as described \ntext: Says one or two players, means if you're willing to cut your remote in half two people can control half of one player"", 'title: Amazing Game \ntext: Amazing product all the games are outstanding and it is totally worth it just hoping that there is a Wii Sports compilation pack for the switch', 'title: Amazing! \ntext: Great game to have! Perfect for the whole family to play with.', ""title: All 3 Games in one cartridge \ntext: Don't even need internet to play all 3 games which is the main reason why I bought this.Super Mario 64 looks smoother and better than before.The controllers took a while to get used to again since the camera for SM64 was weird but cool at the time it came out.Super Mario Sunshine was also a bit awkward having the map at L1, I accidentally press it.  A & B have the same button action.The switch does have remapping the the system settings.""]","The comment highlights a misleading aspect of the product's multiplayer capability. It suggests that while the product is advertised as supporting one or two players, in reality, it only allows two people to control a single player by splitting the remote, rather than offering a true two-player experience [0]. [1] is not related to the query. [2] is not related to the query. [3] is not related to the query.",8.0
How's the multiplayer capability of the product,"Play three of Mario’s greatest 3D platforming adventures—all in one package! Play three iconic games at home or on the go—all in one package on the Nintendo Switch system! Jump into paintings in Super Mario 64, clean up paint-like goop in Super Mario Sunshine, and fly from planet to planet in Super Mario Galaxy.  Run, jump, and dive with ease! Make Mario move using the Nintendo Switch system’s Joy-Con controllers. You can also pass a Joy-Con controller to a friend to play the Super Mario Galaxy game in Co-Star Mode! Mario’s movements are as smooth as ever with HD resolution for each game, while still retaining the look and feel of the originals.  Listen to timeless Super Mario tunes Listen to a total of 175 iconic tunes from all three games! Whether you want to get up and dance or take a minute to relax—this collection has music to fit your mood!  Even when you aren’t playing, you can enjoy the sounds that these worlds (and galaxies!) are so famous for. With three games, modern upgrades, and music-player mode, this collection is filled with fun for both new players and 3D platforming Mario masters. Super Mario 3D All-Stars will be available as a limited-run retail edition and a digital edition that is available for a limited time until the end of March 2021. The physical version of Super Mario 3D All-Stars (released Sep. 18) will continue to be shipped to retailers and available for purchase through March 31, 2021 or while supplies last. The digital version of Super Mario 3D All-Stars will be available for purchase through March 31, 2021. Once the digital edition has been purchased on your Nintendo Account, it can be re-downloaded and played if deleted from your device.  Software compatibility and play experience may differ on Nintendo Switch Lite. Additional accessories may be required (sold separately). Terms apply.",0267,"[""title: Not two player as described \ntext: Says one or two players, means if you're willing to cut your remote in half two people can control half of one player"", 'title: Amazing Game \ntext: Amazing product all the games are outstanding and it is totally worth it just hoping that there is a Wii Sports compilation pack for the switch', 'title: Yahoo! \ntext: A great bundle of games. Has some bugs but its still fun', ""title: All 3 Games in one cartridge \ntext: Don't even need internet to play all 3 games which is the main reason why I bought this.Super Mario 64 looks smoother and better than before.The controllers took a while to get used to again since the camera for SM64 was weird but cool at the time it came out.Super Mario Sunshine was also a bit awkward having the map at L1, I accidentally press it.  A & B have the same button action.The switch does have remapping the the system settings.""]","The comment highlights a misleading description regarding the multiplayer capability of the product. It states that while the product claims to support one or two players, in reality, it only allows two people to control half of one player by sharing a single remote, rather than providing a true two-player experience [0]. [1] is not related to the query. [2] is not related to the query. [3] is not related to the query.",8.0
How's the multiplayer capability of the product,"Play three of Mario’s greatest 3D platforming adventures—all in one package! Play three iconic games at home or on the go—all in one package on the Nintendo Switch system! Jump into paintings in Super Mario 64, clean up paint-like goop in Super Mario Sunshine, and fly from planet to planet in Super Mario Galaxy.  Run, jump, and dive with ease! Make Mario move using the Nintendo Switch system’s Joy-Con controllers. You can also pass a Joy-Con controller to a friend to play the Super Mario Galaxy game in Co-Star Mode! Mario’s movements are as smooth as ever with HD resolution for each game, while still retaining the look and feel of the originals.  Listen to timeless Super Mario tunes Listen to a total of 175 iconic tunes from all three games! Whether you want to get up and dance or take a minute to relax—this collection has music to fit your mood!  Even when you aren’t playing, you can enjoy the sounds that these worlds (and galaxies!) are so famous for. With three games, modern upgrades, and music-player mode, this collection is filled with fun for both new players and 3D platforming Mario masters. Super Mario 3D All-Stars will be available as a limited-run retail edition and a digital edition that is available for a limited time until the end of March 2021. The physical version of Super Mario 3D All-Stars (released Sep. 18) will continue to be shipped to retailers and available for purchase through March 31, 2021 or while supplies last. The digital version of Super Mario 3D All-Stars will be available for purchase through March 31, 2021. Once the digital edition has been purchased on your Nintendo Account, it can be re-downloaded and played if deleted from your device.  Software compatibility and play experience may differ on Nintendo Switch Lite. Additional accessories may be required (sold separately). Terms apply.",0345,"[""title: Not two player as described \ntext: Says one or two players, means if you're willing to cut your remote in half two people can control half of one player"", 'title: Barebones emulation \ntext: The product is a huge disappointment, in particular Mario sunshine which is borderline unplayable since Nintendo has ruined the controls in particular the camera controls. To make the problem even worse Gamecube controllers are not supported.', 'title: Don’t let it fool you \ntext: You don’t actually play co-op. All single player. Don’t let it mislead you. Still good old school-ish games.', 'title: Amazing! \ntext: Great game to have! Perfect for the whole family to play with.']","The comments highlight a misleading aspect of the product's multiplayer capability. One user points out that although the product is advertised as supporting one or two players, it actually requires sharing a single remote between two people, effectively allowing only one player to be controlled by two individuals[0]. Another user emphasizes that the product does not support cooperative play as suggested, and all gameplay is essentially single-player, despite the impression given by the marketing[1]. [1] is not related to the query. [3] is not related to the query.",9.0
How's the multiplayer capability of the product,"Play three of Mario’s greatest 3D platforming adventures—all in one package! Play three iconic games at home or on the go—all in one package on the Nintendo Switch system! Jump into paintings in Super Mario 64, clean up paint-like goop in Super Mario Sunshine, and fly from planet to planet in Super Mario Galaxy.  Run, jump, and dive with ease! Make Mario move using the Nintendo Switch system’s Joy-Con controllers. You can also pass a Joy-Con controller to a friend to play the Super Mario Galaxy game in Co-Star Mode! Mario’s movements are as smooth as ever with HD resolution for each game, while still retaining the look and feel of the originals.  Listen to timeless Super Mario tunes Listen to a total of 175 iconic tunes from all three games! Whether you want to get up and dance or take a minute to relax—this collection has music to fit your mood!  Even when you aren’t playing, you can enjoy the sounds that these worlds (and galaxies!) are so famous for. With three games, modern upgrades, and music-player mode, this collection is filled with fun for both new players and 3D platforming Mario masters. Super Mario 3D All-Stars will be available as a limited-run retail edition and a digital edition that is available for a limited time until the end of March 2021. The physical version of Super Mario 3D All-Stars (released Sep. 18) will continue to be shipped to retailers and available for purchase through March 31, 2021 or while supplies last. The digital version of Super Mario 3D All-Stars will be available for purchase through March 31, 2021. Once the digital edition has been purchased on your Nintendo Account, it can be re-downloaded and played if deleted from your device.  Software compatibility and play experience may differ on Nintendo Switch Lite. Additional accessories may be required (sold separately). Terms apply.",0346,"[""title: Not two player as described \ntext: Says one or two players, means if you're willing to cut your remote in half two people can control half of one player"", 'title: Barebones emulation \ntext: The product is a huge disappointment, in particular Mario sunshine which is borderline unplayable since Nintendo has ruined the controls in particular the camera controls. To make the problem even worse Gamecube controllers are not supported.', 'title: Don’t let it fool you \ntext: You don’t actually play co-op. All single player. Don’t let it mislead you. Still good old school-ish games.', 'title: Yahoo! \ntext: A great bundle of games. Has some bugs but its still fun']","The product is advertised as supporting one or two players, but in reality, it does not offer a true multiplayer experience. Instead, it suggests that two people can only play by sharing control of a single player, which is misleading. Despite this, the games themselves are described as enjoyable and reminiscent of old-school gaming experiences, but they remain strictly single-player without genuine cooperative play capabilities [0][1]. [1] is not related to the query. [3] is not related to the query.",9.0
How's the multiplayer capability of the product,"Play three of Mario’s greatest 3D platforming adventures—all in one package! Play three iconic games at home or on the go—all in one package on the Nintendo Switch system! Jump into paintings in Super Mario 64, clean up paint-like goop in Super Mario Sunshine, and fly from planet to planet in Super Mario Galaxy.  Run, jump, and dive with ease! Make Mario move using the Nintendo Switch system’s Joy-Con controllers. You can also pass a Joy-Con controller to a friend to play the Super Mario Galaxy game in Co-Star Mode! Mario’s movements are as smooth as ever with HD resolution for each game, while still retaining the look and feel of the originals.  Listen to timeless Super Mario tunes Listen to a total of 175 iconic tunes from all three games! Whether you want to get up and dance or take a minute to relax—this collection has music to fit your mood!  Even when you aren’t playing, you can enjoy the sounds that these worlds (and galaxies!) are so famous for. With three games, modern upgrades, and music-player mode, this collection is filled with fun for both new players and 3D platforming Mario masters. Super Mario 3D All-Stars will be available as a limited-run retail edition and a digital edition that is available for a limited time until the end of March 2021. The physical version of Super Mario 3D All-Stars (released Sep. 18) will continue to be shipped to retailers and available for purchase through March 31, 2021 or while supplies last. The digital version of Super Mario 3D All-Stars will be available for purchase through March 31, 2021. Once the digital edition has been purchased on your Nintendo Account, it can be re-downloaded and played if deleted from your device.  Software compatibility and play experience may differ on Nintendo Switch Lite. Additional accessories may be required (sold separately). Terms apply.",0347,"[""title: Not two player as described \ntext: Says one or two players, means if you're willing to cut your remote in half two people can control half of one player"", 'title: Barebones emulation \ntext: The product is a huge disappointment, in particular Mario sunshine which is borderline unplayable since Nintendo has ruined the controls in particular the camera controls. To make the problem even worse Gamecube controllers are not supported.', 'title: Don’t let it fool you \ntext: You don’t actually play co-op. All single player. Don’t let it mislead you. Still good old school-ish games.', ""title: All 3 Games in one cartridge \ntext: Don't even need internet to play all 3 games which is the main reason why I bought this.Super Mario 64 looks smoother and better than before.The controllers took a while to get used to again since the camera for SM64 was weird but cool at the time it came out.Super Mario Sunshine was also a bit awkward having the map at L1, I accidentally press it.  A & B have the same button action.The switch does have remapping the the system settings.""]","The comments highlight a misleading aspect of the product's multiplayer capability. One user points out that although the product is advertised as supporting one or two players, it actually requires sharing a single remote between two people, effectively allowing only one player to be controlled by two individuals[0]. Another user emphasizes that the product does not support true cooperative play, as it is entirely single-player, despite suggestions to the contrary[1]. [1] is not related to the query. [3] is not related to the query.",9.0
How's the multiplayer capability of the product,"Play three of Mario’s greatest 3D platforming adventures—all in one package! Play three iconic games at home or on the go—all in one package on the Nintendo Switch system! Jump into paintings in Super Mario 64, clean up paint-like goop in Super Mario Sunshine, and fly from planet to planet in Super Mario Galaxy.  Run, jump, and dive with ease! Make Mario move using the Nintendo Switch system’s Joy-Con controllers. You can also pass a Joy-Con controller to a friend to play the Super Mario Galaxy game in Co-Star Mode! Mario’s movements are as smooth as ever with HD resolution for each game, while still retaining the look and feel of the originals.  Listen to timeless Super Mario tunes Listen to a total of 175 iconic tunes from all three games! Whether you want to get up and dance or take a minute to relax—this collection has music to fit your mood!  Even when you aren’t playing, you can enjoy the sounds that these worlds (and galaxies!) are so famous for. With three games, modern upgrades, and music-player mode, this collection is filled with fun for both new players and 3D platforming Mario masters. Super Mario 3D All-Stars will be available as a limited-run retail edition and a digital edition that is available for a limited time until the end of March 2021. The physical version of Super Mario 3D All-Stars (released Sep. 18) will continue to be shipped to retailers and available for purchase through March 31, 2021 or while supplies last. The digital version of Super Mario 3D All-Stars will be available for purchase through March 31, 2021. Once the digital edition has been purchased on your Nintendo Account, it can be re-downloaded and played if deleted from your device.  Software compatibility and play experience may differ on Nintendo Switch Lite. Additional accessories may be required (sold separately). Terms apply.",0356,"[""title: Not two player as described \ntext: Says one or two players, means if you're willing to cut your remote in half two people can control half of one player"", 'title: Barebones emulation \ntext: The product is a huge disappointment, in particular Mario sunshine which is borderline unplayable since Nintendo has ruined the controls in particular the camera controls. To make the problem even worse Gamecube controllers are not supported.', 'title: Amazing! \ntext: Great game to have! Perfect for the whole family to play with.', 'title: Yahoo! \ntext: A great bundle of games. Has some bugs but its still fun']","The product is advertised as supporting one or two players, but in reality, it only allows for two people to control half of one player by sharing a single remote. This indicates a misleading description of its multiplayer capability, as it does not truly support two separate players as one might expect [0]. [1] is not related to the query. [2] is not related to the query. [3] is not related to the query.",8.0
How's the multiplayer capability of the product,"Play three of Mario’s greatest 3D platforming adventures—all in one package! Play three iconic games at home or on the go—all in one package on the Nintendo Switch system! Jump into paintings in Super Mario 64, clean up paint-like goop in Super Mario Sunshine, and fly from planet to planet in Super Mario Galaxy.  Run, jump, and dive with ease! Make Mario move using the Nintendo Switch system’s Joy-Con controllers. You can also pass a Joy-Con controller to a friend to play the Super Mario Galaxy game in Co-Star Mode! Mario’s movements are as smooth as ever with HD resolution for each game, while still retaining the look and feel of the originals.  Listen to timeless Super Mario tunes Listen to a total of 175 iconic tunes from all three games! Whether you want to get up and dance or take a minute to relax—this collection has music to fit your mood!  Even when you aren’t playing, you can enjoy the sounds that these worlds (and galaxies!) are so famous for. With three games, modern upgrades, and music-player mode, this collection is filled with fun for both new players and 3D platforming Mario masters. Super Mario 3D All-Stars will be available as a limited-run retail edition and a digital edition that is available for a limited time until the end of March 2021. The physical version of Super Mario 3D All-Stars (released Sep. 18) will continue to be shipped to retailers and available for purchase through March 31, 2021 or while supplies last. The digital version of Super Mario 3D All-Stars will be available for purchase through March 31, 2021. Once the digital edition has been purchased on your Nintendo Account, it can be re-downloaded and played if deleted from your device.  Software compatibility and play experience may differ on Nintendo Switch Lite. Additional accessories may be required (sold separately). Terms apply.",0357,"[""title: Not two player as described \ntext: Says one or two players, means if you're willing to cut your remote in half two people can control half of one player"", 'title: Barebones emulation \ntext: The product is a huge disappointment, in particular Mario sunshine which is borderline unplayable since Nintendo has ruined the controls in particular the camera controls. To make the problem even worse Gamecube controllers are not supported.', 'title: Amazing! \ntext: Great game to have! Perfect for the whole family to play with.', ""title: All 3 Games in one cartridge \ntext: Don't even need internet to play all 3 games which is the main reason why I bought this.Super Mario 64 looks smoother and better than before.The controllers took a while to get used to again since the camera for SM64 was weird but cool at the time it came out.Super Mario Sunshine was also a bit awkward having the map at L1, I accidentally press it.  A & B have the same button action.The switch does have remapping the the system settings.""]","The product is advertised as supporting one or two players, but in reality, it only allows for two players if they share a single remote, effectively controlling half of one player each. This indicates a misleading description of its multiplayer capability, as it does not truly support two separate players as one might expect [0]. [1] is not related to the query. [2] is not related to the query. [3] is not related to the query.",8.0
How's the multiplayer capability of the product,"Play three of Mario’s greatest 3D platforming adventures—all in one package! Play three iconic games at home or on the go—all in one package on the Nintendo Switch system! Jump into paintings in Super Mario 64, clean up paint-like goop in Super Mario Sunshine, and fly from planet to planet in Super Mario Galaxy.  Run, jump, and dive with ease! Make Mario move using the Nintendo Switch system’s Joy-Con controllers. You can also pass a Joy-Con controller to a friend to play the Super Mario Galaxy game in Co-Star Mode! Mario’s movements are as smooth as ever with HD resolution for each game, while still retaining the look and feel of the originals.  Listen to timeless Super Mario tunes Listen to a total of 175 iconic tunes from all three games! Whether you want to get up and dance or take a minute to relax—this collection has music to fit your mood!  Even when you aren’t playing, you can enjoy the sounds that these worlds (and galaxies!) are so famous for. With three games, modern upgrades, and music-player mode, this collection is filled with fun for both new players and 3D platforming Mario masters. Super Mario 3D All-Stars will be available as a limited-run retail edition and a digital edition that is available for a limited time until the end of March 2021. The physical version of Super Mario 3D All-Stars (released Sep. 18) will continue to be shipped to retailers and available for purchase through March 31, 2021 or while supplies last. The digital version of Super Mario 3D All-Stars will be available for purchase through March 31, 2021. Once the digital edition has been purchased on your Nintendo Account, it can be re-downloaded and played if deleted from your device.  Software compatibility and play experience may differ on Nintendo Switch Lite. Additional accessories may be required (sold separately). Terms apply.",0367,"[""title: Not two player as described \ntext: Says one or two players, means if you're willing to cut your remote in half two people can control half of one player"", 'title: Barebones emulation \ntext: The product is a huge disappointment, in particular Mario sunshine which is borderline unplayable since Nintendo has ruined the controls in particular the camera controls. To make the problem even worse Gamecube controllers are not supported.', 'title: Yahoo! \ntext: A great bundle of games. Has some bugs but its still fun', ""title: All 3 Games in one cartridge \ntext: Don't even need internet to play all 3 games which is the main reason why I bought this.Super Mario 64 looks smoother and better than before.The controllers took a while to get used to again since the camera for SM64 was weird but cool at the time it came out.Super Mario Sunshine was also a bit awkward having the map at L1, I accidentally press it.  A & B have the same button action.The switch does have remapping the the system settings.""]","The comment highlights a misleading aspect of the product's multiplayer capability. It states that although the product is advertised as supporting one or two players, in reality, it only allows two people to control a single player by sharing a remote, rather than offering a true two-player experience [0]. [1] is not related to the query. [2] is not related to the query. [3] is not related to the query.",8.0
How's the multiplayer capability of the product,"Play three of Mario’s greatest 3D platforming adventures—all in one package! Play three iconic games at home or on the go—all in one package on the Nintendo Switch system! Jump into paintings in Super Mario 64, clean up paint-like goop in Super Mario Sunshine, and fly from planet to planet in Super Mario Galaxy.  Run, jump, and dive with ease! Make Mario move using the Nintendo Switch system’s Joy-Con controllers. You can also pass a Joy-Con controller to a friend to play the Super Mario Galaxy game in Co-Star Mode! Mario’s movements are as smooth as ever with HD resolution for each game, while still retaining the look and feel of the originals.  Listen to timeless Super Mario tunes Listen to a total of 175 iconic tunes from all three games! Whether you want to get up and dance or take a minute to relax—this collection has music to fit your mood!  Even when you aren’t playing, you can enjoy the sounds that these worlds (and galaxies!) are so famous for. With three games, modern upgrades, and music-player mode, this collection is filled with fun for both new players and 3D platforming Mario masters. Super Mario 3D All-Stars will be available as a limited-run retail edition and a digital edition that is available for a limited time until the end of March 2021. The physical version of Super Mario 3D All-Stars (released Sep. 18) will continue to be shipped to retailers and available for purchase through March 31, 2021 or while supplies last. The digital version of Super Mario 3D All-Stars will be available for purchase through March 31, 2021. Once the digital edition has been purchased on your Nintendo Account, it can be re-downloaded and played if deleted from your device.  Software compatibility and play experience may differ on Nintendo Switch Lite. Additional accessories may be required (sold separately). Terms apply.",0456,"[""title: Not two player as described \ntext: Says one or two players, means if you're willing to cut your remote in half two people can control half of one player"", 'title: Don’t let it fool you \ntext: You don’t actually play co-op. All single player. Don’t let it mislead you. Still good old school-ish games.', 'title: Amazing! \ntext: Great game to have! Perfect for the whole family to play with.', 'title: Yahoo! \ntext: A great bundle of games. Has some bugs but its still fun']","The comments highlight a misleading aspect of the product's multiplayer capability. Although it is advertised as supporting one or two players, the reality is that it does not offer a true cooperative multiplayer experience. Instead, the product requires players to share a single controller, effectively splitting control between two people, which does not constitute a genuine two-player mode. This has led to disappointment among users who expected a traditional multiplayer experience based on the product's description [0][1]. [2] is not related to the query. [3] is not related to the query.",9.0
How's the multiplayer capability of the product,"Play three of Mario’s greatest 3D platforming adventures—all in one package! Play three iconic games at home or on the go—all in one package on the Nintendo Switch system! Jump into paintings in Super Mario 64, clean up paint-like goop in Super Mario Sunshine, and fly from planet to planet in Super Mario Galaxy.  Run, jump, and dive with ease! Make Mario move using the Nintendo Switch system’s Joy-Con controllers. You can also pass a Joy-Con controller to a friend to play the Super Mario Galaxy game in Co-Star Mode! Mario’s movements are as smooth as ever with HD resolution for each game, while still retaining the look and feel of the originals.  Listen to timeless Super Mario tunes Listen to a total of 175 iconic tunes from all three games! Whether you want to get up and dance or take a minute to relax—this collection has music to fit your mood!  Even when you aren’t playing, you can enjoy the sounds that these worlds (and galaxies!) are so famous for. With three games, modern upgrades, and music-player mode, this collection is filled with fun for both new players and 3D platforming Mario masters. Super Mario 3D All-Stars will be available as a limited-run retail edition and a digital edition that is available for a limited time until the end of March 2021. The physical version of Super Mario 3D All-Stars (released Sep. 18) will continue to be shipped to retailers and available for purchase through March 31, 2021 or while supplies last. The digital version of Super Mario 3D All-Stars will be available for purchase through March 31, 2021. Once the digital edition has been purchased on your Nintendo Account, it can be re-downloaded and played if deleted from your device.  Software compatibility and play experience may differ on Nintendo Switch Lite. Additional accessories may be required (sold separately). Terms apply.",0457,"[""title: Not two player as described \ntext: Says one or two players, means if you're willing to cut your remote in half two people can control half of one player"", 'title: Don’t let it fool you \ntext: You don’t actually play co-op. All single player. Don’t let it mislead you. Still good old school-ish games.', 'title: Amazing! \ntext: Great game to have! Perfect for the whole family to play with.', ""title: All 3 Games in one cartridge \ntext: Don't even need internet to play all 3 games which is the main reason why I bought this.Super Mario 64 looks smoother and better than before.The controllers took a while to get used to again since the camera for SM64 was weird but cool at the time it came out.Super Mario Sunshine was also a bit awkward having the map at L1, I accidentally press it.  A & B have the same button action.The switch does have remapping the the system settings.""]","The product is advertised as supporting one or two players, but in reality, it does not offer a true multiplayer experience. Instead, it suggests that two people can control half of one player by sharing a single remote, which is misleading for those expecting a cooperative mode [0]. Additionally, the product does not provide a genuine co-op experience, as all gameplay is single-player, despite any implications otherwise. However, the games themselves maintain an old-school charm [1]. [2] is not related to the query. [3] is not related to the query.",9.0
How's the multiplayer capability of the product,"Play three of Mario’s greatest 3D platforming adventures—all in one package! Play three iconic games at home or on the go—all in one package on the Nintendo Switch system! Jump into paintings in Super Mario 64, clean up paint-like goop in Super Mario Sunshine, and fly from planet to planet in Super Mario Galaxy.  Run, jump, and dive with ease! Make Mario move using the Nintendo Switch system’s Joy-Con controllers. You can also pass a Joy-Con controller to a friend to play the Super Mario Galaxy game in Co-Star Mode! Mario’s movements are as smooth as ever with HD resolution for each game, while still retaining the look and feel of the originals.  Listen to timeless Super Mario tunes Listen to a total of 175 iconic tunes from all three games! Whether you want to get up and dance or take a minute to relax—this collection has music to fit your mood!  Even when you aren’t playing, you can enjoy the sounds that these worlds (and galaxies!) are so famous for. With three games, modern upgrades, and music-player mode, this collection is filled with fun for both new players and 3D platforming Mario masters. Super Mario 3D All-Stars will be available as a limited-run retail edition and a digital edition that is available for a limited time until the end of March 2021. The physical version of Super Mario 3D All-Stars (released Sep. 18) will continue to be shipped to retailers and available for purchase through March 31, 2021 or while supplies last. The digital version of Super Mario 3D All-Stars will be available for purchase through March 31, 2021. Once the digital edition has been purchased on your Nintendo Account, it can be re-downloaded and played if deleted from your device.  Software compatibility and play experience may differ on Nintendo Switch Lite. Additional accessories may be required (sold separately). Terms apply.",0467,"[""title: Not two player as described \ntext: Says one or two players, means if you're willing to cut your remote in half two people can control half of one player"", 'title: Don’t let it fool you \ntext: You don’t actually play co-op. All single player. Don’t let it mislead you. Still good old school-ish games.', 'title: Yahoo! \ntext: A great bundle of games. Has some bugs but its still fun', ""title: All 3 Games in one cartridge \ntext: Don't even need internet to play all 3 games which is the main reason why I bought this.Super Mario 64 looks smoother and better than before.The controllers took a while to get used to again since the camera for SM64 was weird but cool at the time it came out.Super Mario Sunshine was also a bit awkward having the map at L1, I accidentally press it.  A & B have the same button action.The switch does have remapping the the system settings.""]","The product is advertised as supporting one or two players, but in reality, it does not offer a true multiplayer experience. Instead, it suggests that two people can control half of one player by sharing a single remote, which does not constitute a genuine two-player mode[0]. Additionally, the product does not support cooperative play as implied, as it remains a single-player experience despite the misleading description[1]. [2] is not related to the query. [3] is not related to the query.",9.0
How's the multiplayer capability of the product,"Play three of Mario’s greatest 3D platforming adventures—all in one package! Play three iconic games at home or on the go—all in one package on the Nintendo Switch system! Jump into paintings in Super Mario 64, clean up paint-like goop in Super Mario Sunshine, and fly from planet to planet in Super Mario Galaxy.  Run, jump, and dive with ease! Make Mario move using the Nintendo Switch system’s Joy-Con controllers. You can also pass a Joy-Con controller to a friend to play the Super Mario Galaxy game in Co-Star Mode! Mario’s movements are as smooth as ever with HD resolution for each game, while still retaining the look and feel of the originals.  Listen to timeless Super Mario tunes Listen to a total of 175 iconic tunes from all three games! Whether you want to get up and dance or take a minute to relax—this collection has music to fit your mood!  Even when you aren’t playing, you can enjoy the sounds that these worlds (and galaxies!) are so famous for. With three games, modern upgrades, and music-player mode, this collection is filled with fun for both new players and 3D platforming Mario masters. Super Mario 3D All-Stars will be available as a limited-run retail edition and a digital edition that is available for a limited time until the end of March 2021. The physical version of Super Mario 3D All-Stars (released Sep. 18) will continue to be shipped to retailers and available for purchase through March 31, 2021 or while supplies last. The digital version of Super Mario 3D All-Stars will be available for purchase through March 31, 2021. Once the digital edition has been purchased on your Nintendo Account, it can be re-downloaded and played if deleted from your device.  Software compatibility and play experience may differ on Nintendo Switch Lite. Additional accessories may be required (sold separately). Terms apply.",0567,"[""title: Not two player as described \ntext: Says one or two players, means if you're willing to cut your remote in half two people can control half of one player"", 'title: Amazing! \ntext: Great game to have! Perfect for the whole family to play with.', 'title: Yahoo! \ntext: A great bundle of games. Has some bugs but its still fun', ""title: All 3 Games in one cartridge \ntext: Don't even need internet to play all 3 games which is the main reason why I bought this.Super Mario 64 looks smoother and better than before.The controllers took a while to get used to again since the camera for SM64 was weird but cool at the time it came out.Super Mario Sunshine was also a bit awkward having the map at L1, I accidentally press it.  A & B have the same button action.The switch does have remapping the the system settings.""]","The comment highlights a misleading description regarding the multiplayer capability of the product. It states that while the product claims to support one or two players, in reality, it only allows two people to control half of one player by sharing a single remote, rather than providing a true two-player experience [0]. [1] is not related to the query. [2] is not related to the query. [3] is not related to the query.",8.0
How's the multiplayer capability of the product,"Play three of Mario’s greatest 3D platforming adventures—all in one package! Play three iconic games at home or on the go—all in one package on the Nintendo Switch system! Jump into paintings in Super Mario 64, clean up paint-like goop in Super Mario Sunshine, and fly from planet to planet in Super Mario Galaxy.  Run, jump, and dive with ease! Make Mario move using the Nintendo Switch system’s Joy-Con controllers. You can also pass a Joy-Con controller to a friend to play the Super Mario Galaxy game in Co-Star Mode! Mario’s movements are as smooth as ever with HD resolution for each game, while still retaining the look and feel of the originals.  Listen to timeless Super Mario tunes Listen to a total of 175 iconic tunes from all three games! Whether you want to get up and dance or take a minute to relax—this collection has music to fit your mood!  Even when you aren’t playing, you can enjoy the sounds that these worlds (and galaxies!) are so famous for. With three games, modern upgrades, and music-player mode, this collection is filled with fun for both new players and 3D platforming Mario masters. Super Mario 3D All-Stars will be available as a limited-run retail edition and a digital edition that is available for a limited time until the end of March 2021. The physical version of Super Mario 3D All-Stars (released Sep. 18) will continue to be shipped to retailers and available for purchase through March 31, 2021 or while supplies last. The digital version of Super Mario 3D All-Stars will be available for purchase through March 31, 2021. Once the digital edition has been purchased on your Nintendo Account, it can be re-downloaded and played if deleted from your device.  Software compatibility and play experience may differ on Nintendo Switch Lite. Additional accessories may be required (sold separately). Terms apply.",1234,"['title: Decent \ntext: This game is a little deceiving, it says it’s 2 players but it’s not really a good 2 player. Like you get to float around them. But not actually play.Really fun 1 player though!', 'title: Amazing Game \ntext: Amazing product all the games are outstanding and it is totally worth it just hoping that there is a Wii Sports compilation pack for the switch', 'title: Barebones emulation \ntext: The product is a huge disappointment, in particular Mario sunshine which is borderline unplayable since Nintendo has ruined the controls in particular the camera controls. To make the problem even worse Gamecube controllers are not supported.', 'title: Don’t let it fool you \ntext: You don’t actually play co-op. All single player. Don’t let it mislead you. Still good old school-ish games.']","The multiplayer capability of the product is misleading, as users have noted that while the game is advertised as supporting two players, it does not offer a true cooperative experience. Instead, the second player can only interact in a limited way, such as floating around the main player, rather than actively participating in the gameplay. Despite this, the game is still considered enjoyable as a single-player experience, with a nostalgic feel reminiscent of old-school games [0][1]. [1] is not related to the query. [2] is not related to the query.",9.0
How's the multiplayer capability of the product,"Play three of Mario’s greatest 3D platforming adventures—all in one package! Play three iconic games at home or on the go—all in one package on the Nintendo Switch system! Jump into paintings in Super Mario 64, clean up paint-like goop in Super Mario Sunshine, and fly from planet to planet in Super Mario Galaxy.  Run, jump, and dive with ease! Make Mario move using the Nintendo Switch system’s Joy-Con controllers. You can also pass a Joy-Con controller to a friend to play the Super Mario Galaxy game in Co-Star Mode! Mario’s movements are as smooth as ever with HD resolution for each game, while still retaining the look and feel of the originals.  Listen to timeless Super Mario tunes Listen to a total of 175 iconic tunes from all three games! Whether you want to get up and dance or take a minute to relax—this collection has music to fit your mood!  Even when you aren’t playing, you can enjoy the sounds that these worlds (and galaxies!) are so famous for. With three games, modern upgrades, and music-player mode, this collection is filled with fun for both new players and 3D platforming Mario masters. Super Mario 3D All-Stars will be available as a limited-run retail edition and a digital edition that is available for a limited time until the end of March 2021. The physical version of Super Mario 3D All-Stars (released Sep. 18) will continue to be shipped to retailers and available for purchase through March 31, 2021 or while supplies last. The digital version of Super Mario 3D All-Stars will be available for purchase through March 31, 2021. Once the digital edition has been purchased on your Nintendo Account, it can be re-downloaded and played if deleted from your device.  Software compatibility and play experience may differ on Nintendo Switch Lite. Additional accessories may be required (sold separately). Terms apply.",1235,"['title: Decent \ntext: This game is a little deceiving, it says it’s 2 players but it’s not really a good 2 player. Like you get to float around them. But not actually play.Really fun 1 player though!', 'title: Amazing Game \ntext: Amazing product all the games are outstanding and it is totally worth it just hoping that there is a Wii Sports compilation pack for the switch', 'title: Barebones emulation \ntext: The product is a huge disappointment, in particular Mario sunshine which is borderline unplayable since Nintendo has ruined the controls in particular the camera controls. To make the problem even worse Gamecube controllers are not supported.', 'title: Amazing! \ntext: Great game to have! Perfect for the whole family to play with.']","The comment highlights that while the game is advertised as a two-player experience, it does not effectively support multiplayer gameplay. Instead, the second player can only interact in a limited way, such as floating around the main player, rather than fully participating in the game. However, the game is noted to be enjoyable as a single-player experience [0]. [1] is not related to the query. [2] is not related to the query. [3] is not related to the query.",8.0
How's the multiplayer capability of the product,"Play three of Mario’s greatest 3D platforming adventures—all in one package! Play three iconic games at home or on the go—all in one package on the Nintendo Switch system! Jump into paintings in Super Mario 64, clean up paint-like goop in Super Mario Sunshine, and fly from planet to planet in Super Mario Galaxy.  Run, jump, and dive with ease! Make Mario move using the Nintendo Switch system’s Joy-Con controllers. You can also pass a Joy-Con controller to a friend to play the Super Mario Galaxy game in Co-Star Mode! Mario’s movements are as smooth as ever with HD resolution for each game, while still retaining the look and feel of the originals.  Listen to timeless Super Mario tunes Listen to a total of 175 iconic tunes from all three games! Whether you want to get up and dance or take a minute to relax—this collection has music to fit your mood!  Even when you aren’t playing, you can enjoy the sounds that these worlds (and galaxies!) are so famous for. With three games, modern upgrades, and music-player mode, this collection is filled with fun for both new players and 3D platforming Mario masters. Super Mario 3D All-Stars will be available as a limited-run retail edition and a digital edition that is available for a limited time until the end of March 2021. The physical version of Super Mario 3D All-Stars (released Sep. 18) will continue to be shipped to retailers and available for purchase through March 31, 2021 or while supplies last. The digital version of Super Mario 3D All-Stars will be available for purchase through March 31, 2021. Once the digital edition has been purchased on your Nintendo Account, it can be re-downloaded and played if deleted from your device.  Software compatibility and play experience may differ on Nintendo Switch Lite. Additional accessories may be required (sold separately). Terms apply.",1236,"['title: Decent \ntext: This game is a little deceiving, it says it’s 2 players but it’s not really a good 2 player. Like you get to float around them. But not actually play.Really fun 1 player though!', 'title: Amazing Game \ntext: Amazing product all the games are outstanding and it is totally worth it just hoping that there is a Wii Sports compilation pack for the switch', 'title: Barebones emulation \ntext: The product is a huge disappointment, in particular Mario sunshine which is borderline unplayable since Nintendo has ruined the controls in particular the camera controls. To make the problem even worse Gamecube controllers are not supported.', 'title: Yahoo! \ntext: A great bundle of games. Has some bugs but its still fun']","The comment highlights a discrepancy in the game's multiplayer capability, noting that while it is advertised as a two-player game, the multiplayer experience is limited. Players can only float around each other rather than engage in a full two-player mode, making it more enjoyable as a single-player game [0]. [1] is not related to the query. [2] is not related to the query. [3] is not related to the query.",8.0
How's the multiplayer capability of the product,"Play three of Mario’s greatest 3D platforming adventures—all in one package! Play three iconic games at home or on the go—all in one package on the Nintendo Switch system! Jump into paintings in Super Mario 64, clean up paint-like goop in Super Mario Sunshine, and fly from planet to planet in Super Mario Galaxy.  Run, jump, and dive with ease! Make Mario move using the Nintendo Switch system’s Joy-Con controllers. You can also pass a Joy-Con controller to a friend to play the Super Mario Galaxy game in Co-Star Mode! Mario’s movements are as smooth as ever with HD resolution for each game, while still retaining the look and feel of the originals.  Listen to timeless Super Mario tunes Listen to a total of 175 iconic tunes from all three games! Whether you want to get up and dance or take a minute to relax—this collection has music to fit your mood!  Even when you aren’t playing, you can enjoy the sounds that these worlds (and galaxies!) are so famous for. With three games, modern upgrades, and music-player mode, this collection is filled with fun for both new players and 3D platforming Mario masters. Super Mario 3D All-Stars will be available as a limited-run retail edition and a digital edition that is available for a limited time until the end of March 2021. The physical version of Super Mario 3D All-Stars (released Sep. 18) will continue to be shipped to retailers and available for purchase through March 31, 2021 or while supplies last. The digital version of Super Mario 3D All-Stars will be available for purchase through March 31, 2021. Once the digital edition has been purchased on your Nintendo Account, it can be re-downloaded and played if deleted from your device.  Software compatibility and play experience may differ on Nintendo Switch Lite. Additional accessories may be required (sold separately). Terms apply.",1237,"['title: Decent \ntext: This game is a little deceiving, it says it’s 2 players but it’s not really a good 2 player. Like you get to float around them. But not actually play.Really fun 1 player though!', 'title: Amazing Game \ntext: Amazing product all the games are outstanding and it is totally worth it just hoping that there is a Wii Sports compilation pack for the switch', 'title: Barebones emulation \ntext: The product is a huge disappointment, in particular Mario sunshine which is borderline unplayable since Nintendo has ruined the controls in particular the camera controls. To make the problem even worse Gamecube controllers are not supported.', ""title: All 3 Games in one cartridge \ntext: Don't even need internet to play all 3 games which is the main reason why I bought this.Super Mario 64 looks smoother and better than before.The controllers took a while to get used to again since the camera for SM64 was weird but cool at the time it came out.Super Mario Sunshine was also a bit awkward having the map at L1, I accidentally press it.  A & B have the same button action.The switch does have remapping the the system settings.""]","The game is advertised as a two-player experience, but users have found that it does not offer a true multiplayer mode. Instead, the second player can only interact in a limited way, such as floating around the main player, rather than fully participating in the gameplay. However, it is noted that the game is enjoyable as a single-player experience [0]. [1] is not related to the query. [2] is not related to the query. [3] is not related to the query.",8.0
How's the multiplayer capability of the product,"Play three of Mario’s greatest 3D platforming adventures—all in one package! Play three iconic games at home or on the go—all in one package on the Nintendo Switch system! Jump into paintings in Super Mario 64, clean up paint-like goop in Super Mario Sunshine, and fly from planet to planet in Super Mario Galaxy.  Run, jump, and dive with ease! Make Mario move using the Nintendo Switch system’s Joy-Con controllers. You can also pass a Joy-Con controller to a friend to play the Super Mario Galaxy game in Co-Star Mode! Mario’s movements are as smooth as ever with HD resolution for each game, while still retaining the look and feel of the originals.  Listen to timeless Super Mario tunes Listen to a total of 175 iconic tunes from all three games! Whether you want to get up and dance or take a minute to relax—this collection has music to fit your mood!  Even when you aren’t playing, you can enjoy the sounds that these worlds (and galaxies!) are so famous for. With three games, modern upgrades, and music-player mode, this collection is filled with fun for both new players and 3D platforming Mario masters. Super Mario 3D All-Stars will be available as a limited-run retail edition and a digital edition that is available for a limited time until the end of March 2021. The physical version of Super Mario 3D All-Stars (released Sep. 18) will continue to be shipped to retailers and available for purchase through March 31, 2021 or while supplies last. The digital version of Super Mario 3D All-Stars will be available for purchase through March 31, 2021. Once the digital edition has been purchased on your Nintendo Account, it can be re-downloaded and played if deleted from your device.  Software compatibility and play experience may differ on Nintendo Switch Lite. Additional accessories may be required (sold separately). Terms apply.",1245,"['title: Decent \ntext: This game is a little deceiving, it says it’s 2 players but it’s not really a good 2 player. Like you get to float around them. But not actually play.Really fun 1 player though!', 'title: Amazing Game \ntext: Amazing product all the games are outstanding and it is totally worth it just hoping that there is a Wii Sports compilation pack for the switch', 'title: Don’t let it fool you \ntext: You don’t actually play co-op. All single player. Don’t let it mislead you. Still good old school-ish games.', 'title: Amazing! \ntext: Great game to have! Perfect for the whole family to play with.']","The multiplayer capability of the product is misleading, as users report that although it is advertised as a two-player game, the actual gameplay does not support true cooperative play. Instead, the second player can only float around the main player without engaging in the game meaningfully. This has led to disappointment among users who expected a genuine multiplayer experience, although the game is still enjoyable as a single-player experience [0][1]. [1] is not related to the query. [3] is not related to the query.",9.0
How's the multiplayer capability of the product,"Play three of Mario’s greatest 3D platforming adventures—all in one package! Play three iconic games at home or on the go—all in one package on the Nintendo Switch system! Jump into paintings in Super Mario 64, clean up paint-like goop in Super Mario Sunshine, and fly from planet to planet in Super Mario Galaxy.  Run, jump, and dive with ease! Make Mario move using the Nintendo Switch system’s Joy-Con controllers. You can also pass a Joy-Con controller to a friend to play the Super Mario Galaxy game in Co-Star Mode! Mario’s movements are as smooth as ever with HD resolution for each game, while still retaining the look and feel of the originals.  Listen to timeless Super Mario tunes Listen to a total of 175 iconic tunes from all three games! Whether you want to get up and dance or take a minute to relax—this collection has music to fit your mood!  Even when you aren’t playing, you can enjoy the sounds that these worlds (and galaxies!) are so famous for. With three games, modern upgrades, and music-player mode, this collection is filled with fun for both new players and 3D platforming Mario masters. Super Mario 3D All-Stars will be available as a limited-run retail edition and a digital edition that is available for a limited time until the end of March 2021. The physical version of Super Mario 3D All-Stars (released Sep. 18) will continue to be shipped to retailers and available for purchase through March 31, 2021 or while supplies last. The digital version of Super Mario 3D All-Stars will be available for purchase through March 31, 2021. Once the digital edition has been purchased on your Nintendo Account, it can be re-downloaded and played if deleted from your device.  Software compatibility and play experience may differ on Nintendo Switch Lite. Additional accessories may be required (sold separately). Terms apply.",1246,"['title: Decent \ntext: This game is a little deceiving, it says it’s 2 players but it’s not really a good 2 player. Like you get to float around them. But not actually play.Really fun 1 player though!', 'title: Amazing Game \ntext: Amazing product all the games are outstanding and it is totally worth it just hoping that there is a Wii Sports compilation pack for the switch', 'title: Don’t let it fool you \ntext: You don’t actually play co-op. All single player. Don’t let it mislead you. Still good old school-ish games.', 'title: Yahoo! \ntext: A great bundle of games. Has some bugs but its still fun']","The multiplayer capability of the product is misleading, as users report that although it is advertised as a two-player game, the actual gameplay does not support true cooperative play. Instead, the second player can only float around the main player without engaging in the game meaningfully. This has led to disappointment among users who expected a more interactive multiplayer experience[0][1]. [1] is not related to the query. [3] is not related to the query.",9.0
How's the multiplayer capability of the product,"Play three of Mario’s greatest 3D platforming adventures—all in one package! Play three iconic games at home or on the go—all in one package on the Nintendo Switch system! Jump into paintings in Super Mario 64, clean up paint-like goop in Super Mario Sunshine, and fly from planet to planet in Super Mario Galaxy.  Run, jump, and dive with ease! Make Mario move using the Nintendo Switch system’s Joy-Con controllers. You can also pass a Joy-Con controller to a friend to play the Super Mario Galaxy game in Co-Star Mode! Mario’s movements are as smooth as ever with HD resolution for each game, while still retaining the look and feel of the originals.  Listen to timeless Super Mario tunes Listen to a total of 175 iconic tunes from all three games! Whether you want to get up and dance or take a minute to relax—this collection has music to fit your mood!  Even when you aren’t playing, you can enjoy the sounds that these worlds (and galaxies!) are so famous for. With three games, modern upgrades, and music-player mode, this collection is filled with fun for both new players and 3D platforming Mario masters. Super Mario 3D All-Stars will be available as a limited-run retail edition and a digital edition that is available for a limited time until the end of March 2021. The physical version of Super Mario 3D All-Stars (released Sep. 18) will continue to be shipped to retailers and available for purchase through March 31, 2021 or while supplies last. The digital version of Super Mario 3D All-Stars will be available for purchase through March 31, 2021. Once the digital edition has been purchased on your Nintendo Account, it can be re-downloaded and played if deleted from your device.  Software compatibility and play experience may differ on Nintendo Switch Lite. Additional accessories may be required (sold separately). Terms apply.",1247,"['title: Decent \ntext: This game is a little deceiving, it says it’s 2 players but it’s not really a good 2 player. Like you get to float around them. But not actually play.Really fun 1 player though!', 'title: Amazing Game \ntext: Amazing product all the games are outstanding and it is totally worth it just hoping that there is a Wii Sports compilation pack for the switch', 'title: Don’t let it fool you \ntext: You don’t actually play co-op. All single player. Don’t let it mislead you. Still good old school-ish games.', ""title: All 3 Games in one cartridge \ntext: Don't even need internet to play all 3 games which is the main reason why I bought this.Super Mario 64 looks smoother and better than before.The controllers took a while to get used to again since the camera for SM64 was weird but cool at the time it came out.Super Mario Sunshine was also a bit awkward having the map at L1, I accidentally press it.  A & B have the same button action.The switch does have remapping the the system settings.""]","The multiplayer capability of the product is misleading, as users have noted that while it is advertised as a two-player game, the actual gameplay does not support true cooperative play. Instead, the second player can only interact in a limited way, such as floating around the main player, rather than engaging in full co-op gameplay. Despite this, the game is still enjoyable as a single-player experience, offering a nostalgic feel with its old-school style.[0][1] [1] is not related to the query. [3] is not related to the query.",9.0
How's the multiplayer capability of the product,"Play three of Mario’s greatest 3D platforming adventures—all in one package! Play three iconic games at home or on the go—all in one package on the Nintendo Switch system! Jump into paintings in Super Mario 64, clean up paint-like goop in Super Mario Sunshine, and fly from planet to planet in Super Mario Galaxy.  Run, jump, and dive with ease! Make Mario move using the Nintendo Switch system’s Joy-Con controllers. You can also pass a Joy-Con controller to a friend to play the Super Mario Galaxy game in Co-Star Mode! Mario’s movements are as smooth as ever with HD resolution for each game, while still retaining the look and feel of the originals.  Listen to timeless Super Mario tunes Listen to a total of 175 iconic tunes from all three games! Whether you want to get up and dance or take a minute to relax—this collection has music to fit your mood!  Even when you aren’t playing, you can enjoy the sounds that these worlds (and galaxies!) are so famous for. With three games, modern upgrades, and music-player mode, this collection is filled with fun for both new players and 3D platforming Mario masters. Super Mario 3D All-Stars will be available as a limited-run retail edition and a digital edition that is available for a limited time until the end of March 2021. The physical version of Super Mario 3D All-Stars (released Sep. 18) will continue to be shipped to retailers and available for purchase through March 31, 2021 or while supplies last. The digital version of Super Mario 3D All-Stars will be available for purchase through March 31, 2021. Once the digital edition has been purchased on your Nintendo Account, it can be re-downloaded and played if deleted from your device.  Software compatibility and play experience may differ on Nintendo Switch Lite. Additional accessories may be required (sold separately). Terms apply.",1256,"['title: Decent \ntext: This game is a little deceiving, it says it’s 2 players but it’s not really a good 2 player. Like you get to float around them. But not actually play.Really fun 1 player though!', 'title: Amazing Game \ntext: Amazing product all the games are outstanding and it is totally worth it just hoping that there is a Wii Sports compilation pack for the switch', 'title: Amazing! \ntext: Great game to have! Perfect for the whole family to play with.', 'title: Yahoo! \ntext: A great bundle of games. Has some bugs but its still fun']","The comment highlights a discrepancy in the game's multiplayer capability, noting that while it is advertised as a two-player game, the multiplayer experience is limited. Players can only ""float around"" each other rather than engage in a fully interactive two-player mode, suggesting that the game is more enjoyable as a single-player experience [0]. [1] is not related to the query. [2] is not related to the query. [3] is not related to the query.",8.0
How's the multiplayer capability of the product,"Play three of Mario’s greatest 3D platforming adventures—all in one package! Play three iconic games at home or on the go—all in one package on the Nintendo Switch system! Jump into paintings in Super Mario 64, clean up paint-like goop in Super Mario Sunshine, and fly from planet to planet in Super Mario Galaxy.  Run, jump, and dive with ease! Make Mario move using the Nintendo Switch system’s Joy-Con controllers. You can also pass a Joy-Con controller to a friend to play the Super Mario Galaxy game in Co-Star Mode! Mario’s movements are as smooth as ever with HD resolution for each game, while still retaining the look and feel of the originals.  Listen to timeless Super Mario tunes Listen to a total of 175 iconic tunes from all three games! Whether you want to get up and dance or take a minute to relax—this collection has music to fit your mood!  Even when you aren’t playing, you can enjoy the sounds that these worlds (and galaxies!) are so famous for. With three games, modern upgrades, and music-player mode, this collection is filled with fun for both new players and 3D platforming Mario masters. Super Mario 3D All-Stars will be available as a limited-run retail edition and a digital edition that is available for a limited time until the end of March 2021. The physical version of Super Mario 3D All-Stars (released Sep. 18) will continue to be shipped to retailers and available for purchase through March 31, 2021 or while supplies last. The digital version of Super Mario 3D All-Stars will be available for purchase through March 31, 2021. Once the digital edition has been purchased on your Nintendo Account, it can be re-downloaded and played if deleted from your device.  Software compatibility and play experience may differ on Nintendo Switch Lite. Additional accessories may be required (sold separately). Terms apply.",1257,"['title: Decent \ntext: This game is a little deceiving, it says it’s 2 players but it’s not really a good 2 player. Like you get to float around them. But not actually play.Really fun 1 player though!', 'title: Amazing Game \ntext: Amazing product all the games are outstanding and it is totally worth it just hoping that there is a Wii Sports compilation pack for the switch', 'title: Amazing! \ntext: Great game to have! Perfect for the whole family to play with.', ""title: All 3 Games in one cartridge \ntext: Don't even need internet to play all 3 games which is the main reason why I bought this.Super Mario 64 looks smoother and better than before.The controllers took a while to get used to again since the camera for SM64 was weird but cool at the time it came out.Super Mario Sunshine was also a bit awkward having the map at L1, I accidentally press it.  A & B have the same button action.The switch does have remapping the the system settings.""]","The comment highlights that while the game is advertised as a two-player experience, it does not effectively support multiplayer gameplay. Players can interact by ""floating around"" each other, but this does not constitute a meaningful two-player experience. The game is noted to be enjoyable as a single-player game instead [0]. [1] is not related to the query. [2] is not related to the query. [3] is not related to the query.",8.0
How's the multiplayer capability of the product,"Play three of Mario’s greatest 3D platforming adventures—all in one package! Play three iconic games at home or on the go—all in one package on the Nintendo Switch system! Jump into paintings in Super Mario 64, clean up paint-like goop in Super Mario Sunshine, and fly from planet to planet in Super Mario Galaxy.  Run, jump, and dive with ease! Make Mario move using the Nintendo Switch system’s Joy-Con controllers. You can also pass a Joy-Con controller to a friend to play the Super Mario Galaxy game in Co-Star Mode! Mario’s movements are as smooth as ever with HD resolution for each game, while still retaining the look and feel of the originals.  Listen to timeless Super Mario tunes Listen to a total of 175 iconic tunes from all three games! Whether you want to get up and dance or take a minute to relax—this collection has music to fit your mood!  Even when you aren’t playing, you can enjoy the sounds that these worlds (and galaxies!) are so famous for. With three games, modern upgrades, and music-player mode, this collection is filled with fun for both new players and 3D platforming Mario masters. Super Mario 3D All-Stars will be available as a limited-run retail edition and a digital edition that is available for a limited time until the end of March 2021. The physical version of Super Mario 3D All-Stars (released Sep. 18) will continue to be shipped to retailers and available for purchase through March 31, 2021 or while supplies last. The digital version of Super Mario 3D All-Stars will be available for purchase through March 31, 2021. Once the digital edition has been purchased on your Nintendo Account, it can be re-downloaded and played if deleted from your device.  Software compatibility and play experience may differ on Nintendo Switch Lite. Additional accessories may be required (sold separately). Terms apply.",1267,"['title: Decent \ntext: This game is a little deceiving, it says it’s 2 players but it’s not really a good 2 player. Like you get to float around them. But not actually play.Really fun 1 player though!', 'title: Amazing Game \ntext: Amazing product all the games are outstanding and it is totally worth it just hoping that there is a Wii Sports compilation pack for the switch', 'title: Yahoo! \ntext: A great bundle of games. Has some bugs but its still fun', ""title: All 3 Games in one cartridge \ntext: Don't even need internet to play all 3 games which is the main reason why I bought this.Super Mario 64 looks smoother and better than before.The controllers took a while to get used to again since the camera for SM64 was weird but cool at the time it came out.Super Mario Sunshine was also a bit awkward having the map at L1, I accidentally press it.  A & B have the same button action.The switch does have remapping the the system settings.""]","The comment highlights that while the game is advertised as a two-player experience, it does not effectively support multiplayer gameplay. The second player can only interact in a limited capacity, such as floating around the main player, rather than fully participating in the game. However, the game is noted to be enjoyable as a single-player experience [0]. [1] is not related to the query. [2] is not related to the query. [3] is not related to the query.",8.0
How's the multiplayer capability of the product,"Play three of Mario’s greatest 3D platforming adventures—all in one package! Play three iconic games at home or on the go—all in one package on the Nintendo Switch system! Jump into paintings in Super Mario 64, clean up paint-like goop in Super Mario Sunshine, and fly from planet to planet in Super Mario Galaxy.  Run, jump, and dive with ease! Make Mario move using the Nintendo Switch system’s Joy-Con controllers. You can also pass a Joy-Con controller to a friend to play the Super Mario Galaxy game in Co-Star Mode! Mario’s movements are as smooth as ever with HD resolution for each game, while still retaining the look and feel of the originals.  Listen to timeless Super Mario tunes Listen to a total of 175 iconic tunes from all three games! Whether you want to get up and dance or take a minute to relax—this collection has music to fit your mood!  Even when you aren’t playing, you can enjoy the sounds that these worlds (and galaxies!) are so famous for. With three games, modern upgrades, and music-player mode, this collection is filled with fun for both new players and 3D platforming Mario masters. Super Mario 3D All-Stars will be available as a limited-run retail edition and a digital edition that is available for a limited time until the end of March 2021. The physical version of Super Mario 3D All-Stars (released Sep. 18) will continue to be shipped to retailers and available for purchase through March 31, 2021 or while supplies last. The digital version of Super Mario 3D All-Stars will be available for purchase through March 31, 2021. Once the digital edition has been purchased on your Nintendo Account, it can be re-downloaded and played if deleted from your device.  Software compatibility and play experience may differ on Nintendo Switch Lite. Additional accessories may be required (sold separately). Terms apply.",1345,"['title: Decent \ntext: This game is a little deceiving, it says it’s 2 players but it’s not really a good 2 player. Like you get to float around them. But not actually play.Really fun 1 player though!', 'title: Barebones emulation \ntext: The product is a huge disappointment, in particular Mario sunshine which is borderline unplayable since Nintendo has ruined the controls in particular the camera controls. To make the problem even worse Gamecube controllers are not supported.', 'title: Don’t let it fool you \ntext: You don’t actually play co-op. All single player. Don’t let it mislead you. Still good old school-ish games.', 'title: Amazing! \ntext: Great game to have! Perfect for the whole family to play with.']","The multiplayer capability of the product has been criticized for being misleading. Although it is advertised as a two-player game, users report that the second player does not have an active role and merely floats around the main player, which detracts from the cooperative experience. The game is primarily a single-player experience despite claims of multiplayer functionality, leading to disappointment among those expecting a true co-op mode [0][1]. [1] is not related to the query. [3] is not related to the query.",9.0
How's the multiplayer capability of the product,"Play three of Mario’s greatest 3D platforming adventures—all in one package! Play three iconic games at home or on the go—all in one package on the Nintendo Switch system! Jump into paintings in Super Mario 64, clean up paint-like goop in Super Mario Sunshine, and fly from planet to planet in Super Mario Galaxy.  Run, jump, and dive with ease! Make Mario move using the Nintendo Switch system’s Joy-Con controllers. You can also pass a Joy-Con controller to a friend to play the Super Mario Galaxy game in Co-Star Mode! Mario’s movements are as smooth as ever with HD resolution for each game, while still retaining the look and feel of the originals.  Listen to timeless Super Mario tunes Listen to a total of 175 iconic tunes from all three games! Whether you want to get up and dance or take a minute to relax—this collection has music to fit your mood!  Even when you aren’t playing, you can enjoy the sounds that these worlds (and galaxies!) are so famous for. With three games, modern upgrades, and music-player mode, this collection is filled with fun for both new players and 3D platforming Mario masters. Super Mario 3D All-Stars will be available as a limited-run retail edition and a digital edition that is available for a limited time until the end of March 2021. The physical version of Super Mario 3D All-Stars (released Sep. 18) will continue to be shipped to retailers and available for purchase through March 31, 2021 or while supplies last. The digital version of Super Mario 3D All-Stars will be available for purchase through March 31, 2021. Once the digital edition has been purchased on your Nintendo Account, it can be re-downloaded and played if deleted from your device.  Software compatibility and play experience may differ on Nintendo Switch Lite. Additional accessories may be required (sold separately). Terms apply.",1346,"['title: Decent \ntext: This game is a little deceiving, it says it’s 2 players but it’s not really a good 2 player. Like you get to float around them. But not actually play.Really fun 1 player though!', 'title: Barebones emulation \ntext: The product is a huge disappointment, in particular Mario sunshine which is borderline unplayable since Nintendo has ruined the controls in particular the camera controls. To make the problem even worse Gamecube controllers are not supported.', 'title: Don’t let it fool you \ntext: You don’t actually play co-op. All single player. Don’t let it mislead you. Still good old school-ish games.', 'title: Yahoo! \ntext: A great bundle of games. Has some bugs but its still fun']","The multiplayer capability of the product is misleading, as it is advertised as a two-player game but does not offer a true cooperative experience. Instead, the second player can only interact in a limited way, such as floating around the main player, rather than actively participating in the gameplay. Despite this, the game is enjoyable as a single-player experience, offering a nostalgic, old-school feel [0][1]. [1] is not related to the query. [3] is not related to the query.",9.0
How's the multiplayer capability of the product,"Play three of Mario’s greatest 3D platforming adventures—all in one package! Play three iconic games at home or on the go—all in one package on the Nintendo Switch system! Jump into paintings in Super Mario 64, clean up paint-like goop in Super Mario Sunshine, and fly from planet to planet in Super Mario Galaxy.  Run, jump, and dive with ease! Make Mario move using the Nintendo Switch system’s Joy-Con controllers. You can also pass a Joy-Con controller to a friend to play the Super Mario Galaxy game in Co-Star Mode! Mario’s movements are as smooth as ever with HD resolution for each game, while still retaining the look and feel of the originals.  Listen to timeless Super Mario tunes Listen to a total of 175 iconic tunes from all three games! Whether you want to get up and dance or take a minute to relax—this collection has music to fit your mood!  Even when you aren’t playing, you can enjoy the sounds that these worlds (and galaxies!) are so famous for. With three games, modern upgrades, and music-player mode, this collection is filled with fun for both new players and 3D platforming Mario masters. Super Mario 3D All-Stars will be available as a limited-run retail edition and a digital edition that is available for a limited time until the end of March 2021. The physical version of Super Mario 3D All-Stars (released Sep. 18) will continue to be shipped to retailers and available for purchase through March 31, 2021 or while supplies last. The digital version of Super Mario 3D All-Stars will be available for purchase through March 31, 2021. Once the digital edition has been purchased on your Nintendo Account, it can be re-downloaded and played if deleted from your device.  Software compatibility and play experience may differ on Nintendo Switch Lite. Additional accessories may be required (sold separately). Terms apply.",1347,"['title: Decent \ntext: This game is a little deceiving, it says it’s 2 players but it’s not really a good 2 player. Like you get to float around them. But not actually play.Really fun 1 player though!', 'title: Barebones emulation \ntext: The product is a huge disappointment, in particular Mario sunshine which is borderline unplayable since Nintendo has ruined the controls in particular the camera controls. To make the problem even worse Gamecube controllers are not supported.', 'title: Don’t let it fool you \ntext: You don’t actually play co-op. All single player. Don’t let it mislead you. Still good old school-ish games.', ""title: All 3 Games in one cartridge \ntext: Don't even need internet to play all 3 games which is the main reason why I bought this.Super Mario 64 looks smoother and better than before.The controllers took a while to get used to again since the camera for SM64 was weird but cool at the time it came out.Super Mario Sunshine was also a bit awkward having the map at L1, I accidentally press it.  A & B have the same button action.The switch does have remapping the the system settings.""]","The multiplayer capability of the product has been criticized by users for being misleading. Although the game is advertised as a two-player experience, users report that the multiplayer aspect is not fully realized, as the second player can only 'float around' rather than actively participate in gameplay. This has led to disappointment among those expecting a true cooperative experience, despite the game being enjoyable as a single-player experience [0][1]. [1] is not related to the query. [3] is not related to the query.",9.0
How's the multiplayer capability of the product,"Play three of Mario’s greatest 3D platforming adventures—all in one package! Play three iconic games at home or on the go—all in one package on the Nintendo Switch system! Jump into paintings in Super Mario 64, clean up paint-like goop in Super Mario Sunshine, and fly from planet to planet in Super Mario Galaxy.  Run, jump, and dive with ease! Make Mario move using the Nintendo Switch system’s Joy-Con controllers. You can also pass a Joy-Con controller to a friend to play the Super Mario Galaxy game in Co-Star Mode! Mario’s movements are as smooth as ever with HD resolution for each game, while still retaining the look and feel of the originals.  Listen to timeless Super Mario tunes Listen to a total of 175 iconic tunes from all three games! Whether you want to get up and dance or take a minute to relax—this collection has music to fit your mood!  Even when you aren’t playing, you can enjoy the sounds that these worlds (and galaxies!) are so famous for. With three games, modern upgrades, and music-player mode, this collection is filled with fun for both new players and 3D platforming Mario masters. Super Mario 3D All-Stars will be available as a limited-run retail edition and a digital edition that is available for a limited time until the end of March 2021. The physical version of Super Mario 3D All-Stars (released Sep. 18) will continue to be shipped to retailers and available for purchase through March 31, 2021 or while supplies last. The digital version of Super Mario 3D All-Stars will be available for purchase through March 31, 2021. Once the digital edition has been purchased on your Nintendo Account, it can be re-downloaded and played if deleted from your device.  Software compatibility and play experience may differ on Nintendo Switch Lite. Additional accessories may be required (sold separately). Terms apply.",1356,"['title: Decent \ntext: This game is a little deceiving, it says it’s 2 players but it’s not really a good 2 player. Like you get to float around them. But not actually play.Really fun 1 player though!', 'title: Barebones emulation \ntext: The product is a huge disappointment, in particular Mario sunshine which is borderline unplayable since Nintendo has ruined the controls in particular the camera controls. To make the problem even worse Gamecube controllers are not supported.', 'title: Amazing! \ntext: Great game to have! Perfect for the whole family to play with.', 'title: Yahoo! \ntext: A great bundle of games. Has some bugs but its still fun']","The comment highlights that while the game is advertised as a 2-player experience, it does not offer a satisfactory multiplayer mode. Players can interact by floating around each other, but this does not constitute meaningful gameplay. The game is more enjoyable as a single-player experience [0]. [1] is not related to the query. [2] is not related to the query. [3] is not related to the query.",8.0
How's the multiplayer capability of the product,"Play three of Mario’s greatest 3D platforming adventures—all in one package! Play three iconic games at home or on the go—all in one package on the Nintendo Switch system! Jump into paintings in Super Mario 64, clean up paint-like goop in Super Mario Sunshine, and fly from planet to planet in Super Mario Galaxy.  Run, jump, and dive with ease! Make Mario move using the Nintendo Switch system’s Joy-Con controllers. You can also pass a Joy-Con controller to a friend to play the Super Mario Galaxy game in Co-Star Mode! Mario’s movements are as smooth as ever with HD resolution for each game, while still retaining the look and feel of the originals.  Listen to timeless Super Mario tunes Listen to a total of 175 iconic tunes from all three games! Whether you want to get up and dance or take a minute to relax—this collection has music to fit your mood!  Even when you aren’t playing, you can enjoy the sounds that these worlds (and galaxies!) are so famous for. With three games, modern upgrades, and music-player mode, this collection is filled with fun for both new players and 3D platforming Mario masters. Super Mario 3D All-Stars will be available as a limited-run retail edition and a digital edition that is available for a limited time until the end of March 2021. The physical version of Super Mario 3D All-Stars (released Sep. 18) will continue to be shipped to retailers and available for purchase through March 31, 2021 or while supplies last. The digital version of Super Mario 3D All-Stars will be available for purchase through March 31, 2021. Once the digital edition has been purchased on your Nintendo Account, it can be re-downloaded and played if deleted from your device.  Software compatibility and play experience may differ on Nintendo Switch Lite. Additional accessories may be required (sold separately). Terms apply.",1357,"['title: Decent \ntext: This game is a little deceiving, it says it’s 2 players but it’s not really a good 2 player. Like you get to float around them. But not actually play.Really fun 1 player though!', 'title: Barebones emulation \ntext: The product is a huge disappointment, in particular Mario sunshine which is borderline unplayable since Nintendo has ruined the controls in particular the camera controls. To make the problem even worse Gamecube controllers are not supported.', 'title: Amazing! \ntext: Great game to have! Perfect for the whole family to play with.', ""title: All 3 Games in one cartridge \ntext: Don't even need internet to play all 3 games which is the main reason why I bought this.Super Mario 64 looks smoother and better than before.The controllers took a while to get used to again since the camera for SM64 was weird but cool at the time it came out.Super Mario Sunshine was also a bit awkward having the map at L1, I accidentally press it.  A & B have the same button action.The switch does have remapping the the system settings.""]","The comment highlights a discrepancy in the game's advertised multiplayer capability. Although it claims to support two players, the multiplayer experience is limited, as the second player can only float around the main player rather than actively participate in the gameplay. However, the game is noted to be enjoyable as a single-player experience [0]. [1] is not related to the query. [2] is not related to the query. [3] is not related to the query.",8.0
How's the multiplayer capability of the product,"Play three of Mario’s greatest 3D platforming adventures—all in one package! Play three iconic games at home or on the go—all in one package on the Nintendo Switch system! Jump into paintings in Super Mario 64, clean up paint-like goop in Super Mario Sunshine, and fly from planet to planet in Super Mario Galaxy.  Run, jump, and dive with ease! Make Mario move using the Nintendo Switch system’s Joy-Con controllers. You can also pass a Joy-Con controller to a friend to play the Super Mario Galaxy game in Co-Star Mode! Mario’s movements are as smooth as ever with HD resolution for each game, while still retaining the look and feel of the originals.  Listen to timeless Super Mario tunes Listen to a total of 175 iconic tunes from all three games! Whether you want to get up and dance or take a minute to relax—this collection has music to fit your mood!  Even when you aren’t playing, you can enjoy the sounds that these worlds (and galaxies!) are so famous for. With three games, modern upgrades, and music-player mode, this collection is filled with fun for both new players and 3D platforming Mario masters. Super Mario 3D All-Stars will be available as a limited-run retail edition and a digital edition that is available for a limited time until the end of March 2021. The physical version of Super Mario 3D All-Stars (released Sep. 18) will continue to be shipped to retailers and available for purchase through March 31, 2021 or while supplies last. The digital version of Super Mario 3D All-Stars will be available for purchase through March 31, 2021. Once the digital edition has been purchased on your Nintendo Account, it can be re-downloaded and played if deleted from your device.  Software compatibility and play experience may differ on Nintendo Switch Lite. Additional accessories may be required (sold separately). Terms apply.",1367,"['title: Decent \ntext: This game is a little deceiving, it says it’s 2 players but it’s not really a good 2 player. Like you get to float around them. But not actually play.Really fun 1 player though!', 'title: Barebones emulation \ntext: The product is a huge disappointment, in particular Mario sunshine which is borderline unplayable since Nintendo has ruined the controls in particular the camera controls. To make the problem even worse Gamecube controllers are not supported.', 'title: Yahoo! \ntext: A great bundle of games. Has some bugs but its still fun', ""title: All 3 Games in one cartridge \ntext: Don't even need internet to play all 3 games which is the main reason why I bought this.Super Mario 64 looks smoother and better than before.The controllers took a while to get used to again since the camera for SM64 was weird but cool at the time it came out.Super Mario Sunshine was also a bit awkward having the map at L1, I accidentally press it.  A & B have the same button action.The switch does have remapping the the system settings.""]","The game is advertised as a two-player experience, but users have found that it does not offer a satisfactory multiplayer mode. Instead of a true two-player interaction, the second player merely floats around the first, which does not constitute meaningful gameplay. However, the game is noted to be enjoyable in single-player mode [0]. [1] is not related to the query. [2] is not related to the query. [3] is not related to the query.",8.0
How's the multiplayer capability of the product,"Play three of Mario’s greatest 3D platforming adventures—all in one package! Play three iconic games at home or on the go—all in one package on the Nintendo Switch system! Jump into paintings in Super Mario 64, clean up paint-like goop in Super Mario Sunshine, and fly from planet to planet in Super Mario Galaxy.  Run, jump, and dive with ease! Make Mario move using the Nintendo Switch system’s Joy-Con controllers. You can also pass a Joy-Con controller to a friend to play the Super Mario Galaxy game in Co-Star Mode! Mario’s movements are as smooth as ever with HD resolution for each game, while still retaining the look and feel of the originals.  Listen to timeless Super Mario tunes Listen to a total of 175 iconic tunes from all three games! Whether you want to get up and dance or take a minute to relax—this collection has music to fit your mood!  Even when you aren’t playing, you can enjoy the sounds that these worlds (and galaxies!) are so famous for. With three games, modern upgrades, and music-player mode, this collection is filled with fun for both new players and 3D platforming Mario masters. Super Mario 3D All-Stars will be available as a limited-run retail edition and a digital edition that is available for a limited time until the end of March 2021. The physical version of Super Mario 3D All-Stars (released Sep. 18) will continue to be shipped to retailers and available for purchase through March 31, 2021 or while supplies last. The digital version of Super Mario 3D All-Stars will be available for purchase through March 31, 2021. Once the digital edition has been purchased on your Nintendo Account, it can be re-downloaded and played if deleted from your device.  Software compatibility and play experience may differ on Nintendo Switch Lite. Additional accessories may be required (sold separately). Terms apply.",1456,"['title: Decent \ntext: This game is a little deceiving, it says it’s 2 players but it’s not really a good 2 player. Like you get to float around them. But not actually play.Really fun 1 player though!', 'title: Don’t let it fool you \ntext: You don’t actually play co-op. All single player. Don’t let it mislead you. Still good old school-ish games.', 'title: Amazing! \ntext: Great game to have! Perfect for the whole family to play with.', 'title: Yahoo! \ntext: A great bundle of games. Has some bugs but its still fun']","The multiplayer capability of the product is misleading as it claims to support two players, but in reality, the second player does not have an active role in gameplay. Instead, the second player can only float around the main player, which does not constitute a true cooperative experience. Both comments emphasize that the game is primarily a single-player experience despite its claims of multiplayer functionality [0][1]. [2] is not related to the query. [3] is not related to the query.",9.0
How's the multiplayer capability of the product,"Play three of Mario’s greatest 3D platforming adventures—all in one package! Play three iconic games at home or on the go—all in one package on the Nintendo Switch system! Jump into paintings in Super Mario 64, clean up paint-like goop in Super Mario Sunshine, and fly from planet to planet in Super Mario Galaxy.  Run, jump, and dive with ease! Make Mario move using the Nintendo Switch system’s Joy-Con controllers. You can also pass a Joy-Con controller to a friend to play the Super Mario Galaxy game in Co-Star Mode! Mario’s movements are as smooth as ever with HD resolution for each game, while still retaining the look and feel of the originals.  Listen to timeless Super Mario tunes Listen to a total of 175 iconic tunes from all three games! Whether you want to get up and dance or take a minute to relax—this collection has music to fit your mood!  Even when you aren’t playing, you can enjoy the sounds that these worlds (and galaxies!) are so famous for. With three games, modern upgrades, and music-player mode, this collection is filled with fun for both new players and 3D platforming Mario masters. Super Mario 3D All-Stars will be available as a limited-run retail edition and a digital edition that is available for a limited time until the end of March 2021. The physical version of Super Mario 3D All-Stars (released Sep. 18) will continue to be shipped to retailers and available for purchase through March 31, 2021 or while supplies last. The digital version of Super Mario 3D All-Stars will be available for purchase through March 31, 2021. Once the digital edition has been purchased on your Nintendo Account, it can be re-downloaded and played if deleted from your device.  Software compatibility and play experience may differ on Nintendo Switch Lite. Additional accessories may be required (sold separately). Terms apply.",1457,"['title: Decent \ntext: This game is a little deceiving, it says it’s 2 players but it’s not really a good 2 player. Like you get to float around them. But not actually play.Really fun 1 player though!', 'title: Don’t let it fool you \ntext: You don’t actually play co-op. All single player. Don’t let it mislead you. Still good old school-ish games.', 'title: Amazing! \ntext: Great game to have! Perfect for the whole family to play with.', ""title: All 3 Games in one cartridge \ntext: Don't even need internet to play all 3 games which is the main reason why I bought this.Super Mario 64 looks smoother and better than before.The controllers took a while to get used to again since the camera for SM64 was weird but cool at the time it came out.Super Mario Sunshine was also a bit awkward having the map at L1, I accidentally press it.  A & B have the same button action.The switch does have remapping the the system settings.""]","The multiplayer capability of the product has been criticized by users for being misleading. Although the game is advertised as a two-player experience, users have noted that the multiplayer aspect is not fully realized, as it primarily involves one player floating around the other rather than engaging in true cooperative gameplay. This has led to disappointment among those expecting a genuine two-player mode, despite the game being enjoyable as a single-player experience [0][1]. [2] is not related to the query. [3] is not related to the query.",9.0
How's the multiplayer capability of the product,"Play three of Mario’s greatest 3D platforming adventures—all in one package! Play three iconic games at home or on the go—all in one package on the Nintendo Switch system! Jump into paintings in Super Mario 64, clean up paint-like goop in Super Mario Sunshine, and fly from planet to planet in Super Mario Galaxy.  Run, jump, and dive with ease! Make Mario move using the Nintendo Switch system’s Joy-Con controllers. You can also pass a Joy-Con controller to a friend to play the Super Mario Galaxy game in Co-Star Mode! Mario’s movements are as smooth as ever with HD resolution for each game, while still retaining the look and feel of the originals.  Listen to timeless Super Mario tunes Listen to a total of 175 iconic tunes from all three games! Whether you want to get up and dance or take a minute to relax—this collection has music to fit your mood!  Even when you aren’t playing, you can enjoy the sounds that these worlds (and galaxies!) are so famous for. With three games, modern upgrades, and music-player mode, this collection is filled with fun for both new players and 3D platforming Mario masters. Super Mario 3D All-Stars will be available as a limited-run retail edition and a digital edition that is available for a limited time until the end of March 2021. The physical version of Super Mario 3D All-Stars (released Sep. 18) will continue to be shipped to retailers and available for purchase through March 31, 2021 or while supplies last. The digital version of Super Mario 3D All-Stars will be available for purchase through March 31, 2021. Once the digital edition has been purchased on your Nintendo Account, it can be re-downloaded and played if deleted from your device.  Software compatibility and play experience may differ on Nintendo Switch Lite. Additional accessories may be required (sold separately). Terms apply.",1467,"['title: Decent \ntext: This game is a little deceiving, it says it’s 2 players but it’s not really a good 2 player. Like you get to float around them. But not actually play.Really fun 1 player though!', 'title: Don’t let it fool you \ntext: You don’t actually play co-op. All single player. Don’t let it mislead you. Still good old school-ish games.', 'title: Yahoo! \ntext: A great bundle of games. Has some bugs but its still fun', ""title: All 3 Games in one cartridge \ntext: Don't even need internet to play all 3 games which is the main reason why I bought this.Super Mario 64 looks smoother and better than before.The controllers took a while to get used to again since the camera for SM64 was weird but cool at the time it came out.Super Mario Sunshine was also a bit awkward having the map at L1, I accidentally press it.  A & B have the same button action.The switch does have remapping the the system settings.""]","The comments indicate that the product's multiplayer capability is misleading. Although it is advertised as a two-player game, users report that the multiplayer experience is limited to floating around the other player rather than engaging in true cooperative gameplay. Both comments emphasize that the game is primarily a single-player experience despite its claims of being multiplayer, which may mislead potential buyers [0][1]. [2] is not related to the query. [3] is not related to the query.",9.0
How's the multiplayer capability of the product,"Play three of Mario’s greatest 3D platforming adventures—all in one package! Play three iconic games at home or on the go—all in one package on the Nintendo Switch system! Jump into paintings in Super Mario 64, clean up paint-like goop in Super Mario Sunshine, and fly from planet to planet in Super Mario Galaxy.  Run, jump, and dive with ease! Make Mario move using the Nintendo Switch system’s Joy-Con controllers. You can also pass a Joy-Con controller to a friend to play the Super Mario Galaxy game in Co-Star Mode! Mario’s movements are as smooth as ever with HD resolution for each game, while still retaining the look and feel of the originals.  Listen to timeless Super Mario tunes Listen to a total of 175 iconic tunes from all three games! Whether you want to get up and dance or take a minute to relax—this collection has music to fit your mood!  Even when you aren’t playing, you can enjoy the sounds that these worlds (and galaxies!) are so famous for. With three games, modern upgrades, and music-player mode, this collection is filled with fun for both new players and 3D platforming Mario masters. Super Mario 3D All-Stars will be available as a limited-run retail edition and a digital edition that is available for a limited time until the end of March 2021. The physical version of Super Mario 3D All-Stars (released Sep. 18) will continue to be shipped to retailers and available for purchase through March 31, 2021 or while supplies last. The digital version of Super Mario 3D All-Stars will be available for purchase through March 31, 2021. Once the digital edition has been purchased on your Nintendo Account, it can be re-downloaded and played if deleted from your device.  Software compatibility and play experience may differ on Nintendo Switch Lite. Additional accessories may be required (sold separately). Terms apply.",1567,"['title: Decent \ntext: This game is a little deceiving, it says it’s 2 players but it’s not really a good 2 player. Like you get to float around them. But not actually play.Really fun 1 player though!', 'title: Amazing! \ntext: Great game to have! Perfect for the whole family to play with.', 'title: Yahoo! \ntext: A great bundle of games. Has some bugs but its still fun', ""title: All 3 Games in one cartridge \ntext: Don't even need internet to play all 3 games which is the main reason why I bought this.Super Mario 64 looks smoother and better than before.The controllers took a while to get used to again since the camera for SM64 was weird but cool at the time it came out.Super Mario Sunshine was also a bit awkward having the map at L1, I accidentally press it.  A & B have the same button action.The switch does have remapping the the system settings.""]","The comment highlights that while the game is advertised as a two-player experience, it does not effectively support multiplayer gameplay. Instead, the second player can only interact in a limited way, such as floating around the main player, rather than fully participating in the game. However, the game is noted to be enjoyable as a single-player experience.[0] [1] is not related to the query. [2] is not related to the query. [3] is not related to the query.",8.0
How's the multiplayer capability of the product,"Play three of Mario’s greatest 3D platforming adventures—all in one package! Play three iconic games at home or on the go—all in one package on the Nintendo Switch system! Jump into paintings in Super Mario 64, clean up paint-like goop in Super Mario Sunshine, and fly from planet to planet in Super Mario Galaxy.  Run, jump, and dive with ease! Make Mario move using the Nintendo Switch system’s Joy-Con controllers. You can also pass a Joy-Con controller to a friend to play the Super Mario Galaxy game in Co-Star Mode! Mario’s movements are as smooth as ever with HD resolution for each game, while still retaining the look and feel of the originals.  Listen to timeless Super Mario tunes Listen to a total of 175 iconic tunes from all three games! Whether you want to get up and dance or take a minute to relax—this collection has music to fit your mood!  Even when you aren’t playing, you can enjoy the sounds that these worlds (and galaxies!) are so famous for. With three games, modern upgrades, and music-player mode, this collection is filled with fun for both new players and 3D platforming Mario masters. Super Mario 3D All-Stars will be available as a limited-run retail edition and a digital edition that is available for a limited time until the end of March 2021. The physical version of Super Mario 3D All-Stars (released Sep. 18) will continue to be shipped to retailers and available for purchase through March 31, 2021 or while supplies last. The digital version of Super Mario 3D All-Stars will be available for purchase through March 31, 2021. Once the digital edition has been purchased on your Nintendo Account, it can be re-downloaded and played if deleted from your device.  Software compatibility and play experience may differ on Nintendo Switch Lite. Additional accessories may be required (sold separately). Terms apply.",2345,"['title: Amazing Game \ntext: Amazing product all the games are outstanding and it is totally worth it just hoping that there is a Wii Sports compilation pack for the switch', 'title: Barebones emulation \ntext: The product is a huge disappointment, in particular Mario sunshine which is borderline unplayable since Nintendo has ruined the controls in particular the camera controls. To make the problem even worse Gamecube controllers are not supported.', 'title: Don’t let it fool you \ntext: You don’t actually play co-op. All single player. Don’t let it mislead you. Still good old school-ish games.', 'title: Amazing! \ntext: Great game to have! Perfect for the whole family to play with.']","The comment highlights a misconception about the product's multiplayer capability, stating that despite any implications of cooperative play, the game is actually single-player only. The commenter warns others not to be misled by this, although they still appreciate the game for its old-school charm [0]. [0] is not related to the query. [1] is not related to the query. [3] is not related to the query.",7.0
How's the multiplayer capability of the product,"Play three of Mario’s greatest 3D platforming adventures—all in one package! Play three iconic games at home or on the go—all in one package on the Nintendo Switch system! Jump into paintings in Super Mario 64, clean up paint-like goop in Super Mario Sunshine, and fly from planet to planet in Super Mario Galaxy.  Run, jump, and dive with ease! Make Mario move using the Nintendo Switch system’s Joy-Con controllers. You can also pass a Joy-Con controller to a friend to play the Super Mario Galaxy game in Co-Star Mode! Mario’s movements are as smooth as ever with HD resolution for each game, while still retaining the look and feel of the originals.  Listen to timeless Super Mario tunes Listen to a total of 175 iconic tunes from all three games! Whether you want to get up and dance or take a minute to relax—this collection has music to fit your mood!  Even when you aren’t playing, you can enjoy the sounds that these worlds (and galaxies!) are so famous for. With three games, modern upgrades, and music-player mode, this collection is filled with fun for both new players and 3D platforming Mario masters. Super Mario 3D All-Stars will be available as a limited-run retail edition and a digital edition that is available for a limited time until the end of March 2021. The physical version of Super Mario 3D All-Stars (released Sep. 18) will continue to be shipped to retailers and available for purchase through March 31, 2021 or while supplies last. The digital version of Super Mario 3D All-Stars will be available for purchase through March 31, 2021. Once the digital edition has been purchased on your Nintendo Account, it can be re-downloaded and played if deleted from your device.  Software compatibility and play experience may differ on Nintendo Switch Lite. Additional accessories may be required (sold separately). Terms apply.",2346,"['title: Amazing Game \ntext: Amazing product all the games are outstanding and it is totally worth it just hoping that there is a Wii Sports compilation pack for the switch', 'title: Barebones emulation \ntext: The product is a huge disappointment, in particular Mario sunshine which is borderline unplayable since Nintendo has ruined the controls in particular the camera controls. To make the problem even worse Gamecube controllers are not supported.', 'title: Don’t let it fool you \ntext: You don’t actually play co-op. All single player. Don’t let it mislead you. Still good old school-ish games.', 'title: Yahoo! \ntext: A great bundle of games. Has some bugs but its still fun']","The comment highlights a misconception about the multiplayer capability of the product, stating that despite any indications of cooperative play, the game is actually single-player only. The commenter advises not to be misled by any claims of co-op features, although they still appreciate the game for its old-school style.[0] [0] is not related to the query. [1] is not related to the query. [3] is not related to the query.",7.0
How's the multiplayer capability of the product,"Play three of Mario’s greatest 3D platforming adventures—all in one package! Play three iconic games at home or on the go—all in one package on the Nintendo Switch system! Jump into paintings in Super Mario 64, clean up paint-like goop in Super Mario Sunshine, and fly from planet to planet in Super Mario Galaxy.  Run, jump, and dive with ease! Make Mario move using the Nintendo Switch system’s Joy-Con controllers. You can also pass a Joy-Con controller to a friend to play the Super Mario Galaxy game in Co-Star Mode! Mario’s movements are as smooth as ever with HD resolution for each game, while still retaining the look and feel of the originals.  Listen to timeless Super Mario tunes Listen to a total of 175 iconic tunes from all three games! Whether you want to get up and dance or take a minute to relax—this collection has music to fit your mood!  Even when you aren’t playing, you can enjoy the sounds that these worlds (and galaxies!) are so famous for. With three games, modern upgrades, and music-player mode, this collection is filled with fun for both new players and 3D platforming Mario masters. Super Mario 3D All-Stars will be available as a limited-run retail edition and a digital edition that is available for a limited time until the end of March 2021. The physical version of Super Mario 3D All-Stars (released Sep. 18) will continue to be shipped to retailers and available for purchase through March 31, 2021 or while supplies last. The digital version of Super Mario 3D All-Stars will be available for purchase through March 31, 2021. Once the digital edition has been purchased on your Nintendo Account, it can be re-downloaded and played if deleted from your device.  Software compatibility and play experience may differ on Nintendo Switch Lite. Additional accessories may be required (sold separately). Terms apply.",2347,"['title: Amazing Game \ntext: Amazing product all the games are outstanding and it is totally worth it just hoping that there is a Wii Sports compilation pack for the switch', 'title: Barebones emulation \ntext: The product is a huge disappointment, in particular Mario sunshine which is borderline unplayable since Nintendo has ruined the controls in particular the camera controls. To make the problem even worse Gamecube controllers are not supported.', 'title: Don’t let it fool you \ntext: You don’t actually play co-op. All single player. Don’t let it mislead you. Still good old school-ish games.', ""title: All 3 Games in one cartridge \ntext: Don't even need internet to play all 3 games which is the main reason why I bought this.Super Mario 64 looks smoother and better than before.The controllers took a while to get used to again since the camera for SM64 was weird but cool at the time it came out.Super Mario Sunshine was also a bit awkward having the map at L1, I accidentally press it.  A & B have the same button action.The switch does have remapping the the system settings.""]","The comment highlights that the product does not offer true cooperative multiplayer gameplay, as it is entirely single-player. Despite this, the games are described as having an old-school charm.[0] [0] is not related to the query. [1] is not related to the query. [3] is not related to the query.",7.0
How's the multiplayer capability of the product,"Play three of Mario’s greatest 3D platforming adventures—all in one package! Play three iconic games at home or on the go—all in one package on the Nintendo Switch system! Jump into paintings in Super Mario 64, clean up paint-like goop in Super Mario Sunshine, and fly from planet to planet in Super Mario Galaxy.  Run, jump, and dive with ease! Make Mario move using the Nintendo Switch system’s Joy-Con controllers. You can also pass a Joy-Con controller to a friend to play the Super Mario Galaxy game in Co-Star Mode! Mario’s movements are as smooth as ever with HD resolution for each game, while still retaining the look and feel of the originals.  Listen to timeless Super Mario tunes Listen to a total of 175 iconic tunes from all three games! Whether you want to get up and dance or take a minute to relax—this collection has music to fit your mood!  Even when you aren’t playing, you can enjoy the sounds that these worlds (and galaxies!) are so famous for. With three games, modern upgrades, and music-player mode, this collection is filled with fun for both new players and 3D platforming Mario masters. Super Mario 3D All-Stars will be available as a limited-run retail edition and a digital edition that is available for a limited time until the end of March 2021. The physical version of Super Mario 3D All-Stars (released Sep. 18) will continue to be shipped to retailers and available for purchase through March 31, 2021 or while supplies last. The digital version of Super Mario 3D All-Stars will be available for purchase through March 31, 2021. Once the digital edition has been purchased on your Nintendo Account, it can be re-downloaded and played if deleted from your device.  Software compatibility and play experience may differ on Nintendo Switch Lite. Additional accessories may be required (sold separately). Terms apply.",2356,"['title: Amazing Game \ntext: Amazing product all the games are outstanding and it is totally worth it just hoping that there is a Wii Sports compilation pack for the switch', 'title: Barebones emulation \ntext: The product is a huge disappointment, in particular Mario sunshine which is borderline unplayable since Nintendo has ruined the controls in particular the camera controls. To make the problem even worse Gamecube controllers are not supported.', 'title: Amazing! \ntext: Great game to have! Perfect for the whole family to play with.', 'title: Yahoo! \ntext: A great bundle of games. Has some bugs but its still fun']",[0] is not related to the query. [1] is not related to the query. [2] is not related to the query. [3] is not related to the query.,0.0
How's the multiplayer capability of the product,"Play three of Mario’s greatest 3D platforming adventures—all in one package! Play three iconic games at home or on the go—all in one package on the Nintendo Switch system! Jump into paintings in Super Mario 64, clean up paint-like goop in Super Mario Sunshine, and fly from planet to planet in Super Mario Galaxy.  Run, jump, and dive with ease! Make Mario move using the Nintendo Switch system’s Joy-Con controllers. You can also pass a Joy-Con controller to a friend to play the Super Mario Galaxy game in Co-Star Mode! Mario’s movements are as smooth as ever with HD resolution for each game, while still retaining the look and feel of the originals.  Listen to timeless Super Mario tunes Listen to a total of 175 iconic tunes from all three games! Whether you want to get up and dance or take a minute to relax—this collection has music to fit your mood!  Even when you aren’t playing, you can enjoy the sounds that these worlds (and galaxies!) are so famous for. With three games, modern upgrades, and music-player mode, this collection is filled with fun for both new players and 3D platforming Mario masters. Super Mario 3D All-Stars will be available as a limited-run retail edition and a digital edition that is available for a limited time until the end of March 2021. The physical version of Super Mario 3D All-Stars (released Sep. 18) will continue to be shipped to retailers and available for purchase through March 31, 2021 or while supplies last. The digital version of Super Mario 3D All-Stars will be available for purchase through March 31, 2021. Once the digital edition has been purchased on your Nintendo Account, it can be re-downloaded and played if deleted from your device.  Software compatibility and play experience may differ on Nintendo Switch Lite. Additional accessories may be required (sold separately). Terms apply.",2357,"['title: Amazing Game \ntext: Amazing product all the games are outstanding and it is totally worth it just hoping that there is a Wii Sports compilation pack for the switch', 'title: Barebones emulation \ntext: The product is a huge disappointment, in particular Mario sunshine which is borderline unplayable since Nintendo has ruined the controls in particular the camera controls. To make the problem even worse Gamecube controllers are not supported.', 'title: Amazing! \ntext: Great game to have! Perfect for the whole family to play with.', ""title: All 3 Games in one cartridge \ntext: Don't even need internet to play all 3 games which is the main reason why I bought this.Super Mario 64 looks smoother and better than before.The controllers took a while to get used to again since the camera for SM64 was weird but cool at the time it came out.Super Mario Sunshine was also a bit awkward having the map at L1, I accidentally press it.  A & B have the same button action.The switch does have remapping the the system settings.""]",[0] is not related to the query. [1] is not related to the query. [2] is not related to the query. [3] is not related to the query.,0.0
How's the multiplayer capability of the product,"Play three of Mario’s greatest 3D platforming adventures—all in one package! Play three iconic games at home or on the go—all in one package on the Nintendo Switch system! Jump into paintings in Super Mario 64, clean up paint-like goop in Super Mario Sunshine, and fly from planet to planet in Super Mario Galaxy.  Run, jump, and dive with ease! Make Mario move using the Nintendo Switch system’s Joy-Con controllers. You can also pass a Joy-Con controller to a friend to play the Super Mario Galaxy game in Co-Star Mode! Mario’s movements are as smooth as ever with HD resolution for each game, while still retaining the look and feel of the originals.  Listen to timeless Super Mario tunes Listen to a total of 175 iconic tunes from all three games! Whether you want to get up and dance or take a minute to relax—this collection has music to fit your mood!  Even when you aren’t playing, you can enjoy the sounds that these worlds (and galaxies!) are so famous for. With three games, modern upgrades, and music-player mode, this collection is filled with fun for both new players and 3D platforming Mario masters. Super Mario 3D All-Stars will be available as a limited-run retail edition and a digital edition that is available for a limited time until the end of March 2021. The physical version of Super Mario 3D All-Stars (released Sep. 18) will continue to be shipped to retailers and available for purchase through March 31, 2021 or while supplies last. The digital version of Super Mario 3D All-Stars will be available for purchase through March 31, 2021. Once the digital edition has been purchased on your Nintendo Account, it can be re-downloaded and played if deleted from your device.  Software compatibility and play experience may differ on Nintendo Switch Lite. Additional accessories may be required (sold separately). Terms apply.",2367,"['title: Amazing Game \ntext: Amazing product all the games are outstanding and it is totally worth it just hoping that there is a Wii Sports compilation pack for the switch', 'title: Barebones emulation \ntext: The product is a huge disappointment, in particular Mario sunshine which is borderline unplayable since Nintendo has ruined the controls in particular the camera controls. To make the problem even worse Gamecube controllers are not supported.', 'title: Yahoo! \ntext: A great bundle of games. Has some bugs but its still fun', ""title: All 3 Games in one cartridge \ntext: Don't even need internet to play all 3 games which is the main reason why I bought this.Super Mario 64 looks smoother and better than before.The controllers took a while to get used to again since the camera for SM64 was weird but cool at the time it came out.Super Mario Sunshine was also a bit awkward having the map at L1, I accidentally press it.  A & B have the same button action.The switch does have remapping the the system settings.""]",[0] is not related to the query. [1] is not related to the query. [2] is not related to the query. [3] is not related to the query.,0.0
How's the multiplayer capability of the product,"Play three of Mario’s greatest 3D platforming adventures—all in one package! Play three iconic games at home or on the go—all in one package on the Nintendo Switch system! Jump into paintings in Super Mario 64, clean up paint-like goop in Super Mario Sunshine, and fly from planet to planet in Super Mario Galaxy.  Run, jump, and dive with ease! Make Mario move using the Nintendo Switch system’s Joy-Con controllers. You can also pass a Joy-Con controller to a friend to play the Super Mario Galaxy game in Co-Star Mode! Mario’s movements are as smooth as ever with HD resolution for each game, while still retaining the look and feel of the originals.  Listen to timeless Super Mario tunes Listen to a total of 175 iconic tunes from all three games! Whether you want to get up and dance or take a minute to relax—this collection has music to fit your mood!  Even when you aren’t playing, you can enjoy the sounds that these worlds (and galaxies!) are so famous for. With three games, modern upgrades, and music-player mode, this collection is filled with fun for both new players and 3D platforming Mario masters. Super Mario 3D All-Stars will be available as a limited-run retail edition and a digital edition that is available for a limited time until the end of March 2021. The physical version of Super Mario 3D All-Stars (released Sep. 18) will continue to be shipped to retailers and available for purchase through March 31, 2021 or while supplies last. The digital version of Super Mario 3D All-Stars will be available for purchase through March 31, 2021. Once the digital edition has been purchased on your Nintendo Account, it can be re-downloaded and played if deleted from your device.  Software compatibility and play experience may differ on Nintendo Switch Lite. Additional accessories may be required (sold separately). Terms apply.",2456,"['title: Amazing Game \ntext: Amazing product all the games are outstanding and it is totally worth it just hoping that there is a Wii Sports compilation pack for the switch', 'title: Don’t let it fool you \ntext: You don’t actually play co-op. All single player. Don’t let it mislead you. Still good old school-ish games.', 'title: Amazing! \ntext: Great game to have! Perfect for the whole family to play with.', 'title: Yahoo! \ntext: A great bundle of games. Has some bugs but its still fun']","The comment highlights that the product does not offer a true cooperative multiplayer experience, as it is entirely single-player. Despite this, the games are still enjoyable and have an old-school feel to them [0]. [0] is not related to the query. [2] is not related to the query. [3] is not related to the query.",7.0
How's the multiplayer capability of the product,"Play three of Mario’s greatest 3D platforming adventures—all in one package! Play three iconic games at home or on the go—all in one package on the Nintendo Switch system! Jump into paintings in Super Mario 64, clean up paint-like goop in Super Mario Sunshine, and fly from planet to planet in Super Mario Galaxy.  Run, jump, and dive with ease! Make Mario move using the Nintendo Switch system’s Joy-Con controllers. You can also pass a Joy-Con controller to a friend to play the Super Mario Galaxy game in Co-Star Mode! Mario’s movements are as smooth as ever with HD resolution for each game, while still retaining the look and feel of the originals.  Listen to timeless Super Mario tunes Listen to a total of 175 iconic tunes from all three games! Whether you want to get up and dance or take a minute to relax—this collection has music to fit your mood!  Even when you aren’t playing, you can enjoy the sounds that these worlds (and galaxies!) are so famous for. With three games, modern upgrades, and music-player mode, this collection is filled with fun for both new players and 3D platforming Mario masters. Super Mario 3D All-Stars will be available as a limited-run retail edition and a digital edition that is available for a limited time until the end of March 2021. The physical version of Super Mario 3D All-Stars (released Sep. 18) will continue to be shipped to retailers and available for purchase through March 31, 2021 or while supplies last. The digital version of Super Mario 3D All-Stars will be available for purchase through March 31, 2021. Once the digital edition has been purchased on your Nintendo Account, it can be re-downloaded and played if deleted from your device.  Software compatibility and play experience may differ on Nintendo Switch Lite. Additional accessories may be required (sold separately). Terms apply.",2457,"['title: Amazing Game \ntext: Amazing product all the games are outstanding and it is totally worth it just hoping that there is a Wii Sports compilation pack for the switch', 'title: Don’t let it fool you \ntext: You don’t actually play co-op. All single player. Don’t let it mislead you. Still good old school-ish games.', 'title: Amazing! \ntext: Great game to have! Perfect for the whole family to play with.', ""title: All 3 Games in one cartridge \ntext: Don't even need internet to play all 3 games which is the main reason why I bought this.Super Mario 64 looks smoother and better than before.The controllers took a while to get used to again since the camera for SM64 was weird but cool at the time it came out.Super Mario Sunshine was also a bit awkward having the map at L1, I accidentally press it.  A & B have the same button action.The switch does have remapping the the system settings.""]","The comment highlights a misconception about the product's multiplayer capability, stating that despite appearances, the game is actually single-player and does not offer cooperative play. The commenter advises not to be misled by any suggestions of multiplayer features, although they still appreciate the game for its old-school charm [0]. [0] is not related to the query. [2] is not related to the query. [3] is not related to the query.",7.0
How's the multiplayer capability of the product,"Play three of Mario’s greatest 3D platforming adventures—all in one package! Play three iconic games at home or on the go—all in one package on the Nintendo Switch system! Jump into paintings in Super Mario 64, clean up paint-like goop in Super Mario Sunshine, and fly from planet to planet in Super Mario Galaxy.  Run, jump, and dive with ease! Make Mario move using the Nintendo Switch system’s Joy-Con controllers. You can also pass a Joy-Con controller to a friend to play the Super Mario Galaxy game in Co-Star Mode! Mario’s movements are as smooth as ever with HD resolution for each game, while still retaining the look and feel of the originals.  Listen to timeless Super Mario tunes Listen to a total of 175 iconic tunes from all three games! Whether you want to get up and dance or take a minute to relax—this collection has music to fit your mood!  Even when you aren’t playing, you can enjoy the sounds that these worlds (and galaxies!) are so famous for. With three games, modern upgrades, and music-player mode, this collection is filled with fun for both new players and 3D platforming Mario masters. Super Mario 3D All-Stars will be available as a limited-run retail edition and a digital edition that is available for a limited time until the end of March 2021. The physical version of Super Mario 3D All-Stars (released Sep. 18) will continue to be shipped to retailers and available for purchase through March 31, 2021 or while supplies last. The digital version of Super Mario 3D All-Stars will be available for purchase through March 31, 2021. Once the digital edition has been purchased on your Nintendo Account, it can be re-downloaded and played if deleted from your device.  Software compatibility and play experience may differ on Nintendo Switch Lite. Additional accessories may be required (sold separately). Terms apply.",2467,"['title: Amazing Game \ntext: Amazing product all the games are outstanding and it is totally worth it just hoping that there is a Wii Sports compilation pack for the switch', 'title: Don’t let it fool you \ntext: You don’t actually play co-op. All single player. Don’t let it mislead you. Still good old school-ish games.', 'title: Yahoo! \ntext: A great bundle of games. Has some bugs but its still fun', ""title: All 3 Games in one cartridge \ntext: Don't even need internet to play all 3 games which is the main reason why I bought this.Super Mario 64 looks smoother and better than before.The controllers took a while to get used to again since the camera for SM64 was weird but cool at the time it came out.Super Mario Sunshine was also a bit awkward having the map at L1, I accidentally press it.  A & B have the same button action.The switch does have remapping the the system settings.""]","The comment highlights that the product does not offer a true cooperative multiplayer experience, as it is entirely single-player, despite any implications to the contrary. However, it still provides a nostalgic gaming experience reminiscent of old-school games [0]. [0] is not related to the query. [2] is not related to the query. [3] is not related to the query.",7.0
How's the multiplayer capability of the product,"Play three of Mario’s greatest 3D platforming adventures—all in one package! Play three iconic games at home or on the go—all in one package on the Nintendo Switch system! Jump into paintings in Super Mario 64, clean up paint-like goop in Super Mario Sunshine, and fly from planet to planet in Super Mario Galaxy.  Run, jump, and dive with ease! Make Mario move using the Nintendo Switch system’s Joy-Con controllers. You can also pass a Joy-Con controller to a friend to play the Super Mario Galaxy game in Co-Star Mode! Mario’s movements are as smooth as ever with HD resolution for each game, while still retaining the look and feel of the originals.  Listen to timeless Super Mario tunes Listen to a total of 175 iconic tunes from all three games! Whether you want to get up and dance or take a minute to relax—this collection has music to fit your mood!  Even when you aren’t playing, you can enjoy the sounds that these worlds (and galaxies!) are so famous for. With three games, modern upgrades, and music-player mode, this collection is filled with fun for both new players and 3D platforming Mario masters. Super Mario 3D All-Stars will be available as a limited-run retail edition and a digital edition that is available for a limited time until the end of March 2021. The physical version of Super Mario 3D All-Stars (released Sep. 18) will continue to be shipped to retailers and available for purchase through March 31, 2021 or while supplies last. The digital version of Super Mario 3D All-Stars will be available for purchase through March 31, 2021. Once the digital edition has been purchased on your Nintendo Account, it can be re-downloaded and played if deleted from your device.  Software compatibility and play experience may differ on Nintendo Switch Lite. Additional accessories may be required (sold separately). Terms apply.",2567,"['title: Amazing Game \ntext: Amazing product all the games are outstanding and it is totally worth it just hoping that there is a Wii Sports compilation pack for the switch', 'title: Amazing! \ntext: Great game to have! Perfect for the whole family to play with.', 'title: Yahoo! \ntext: A great bundle of games. Has some bugs but its still fun', ""title: All 3 Games in one cartridge \ntext: Don't even need internet to play all 3 games which is the main reason why I bought this.Super Mario 64 looks smoother and better than before.The controllers took a while to get used to again since the camera for SM64 was weird but cool at the time it came out.Super Mario Sunshine was also a bit awkward having the map at L1, I accidentally press it.  A & B have the same button action.The switch does have remapping the the system settings.""]",[0] is not related to the query. [1] is not related to the query. [2] is not related to the query. [3] is not related to the query.,0.0
How's the multiplayer capability of the product,"Play three of Mario’s greatest 3D platforming adventures—all in one package! Play three iconic games at home or on the go—all in one package on the Nintendo Switch system! Jump into paintings in Super Mario 64, clean up paint-like goop in Super Mario Sunshine, and fly from planet to planet in Super Mario Galaxy.  Run, jump, and dive with ease! Make Mario move using the Nintendo Switch system’s Joy-Con controllers. You can also pass a Joy-Con controller to a friend to play the Super Mario Galaxy game in Co-Star Mode! Mario’s movements are as smooth as ever with HD resolution for each game, while still retaining the look and feel of the originals.  Listen to timeless Super Mario tunes Listen to a total of 175 iconic tunes from all three games! Whether you want to get up and dance or take a minute to relax—this collection has music to fit your mood!  Even when you aren’t playing, you can enjoy the sounds that these worlds (and galaxies!) are so famous for. With three games, modern upgrades, and music-player mode, this collection is filled with fun for both new players and 3D platforming Mario masters. Super Mario 3D All-Stars will be available as a limited-run retail edition and a digital edition that is available for a limited time until the end of March 2021. The physical version of Super Mario 3D All-Stars (released Sep. 18) will continue to be shipped to retailers and available for purchase through March 31, 2021 or while supplies last. The digital version of Super Mario 3D All-Stars will be available for purchase through March 31, 2021. Once the digital edition has been purchased on your Nintendo Account, it can be re-downloaded and played if deleted from your device.  Software compatibility and play experience may differ on Nintendo Switch Lite. Additional accessories may be required (sold separately). Terms apply.",3456,"['title: Barebones emulation \ntext: The product is a huge disappointment, in particular Mario sunshine which is borderline unplayable since Nintendo has ruined the controls in particular the camera controls. To make the problem even worse Gamecube controllers are not supported.', 'title: Don’t let it fool you \ntext: You don’t actually play co-op. All single player. Don’t let it mislead you. Still good old school-ish games.', 'title: Amazing! \ntext: Great game to have! Perfect for the whole family to play with.', 'title: Yahoo! \ntext: A great bundle of games. Has some bugs but its still fun']","The comment highlights a misconception about the product's multiplayer capability, stating that despite any indications of cooperative play, the game is actually single-player only. The commenter warns others not to be misled by this, although they still appreciate the game for its old-school charm [0]. [0] is not related to the query. [2] is not related to the query. [3] is not related to the query.",7.0
How's the multiplayer capability of the product,"Play three of Mario’s greatest 3D platforming adventures—all in one package! Play three iconic games at home or on the go—all in one package on the Nintendo Switch system! Jump into paintings in Super Mario 64, clean up paint-like goop in Super Mario Sunshine, and fly from planet to planet in Super Mario Galaxy.  Run, jump, and dive with ease! Make Mario move using the Nintendo Switch system’s Joy-Con controllers. You can also pass a Joy-Con controller to a friend to play the Super Mario Galaxy game in Co-Star Mode! Mario’s movements are as smooth as ever with HD resolution for each game, while still retaining the look and feel of the originals.  Listen to timeless Super Mario tunes Listen to a total of 175 iconic tunes from all three games! Whether you want to get up and dance or take a minute to relax—this collection has music to fit your mood!  Even when you aren’t playing, you can enjoy the sounds that these worlds (and galaxies!) are so famous for. With three games, modern upgrades, and music-player mode, this collection is filled with fun for both new players and 3D platforming Mario masters. Super Mario 3D All-Stars will be available as a limited-run retail edition and a digital edition that is available for a limited time until the end of March 2021. The physical version of Super Mario 3D All-Stars (released Sep. 18) will continue to be shipped to retailers and available for purchase through March 31, 2021 or while supplies last. The digital version of Super Mario 3D All-Stars will be available for purchase through March 31, 2021. Once the digital edition has been purchased on your Nintendo Account, it can be re-downloaded and played if deleted from your device.  Software compatibility and play experience may differ on Nintendo Switch Lite. Additional accessories may be required (sold separately). Terms apply.",3457,"['title: Barebones emulation \ntext: The product is a huge disappointment, in particular Mario sunshine which is borderline unplayable since Nintendo has ruined the controls in particular the camera controls. To make the problem even worse Gamecube controllers are not supported.', 'title: Don’t let it fool you \ntext: You don’t actually play co-op. All single player. Don’t let it mislead you. Still good old school-ish games.', 'title: Amazing! \ntext: Great game to have! Perfect for the whole family to play with.', ""title: All 3 Games in one cartridge \ntext: Don't even need internet to play all 3 games which is the main reason why I bought this.Super Mario 64 looks smoother and better than before.The controllers took a while to get used to again since the camera for SM64 was weird but cool at the time it came out.Super Mario Sunshine was also a bit awkward having the map at L1, I accidentally press it.  A & B have the same button action.The switch does have remapping the the system settings.""]","The comment highlights that the product does not offer a true co-op multiplayer experience, as it is entirely single-player. Despite this, the games maintain a classic, old-school feel, which may still appeal to some users [0]. [0] is not related to the query. [2] is not related to the query. [3] is not related to the query.",7.0
How's the multiplayer capability of the product,"Play three of Mario’s greatest 3D platforming adventures—all in one package! Play three iconic games at home or on the go—all in one package on the Nintendo Switch system! Jump into paintings in Super Mario 64, clean up paint-like goop in Super Mario Sunshine, and fly from planet to planet in Super Mario Galaxy.  Run, jump, and dive with ease! Make Mario move using the Nintendo Switch system’s Joy-Con controllers. You can also pass a Joy-Con controller to a friend to play the Super Mario Galaxy game in Co-Star Mode! Mario’s movements are as smooth as ever with HD resolution for each game, while still retaining the look and feel of the originals.  Listen to timeless Super Mario tunes Listen to a total of 175 iconic tunes from all three games! Whether you want to get up and dance or take a minute to relax—this collection has music to fit your mood!  Even when you aren’t playing, you can enjoy the sounds that these worlds (and galaxies!) are so famous for. With three games, modern upgrades, and music-player mode, this collection is filled with fun for both new players and 3D platforming Mario masters. Super Mario 3D All-Stars will be available as a limited-run retail edition and a digital edition that is available for a limited time until the end of March 2021. The physical version of Super Mario 3D All-Stars (released Sep. 18) will continue to be shipped to retailers and available for purchase through March 31, 2021 or while supplies last. The digital version of Super Mario 3D All-Stars will be available for purchase through March 31, 2021. Once the digital edition has been purchased on your Nintendo Account, it can be re-downloaded and played if deleted from your device.  Software compatibility and play experience may differ on Nintendo Switch Lite. Additional accessories may be required (sold separately). Terms apply.",3467,"['title: Barebones emulation \ntext: The product is a huge disappointment, in particular Mario sunshine which is borderline unplayable since Nintendo has ruined the controls in particular the camera controls. To make the problem even worse Gamecube controllers are not supported.', 'title: Don’t let it fool you \ntext: You don’t actually play co-op. All single player. Don’t let it mislead you. Still good old school-ish games.', 'title: Yahoo! \ntext: A great bundle of games. Has some bugs but its still fun', ""title: All 3 Games in one cartridge \ntext: Don't even need internet to play all 3 games which is the main reason why I bought this.Super Mario 64 looks smoother and better than before.The controllers took a while to get used to again since the camera for SM64 was weird but cool at the time it came out.Super Mario Sunshine was also a bit awkward having the map at L1, I accidentally press it.  A & B have the same button action.The switch does have remapping the the system settings.""]","The comment highlights that the product does not offer a true cooperative multiplayer experience, as it is entirely single-player, despite any implications to the contrary. However, it still maintains its appeal as a classic-style game.[0] [0] is not related to the query. [2] is not related to the query. [3] is not related to the query.",7.0
How's the multiplayer capability of the product,"Play three of Mario’s greatest 3D platforming adventures—all in one package! Play three iconic games at home or on the go—all in one package on the Nintendo Switch system! Jump into paintings in Super Mario 64, clean up paint-like goop in Super Mario Sunshine, and fly from planet to planet in Super Mario Galaxy.  Run, jump, and dive with ease! Make Mario move using the Nintendo Switch system’s Joy-Con controllers. You can also pass a Joy-Con controller to a friend to play the Super Mario Galaxy game in Co-Star Mode! Mario’s movements are as smooth as ever with HD resolution for each game, while still retaining the look and feel of the originals.  Listen to timeless Super Mario tunes Listen to a total of 175 iconic tunes from all three games! Whether you want to get up and dance or take a minute to relax—this collection has music to fit your mood!  Even when you aren’t playing, you can enjoy the sounds that these worlds (and galaxies!) are so famous for. With three games, modern upgrades, and music-player mode, this collection is filled with fun for both new players and 3D platforming Mario masters. Super Mario 3D All-Stars will be available as a limited-run retail edition and a digital edition that is available for a limited time until the end of March 2021. The physical version of Super Mario 3D All-Stars (released Sep. 18) will continue to be shipped to retailers and available for purchase through March 31, 2021 or while supplies last. The digital version of Super Mario 3D All-Stars will be available for purchase through March 31, 2021. Once the digital edition has been purchased on your Nintendo Account, it can be re-downloaded and played if deleted from your device.  Software compatibility and play experience may differ on Nintendo Switch Lite. Additional accessories may be required (sold separately). Terms apply.",3567,"['title: Barebones emulation \ntext: The product is a huge disappointment, in particular Mario sunshine which is borderline unplayable since Nintendo has ruined the controls in particular the camera controls. To make the problem even worse Gamecube controllers are not supported.', 'title: Amazing! \ntext: Great game to have! Perfect for the whole family to play with.', 'title: Yahoo! \ntext: A great bundle of games. Has some bugs but its still fun', ""title: All 3 Games in one cartridge \ntext: Don't even need internet to play all 3 games which is the main reason why I bought this.Super Mario 64 looks smoother and better than before.The controllers took a while to get used to again since the camera for SM64 was weird but cool at the time it came out.Super Mario Sunshine was also a bit awkward having the map at L1, I accidentally press it.  A & B have the same button action.The switch does have remapping the the system settings.""]",[0] is not related to the query. [1] is not related to the query. [2] is not related to the query. [3] is not related to the query.,0.0
How's the multiplayer capability of the product,"Play three of Mario’s greatest 3D platforming adventures—all in one package! Play three iconic games at home or on the go—all in one package on the Nintendo Switch system! Jump into paintings in Super Mario 64, clean up paint-like goop in Super Mario Sunshine, and fly from planet to planet in Super Mario Galaxy.  Run, jump, and dive with ease! Make Mario move using the Nintendo Switch system’s Joy-Con controllers. You can also pass a Joy-Con controller to a friend to play the Super Mario Galaxy game in Co-Star Mode! Mario’s movements are as smooth as ever with HD resolution for each game, while still retaining the look and feel of the originals.  Listen to timeless Super Mario tunes Listen to a total of 175 iconic tunes from all three games! Whether you want to get up and dance or take a minute to relax—this collection has music to fit your mood!  Even when you aren’t playing, you can enjoy the sounds that these worlds (and galaxies!) are so famous for. With three games, modern upgrades, and music-player mode, this collection is filled with fun for both new players and 3D platforming Mario masters. Super Mario 3D All-Stars will be available as a limited-run retail edition and a digital edition that is available for a limited time until the end of March 2021. The physical version of Super Mario 3D All-Stars (released Sep. 18) will continue to be shipped to retailers and available for purchase through March 31, 2021 or while supplies last. The digital version of Super Mario 3D All-Stars will be available for purchase through March 31, 2021. Once the digital edition has been purchased on your Nintendo Account, it can be re-downloaded and played if deleted from your device.  Software compatibility and play experience may differ on Nintendo Switch Lite. Additional accessories may be required (sold separately). Terms apply.",4567,"['title: Don’t let it fool you \ntext: You don’t actually play co-op. All single player. Don’t let it mislead you. Still good old school-ish games.', 'title: Amazing! \ntext: Great game to have! Perfect for the whole family to play with.', 'title: Yahoo! \ntext: A great bundle of games. Has some bugs but its still fun', ""title: All 3 Games in one cartridge \ntext: Don't even need internet to play all 3 games which is the main reason why I bought this.Super Mario 64 looks smoother and better than before.The controllers took a while to get used to again since the camera for SM64 was weird but cool at the time it came out.Super Mario Sunshine was also a bit awkward having the map at L1, I accidentally press it.  A & B have the same button action.The switch does have remapping the the system settings.""]","The comment highlights that despite the product's presentation, it does not offer a true cooperative multiplayer experience. Instead, it is entirely single-player, which may be misleading to some users. However, the product still retains its appeal as a good old-school style game [0]. [1] is not related to the query. [2] is not related to the query. [3] is not related to the query.",7.0
How's the multiplayer capability of the product,"Play three of Mario’s greatest 3D platforming adventures—all in one package! Play three iconic games at home or on the go—all in one package on the Nintendo Switch system! Jump into paintings in Super Mario 64, clean up paint-like goop in Super Mario Sunshine, and fly from planet to planet in Super Mario Galaxy.  Run, jump, and dive with ease! Make Mario move using the Nintendo Switch system’s Joy-Con controllers. You can also pass a Joy-Con controller to a friend to play the Super Mario Galaxy game in Co-Star Mode! Mario’s movements are as smooth as ever with HD resolution for each game, while still retaining the look and feel of the originals.  Listen to timeless Super Mario tunes Listen to a total of 175 iconic tunes from all three games! Whether you want to get up and dance or take a minute to relax—this collection has music to fit your mood!  Even when you aren’t playing, you can enjoy the sounds that these worlds (and galaxies!) are so famous for. With three games, modern upgrades, and music-player mode, this collection is filled with fun for both new players and 3D platforming Mario masters. Super Mario 3D All-Stars will be available as a limited-run retail edition and a digital edition that is available for a limited time until the end of March 2021. The physical version of Super Mario 3D All-Stars (released Sep. 18) will continue to be shipped to retailers and available for purchase through March 31, 2021 or while supplies last. The digital version of Super Mario 3D All-Stars will be available for purchase through March 31, 2021. Once the digital edition has been purchased on your Nintendo Account, it can be re-downloaded and played if deleted from your device.  Software compatibility and play experience may differ on Nintendo Switch Lite. Additional accessories may be required (sold separately). Terms apply.",01234,"[""title: Not two player as described \ntext: Says one or two players, means if you're willing to cut your remote in half two people can control half of one player"", 'title: Decent \ntext: This game is a little deceiving, it says it’s 2 players but it’s not really a good 2 player. Like you get to float around them. But not actually play.Really fun 1 player though!', 'title: Amazing Game \ntext: Amazing product all the games are outstanding and it is totally worth it just hoping that there is a Wii Sports compilation pack for the switch', 'title: Barebones emulation \ntext: The product is a huge disappointment, in particular Mario sunshine which is borderline unplayable since Nintendo has ruined the controls in particular the camera controls. To make the problem even worse Gamecube controllers are not supported.', 'title: Don’t let it fool you \ntext: You don’t actually play co-op. All single player. Don’t let it mislead you. Still good old school-ish games.']","The product's multiplayer capability has been criticized by users for being misleading. Although it is advertised as supporting one or two players, users have reported that the multiplayer experience is not as expected. One user mentioned that the game requires players to share a single controller, effectively splitting control between two people, which does not constitute a true two-player mode [0]. Another user noted that while the game claims to support two players, the second player merely floats around the main player without engaging in actual gameplay, making it more of a single-player experience [1]. Additionally, a user warned others not to be misled by the co-op claim, as the game is essentially a single-player experience despite its old-school charm [2]. [2] is not related to the query. [3] is not related to the query.",10.0
How's the multiplayer capability of the product,"Play three of Mario’s greatest 3D platforming adventures—all in one package! Play three iconic games at home or on the go—all in one package on the Nintendo Switch system! Jump into paintings in Super Mario 64, clean up paint-like goop in Super Mario Sunshine, and fly from planet to planet in Super Mario Galaxy.  Run, jump, and dive with ease! Make Mario move using the Nintendo Switch system’s Joy-Con controllers. You can also pass a Joy-Con controller to a friend to play the Super Mario Galaxy game in Co-Star Mode! Mario’s movements are as smooth as ever with HD resolution for each game, while still retaining the look and feel of the originals.  Listen to timeless Super Mario tunes Listen to a total of 175 iconic tunes from all three games! Whether you want to get up and dance or take a minute to relax—this collection has music to fit your mood!  Even when you aren’t playing, you can enjoy the sounds that these worlds (and galaxies!) are so famous for. With three games, modern upgrades, and music-player mode, this collection is filled with fun for both new players and 3D platforming Mario masters. Super Mario 3D All-Stars will be available as a limited-run retail edition and a digital edition that is available for a limited time until the end of March 2021. The physical version of Super Mario 3D All-Stars (released Sep. 18) will continue to be shipped to retailers and available for purchase through March 31, 2021 or while supplies last. The digital version of Super Mario 3D All-Stars will be available for purchase through March 31, 2021. Once the digital edition has been purchased on your Nintendo Account, it can be re-downloaded and played if deleted from your device.  Software compatibility and play experience may differ on Nintendo Switch Lite. Additional accessories may be required (sold separately). Terms apply.",01235,"[""title: Not two player as described \ntext: Says one or two players, means if you're willing to cut your remote in half two people can control half of one player"", 'title: Decent \ntext: This game is a little deceiving, it says it’s 2 players but it’s not really a good 2 player. Like you get to float around them. But not actually play.Really fun 1 player though!', 'title: Amazing Game \ntext: Amazing product all the games are outstanding and it is totally worth it just hoping that there is a Wii Sports compilation pack for the switch', 'title: Barebones emulation \ntext: The product is a huge disappointment, in particular Mario sunshine which is borderline unplayable since Nintendo has ruined the controls in particular the camera controls. To make the problem even worse Gamecube controllers are not supported.', 'title: Amazing! \ntext: Great game to have! Perfect for the whole family to play with.']","The product is advertised as supporting one or two players, but users have expressed dissatisfaction with its multiplayer capability. One comment suggests that the two-player mode requires sharing a single controller, which limits the experience[0]. Another comment indicates that while the game claims to support two players, the second player has a limited role, merely floating around rather than actively participating, making it more suitable for single-player enjoyment[1]. [2] is not related to the query. [3] is not related to the query. [4] is not related to the query.",9.0
How's the multiplayer capability of the product,"Play three of Mario’s greatest 3D platforming adventures—all in one package! Play three iconic games at home or on the go—all in one package on the Nintendo Switch system! Jump into paintings in Super Mario 64, clean up paint-like goop in Super Mario Sunshine, and fly from planet to planet in Super Mario Galaxy.  Run, jump, and dive with ease! Make Mario move using the Nintendo Switch system’s Joy-Con controllers. You can also pass a Joy-Con controller to a friend to play the Super Mario Galaxy game in Co-Star Mode! Mario’s movements are as smooth as ever with HD resolution for each game, while still retaining the look and feel of the originals.  Listen to timeless Super Mario tunes Listen to a total of 175 iconic tunes from all three games! Whether you want to get up and dance or take a minute to relax—this collection has music to fit your mood!  Even when you aren’t playing, you can enjoy the sounds that these worlds (and galaxies!) are so famous for. With three games, modern upgrades, and music-player mode, this collection is filled with fun for both new players and 3D platforming Mario masters. Super Mario 3D All-Stars will be available as a limited-run retail edition and a digital edition that is available for a limited time until the end of March 2021. The physical version of Super Mario 3D All-Stars (released Sep. 18) will continue to be shipped to retailers and available for purchase through March 31, 2021 or while supplies last. The digital version of Super Mario 3D All-Stars will be available for purchase through March 31, 2021. Once the digital edition has been purchased on your Nintendo Account, it can be re-downloaded and played if deleted from your device.  Software compatibility and play experience may differ on Nintendo Switch Lite. Additional accessories may be required (sold separately). Terms apply.",01236,"[""title: Not two player as described \ntext: Says one or two players, means if you're willing to cut your remote in half two people can control half of one player"", 'title: Decent \ntext: This game is a little deceiving, it says it’s 2 players but it’s not really a good 2 player. Like you get to float around them. But not actually play.Really fun 1 player though!', 'title: Amazing Game \ntext: Amazing product all the games are outstanding and it is totally worth it just hoping that there is a Wii Sports compilation pack for the switch', 'title: Barebones emulation \ntext: The product is a huge disappointment, in particular Mario sunshine which is borderline unplayable since Nintendo has ruined the controls in particular the camera controls. To make the problem even worse Gamecube controllers are not supported.', 'title: Yahoo! \ntext: A great bundle of games. Has some bugs but its still fun']","The comments highlight issues with the multiplayer capability of the product. One user points out that although the product is advertised as supporting one or two players, the multiplayer experience is misleading, as it requires sharing a single controller between two people, effectively controlling half of one player each [0]. Another user echoes this sentiment, noting that while the game claims to support two players, the experience is not satisfactory, as the second player can only 'float around' rather than actively participate. However, the game is noted to be enjoyable for single-player use [1]. [2] is not related to the query. [3] is not related to the query. [4] is not related to the query.",9.0
How's the multiplayer capability of the product,"Play three of Mario’s greatest 3D platforming adventures—all in one package! Play three iconic games at home or on the go—all in one package on the Nintendo Switch system! Jump into paintings in Super Mario 64, clean up paint-like goop in Super Mario Sunshine, and fly from planet to planet in Super Mario Galaxy.  Run, jump, and dive with ease! Make Mario move using the Nintendo Switch system’s Joy-Con controllers. You can also pass a Joy-Con controller to a friend to play the Super Mario Galaxy game in Co-Star Mode! Mario’s movements are as smooth as ever with HD resolution for each game, while still retaining the look and feel of the originals.  Listen to timeless Super Mario tunes Listen to a total of 175 iconic tunes from all three games! Whether you want to get up and dance or take a minute to relax—this collection has music to fit your mood!  Even when you aren’t playing, you can enjoy the sounds that these worlds (and galaxies!) are so famous for. With three games, modern upgrades, and music-player mode, this collection is filled with fun for both new players and 3D platforming Mario masters. Super Mario 3D All-Stars will be available as a limited-run retail edition and a digital edition that is available for a limited time until the end of March 2021. The physical version of Super Mario 3D All-Stars (released Sep. 18) will continue to be shipped to retailers and available for purchase through March 31, 2021 or while supplies last. The digital version of Super Mario 3D All-Stars will be available for purchase through March 31, 2021. Once the digital edition has been purchased on your Nintendo Account, it can be re-downloaded and played if deleted from your device.  Software compatibility and play experience may differ on Nintendo Switch Lite. Additional accessories may be required (sold separately). Terms apply.",01237,"[""title: Not two player as described \ntext: Says one or two players, means if you're willing to cut your remote in half two people can control half of one player"", 'title: Decent \ntext: This game is a little deceiving, it says it’s 2 players but it’s not really a good 2 player. Like you get to float around them. But not actually play.Really fun 1 player though!', 'title: Amazing Game \ntext: Amazing product all the games are outstanding and it is totally worth it just hoping that there is a Wii Sports compilation pack for the switch', 'title: Barebones emulation \ntext: The product is a huge disappointment, in particular Mario sunshine which is borderline unplayable since Nintendo has ruined the controls in particular the camera controls. To make the problem even worse Gamecube controllers are not supported.', ""title: All 3 Games in one cartridge \ntext: Don't even need internet to play all 3 games which is the main reason why I bought this.Super Mario 64 looks smoother and better than before.The controllers took a while to get used to again since the camera for SM64 was weird but cool at the time it came out.Super Mario Sunshine was also a bit awkward having the map at L1, I accidentally press it.  A & B have the same button action.The switch does have remapping the the system settings.""]","The product is advertised as supporting one or two players, but users have expressed dissatisfaction with its multiplayer capabilities. One comment suggests that the two-player mode requires sharing a single controller, which limits the experience[0]. Another comment indicates that while the game claims to support two players, the second player has a limited role, merely floating around the main player rather than actively participating in the gameplay[1]. [2] is not related to the query. [3] is not related to the query. [4] is not related to the query.",9.0
How's the multiplayer capability of the product,"Play three of Mario’s greatest 3D platforming adventures—all in one package! Play three iconic games at home or on the go—all in one package on the Nintendo Switch system! Jump into paintings in Super Mario 64, clean up paint-like goop in Super Mario Sunshine, and fly from planet to planet in Super Mario Galaxy.  Run, jump, and dive with ease! Make Mario move using the Nintendo Switch system’s Joy-Con controllers. You can also pass a Joy-Con controller to a friend to play the Super Mario Galaxy game in Co-Star Mode! Mario’s movements are as smooth as ever with HD resolution for each game, while still retaining the look and feel of the originals.  Listen to timeless Super Mario tunes Listen to a total of 175 iconic tunes from all three games! Whether you want to get up and dance or take a minute to relax—this collection has music to fit your mood!  Even when you aren’t playing, you can enjoy the sounds that these worlds (and galaxies!) are so famous for. With three games, modern upgrades, and music-player mode, this collection is filled with fun for both new players and 3D platforming Mario masters. Super Mario 3D All-Stars will be available as a limited-run retail edition and a digital edition that is available for a limited time until the end of March 2021. The physical version of Super Mario 3D All-Stars (released Sep. 18) will continue to be shipped to retailers and available for purchase through March 31, 2021 or while supplies last. The digital version of Super Mario 3D All-Stars will be available for purchase through March 31, 2021. Once the digital edition has been purchased on your Nintendo Account, it can be re-downloaded and played if deleted from your device.  Software compatibility and play experience may differ on Nintendo Switch Lite. Additional accessories may be required (sold separately). Terms apply.",01245,"[""title: Not two player as described \ntext: Says one or two players, means if you're willing to cut your remote in half two people can control half of one player"", 'title: Decent \ntext: This game is a little deceiving, it says it’s 2 players but it’s not really a good 2 player. Like you get to float around them. But not actually play.Really fun 1 player though!', 'title: Amazing Game \ntext: Amazing product all the games are outstanding and it is totally worth it just hoping that there is a Wii Sports compilation pack for the switch', 'title: Don’t let it fool you \ntext: You don’t actually play co-op. All single player. Don’t let it mislead you. Still good old school-ish games.', 'title: Amazing! \ntext: Great game to have! Perfect for the whole family to play with.']","The comments collectively express dissatisfaction with the multiplayer capability of the product. Users report that although the product is advertised as supporting one or two players, the multiplayer experience is misleading. One comment suggests that the only way for two players to participate is by sharing a single controller, effectively splitting control between them, which is not a true multiplayer experience [0]. Another comment describes the two-player mode as inadequate, where the second player merely floats around rather than actively participating, making it more of a single-player game [1]. Additionally, it is noted that the game does not offer a cooperative mode, despite suggestions to the contrary, and is primarily a single-player experience [2]. [2] is not related to the query. [4] is not related to the query.",10.0
How's the multiplayer capability of the product,"Play three of Mario’s greatest 3D platforming adventures—all in one package! Play three iconic games at home or on the go—all in one package on the Nintendo Switch system! Jump into paintings in Super Mario 64, clean up paint-like goop in Super Mario Sunshine, and fly from planet to planet in Super Mario Galaxy.  Run, jump, and dive with ease! Make Mario move using the Nintendo Switch system’s Joy-Con controllers. You can also pass a Joy-Con controller to a friend to play the Super Mario Galaxy game in Co-Star Mode! Mario’s movements are as smooth as ever with HD resolution for each game, while still retaining the look and feel of the originals.  Listen to timeless Super Mario tunes Listen to a total of 175 iconic tunes from all three games! Whether you want to get up and dance or take a minute to relax—this collection has music to fit your mood!  Even when you aren’t playing, you can enjoy the sounds that these worlds (and galaxies!) are so famous for. With three games, modern upgrades, and music-player mode, this collection is filled with fun for both new players and 3D platforming Mario masters. Super Mario 3D All-Stars will be available as a limited-run retail edition and a digital edition that is available for a limited time until the end of March 2021. The physical version of Super Mario 3D All-Stars (released Sep. 18) will continue to be shipped to retailers and available for purchase through March 31, 2021 or while supplies last. The digital version of Super Mario 3D All-Stars will be available for purchase through March 31, 2021. Once the digital edition has been purchased on your Nintendo Account, it can be re-downloaded and played if deleted from your device.  Software compatibility and play experience may differ on Nintendo Switch Lite. Additional accessories may be required (sold separately). Terms apply.",01246,"[""title: Not two player as described \ntext: Says one or two players, means if you're willing to cut your remote in half two people can control half of one player"", 'title: Decent \ntext: This game is a little deceiving, it says it’s 2 players but it’s not really a good 2 player. Like you get to float around them. But not actually play.Really fun 1 player though!', 'title: Amazing Game \ntext: Amazing product all the games are outstanding and it is totally worth it just hoping that there is a Wii Sports compilation pack for the switch', 'title: Don’t let it fool you \ntext: You don’t actually play co-op. All single player. Don’t let it mislead you. Still good old school-ish games.', 'title: Yahoo! \ntext: A great bundle of games. Has some bugs but its still fun']","The comments collectively express dissatisfaction with the multiplayer capability of the product, highlighting that it is misleadingly advertised as a two-player game. One comment suggests that the game claims to support two players, but in reality, it requires players to share a single controller, effectively limiting the experience to one player controlling half of the character each [0]. Another comment describes the two-player mode as inadequate, allowing the second player to merely float around rather than actively participate, although it acknowledges the game is enjoyable in single-player mode [1]. Additionally, a comment warns that the game does not offer a true cooperative experience, emphasizing that it is essentially a single-player game despite its claims [2]. [2] is not related to the query. [4] is not related to the query.",10.0
How's the multiplayer capability of the product,"Play three of Mario’s greatest 3D platforming adventures—all in one package! Play three iconic games at home or on the go—all in one package on the Nintendo Switch system! Jump into paintings in Super Mario 64, clean up paint-like goop in Super Mario Sunshine, and fly from planet to planet in Super Mario Galaxy.  Run, jump, and dive with ease! Make Mario move using the Nintendo Switch system’s Joy-Con controllers. You can also pass a Joy-Con controller to a friend to play the Super Mario Galaxy game in Co-Star Mode! Mario’s movements are as smooth as ever with HD resolution for each game, while still retaining the look and feel of the originals.  Listen to timeless Super Mario tunes Listen to a total of 175 iconic tunes from all three games! Whether you want to get up and dance or take a minute to relax—this collection has music to fit your mood!  Even when you aren’t playing, you can enjoy the sounds that these worlds (and galaxies!) are so famous for. With three games, modern upgrades, and music-player mode, this collection is filled with fun for both new players and 3D platforming Mario masters. Super Mario 3D All-Stars will be available as a limited-run retail edition and a digital edition that is available for a limited time until the end of March 2021. The physical version of Super Mario 3D All-Stars (released Sep. 18) will continue to be shipped to retailers and available for purchase through March 31, 2021 or while supplies last. The digital version of Super Mario 3D All-Stars will be available for purchase through March 31, 2021. Once the digital edition has been purchased on your Nintendo Account, it can be re-downloaded and played if deleted from your device.  Software compatibility and play experience may differ on Nintendo Switch Lite. Additional accessories may be required (sold separately). Terms apply.",01247,"[""title: Not two player as described \ntext: Says one or two players, means if you're willing to cut your remote in half two people can control half of one player"", 'title: Decent \ntext: This game is a little deceiving, it says it’s 2 players but it’s not really a good 2 player. Like you get to float around them. But not actually play.Really fun 1 player though!', 'title: Amazing Game \ntext: Amazing product all the games are outstanding and it is totally worth it just hoping that there is a Wii Sports compilation pack for the switch', 'title: Don’t let it fool you \ntext: You don’t actually play co-op. All single player. Don’t let it mislead you. Still good old school-ish games.', ""title: All 3 Games in one cartridge \ntext: Don't even need internet to play all 3 games which is the main reason why I bought this.Super Mario 64 looks smoother and better than before.The controllers took a while to get used to again since the camera for SM64 was weird but cool at the time it came out.Super Mario Sunshine was also a bit awkward having the map at L1, I accidentally press it.  A & B have the same button action.The switch does have remapping the the system settings.""]","The multiplayer capability of the product has been criticized by users for being misleading. Although the product is advertised as supporting one or two players, users have reported that the two-player mode is not as expected. One user mentioned that the game suggests two players can play, but this requires splitting the remote, which effectively means two people control parts of a single player rather than having a true two-player experience [0]. Another user echoed this sentiment, stating that while the game claims to support two players, it does not provide a genuine two-player experience, as the second player merely floats around rather than actively participating [1]. Additionally, a third user pointed out that the game does not offer a cooperative play mode, despite suggestions to the contrary, and is essentially a single-player experience [2]. [2] is not related to the query. [4] is not related to the query.",10.0
How's the multiplayer capability of the product,"Play three of Mario’s greatest 3D platforming adventures—all in one package! Play three iconic games at home or on the go—all in one package on the Nintendo Switch system! Jump into paintings in Super Mario 64, clean up paint-like goop in Super Mario Sunshine, and fly from planet to planet in Super Mario Galaxy.  Run, jump, and dive with ease! Make Mario move using the Nintendo Switch system’s Joy-Con controllers. You can also pass a Joy-Con controller to a friend to play the Super Mario Galaxy game in Co-Star Mode! Mario’s movements are as smooth as ever with HD resolution for each game, while still retaining the look and feel of the originals.  Listen to timeless Super Mario tunes Listen to a total of 175 iconic tunes from all three games! Whether you want to get up and dance or take a minute to relax—this collection has music to fit your mood!  Even when you aren’t playing, you can enjoy the sounds that these worlds (and galaxies!) are so famous for. With three games, modern upgrades, and music-player mode, this collection is filled with fun for both new players and 3D platforming Mario masters. Super Mario 3D All-Stars will be available as a limited-run retail edition and a digital edition that is available for a limited time until the end of March 2021. The physical version of Super Mario 3D All-Stars (released Sep. 18) will continue to be shipped to retailers and available for purchase through March 31, 2021 or while supplies last. The digital version of Super Mario 3D All-Stars will be available for purchase through March 31, 2021. Once the digital edition has been purchased on your Nintendo Account, it can be re-downloaded and played if deleted from your device.  Software compatibility and play experience may differ on Nintendo Switch Lite. Additional accessories may be required (sold separately). Terms apply.",01256,"[""title: Not two player as described \ntext: Says one or two players, means if you're willing to cut your remote in half two people can control half of one player"", 'title: Decent \ntext: This game is a little deceiving, it says it’s 2 players but it’s not really a good 2 player. Like you get to float around them. But not actually play.Really fun 1 player though!', 'title: Amazing Game \ntext: Amazing product all the games are outstanding and it is totally worth it just hoping that there is a Wii Sports compilation pack for the switch', 'title: Amazing! \ntext: Great game to have! Perfect for the whole family to play with.', 'title: Yahoo! \ntext: A great bundle of games. Has some bugs but its still fun']","The comments highlight issues with the multiplayer capability of the product. One user points out that although the product is advertised as supporting one or two players, the multiplayer experience is misleading, as it requires sharing a single controller between two people, effectively allowing them to control only half of one player [0]. Another user echoes this sentiment, noting that while the game claims to support two players, the experience is not satisfactory, as the second player can only 'float around' rather than actively participate in gameplay. However, the game is noted to be enjoyable for single-player use [1]. [2] is not related to the query. [3] is not related to the query. [4] is not related to the query.",9.0
How's the multiplayer capability of the product,"Play three of Mario’s greatest 3D platforming adventures—all in one package! Play three iconic games at home or on the go—all in one package on the Nintendo Switch system! Jump into paintings in Super Mario 64, clean up paint-like goop in Super Mario Sunshine, and fly from planet to planet in Super Mario Galaxy.  Run, jump, and dive with ease! Make Mario move using the Nintendo Switch system’s Joy-Con controllers. You can also pass a Joy-Con controller to a friend to play the Super Mario Galaxy game in Co-Star Mode! Mario’s movements are as smooth as ever with HD resolution for each game, while still retaining the look and feel of the originals.  Listen to timeless Super Mario tunes Listen to a total of 175 iconic tunes from all three games! Whether you want to get up and dance or take a minute to relax—this collection has music to fit your mood!  Even when you aren’t playing, you can enjoy the sounds that these worlds (and galaxies!) are so famous for. With three games, modern upgrades, and music-player mode, this collection is filled with fun for both new players and 3D platforming Mario masters. Super Mario 3D All-Stars will be available as a limited-run retail edition and a digital edition that is available for a limited time until the end of March 2021. The physical version of Super Mario 3D All-Stars (released Sep. 18) will continue to be shipped to retailers and available for purchase through March 31, 2021 or while supplies last. The digital version of Super Mario 3D All-Stars will be available for purchase through March 31, 2021. Once the digital edition has been purchased on your Nintendo Account, it can be re-downloaded and played if deleted from your device.  Software compatibility and play experience may differ on Nintendo Switch Lite. Additional accessories may be required (sold separately). Terms apply.",01257,"[""title: Not two player as described \ntext: Says one or two players, means if you're willing to cut your remote in half two people can control half of one player"", 'title: Decent \ntext: This game is a little deceiving, it says it’s 2 players but it’s not really a good 2 player. Like you get to float around them. But not actually play.Really fun 1 player though!', 'title: Amazing Game \ntext: Amazing product all the games are outstanding and it is totally worth it just hoping that there is a Wii Sports compilation pack for the switch', 'title: Amazing! \ntext: Great game to have! Perfect for the whole family to play with.', ""title: All 3 Games in one cartridge \ntext: Don't even need internet to play all 3 games which is the main reason why I bought this.Super Mario 64 looks smoother and better than before.The controllers took a while to get used to again since the camera for SM64 was weird but cool at the time it came out.Super Mario Sunshine was also a bit awkward having the map at L1, I accidentally press it.  A & B have the same button action.The switch does have remapping the the system settings.""]","The comments highlight issues with the multiplayer capability of the product. One user points out that although the product claims to support one or two players, the multiplayer experience is misleading as it requires sharing a single controller between two people, effectively controlling half of one player each[0]. Another user echoes this sentiment, stating that while the game advertises a two-player mode, it does not provide a genuine multiplayer experience, as the second player can only 'float around' rather than actively participate in the game[1]. [2] is not related to the query. [3] is not related to the query. [4] is not related to the query.",9.0
How's the multiplayer capability of the product,"Play three of Mario’s greatest 3D platforming adventures—all in one package! Play three iconic games at home or on the go—all in one package on the Nintendo Switch system! Jump into paintings in Super Mario 64, clean up paint-like goop in Super Mario Sunshine, and fly from planet to planet in Super Mario Galaxy.  Run, jump, and dive with ease! Make Mario move using the Nintendo Switch system’s Joy-Con controllers. You can also pass a Joy-Con controller to a friend to play the Super Mario Galaxy game in Co-Star Mode! Mario’s movements are as smooth as ever with HD resolution for each game, while still retaining the look and feel of the originals.  Listen to timeless Super Mario tunes Listen to a total of 175 iconic tunes from all three games! Whether you want to get up and dance or take a minute to relax—this collection has music to fit your mood!  Even when you aren’t playing, you can enjoy the sounds that these worlds (and galaxies!) are so famous for. With three games, modern upgrades, and music-player mode, this collection is filled with fun for both new players and 3D platforming Mario masters. Super Mario 3D All-Stars will be available as a limited-run retail edition and a digital edition that is available for a limited time until the end of March 2021. The physical version of Super Mario 3D All-Stars (released Sep. 18) will continue to be shipped to retailers and available for purchase through March 31, 2021 or while supplies last. The digital version of Super Mario 3D All-Stars will be available for purchase through March 31, 2021. Once the digital edition has been purchased on your Nintendo Account, it can be re-downloaded and played if deleted from your device.  Software compatibility and play experience may differ on Nintendo Switch Lite. Additional accessories may be required (sold separately). Terms apply.",01267,"[""title: Not two player as described \ntext: Says one or two players, means if you're willing to cut your remote in half two people can control half of one player"", 'title: Decent \ntext: This game is a little deceiving, it says it’s 2 players but it’s not really a good 2 player. Like you get to float around them. But not actually play.Really fun 1 player though!', 'title: Amazing Game \ntext: Amazing product all the games are outstanding and it is totally worth it just hoping that there is a Wii Sports compilation pack for the switch', 'title: Yahoo! \ntext: A great bundle of games. Has some bugs but its still fun', ""title: All 3 Games in one cartridge \ntext: Don't even need internet to play all 3 games which is the main reason why I bought this.Super Mario 64 looks smoother and better than before.The controllers took a while to get used to again since the camera for SM64 was weird but cool at the time it came out.Super Mario Sunshine was also a bit awkward having the map at L1, I accidentally press it.  A & B have the same button action.The switch does have remapping the the system settings.""]","The product is advertised as supporting one or two players, but users have expressed dissatisfaction with its multiplayer capability. One comment suggests that the two-player mode requires sharing a single controller, which limits the experience[0]. Another comment describes the two-player mode as misleading, as it does not allow both players to fully engage in the game, with one player merely floating around the other rather than actively participating[1]. [2] is not related to the query. [3] is not related to the query. [4] is not related to the query.",9.0
How's the multiplayer capability of the product,"Play three of Mario’s greatest 3D platforming adventures—all in one package! Play three iconic games at home or on the go—all in one package on the Nintendo Switch system! Jump into paintings in Super Mario 64, clean up paint-like goop in Super Mario Sunshine, and fly from planet to planet in Super Mario Galaxy.  Run, jump, and dive with ease! Make Mario move using the Nintendo Switch system’s Joy-Con controllers. You can also pass a Joy-Con controller to a friend to play the Super Mario Galaxy game in Co-Star Mode! Mario’s movements are as smooth as ever with HD resolution for each game, while still retaining the look and feel of the originals.  Listen to timeless Super Mario tunes Listen to a total of 175 iconic tunes from all three games! Whether you want to get up and dance or take a minute to relax—this collection has music to fit your mood!  Even when you aren’t playing, you can enjoy the sounds that these worlds (and galaxies!) are so famous for. With three games, modern upgrades, and music-player mode, this collection is filled with fun for both new players and 3D platforming Mario masters. Super Mario 3D All-Stars will be available as a limited-run retail edition and a digital edition that is available for a limited time until the end of March 2021. The physical version of Super Mario 3D All-Stars (released Sep. 18) will continue to be shipped to retailers and available for purchase through March 31, 2021 or while supplies last. The digital version of Super Mario 3D All-Stars will be available for purchase through March 31, 2021. Once the digital edition has been purchased on your Nintendo Account, it can be re-downloaded and played if deleted from your device.  Software compatibility and play experience may differ on Nintendo Switch Lite. Additional accessories may be required (sold separately). Terms apply.",01345,"[""title: Not two player as described \ntext: Says one or two players, means if you're willing to cut your remote in half two people can control half of one player"", 'title: Decent \ntext: This game is a little deceiving, it says it’s 2 players but it’s not really a good 2 player. Like you get to float around them. But not actually play.Really fun 1 player though!', 'title: Barebones emulation \ntext: The product is a huge disappointment, in particular Mario sunshine which is borderline unplayable since Nintendo has ruined the controls in particular the camera controls. To make the problem even worse Gamecube controllers are not supported.', 'title: Don’t let it fool you \ntext: You don’t actually play co-op. All single player. Don’t let it mislead you. Still good old school-ish games.', 'title: Amazing! \ntext: Great game to have! Perfect for the whole family to play with.']","The multiplayer capability of the product has been criticized by users for being misleading. Although the product is advertised as supporting one or two players, users have reported that the multiplayer experience is not as expected. One user mentioned that the game suggests two players can play, but this would require sharing a single controller, effectively splitting control between two people, which is not practical [0]. Another user noted that while the game claims to support two players, the second player merely floats around the first player without engaging in actual gameplay, making it more of a single-player experience [1]. Additionally, a user warned others not to be misled by the co-op claim, as the game is essentially a single-player experience despite its old-school charm [2]. [2] is not related to the query. [4] is not related to the query.",10.0
How's the multiplayer capability of the product,"Play three of Mario’s greatest 3D platforming adventures—all in one package! Play three iconic games at home or on the go—all in one package on the Nintendo Switch system! Jump into paintings in Super Mario 64, clean up paint-like goop in Super Mario Sunshine, and fly from planet to planet in Super Mario Galaxy.  Run, jump, and dive with ease! Make Mario move using the Nintendo Switch system’s Joy-Con controllers. You can also pass a Joy-Con controller to a friend to play the Super Mario Galaxy game in Co-Star Mode! Mario’s movements are as smooth as ever with HD resolution for each game, while still retaining the look and feel of the originals.  Listen to timeless Super Mario tunes Listen to a total of 175 iconic tunes from all three games! Whether you want to get up and dance or take a minute to relax—this collection has music to fit your mood!  Even when you aren’t playing, you can enjoy the sounds that these worlds (and galaxies!) are so famous for. With three games, modern upgrades, and music-player mode, this collection is filled with fun for both new players and 3D platforming Mario masters. Super Mario 3D All-Stars will be available as a limited-run retail edition and a digital edition that is available for a limited time until the end of March 2021. The physical version of Super Mario 3D All-Stars (released Sep. 18) will continue to be shipped to retailers and available for purchase through March 31, 2021 or while supplies last. The digital version of Super Mario 3D All-Stars will be available for purchase through March 31, 2021. Once the digital edition has been purchased on your Nintendo Account, it can be re-downloaded and played if deleted from your device.  Software compatibility and play experience may differ on Nintendo Switch Lite. Additional accessories may be required (sold separately). Terms apply.",01346,"[""title: Not two player as described \ntext: Says one or two players, means if you're willing to cut your remote in half two people can control half of one player"", 'title: Decent \ntext: This game is a little deceiving, it says it’s 2 players but it’s not really a good 2 player. Like you get to float around them. But not actually play.Really fun 1 player though!', 'title: Barebones emulation \ntext: The product is a huge disappointment, in particular Mario sunshine which is borderline unplayable since Nintendo has ruined the controls in particular the camera controls. To make the problem even worse Gamecube controllers are not supported.', 'title: Don’t let it fool you \ntext: You don’t actually play co-op. All single player. Don’t let it mislead you. Still good old school-ish games.', 'title: Yahoo! \ntext: A great bundle of games. Has some bugs but its still fun']","The comments collectively express dissatisfaction with the multiplayer capability of the product, indicating that it is misleadingly advertised as a two-player game. One comment suggests that the game claims to support two players, but in reality, it requires players to share a single controller, which is not practical for a true multiplayer experience [0]. Another comment describes the multiplayer mode as inadequate, where the second player merely floats around rather than actively participating, making it more of a single-player game [1]. Additionally, it is noted that the game does not offer a true cooperative mode, reinforcing the notion that it is primarily a single-player experience despite claims to the contrary [2]. [2] is not related to the query. [4] is not related to the query.",10.0
How's the multiplayer capability of the product,"Play three of Mario’s greatest 3D platforming adventures—all in one package! Play three iconic games at home or on the go—all in one package on the Nintendo Switch system! Jump into paintings in Super Mario 64, clean up paint-like goop in Super Mario Sunshine, and fly from planet to planet in Super Mario Galaxy.  Run, jump, and dive with ease! Make Mario move using the Nintendo Switch system’s Joy-Con controllers. You can also pass a Joy-Con controller to a friend to play the Super Mario Galaxy game in Co-Star Mode! Mario’s movements are as smooth as ever with HD resolution for each game, while still retaining the look and feel of the originals.  Listen to timeless Super Mario tunes Listen to a total of 175 iconic tunes from all three games! Whether you want to get up and dance or take a minute to relax—this collection has music to fit your mood!  Even when you aren’t playing, you can enjoy the sounds that these worlds (and galaxies!) are so famous for. With three games, modern upgrades, and music-player mode, this collection is filled with fun for both new players and 3D platforming Mario masters. Super Mario 3D All-Stars will be available as a limited-run retail edition and a digital edition that is available for a limited time until the end of March 2021. The physical version of Super Mario 3D All-Stars (released Sep. 18) will continue to be shipped to retailers and available for purchase through March 31, 2021 or while supplies last. The digital version of Super Mario 3D All-Stars will be available for purchase through March 31, 2021. Once the digital edition has been purchased on your Nintendo Account, it can be re-downloaded and played if deleted from your device.  Software compatibility and play experience may differ on Nintendo Switch Lite. Additional accessories may be required (sold separately). Terms apply.",01347,"[""title: Not two player as described \ntext: Says one or two players, means if you're willing to cut your remote in half two people can control half of one player"", 'title: Decent \ntext: This game is a little deceiving, it says it’s 2 players but it’s not really a good 2 player. Like you get to float around them. But not actually play.Really fun 1 player though!', 'title: Barebones emulation \ntext: The product is a huge disappointment, in particular Mario sunshine which is borderline unplayable since Nintendo has ruined the controls in particular the camera controls. To make the problem even worse Gamecube controllers are not supported.', 'title: Don’t let it fool you \ntext: You don’t actually play co-op. All single player. Don’t let it mislead you. Still good old school-ish games.', ""title: All 3 Games in one cartridge \ntext: Don't even need internet to play all 3 games which is the main reason why I bought this.Super Mario 64 looks smoother and better than before.The controllers took a while to get used to again since the camera for SM64 was weird but cool at the time it came out.Super Mario Sunshine was also a bit awkward having the map at L1, I accidentally press it.  A & B have the same button action.The switch does have remapping the the system settings.""]","The comments collectively express dissatisfaction with the multiplayer capability of the product, highlighting that it is misleadingly advertised as a two-player game. One comment sarcastically notes that the game claims to support two players only if one is willing to 'cut your remote in half,' implying that the multiplayer functionality is not genuinely supported [0]. Another comment describes the game as 'deceiving,' stating that while it is advertised as a two-player game, it does not provide a satisfactory multiplayer experience, as the second player merely 'floats around' rather than actively participating [1]. Additionally, a third comment warns potential buyers not to be misled by the game's description, as it is essentially a single-player experience despite claims of cooperative play [2]. [2] is not related to the query. [4] is not related to the query.",10.0
How's the multiplayer capability of the product,"Play three of Mario’s greatest 3D platforming adventures—all in one package! Play three iconic games at home or on the go—all in one package on the Nintendo Switch system! Jump into paintings in Super Mario 64, clean up paint-like goop in Super Mario Sunshine, and fly from planet to planet in Super Mario Galaxy.  Run, jump, and dive with ease! Make Mario move using the Nintendo Switch system’s Joy-Con controllers. You can also pass a Joy-Con controller to a friend to play the Super Mario Galaxy game in Co-Star Mode! Mario’s movements are as smooth as ever with HD resolution for each game, while still retaining the look and feel of the originals.  Listen to timeless Super Mario tunes Listen to a total of 175 iconic tunes from all three games! Whether you want to get up and dance or take a minute to relax—this collection has music to fit your mood!  Even when you aren’t playing, you can enjoy the sounds that these worlds (and galaxies!) are so famous for. With three games, modern upgrades, and music-player mode, this collection is filled with fun for both new players and 3D platforming Mario masters. Super Mario 3D All-Stars will be available as a limited-run retail edition and a digital edition that is available for a limited time until the end of March 2021. The physical version of Super Mario 3D All-Stars (released Sep. 18) will continue to be shipped to retailers and available for purchase through March 31, 2021 or while supplies last. The digital version of Super Mario 3D All-Stars will be available for purchase through March 31, 2021. Once the digital edition has been purchased on your Nintendo Account, it can be re-downloaded and played if deleted from your device.  Software compatibility and play experience may differ on Nintendo Switch Lite. Additional accessories may be required (sold separately). Terms apply.",01356,"[""title: Not two player as described \ntext: Says one or two players, means if you're willing to cut your remote in half two people can control half of one player"", 'title: Decent \ntext: This game is a little deceiving, it says it’s 2 players but it’s not really a good 2 player. Like you get to float around them. But not actually play.Really fun 1 player though!', 'title: Barebones emulation \ntext: The product is a huge disappointment, in particular Mario sunshine which is borderline unplayable since Nintendo has ruined the controls in particular the camera controls. To make the problem even worse Gamecube controllers are not supported.', 'title: Amazing! \ntext: Great game to have! Perfect for the whole family to play with.', 'title: Yahoo! \ntext: A great bundle of games. Has some bugs but its still fun']","The comments highlight issues with the multiplayer capability of the product. One user points out that although the product is advertised as supporting one or two players, the multiplayer experience is misleading as it requires sharing a single remote, effectively allowing two people to control only half of one player [0]. Another user echoes this sentiment, noting that while the game claims to support two players, the experience is not satisfactory as the second player merely floats around rather than actively participating in the gameplay. Despite these multiplayer shortcomings, the game is described as enjoyable for single-player use [1]. [2] is not related to the query. [3] is not related to the query. [4] is not related to the query.",9.0
How's the multiplayer capability of the product,"Play three of Mario’s greatest 3D platforming adventures—all in one package! Play three iconic games at home or on the go—all in one package on the Nintendo Switch system! Jump into paintings in Super Mario 64, clean up paint-like goop in Super Mario Sunshine, and fly from planet to planet in Super Mario Galaxy.  Run, jump, and dive with ease! Make Mario move using the Nintendo Switch system’s Joy-Con controllers. You can also pass a Joy-Con controller to a friend to play the Super Mario Galaxy game in Co-Star Mode! Mario’s movements are as smooth as ever with HD resolution for each game, while still retaining the look and feel of the originals.  Listen to timeless Super Mario tunes Listen to a total of 175 iconic tunes from all three games! Whether you want to get up and dance or take a minute to relax—this collection has music to fit your mood!  Even when you aren’t playing, you can enjoy the sounds that these worlds (and galaxies!) are so famous for. With three games, modern upgrades, and music-player mode, this collection is filled with fun for both new players and 3D platforming Mario masters. Super Mario 3D All-Stars will be available as a limited-run retail edition and a digital edition that is available for a limited time until the end of March 2021. The physical version of Super Mario 3D All-Stars (released Sep. 18) will continue to be shipped to retailers and available for purchase through March 31, 2021 or while supplies last. The digital version of Super Mario 3D All-Stars will be available for purchase through March 31, 2021. Once the digital edition has been purchased on your Nintendo Account, it can be re-downloaded and played if deleted from your device.  Software compatibility and play experience may differ on Nintendo Switch Lite. Additional accessories may be required (sold separately). Terms apply.",01357,"[""title: Not two player as described \ntext: Says one or two players, means if you're willing to cut your remote in half two people can control half of one player"", 'title: Decent \ntext: This game is a little deceiving, it says it’s 2 players but it’s not really a good 2 player. Like you get to float around them. But not actually play.Really fun 1 player though!', 'title: Barebones emulation \ntext: The product is a huge disappointment, in particular Mario sunshine which is borderline unplayable since Nintendo has ruined the controls in particular the camera controls. To make the problem even worse Gamecube controllers are not supported.', 'title: Amazing! \ntext: Great game to have! Perfect for the whole family to play with.', ""title: All 3 Games in one cartridge \ntext: Don't even need internet to play all 3 games which is the main reason why I bought this.Super Mario 64 looks smoother and better than before.The controllers took a while to get used to again since the camera for SM64 was weird but cool at the time it came out.Super Mario Sunshine was also a bit awkward having the map at L1, I accidentally press it.  A & B have the same button action.The switch does have remapping the the system settings.""]","The comments highlight issues with the multiplayer capability of the product. One user points out that although the product claims to support one or two players, the multiplayer experience is misleading as it requires sharing a single remote, effectively allowing two people to control only half of one player[0]. Another user echoes this sentiment, stating that while the game advertises a two-player mode, it does not provide a satisfactory multiplayer experience, as the second player can only 'float around' rather than actively participate in gameplay[1]. [2] is not related to the query. [3] is not related to the query. [4] is not related to the query.",9.0
How's the multiplayer capability of the product,"Play three of Mario’s greatest 3D platforming adventures—all in one package! Play three iconic games at home or on the go—all in one package on the Nintendo Switch system! Jump into paintings in Super Mario 64, clean up paint-like goop in Super Mario Sunshine, and fly from planet to planet in Super Mario Galaxy.  Run, jump, and dive with ease! Make Mario move using the Nintendo Switch system’s Joy-Con controllers. You can also pass a Joy-Con controller to a friend to play the Super Mario Galaxy game in Co-Star Mode! Mario’s movements are as smooth as ever with HD resolution for each game, while still retaining the look and feel of the originals.  Listen to timeless Super Mario tunes Listen to a total of 175 iconic tunes from all three games! Whether you want to get up and dance or take a minute to relax—this collection has music to fit your mood!  Even when you aren’t playing, you can enjoy the sounds that these worlds (and galaxies!) are so famous for. With three games, modern upgrades, and music-player mode, this collection is filled with fun for both new players and 3D platforming Mario masters. Super Mario 3D All-Stars will be available as a limited-run retail edition and a digital edition that is available for a limited time until the end of March 2021. The physical version of Super Mario 3D All-Stars (released Sep. 18) will continue to be shipped to retailers and available for purchase through March 31, 2021 or while supplies last. The digital version of Super Mario 3D All-Stars will be available for purchase through March 31, 2021. Once the digital edition has been purchased on your Nintendo Account, it can be re-downloaded and played if deleted from your device.  Software compatibility and play experience may differ on Nintendo Switch Lite. Additional accessories may be required (sold separately). Terms apply.",01367,"[""title: Not two player as described \ntext: Says one or two players, means if you're willing to cut your remote in half two people can control half of one player"", 'title: Decent \ntext: This game is a little deceiving, it says it’s 2 players but it’s not really a good 2 player. Like you get to float around them. But not actually play.Really fun 1 player though!', 'title: Barebones emulation \ntext: The product is a huge disappointment, in particular Mario sunshine which is borderline unplayable since Nintendo has ruined the controls in particular the camera controls. To make the problem even worse Gamecube controllers are not supported.', 'title: Yahoo! \ntext: A great bundle of games. Has some bugs but its still fun', ""title: All 3 Games in one cartridge \ntext: Don't even need internet to play all 3 games which is the main reason why I bought this.Super Mario 64 looks smoother and better than before.The controllers took a while to get used to again since the camera for SM64 was weird but cool at the time it came out.Super Mario Sunshine was also a bit awkward having the map at L1, I accidentally press it.  A & B have the same button action.The switch does have remapping the the system settings.""]","The product is advertised as supporting one or two players, but users have expressed dissatisfaction with its multiplayer capability. One user noted that while it claims to be for two players, it requires sharing a single controller, which limits the experience to controlling half of one player[0]. Another user mentioned that although the game is labeled as two-player, it does not provide a satisfactory multiplayer experience, as the second player can only float around rather than actively participate in the game[1]. [2] is not related to the query. [3] is not related to the query. [4] is not related to the query.",9.0
How's the multiplayer capability of the product,"Play three of Mario’s greatest 3D platforming adventures—all in one package! Play three iconic games at home or on the go—all in one package on the Nintendo Switch system! Jump into paintings in Super Mario 64, clean up paint-like goop in Super Mario Sunshine, and fly from planet to planet in Super Mario Galaxy.  Run, jump, and dive with ease! Make Mario move using the Nintendo Switch system’s Joy-Con controllers. You can also pass a Joy-Con controller to a friend to play the Super Mario Galaxy game in Co-Star Mode! Mario’s movements are as smooth as ever with HD resolution for each game, while still retaining the look and feel of the originals.  Listen to timeless Super Mario tunes Listen to a total of 175 iconic tunes from all three games! Whether you want to get up and dance or take a minute to relax—this collection has music to fit your mood!  Even when you aren’t playing, you can enjoy the sounds that these worlds (and galaxies!) are so famous for. With three games, modern upgrades, and music-player mode, this collection is filled with fun for both new players and 3D platforming Mario masters. Super Mario 3D All-Stars will be available as a limited-run retail edition and a digital edition that is available for a limited time until the end of March 2021. The physical version of Super Mario 3D All-Stars (released Sep. 18) will continue to be shipped to retailers and available for purchase through March 31, 2021 or while supplies last. The digital version of Super Mario 3D All-Stars will be available for purchase through March 31, 2021. Once the digital edition has been purchased on your Nintendo Account, it can be re-downloaded and played if deleted from your device.  Software compatibility and play experience may differ on Nintendo Switch Lite. Additional accessories may be required (sold separately). Terms apply.",01456,"[""title: Not two player as described \ntext: Says one or two players, means if you're willing to cut your remote in half two people can control half of one player"", 'title: Decent \ntext: This game is a little deceiving, it says it’s 2 players but it’s not really a good 2 player. Like you get to float around them. But not actually play.Really fun 1 player though!', 'title: Don’t let it fool you \ntext: You don’t actually play co-op. All single player. Don’t let it mislead you. Still good old school-ish games.', 'title: Amazing! \ntext: Great game to have! Perfect for the whole family to play with.', 'title: Yahoo! \ntext: A great bundle of games. Has some bugs but its still fun']","The comments collectively express dissatisfaction with the multiplayer capability of the product, highlighting that it is misleadingly advertised as a two-player game. One comment suggests that the game claims to support two players but requires sharing a single controller, which is impractical [0]. Another comment describes the two-player mode as ineffective, where the second player merely floats around without truly participating in the game [1]. Additionally, it is noted that the game does not offer a true cooperative experience, as it is essentially a single-player game despite claims to the contrary [2]. [3] is not related to the query. [4] is not related to the query.",10.0
How's the multiplayer capability of the product,"Play three of Mario’s greatest 3D platforming adventures—all in one package! Play three iconic games at home or on the go—all in one package on the Nintendo Switch system! Jump into paintings in Super Mario 64, clean up paint-like goop in Super Mario Sunshine, and fly from planet to planet in Super Mario Galaxy.  Run, jump, and dive with ease! Make Mario move using the Nintendo Switch system’s Joy-Con controllers. You can also pass a Joy-Con controller to a friend to play the Super Mario Galaxy game in Co-Star Mode! Mario’s movements are as smooth as ever with HD resolution for each game, while still retaining the look and feel of the originals.  Listen to timeless Super Mario tunes Listen to a total of 175 iconic tunes from all three games! Whether you want to get up and dance or take a minute to relax—this collection has music to fit your mood!  Even when you aren’t playing, you can enjoy the sounds that these worlds (and galaxies!) are so famous for. With three games, modern upgrades, and music-player mode, this collection is filled with fun for both new players and 3D platforming Mario masters. Super Mario 3D All-Stars will be available as a limited-run retail edition and a digital edition that is available for a limited time until the end of March 2021. The physical version of Super Mario 3D All-Stars (released Sep. 18) will continue to be shipped to retailers and available for purchase through March 31, 2021 or while supplies last. The digital version of Super Mario 3D All-Stars will be available for purchase through March 31, 2021. Once the digital edition has been purchased on your Nintendo Account, it can be re-downloaded and played if deleted from your device.  Software compatibility and play experience may differ on Nintendo Switch Lite. Additional accessories may be required (sold separately). Terms apply.",01457,"[""title: Not two player as described \ntext: Says one or two players, means if you're willing to cut your remote in half two people can control half of one player"", 'title: Decent \ntext: This game is a little deceiving, it says it’s 2 players but it’s not really a good 2 player. Like you get to float around them. But not actually play.Really fun 1 player though!', 'title: Don’t let it fool you \ntext: You don’t actually play co-op. All single player. Don’t let it mislead you. Still good old school-ish games.', 'title: Amazing! \ntext: Great game to have! Perfect for the whole family to play with.', ""title: All 3 Games in one cartridge \ntext: Don't even need internet to play all 3 games which is the main reason why I bought this.Super Mario 64 looks smoother and better than before.The controllers took a while to get used to again since the camera for SM64 was weird but cool at the time it came out.Super Mario Sunshine was also a bit awkward having the map at L1, I accidentally press it.  A & B have the same button action.The switch does have remapping the the system settings.""]","The comments collectively express dissatisfaction with the multiplayer capability of the product, highlighting that it is misleadingly advertised as a two-player game. One comment suggests that the game claims to support two players, but this requires an impractical solution of splitting a remote, effectively making it a single-player experience[0]. Another comment describes the two-player mode as inadequate, where the second player merely floats around rather than actively participating, although it acknowledges the game is enjoyable for solo play[1]. Additionally, it is noted that the game does not offer a true cooperative experience, as it is essentially a single-player game despite its marketing[2]. [3] is not related to the query. [4] is not related to the query.",10.0
How's the multiplayer capability of the product,"Play three of Mario’s greatest 3D platforming adventures—all in one package! Play three iconic games at home or on the go—all in one package on the Nintendo Switch system! Jump into paintings in Super Mario 64, clean up paint-like goop in Super Mario Sunshine, and fly from planet to planet in Super Mario Galaxy.  Run, jump, and dive with ease! Make Mario move using the Nintendo Switch system’s Joy-Con controllers. You can also pass a Joy-Con controller to a friend to play the Super Mario Galaxy game in Co-Star Mode! Mario’s movements are as smooth as ever with HD resolution for each game, while still retaining the look and feel of the originals.  Listen to timeless Super Mario tunes Listen to a total of 175 iconic tunes from all three games! Whether you want to get up and dance or take a minute to relax—this collection has music to fit your mood!  Even when you aren’t playing, you can enjoy the sounds that these worlds (and galaxies!) are so famous for. With three games, modern upgrades, and music-player mode, this collection is filled with fun for both new players and 3D platforming Mario masters. Super Mario 3D All-Stars will be available as a limited-run retail edition and a digital edition that is available for a limited time until the end of March 2021. The physical version of Super Mario 3D All-Stars (released Sep. 18) will continue to be shipped to retailers and available for purchase through March 31, 2021 or while supplies last. The digital version of Super Mario 3D All-Stars will be available for purchase through March 31, 2021. Once the digital edition has been purchased on your Nintendo Account, it can be re-downloaded and played if deleted from your device.  Software compatibility and play experience may differ on Nintendo Switch Lite. Additional accessories may be required (sold separately). Terms apply.",01467,"[""title: Not two player as described \ntext: Says one or two players, means if you're willing to cut your remote in half two people can control half of one player"", 'title: Decent \ntext: This game is a little deceiving, it says it’s 2 players but it’s not really a good 2 player. Like you get to float around them. But not actually play.Really fun 1 player though!', 'title: Don’t let it fool you \ntext: You don’t actually play co-op. All single player. Don’t let it mislead you. Still good old school-ish games.', 'title: Yahoo! \ntext: A great bundle of games. Has some bugs but its still fun', ""title: All 3 Games in one cartridge \ntext: Don't even need internet to play all 3 games which is the main reason why I bought this.Super Mario 64 looks smoother and better than before.The controllers took a while to get used to again since the camera for SM64 was weird but cool at the time it came out.Super Mario Sunshine was also a bit awkward having the map at L1, I accidentally press it.  A & B have the same button action.The switch does have remapping the the system settings.""]","The comments collectively express dissatisfaction with the multiplayer capability of the product, highlighting that it is misleadingly advertised as a two-player game. One comment sarcastically notes that the only way two people can play is by cutting the remote in half, implying that the game does not support true multiplayer functionality as expected [0]. Another comment mentions that while the game claims to be for two players, it only allows the second player to 'float around' rather than actively participate, suggesting that the multiplayer experience is not fully realized [1]. A third comment reinforces this sentiment by stating that the game is entirely single-player despite claims of cooperative play, cautioning others not to be misled by the product's description [2]. [3] is not related to the query. [4] is not related to the query.",10.0
How's the multiplayer capability of the product,"Play three of Mario’s greatest 3D platforming adventures—all in one package! Play three iconic games at home or on the go—all in one package on the Nintendo Switch system! Jump into paintings in Super Mario 64, clean up paint-like goop in Super Mario Sunshine, and fly from planet to planet in Super Mario Galaxy.  Run, jump, and dive with ease! Make Mario move using the Nintendo Switch system’s Joy-Con controllers. You can also pass a Joy-Con controller to a friend to play the Super Mario Galaxy game in Co-Star Mode! Mario’s movements are as smooth as ever with HD resolution for each game, while still retaining the look and feel of the originals.  Listen to timeless Super Mario tunes Listen to a total of 175 iconic tunes from all three games! Whether you want to get up and dance or take a minute to relax—this collection has music to fit your mood!  Even when you aren’t playing, you can enjoy the sounds that these worlds (and galaxies!) are so famous for. With three games, modern upgrades, and music-player mode, this collection is filled with fun for both new players and 3D platforming Mario masters. Super Mario 3D All-Stars will be available as a limited-run retail edition and a digital edition that is available for a limited time until the end of March 2021. The physical version of Super Mario 3D All-Stars (released Sep. 18) will continue to be shipped to retailers and available for purchase through March 31, 2021 or while supplies last. The digital version of Super Mario 3D All-Stars will be available for purchase through March 31, 2021. Once the digital edition has been purchased on your Nintendo Account, it can be re-downloaded and played if deleted from your device.  Software compatibility and play experience may differ on Nintendo Switch Lite. Additional accessories may be required (sold separately). Terms apply.",01567,"[""title: Not two player as described \ntext: Says one or two players, means if you're willing to cut your remote in half two people can control half of one player"", 'title: Decent \ntext: This game is a little deceiving, it says it’s 2 players but it’s not really a good 2 player. Like you get to float around them. But not actually play.Really fun 1 player though!', 'title: Amazing! \ntext: Great game to have! Perfect for the whole family to play with.', 'title: Yahoo! \ntext: A great bundle of games. Has some bugs but its still fun', ""title: All 3 Games in one cartridge \ntext: Don't even need internet to play all 3 games which is the main reason why I bought this.Super Mario 64 looks smoother and better than before.The controllers took a while to get used to again since the camera for SM64 was weird but cool at the time it came out.Super Mario Sunshine was also a bit awkward having the map at L1, I accidentally press it.  A & B have the same button action.The switch does have remapping the the system settings.""]","The product is advertised as having multiplayer capabilities, specifically for two players, but users have expressed dissatisfaction with this feature. One comment suggests that the two-player mode requires sharing a single controller, which limits the experience to controlling half of one player, rather than providing a full two-player experience [0]. Another comment echoes this sentiment, noting that while the game claims to support two players, the second player can only 'float around' rather than fully participate, making it more suitable for single-player enjoyment [1]. [2] is not related to the query. [3] is not related to the query. [4] is not related to the query.",9.0
How's the multiplayer capability of the product,"Play three of Mario’s greatest 3D platforming adventures—all in one package! Play three iconic games at home or on the go—all in one package on the Nintendo Switch system! Jump into paintings in Super Mario 64, clean up paint-like goop in Super Mario Sunshine, and fly from planet to planet in Super Mario Galaxy.  Run, jump, and dive with ease! Make Mario move using the Nintendo Switch system’s Joy-Con controllers. You can also pass a Joy-Con controller to a friend to play the Super Mario Galaxy game in Co-Star Mode! Mario’s movements are as smooth as ever with HD resolution for each game, while still retaining the look and feel of the originals.  Listen to timeless Super Mario tunes Listen to a total of 175 iconic tunes from all three games! Whether you want to get up and dance or take a minute to relax—this collection has music to fit your mood!  Even when you aren’t playing, you can enjoy the sounds that these worlds (and galaxies!) are so famous for. With three games, modern upgrades, and music-player mode, this collection is filled with fun for both new players and 3D platforming Mario masters. Super Mario 3D All-Stars will be available as a limited-run retail edition and a digital edition that is available for a limited time until the end of March 2021. The physical version of Super Mario 3D All-Stars (released Sep. 18) will continue to be shipped to retailers and available for purchase through March 31, 2021 or while supplies last. The digital version of Super Mario 3D All-Stars will be available for purchase through March 31, 2021. Once the digital edition has been purchased on your Nintendo Account, it can be re-downloaded and played if deleted from your device.  Software compatibility and play experience may differ on Nintendo Switch Lite. Additional accessories may be required (sold separately). Terms apply.",02345,"[""title: Not two player as described \ntext: Says one or two players, means if you're willing to cut your remote in half two people can control half of one player"", 'title: Amazing Game \ntext: Amazing product all the games are outstanding and it is totally worth it just hoping that there is a Wii Sports compilation pack for the switch', 'title: Barebones emulation \ntext: The product is a huge disappointment, in particular Mario sunshine which is borderline unplayable since Nintendo has ruined the controls in particular the camera controls. To make the problem even worse Gamecube controllers are not supported.', 'title: Don’t let it fool you \ntext: You don’t actually play co-op. All single player. Don’t let it mislead you. Still good old school-ish games.', 'title: Amazing! \ntext: Great game to have! Perfect for the whole family to play with.']","The comments highlight a misleading aspect of the product's multiplayer capability. One user points out that although the product claims to support one or two players, it actually requires sharing a single controller between two people, effectively allowing only one player to control the game at a time [0]. Another user emphasizes that the product does not offer a true cooperative multiplayer experience, as it is essentially a single-player game despite any suggestions to the contrary [1]. [1] is not related to the query. [2] is not related to the query. [4] is not related to the query.",9.0
How's the multiplayer capability of the product,"Play three of Mario’s greatest 3D platforming adventures—all in one package! Play three iconic games at home or on the go—all in one package on the Nintendo Switch system! Jump into paintings in Super Mario 64, clean up paint-like goop in Super Mario Sunshine, and fly from planet to planet in Super Mario Galaxy.  Run, jump, and dive with ease! Make Mario move using the Nintendo Switch system’s Joy-Con controllers. You can also pass a Joy-Con controller to a friend to play the Super Mario Galaxy game in Co-Star Mode! Mario’s movements are as smooth as ever with HD resolution for each game, while still retaining the look and feel of the originals.  Listen to timeless Super Mario tunes Listen to a total of 175 iconic tunes from all three games! Whether you want to get up and dance or take a minute to relax—this collection has music to fit your mood!  Even when you aren’t playing, you can enjoy the sounds that these worlds (and galaxies!) are so famous for. With three games, modern upgrades, and music-player mode, this collection is filled with fun for both new players and 3D platforming Mario masters. Super Mario 3D All-Stars will be available as a limited-run retail edition and a digital edition that is available for a limited time until the end of March 2021. The physical version of Super Mario 3D All-Stars (released Sep. 18) will continue to be shipped to retailers and available for purchase through March 31, 2021 or while supplies last. The digital version of Super Mario 3D All-Stars will be available for purchase through March 31, 2021. Once the digital edition has been purchased on your Nintendo Account, it can be re-downloaded and played if deleted from your device.  Software compatibility and play experience may differ on Nintendo Switch Lite. Additional accessories may be required (sold separately). Terms apply.",02346,"[""title: Not two player as described \ntext: Says one or two players, means if you're willing to cut your remote in half two people can control half of one player"", 'title: Amazing Game \ntext: Amazing product all the games are outstanding and it is totally worth it just hoping that there is a Wii Sports compilation pack for the switch', 'title: Barebones emulation \ntext: The product is a huge disappointment, in particular Mario sunshine which is borderline unplayable since Nintendo has ruined the controls in particular the camera controls. To make the problem even worse Gamecube controllers are not supported.', 'title: Don’t let it fool you \ntext: You don’t actually play co-op. All single player. Don’t let it mislead you. Still good old school-ish games.', 'title: Yahoo! \ntext: A great bundle of games. Has some bugs but its still fun']","The product is advertised as supporting one or two players, but in reality, it does not offer a true multiplayer experience. Instead, it suggests that two people can only play by sharing control of a single player, which is misleading for those expecting a cooperative mode. Despite this, the games maintain an old-school charm, but the multiplayer capability is not as described, leading to potential disappointment for those seeking a co-op experience [0][1]. [1] is not related to the query. [2] is not related to the query. [4] is not related to the query.",9.0
How's the multiplayer capability of the product,"Play three of Mario’s greatest 3D platforming adventures—all in one package! Play three iconic games at home or on the go—all in one package on the Nintendo Switch system! Jump into paintings in Super Mario 64, clean up paint-like goop in Super Mario Sunshine, and fly from planet to planet in Super Mario Galaxy.  Run, jump, and dive with ease! Make Mario move using the Nintendo Switch system’s Joy-Con controllers. You can also pass a Joy-Con controller to a friend to play the Super Mario Galaxy game in Co-Star Mode! Mario’s movements are as smooth as ever with HD resolution for each game, while still retaining the look and feel of the originals.  Listen to timeless Super Mario tunes Listen to a total of 175 iconic tunes from all three games! Whether you want to get up and dance or take a minute to relax—this collection has music to fit your mood!  Even when you aren’t playing, you can enjoy the sounds that these worlds (and galaxies!) are so famous for. With three games, modern upgrades, and music-player mode, this collection is filled with fun for both new players and 3D platforming Mario masters. Super Mario 3D All-Stars will be available as a limited-run retail edition and a digital edition that is available for a limited time until the end of March 2021. The physical version of Super Mario 3D All-Stars (released Sep. 18) will continue to be shipped to retailers and available for purchase through March 31, 2021 or while supplies last. The digital version of Super Mario 3D All-Stars will be available for purchase through March 31, 2021. Once the digital edition has been purchased on your Nintendo Account, it can be re-downloaded and played if deleted from your device.  Software compatibility and play experience may differ on Nintendo Switch Lite. Additional accessories may be required (sold separately). Terms apply.",02347,"[""title: Not two player as described \ntext: Says one or two players, means if you're willing to cut your remote in half two people can control half of one player"", 'title: Amazing Game \ntext: Amazing product all the games are outstanding and it is totally worth it just hoping that there is a Wii Sports compilation pack for the switch', 'title: Barebones emulation \ntext: The product is a huge disappointment, in particular Mario sunshine which is borderline unplayable since Nintendo has ruined the controls in particular the camera controls. To make the problem even worse Gamecube controllers are not supported.', 'title: Don’t let it fool you \ntext: You don’t actually play co-op. All single player. Don’t let it mislead you. Still good old school-ish games.', ""title: All 3 Games in one cartridge \ntext: Don't even need internet to play all 3 games which is the main reason why I bought this.Super Mario 64 looks smoother and better than before.The controllers took a while to get used to again since the camera for SM64 was weird but cool at the time it came out.Super Mario Sunshine was also a bit awkward having the map at L1, I accidentally press it.  A & B have the same button action.The switch does have remapping the the system settings.""]","The product is advertised as supporting one or two players, but in reality, it does not offer a true multiplayer experience. Instead, the multiplayer capability is misleading, as it requires two people to share control of a single player by splitting the remote, rather than providing a genuine cooperative mode[0]. Additionally, the product does not support co-op play, as it is entirely single-player, despite any implications otherwise[1]. [1] is not related to the query. [2] is not related to the query. [4] is not related to the query.",9.0
How's the multiplayer capability of the product,"Play three of Mario’s greatest 3D platforming adventures—all in one package! Play three iconic games at home or on the go—all in one package on the Nintendo Switch system! Jump into paintings in Super Mario 64, clean up paint-like goop in Super Mario Sunshine, and fly from planet to planet in Super Mario Galaxy.  Run, jump, and dive with ease! Make Mario move using the Nintendo Switch system’s Joy-Con controllers. You can also pass a Joy-Con controller to a friend to play the Super Mario Galaxy game in Co-Star Mode! Mario’s movements are as smooth as ever with HD resolution for each game, while still retaining the look and feel of the originals.  Listen to timeless Super Mario tunes Listen to a total of 175 iconic tunes from all three games! Whether you want to get up and dance or take a minute to relax—this collection has music to fit your mood!  Even when you aren’t playing, you can enjoy the sounds that these worlds (and galaxies!) are so famous for. With three games, modern upgrades, and music-player mode, this collection is filled with fun for both new players and 3D platforming Mario masters. Super Mario 3D All-Stars will be available as a limited-run retail edition and a digital edition that is available for a limited time until the end of March 2021. The physical version of Super Mario 3D All-Stars (released Sep. 18) will continue to be shipped to retailers and available for purchase through March 31, 2021 or while supplies last. The digital version of Super Mario 3D All-Stars will be available for purchase through March 31, 2021. Once the digital edition has been purchased on your Nintendo Account, it can be re-downloaded and played if deleted from your device.  Software compatibility and play experience may differ on Nintendo Switch Lite. Additional accessories may be required (sold separately). Terms apply.",02356,"[""title: Not two player as described \ntext: Says one or two players, means if you're willing to cut your remote in half two people can control half of one player"", 'title: Amazing Game \ntext: Amazing product all the games are outstanding and it is totally worth it just hoping that there is a Wii Sports compilation pack for the switch', 'title: Barebones emulation \ntext: The product is a huge disappointment, in particular Mario sunshine which is borderline unplayable since Nintendo has ruined the controls in particular the camera controls. To make the problem even worse Gamecube controllers are not supported.', 'title: Amazing! \ntext: Great game to have! Perfect for the whole family to play with.', 'title: Yahoo! \ntext: A great bundle of games. Has some bugs but its still fun']","The product is advertised as supporting one or two players, but in reality, it only allows for two players if they share a single controller, effectively controlling half of one player each. This suggests that the multiplayer capability is misleadingly described, as it does not support true two-player functionality as one might expect [0]. [1] is not related to the query. [2] is not related to the query. [3] is not related to the query. [4] is not related to the query.",8.0
How's the multiplayer capability of the product,"Play three of Mario’s greatest 3D platforming adventures—all in one package! Play three iconic games at home or on the go—all in one package on the Nintendo Switch system! Jump into paintings in Super Mario 64, clean up paint-like goop in Super Mario Sunshine, and fly from planet to planet in Super Mario Galaxy.  Run, jump, and dive with ease! Make Mario move using the Nintendo Switch system’s Joy-Con controllers. You can also pass a Joy-Con controller to a friend to play the Super Mario Galaxy game in Co-Star Mode! Mario’s movements are as smooth as ever with HD resolution for each game, while still retaining the look and feel of the originals.  Listen to timeless Super Mario tunes Listen to a total of 175 iconic tunes from all three games! Whether you want to get up and dance or take a minute to relax—this collection has music to fit your mood!  Even when you aren’t playing, you can enjoy the sounds that these worlds (and galaxies!) are so famous for. With three games, modern upgrades, and music-player mode, this collection is filled with fun for both new players and 3D platforming Mario masters. Super Mario 3D All-Stars will be available as a limited-run retail edition and a digital edition that is available for a limited time until the end of March 2021. The physical version of Super Mario 3D All-Stars (released Sep. 18) will continue to be shipped to retailers and available for purchase through March 31, 2021 or while supplies last. The digital version of Super Mario 3D All-Stars will be available for purchase through March 31, 2021. Once the digital edition has been purchased on your Nintendo Account, it can be re-downloaded and played if deleted from your device.  Software compatibility and play experience may differ on Nintendo Switch Lite. Additional accessories may be required (sold separately). Terms apply.",02357,"[""title: Not two player as described \ntext: Says one or two players, means if you're willing to cut your remote in half two people can control half of one player"", 'title: Amazing Game \ntext: Amazing product all the games are outstanding and it is totally worth it just hoping that there is a Wii Sports compilation pack for the switch', 'title: Barebones emulation \ntext: The product is a huge disappointment, in particular Mario sunshine which is borderline unplayable since Nintendo has ruined the controls in particular the camera controls. To make the problem even worse Gamecube controllers are not supported.', 'title: Amazing! \ntext: Great game to have! Perfect for the whole family to play with.', ""title: All 3 Games in one cartridge \ntext: Don't even need internet to play all 3 games which is the main reason why I bought this.Super Mario 64 looks smoother and better than before.The controllers took a while to get used to again since the camera for SM64 was weird but cool at the time it came out.Super Mario Sunshine was also a bit awkward having the map at L1, I accidentally press it.  A & B have the same button action.The switch does have remapping the the system settings.""]","The comment highlights a misleading aspect of the product's multiplayer capability. It states that while the product is advertised as supporting one or two players, in reality, it only allows two people to control half of one player if they share a single remote, which does not constitute true multiplayer functionality [0]. [1] is not related to the query. [2] is not related to the query. [3] is not related to the query. [4] is not related to the query.",8.0
How's the multiplayer capability of the product,"Play three of Mario’s greatest 3D platforming adventures—all in one package! Play three iconic games at home or on the go—all in one package on the Nintendo Switch system! Jump into paintings in Super Mario 64, clean up paint-like goop in Super Mario Sunshine, and fly from planet to planet in Super Mario Galaxy.  Run, jump, and dive with ease! Make Mario move using the Nintendo Switch system’s Joy-Con controllers. You can also pass a Joy-Con controller to a friend to play the Super Mario Galaxy game in Co-Star Mode! Mario’s movements are as smooth as ever with HD resolution for each game, while still retaining the look and feel of the originals.  Listen to timeless Super Mario tunes Listen to a total of 175 iconic tunes from all three games! Whether you want to get up and dance or take a minute to relax—this collection has music to fit your mood!  Even when you aren’t playing, you can enjoy the sounds that these worlds (and galaxies!) are so famous for. With three games, modern upgrades, and music-player mode, this collection is filled with fun for both new players and 3D platforming Mario masters. Super Mario 3D All-Stars will be available as a limited-run retail edition and a digital edition that is available for a limited time until the end of March 2021. The physical version of Super Mario 3D All-Stars (released Sep. 18) will continue to be shipped to retailers and available for purchase through March 31, 2021 or while supplies last. The digital version of Super Mario 3D All-Stars will be available for purchase through March 31, 2021. Once the digital edition has been purchased on your Nintendo Account, it can be re-downloaded and played if deleted from your device.  Software compatibility and play experience may differ on Nintendo Switch Lite. Additional accessories may be required (sold separately). Terms apply.",02367,"[""title: Not two player as described \ntext: Says one or two players, means if you're willing to cut your remote in half two people can control half of one player"", 'title: Amazing Game \ntext: Amazing product all the games are outstanding and it is totally worth it just hoping that there is a Wii Sports compilation pack for the switch', 'title: Barebones emulation \ntext: The product is a huge disappointment, in particular Mario sunshine which is borderline unplayable since Nintendo has ruined the controls in particular the camera controls. To make the problem even worse Gamecube controllers are not supported.', 'title: Yahoo! \ntext: A great bundle of games. Has some bugs but its still fun', ""title: All 3 Games in one cartridge \ntext: Don't even need internet to play all 3 games which is the main reason why I bought this.Super Mario 64 looks smoother and better than before.The controllers took a while to get used to again since the camera for SM64 was weird but cool at the time it came out.Super Mario Sunshine was also a bit awkward having the map at L1, I accidentally press it.  A & B have the same button action.The switch does have remapping the the system settings.""]","The product is advertised as supporting one or two players, but in reality, it only allows two people to control half of one player by sharing a single remote, which limits its multiplayer capability [0]. [1] is not related to the query. [2] is not related to the query. [3] is not related to the query. [4] is not related to the query.",8.0
How's the multiplayer capability of the product,"Play three of Mario’s greatest 3D platforming adventures—all in one package! Play three iconic games at home or on the go—all in one package on the Nintendo Switch system! Jump into paintings in Super Mario 64, clean up paint-like goop in Super Mario Sunshine, and fly from planet to planet in Super Mario Galaxy.  Run, jump, and dive with ease! Make Mario move using the Nintendo Switch system’s Joy-Con controllers. You can also pass a Joy-Con controller to a friend to play the Super Mario Galaxy game in Co-Star Mode! Mario’s movements are as smooth as ever with HD resolution for each game, while still retaining the look and feel of the originals.  Listen to timeless Super Mario tunes Listen to a total of 175 iconic tunes from all three games! Whether you want to get up and dance or take a minute to relax—this collection has music to fit your mood!  Even when you aren’t playing, you can enjoy the sounds that these worlds (and galaxies!) are so famous for. With three games, modern upgrades, and music-player mode, this collection is filled with fun for both new players and 3D platforming Mario masters. Super Mario 3D All-Stars will be available as a limited-run retail edition and a digital edition that is available for a limited time until the end of March 2021. The physical version of Super Mario 3D All-Stars (released Sep. 18) will continue to be shipped to retailers and available for purchase through March 31, 2021 or while supplies last. The digital version of Super Mario 3D All-Stars will be available for purchase through March 31, 2021. Once the digital edition has been purchased on your Nintendo Account, it can be re-downloaded and played if deleted from your device.  Software compatibility and play experience may differ on Nintendo Switch Lite. Additional accessories may be required (sold separately). Terms apply.",02456,"[""title: Not two player as described \ntext: Says one or two players, means if you're willing to cut your remote in half two people can control half of one player"", 'title: Amazing Game \ntext: Amazing product all the games are outstanding and it is totally worth it just hoping that there is a Wii Sports compilation pack for the switch', 'title: Don’t let it fool you \ntext: You don’t actually play co-op. All single player. Don’t let it mislead you. Still good old school-ish games.', 'title: Amazing! \ntext: Great game to have! Perfect for the whole family to play with.', 'title: Yahoo! \ntext: A great bundle of games. Has some bugs but its still fun']","The comments highlight a misleading aspect of the product's multiplayer capability. Although it is advertised as supporting one or two players, the reality is that it does not offer a true cooperative multiplayer experience. Instead, the product requires players to share a single controller, effectively allowing two people to control different parts of one player rather than playing as separate characters. This has led to disappointment among users who expected a genuine two-player mode[0][1]. [1] is not related to the query. [3] is not related to the query. [4] is not related to the query.",9.0
How's the multiplayer capability of the product,"Play three of Mario’s greatest 3D platforming adventures—all in one package! Play three iconic games at home or on the go—all in one package on the Nintendo Switch system! Jump into paintings in Super Mario 64, clean up paint-like goop in Super Mario Sunshine, and fly from planet to planet in Super Mario Galaxy.  Run, jump, and dive with ease! Make Mario move using the Nintendo Switch system’s Joy-Con controllers. You can also pass a Joy-Con controller to a friend to play the Super Mario Galaxy game in Co-Star Mode! Mario’s movements are as smooth as ever with HD resolution for each game, while still retaining the look and feel of the originals.  Listen to timeless Super Mario tunes Listen to a total of 175 iconic tunes from all three games! Whether you want to get up and dance or take a minute to relax—this collection has music to fit your mood!  Even when you aren’t playing, you can enjoy the sounds that these worlds (and galaxies!) are so famous for. With three games, modern upgrades, and music-player mode, this collection is filled with fun for both new players and 3D platforming Mario masters. Super Mario 3D All-Stars will be available as a limited-run retail edition and a digital edition that is available for a limited time until the end of March 2021. The physical version of Super Mario 3D All-Stars (released Sep. 18) will continue to be shipped to retailers and available for purchase through March 31, 2021 or while supplies last. The digital version of Super Mario 3D All-Stars will be available for purchase through March 31, 2021. Once the digital edition has been purchased on your Nintendo Account, it can be re-downloaded and played if deleted from your device.  Software compatibility and play experience may differ on Nintendo Switch Lite. Additional accessories may be required (sold separately). Terms apply.",02457,"[""title: Not two player as described \ntext: Says one or two players, means if you're willing to cut your remote in half two people can control half of one player"", 'title: Amazing Game \ntext: Amazing product all the games are outstanding and it is totally worth it just hoping that there is a Wii Sports compilation pack for the switch', 'title: Don’t let it fool you \ntext: You don’t actually play co-op. All single player. Don’t let it mislead you. Still good old school-ish games.', 'title: Amazing! \ntext: Great game to have! Perfect for the whole family to play with.', ""title: All 3 Games in one cartridge \ntext: Don't even need internet to play all 3 games which is the main reason why I bought this.Super Mario 64 looks smoother and better than before.The controllers took a while to get used to again since the camera for SM64 was weird but cool at the time it came out.Super Mario Sunshine was also a bit awkward having the map at L1, I accidentally press it.  A & B have the same button action.The switch does have remapping the the system settings.""]","The comments highlight a misleading aspect of the product's multiplayer capability. One user points out that although the product is advertised as supporting one or two players, it actually requires players to share a single controller, effectively making it a single-player experience rather than a true two-player mode [0]. Another user echoes this sentiment, stating that the product does not offer a cooperative multiplayer experience as suggested, but rather remains a single-player game despite its claims [1]. [1] is not related to the query. [3] is not related to the query. [4] is not related to the query.",9.0
How's the multiplayer capability of the product,"Play three of Mario’s greatest 3D platforming adventures—all in one package! Play three iconic games at home or on the go—all in one package on the Nintendo Switch system! Jump into paintings in Super Mario 64, clean up paint-like goop in Super Mario Sunshine, and fly from planet to planet in Super Mario Galaxy.  Run, jump, and dive with ease! Make Mario move using the Nintendo Switch system’s Joy-Con controllers. You can also pass a Joy-Con controller to a friend to play the Super Mario Galaxy game in Co-Star Mode! Mario’s movements are as smooth as ever with HD resolution for each game, while still retaining the look and feel of the originals.  Listen to timeless Super Mario tunes Listen to a total of 175 iconic tunes from all three games! Whether you want to get up and dance or take a minute to relax—this collection has music to fit your mood!  Even when you aren’t playing, you can enjoy the sounds that these worlds (and galaxies!) are so famous for. With three games, modern upgrades, and music-player mode, this collection is filled with fun for both new players and 3D platforming Mario masters. Super Mario 3D All-Stars will be available as a limited-run retail edition and a digital edition that is available for a limited time until the end of March 2021. The physical version of Super Mario 3D All-Stars (released Sep. 18) will continue to be shipped to retailers and available for purchase through March 31, 2021 or while supplies last. The digital version of Super Mario 3D All-Stars will be available for purchase through March 31, 2021. Once the digital edition has been purchased on your Nintendo Account, it can be re-downloaded and played if deleted from your device.  Software compatibility and play experience may differ on Nintendo Switch Lite. Additional accessories may be required (sold separately). Terms apply.",02467,"[""title: Not two player as described \ntext: Says one or two players, means if you're willing to cut your remote in half two people can control half of one player"", 'title: Amazing Game \ntext: Amazing product all the games are outstanding and it is totally worth it just hoping that there is a Wii Sports compilation pack for the switch', 'title: Don’t let it fool you \ntext: You don’t actually play co-op. All single player. Don’t let it mislead you. Still good old school-ish games.', 'title: Yahoo! \ntext: A great bundle of games. Has some bugs but its still fun', ""title: All 3 Games in one cartridge \ntext: Don't even need internet to play all 3 games which is the main reason why I bought this.Super Mario 64 looks smoother and better than before.The controllers took a while to get used to again since the camera for SM64 was weird but cool at the time it came out.Super Mario Sunshine was also a bit awkward having the map at L1, I accidentally press it.  A & B have the same button action.The switch does have remapping the the system settings.""]","The comments highlight a misleading aspect of the product's multiplayer capability. Although it is advertised as supporting one or two players, the actual experience does not involve true cooperative play. Instead, the multiplayer mode requires two people to share control of a single player, which does not constitute a traditional two-player experience. This has led to disappointment among users who expected a genuine co-op mode[0][1]. [1] is not related to the query. [3] is not related to the query. [4] is not related to the query.",9.0
How's the multiplayer capability of the product,"Play three of Mario’s greatest 3D platforming adventures—all in one package! Play three iconic games at home or on the go—all in one package on the Nintendo Switch system! Jump into paintings in Super Mario 64, clean up paint-like goop in Super Mario Sunshine, and fly from planet to planet in Super Mario Galaxy.  Run, jump, and dive with ease! Make Mario move using the Nintendo Switch system’s Joy-Con controllers. You can also pass a Joy-Con controller to a friend to play the Super Mario Galaxy game in Co-Star Mode! Mario’s movements are as smooth as ever with HD resolution for each game, while still retaining the look and feel of the originals.  Listen to timeless Super Mario tunes Listen to a total of 175 iconic tunes from all three games! Whether you want to get up and dance or take a minute to relax—this collection has music to fit your mood!  Even when you aren’t playing, you can enjoy the sounds that these worlds (and galaxies!) are so famous for. With three games, modern upgrades, and music-player mode, this collection is filled with fun for both new players and 3D platforming Mario masters. Super Mario 3D All-Stars will be available as a limited-run retail edition and a digital edition that is available for a limited time until the end of March 2021. The physical version of Super Mario 3D All-Stars (released Sep. 18) will continue to be shipped to retailers and available for purchase through March 31, 2021 or while supplies last. The digital version of Super Mario 3D All-Stars will be available for purchase through March 31, 2021. Once the digital edition has been purchased on your Nintendo Account, it can be re-downloaded and played if deleted from your device.  Software compatibility and play experience may differ on Nintendo Switch Lite. Additional accessories may be required (sold separately). Terms apply.",02567,"[""title: Not two player as described \ntext: Says one or two players, means if you're willing to cut your remote in half two people can control half of one player"", 'title: Amazing Game \ntext: Amazing product all the games are outstanding and it is totally worth it just hoping that there is a Wii Sports compilation pack for the switch', 'title: Amazing! \ntext: Great game to have! Perfect for the whole family to play with.', 'title: Yahoo! \ntext: A great bundle of games. Has some bugs but its still fun', ""title: All 3 Games in one cartridge \ntext: Don't even need internet to play all 3 games which is the main reason why I bought this.Super Mario 64 looks smoother and better than before.The controllers took a while to get used to again since the camera for SM64 was weird but cool at the time it came out.Super Mario Sunshine was also a bit awkward having the map at L1, I accidentally press it.  A & B have the same button action.The switch does have remapping the the system settings.""]","The comment highlights a misleading description regarding the multiplayer capability of the product. It states that while the product claims to support one or two players, in reality, it only allows two people to control half of one player by sharing a single remote, rather than providing a true two-player experience [0]. [1] is not related to the query. [2] is not related to the query. [3] is not related to the query. [4] is not related to the query.",8.0
How's the multiplayer capability of the product,"Play three of Mario’s greatest 3D platforming adventures—all in one package! Play three iconic games at home or on the go—all in one package on the Nintendo Switch system! Jump into paintings in Super Mario 64, clean up paint-like goop in Super Mario Sunshine, and fly from planet to planet in Super Mario Galaxy.  Run, jump, and dive with ease! Make Mario move using the Nintendo Switch system’s Joy-Con controllers. You can also pass a Joy-Con controller to a friend to play the Super Mario Galaxy game in Co-Star Mode! Mario’s movements are as smooth as ever with HD resolution for each game, while still retaining the look and feel of the originals.  Listen to timeless Super Mario tunes Listen to a total of 175 iconic tunes from all three games! Whether you want to get up and dance or take a minute to relax—this collection has music to fit your mood!  Even when you aren’t playing, you can enjoy the sounds that these worlds (and galaxies!) are so famous for. With three games, modern upgrades, and music-player mode, this collection is filled with fun for both new players and 3D platforming Mario masters. Super Mario 3D All-Stars will be available as a limited-run retail edition and a digital edition that is available for a limited time until the end of March 2021. The physical version of Super Mario 3D All-Stars (released Sep. 18) will continue to be shipped to retailers and available for purchase through March 31, 2021 or while supplies last. The digital version of Super Mario 3D All-Stars will be available for purchase through March 31, 2021. Once the digital edition has been purchased on your Nintendo Account, it can be re-downloaded and played if deleted from your device.  Software compatibility and play experience may differ on Nintendo Switch Lite. Additional accessories may be required (sold separately). Terms apply.",03456,"[""title: Not two player as described \ntext: Says one or two players, means if you're willing to cut your remote in half two people can control half of one player"", 'title: Barebones emulation \ntext: The product is a huge disappointment, in particular Mario sunshine which is borderline unplayable since Nintendo has ruined the controls in particular the camera controls. To make the problem even worse Gamecube controllers are not supported.', 'title: Don’t let it fool you \ntext: You don’t actually play co-op. All single player. Don’t let it mislead you. Still good old school-ish games.', 'title: Amazing! \ntext: Great game to have! Perfect for the whole family to play with.', 'title: Yahoo! \ntext: A great bundle of games. Has some bugs but its still fun']","The comments highlight a discrepancy in the product's multiplayer capability. One user points out that although the product is advertised as supporting one or two players, it actually requires players to share a single controller, effectively making it a single-player experience rather than a true two-player mode [0]. Another user echoes this sentiment, stating that the product does not offer a cooperative multiplayer experience as suggested, but rather remains a single-player game despite its misleading description [1]. [1] is not related to the query. [3] is not related to the query. [4] is not related to the query.",9.0
How's the multiplayer capability of the product,"Play three of Mario’s greatest 3D platforming adventures—all in one package! Play three iconic games at home or on the go—all in one package on the Nintendo Switch system! Jump into paintings in Super Mario 64, clean up paint-like goop in Super Mario Sunshine, and fly from planet to planet in Super Mario Galaxy.  Run, jump, and dive with ease! Make Mario move using the Nintendo Switch system’s Joy-Con controllers. You can also pass a Joy-Con controller to a friend to play the Super Mario Galaxy game in Co-Star Mode! Mario’s movements are as smooth as ever with HD resolution for each game, while still retaining the look and feel of the originals.  Listen to timeless Super Mario tunes Listen to a total of 175 iconic tunes from all three games! Whether you want to get up and dance or take a minute to relax—this collection has music to fit your mood!  Even when you aren’t playing, you can enjoy the sounds that these worlds (and galaxies!) are so famous for. With three games, modern upgrades, and music-player mode, this collection is filled with fun for both new players and 3D platforming Mario masters. Super Mario 3D All-Stars will be available as a limited-run retail edition and a digital edition that is available for a limited time until the end of March 2021. The physical version of Super Mario 3D All-Stars (released Sep. 18) will continue to be shipped to retailers and available for purchase through March 31, 2021 or while supplies last. The digital version of Super Mario 3D All-Stars will be available for purchase through March 31, 2021. Once the digital edition has been purchased on your Nintendo Account, it can be re-downloaded and played if deleted from your device.  Software compatibility and play experience may differ on Nintendo Switch Lite. Additional accessories may be required (sold separately). Terms apply.",03457,"[""title: Not two player as described \ntext: Says one or two players, means if you're willing to cut your remote in half two people can control half of one player"", 'title: Barebones emulation \ntext: The product is a huge disappointment, in particular Mario sunshine which is borderline unplayable since Nintendo has ruined the controls in particular the camera controls. To make the problem even worse Gamecube controllers are not supported.', 'title: Don’t let it fool you \ntext: You don’t actually play co-op. All single player. Don’t let it mislead you. Still good old school-ish games.', 'title: Amazing! \ntext: Great game to have! Perfect for the whole family to play with.', ""title: All 3 Games in one cartridge \ntext: Don't even need internet to play all 3 games which is the main reason why I bought this.Super Mario 64 looks smoother and better than before.The controllers took a while to get used to again since the camera for SM64 was weird but cool at the time it came out.Super Mario Sunshine was also a bit awkward having the map at L1, I accidentally press it.  A & B have the same button action.The switch does have remapping the the system settings.""]","The comments highlight a misleading aspect of the product's multiplayer capability. Although it is advertised as supporting one or two players, the reality is that it does not offer a true cooperative multiplayer experience. Instead, the product requires players to share a single controller, effectively allowing two people to control different parts of one player, rather than playing together as separate entities. This has led to disappointment among users who expected a genuine two-player mode[0][1]. [1] is not related to the query. [3] is not related to the query. [4] is not related to the query.",9.0
How's the multiplayer capability of the product,"Play three of Mario’s greatest 3D platforming adventures—all in one package! Play three iconic games at home or on the go—all in one package on the Nintendo Switch system! Jump into paintings in Super Mario 64, clean up paint-like goop in Super Mario Sunshine, and fly from planet to planet in Super Mario Galaxy.  Run, jump, and dive with ease! Make Mario move using the Nintendo Switch system’s Joy-Con controllers. You can also pass a Joy-Con controller to a friend to play the Super Mario Galaxy game in Co-Star Mode! Mario’s movements are as smooth as ever with HD resolution for each game, while still retaining the look and feel of the originals.  Listen to timeless Super Mario tunes Listen to a total of 175 iconic tunes from all three games! Whether you want to get up and dance or take a minute to relax—this collection has music to fit your mood!  Even when you aren’t playing, you can enjoy the sounds that these worlds (and galaxies!) are so famous for. With three games, modern upgrades, and music-player mode, this collection is filled with fun for both new players and 3D platforming Mario masters. Super Mario 3D All-Stars will be available as a limited-run retail edition and a digital edition that is available for a limited time until the end of March 2021. The physical version of Super Mario 3D All-Stars (released Sep. 18) will continue to be shipped to retailers and available for purchase through March 31, 2021 or while supplies last. The digital version of Super Mario 3D All-Stars will be available for purchase through March 31, 2021. Once the digital edition has been purchased on your Nintendo Account, it can be re-downloaded and played if deleted from your device.  Software compatibility and play experience may differ on Nintendo Switch Lite. Additional accessories may be required (sold separately). Terms apply.",03467,"[""title: Not two player as described \ntext: Says one or two players, means if you're willing to cut your remote in half two people can control half of one player"", 'title: Barebones emulation \ntext: The product is a huge disappointment, in particular Mario sunshine which is borderline unplayable since Nintendo has ruined the controls in particular the camera controls. To make the problem even worse Gamecube controllers are not supported.', 'title: Don’t let it fool you \ntext: You don’t actually play co-op. All single player. Don’t let it mislead you. Still good old school-ish games.', 'title: Yahoo! \ntext: A great bundle of games. Has some bugs but its still fun', ""title: All 3 Games in one cartridge \ntext: Don't even need internet to play all 3 games which is the main reason why I bought this.Super Mario 64 looks smoother and better than before.The controllers took a while to get used to again since the camera for SM64 was weird but cool at the time it came out.Super Mario Sunshine was also a bit awkward having the map at L1, I accidentally press it.  A & B have the same button action.The switch does have remapping the the system settings.""]","The product is advertised as supporting one or two players, but in reality, it does not offer a true multiplayer experience. Instead, it requires players to share a single controller, effectively splitting control between two people, which does not constitute a genuine two-player mode[0]. Additionally, the product does not support cooperative play as suggested, as all gameplay is single-player, despite the misleading implication of multiplayer capability[1]. [1] is not related to the query. [3] is not related to the query. [4] is not related to the query.",9.0
How's the multiplayer capability of the product,"Play three of Mario’s greatest 3D platforming adventures—all in one package! Play three iconic games at home or on the go—all in one package on the Nintendo Switch system! Jump into paintings in Super Mario 64, clean up paint-like goop in Super Mario Sunshine, and fly from planet to planet in Super Mario Galaxy.  Run, jump, and dive with ease! Make Mario move using the Nintendo Switch system’s Joy-Con controllers. You can also pass a Joy-Con controller to a friend to play the Super Mario Galaxy game in Co-Star Mode! Mario’s movements are as smooth as ever with HD resolution for each game, while still retaining the look and feel of the originals.  Listen to timeless Super Mario tunes Listen to a total of 175 iconic tunes from all three games! Whether you want to get up and dance or take a minute to relax—this collection has music to fit your mood!  Even when you aren’t playing, you can enjoy the sounds that these worlds (and galaxies!) are so famous for. With three games, modern upgrades, and music-player mode, this collection is filled with fun for both new players and 3D platforming Mario masters. Super Mario 3D All-Stars will be available as a limited-run retail edition and a digital edition that is available for a limited time until the end of March 2021. The physical version of Super Mario 3D All-Stars (released Sep. 18) will continue to be shipped to retailers and available for purchase through March 31, 2021 or while supplies last. The digital version of Super Mario 3D All-Stars will be available for purchase through March 31, 2021. Once the digital edition has been purchased on your Nintendo Account, it can be re-downloaded and played if deleted from your device.  Software compatibility and play experience may differ on Nintendo Switch Lite. Additional accessories may be required (sold separately). Terms apply.",03567,"[""title: Not two player as described \ntext: Says one or two players, means if you're willing to cut your remote in half two people can control half of one player"", 'title: Barebones emulation \ntext: The product is a huge disappointment, in particular Mario sunshine which is borderline unplayable since Nintendo has ruined the controls in particular the camera controls. To make the problem even worse Gamecube controllers are not supported.', 'title: Amazing! \ntext: Great game to have! Perfect for the whole family to play with.', 'title: Yahoo! \ntext: A great bundle of games. Has some bugs but its still fun', ""title: All 3 Games in one cartridge \ntext: Don't even need internet to play all 3 games which is the main reason why I bought this.Super Mario 64 looks smoother and better than before.The controllers took a while to get used to again since the camera for SM64 was weird but cool at the time it came out.Super Mario Sunshine was also a bit awkward having the map at L1, I accidentally press it.  A & B have the same button action.The switch does have remapping the the system settings.""]","The product is advertised as supporting one or two players, but in reality, it only allows two people to control half of one player by sharing a single remote. This indicates a misleading description of its multiplayer capability, as it does not truly support two separate players as one might expect [0]. [1] is not related to the query. [2] is not related to the query. [3] is not related to the query. [4] is not related to the query.",8.0
How's the multiplayer capability of the product,"Play three of Mario’s greatest 3D platforming adventures—all in one package! Play three iconic games at home or on the go—all in one package on the Nintendo Switch system! Jump into paintings in Super Mario 64, clean up paint-like goop in Super Mario Sunshine, and fly from planet to planet in Super Mario Galaxy.  Run, jump, and dive with ease! Make Mario move using the Nintendo Switch system’s Joy-Con controllers. You can also pass a Joy-Con controller to a friend to play the Super Mario Galaxy game in Co-Star Mode! Mario’s movements are as smooth as ever with HD resolution for each game, while still retaining the look and feel of the originals.  Listen to timeless Super Mario tunes Listen to a total of 175 iconic tunes from all three games! Whether you want to get up and dance or take a minute to relax—this collection has music to fit your mood!  Even when you aren’t playing, you can enjoy the sounds that these worlds (and galaxies!) are so famous for. With three games, modern upgrades, and music-player mode, this collection is filled with fun for both new players and 3D platforming Mario masters. Super Mario 3D All-Stars will be available as a limited-run retail edition and a digital edition that is available for a limited time until the end of March 2021. The physical version of Super Mario 3D All-Stars (released Sep. 18) will continue to be shipped to retailers and available for purchase through March 31, 2021 or while supplies last. The digital version of Super Mario 3D All-Stars will be available for purchase through March 31, 2021. Once the digital edition has been purchased on your Nintendo Account, it can be re-downloaded and played if deleted from your device.  Software compatibility and play experience may differ on Nintendo Switch Lite. Additional accessories may be required (sold separately). Terms apply.",04567,"[""title: Not two player as described \ntext: Says one or two players, means if you're willing to cut your remote in half two people can control half of one player"", 'title: Don’t let it fool you \ntext: You don’t actually play co-op. All single player. Don’t let it mislead you. Still good old school-ish games.', 'title: Amazing! \ntext: Great game to have! Perfect for the whole family to play with.', 'title: Yahoo! \ntext: A great bundle of games. Has some bugs but its still fun', ""title: All 3 Games in one cartridge \ntext: Don't even need internet to play all 3 games which is the main reason why I bought this.Super Mario 64 looks smoother and better than before.The controllers took a while to get used to again since the camera for SM64 was weird but cool at the time it came out.Super Mario Sunshine was also a bit awkward having the map at L1, I accidentally press it.  A & B have the same button action.The switch does have remapping the the system settings.""]","The comments highlight a misleading aspect of the product's multiplayer capability. One user points out that although the product claims to support one or two players, it actually requires players to share a single controller, effectively controlling half of one player each, rather than offering a true two-player experience [0]. Another user echoes this sentiment, stating that the product does not support cooperative play as suggested, and is essentially a single-player experience, despite the implication of multiplayer functionality [1]. [2] is not related to the query. [3] is not related to the query. [4] is not related to the query.",9.0
How's the multiplayer capability of the product,"Play three of Mario’s greatest 3D platforming adventures—all in one package! Play three iconic games at home or on the go—all in one package on the Nintendo Switch system! Jump into paintings in Super Mario 64, clean up paint-like goop in Super Mario Sunshine, and fly from planet to planet in Super Mario Galaxy.  Run, jump, and dive with ease! Make Mario move using the Nintendo Switch system’s Joy-Con controllers. You can also pass a Joy-Con controller to a friend to play the Super Mario Galaxy game in Co-Star Mode! Mario’s movements are as smooth as ever with HD resolution for each game, while still retaining the look and feel of the originals.  Listen to timeless Super Mario tunes Listen to a total of 175 iconic tunes from all three games! Whether you want to get up and dance or take a minute to relax—this collection has music to fit your mood!  Even when you aren’t playing, you can enjoy the sounds that these worlds (and galaxies!) are so famous for. With three games, modern upgrades, and music-player mode, this collection is filled with fun for both new players and 3D platforming Mario masters. Super Mario 3D All-Stars will be available as a limited-run retail edition and a digital edition that is available for a limited time until the end of March 2021. The physical version of Super Mario 3D All-Stars (released Sep. 18) will continue to be shipped to retailers and available for purchase through March 31, 2021 or while supplies last. The digital version of Super Mario 3D All-Stars will be available for purchase through March 31, 2021. Once the digital edition has been purchased on your Nintendo Account, it can be re-downloaded and played if deleted from your device.  Software compatibility and play experience may differ on Nintendo Switch Lite. Additional accessories may be required (sold separately). Terms apply.",12345,"['title: Decent \ntext: This game is a little deceiving, it says it’s 2 players but it’s not really a good 2 player. Like you get to float around them. But not actually play.Really fun 1 player though!', 'title: Amazing Game \ntext: Amazing product all the games are outstanding and it is totally worth it just hoping that there is a Wii Sports compilation pack for the switch', 'title: Barebones emulation \ntext: The product is a huge disappointment, in particular Mario sunshine which is borderline unplayable since Nintendo has ruined the controls in particular the camera controls. To make the problem even worse Gamecube controllers are not supported.', 'title: Don’t let it fool you \ntext: You don’t actually play co-op. All single player. Don’t let it mislead you. Still good old school-ish games.', 'title: Amazing! \ntext: Great game to have! Perfect for the whole family to play with.']","The multiplayer capability of the product has been criticized by users for being misleading. Although the game is advertised as supporting two players, users have noted that the second player does not have a meaningful role and merely floats around the main player, rather than actively participating in the gameplay. This has led to disappointment among those expecting a true cooperative experience, as the game primarily functions as a single-player experience despite its claims of multiplayer support [0][1]. [1] is not related to the query. [2] is not related to the query. [4] is not related to the query.",9.0
How's the multiplayer capability of the product,"Play three of Mario’s greatest 3D platforming adventures—all in one package! Play three iconic games at home or on the go—all in one package on the Nintendo Switch system! Jump into paintings in Super Mario 64, clean up paint-like goop in Super Mario Sunshine, and fly from planet to planet in Super Mario Galaxy.  Run, jump, and dive with ease! Make Mario move using the Nintendo Switch system’s Joy-Con controllers. You can also pass a Joy-Con controller to a friend to play the Super Mario Galaxy game in Co-Star Mode! Mario’s movements are as smooth as ever with HD resolution for each game, while still retaining the look and feel of the originals.  Listen to timeless Super Mario tunes Listen to a total of 175 iconic tunes from all three games! Whether you want to get up and dance or take a minute to relax—this collection has music to fit your mood!  Even when you aren’t playing, you can enjoy the sounds that these worlds (and galaxies!) are so famous for. With three games, modern upgrades, and music-player mode, this collection is filled with fun for both new players and 3D platforming Mario masters. Super Mario 3D All-Stars will be available as a limited-run retail edition and a digital edition that is available for a limited time until the end of March 2021. The physical version of Super Mario 3D All-Stars (released Sep. 18) will continue to be shipped to retailers and available for purchase through March 31, 2021 or while supplies last. The digital version of Super Mario 3D All-Stars will be available for purchase through March 31, 2021. Once the digital edition has been purchased on your Nintendo Account, it can be re-downloaded and played if deleted from your device.  Software compatibility and play experience may differ on Nintendo Switch Lite. Additional accessories may be required (sold separately). Terms apply.",12346,"['title: Decent \ntext: This game is a little deceiving, it says it’s 2 players but it’s not really a good 2 player. Like you get to float around them. But not actually play.Really fun 1 player though!', 'title: Amazing Game \ntext: Amazing product all the games are outstanding and it is totally worth it just hoping that there is a Wii Sports compilation pack for the switch', 'title: Barebones emulation \ntext: The product is a huge disappointment, in particular Mario sunshine which is borderline unplayable since Nintendo has ruined the controls in particular the camera controls. To make the problem even worse Gamecube controllers are not supported.', 'title: Don’t let it fool you \ntext: You don’t actually play co-op. All single player. Don’t let it mislead you. Still good old school-ish games.', 'title: Yahoo! \ntext: A great bundle of games. Has some bugs but its still fun']","The multiplayer capability of the product has been criticized by users for being misleading. Although the game is advertised as supporting two players, users have reported that the multiplayer experience is limited. Instead of a true cooperative mode, the second player merely floats around the main player, which does not constitute a full multiplayer experience. Despite this, the game is still considered enjoyable as a single-player experience, with a nostalgic, old-school feel.[0][1] [1] is not related to the query. [2] is not related to the query. [4] is not related to the query.",9.0
How's the multiplayer capability of the product,"Play three of Mario’s greatest 3D platforming adventures—all in one package! Play three iconic games at home or on the go—all in one package on the Nintendo Switch system! Jump into paintings in Super Mario 64, clean up paint-like goop in Super Mario Sunshine, and fly from planet to planet in Super Mario Galaxy.  Run, jump, and dive with ease! Make Mario move using the Nintendo Switch system’s Joy-Con controllers. You can also pass a Joy-Con controller to a friend to play the Super Mario Galaxy game in Co-Star Mode! Mario’s movements are as smooth as ever with HD resolution for each game, while still retaining the look and feel of the originals.  Listen to timeless Super Mario tunes Listen to a total of 175 iconic tunes from all three games! Whether you want to get up and dance or take a minute to relax—this collection has music to fit your mood!  Even when you aren’t playing, you can enjoy the sounds that these worlds (and galaxies!) are so famous for. With three games, modern upgrades, and music-player mode, this collection is filled with fun for both new players and 3D platforming Mario masters. Super Mario 3D All-Stars will be available as a limited-run retail edition and a digital edition that is available for a limited time until the end of March 2021. The physical version of Super Mario 3D All-Stars (released Sep. 18) will continue to be shipped to retailers and available for purchase through March 31, 2021 or while supplies last. The digital version of Super Mario 3D All-Stars will be available for purchase through March 31, 2021. Once the digital edition has been purchased on your Nintendo Account, it can be re-downloaded and played if deleted from your device.  Software compatibility and play experience may differ on Nintendo Switch Lite. Additional accessories may be required (sold separately). Terms apply.",12347,"['title: Decent \ntext: This game is a little deceiving, it says it’s 2 players but it’s not really a good 2 player. Like you get to float around them. But not actually play.Really fun 1 player though!', 'title: Amazing Game \ntext: Amazing product all the games are outstanding and it is totally worth it just hoping that there is a Wii Sports compilation pack for the switch', 'title: Barebones emulation \ntext: The product is a huge disappointment, in particular Mario sunshine which is borderline unplayable since Nintendo has ruined the controls in particular the camera controls. To make the problem even worse Gamecube controllers are not supported.', 'title: Don’t let it fool you \ntext: You don’t actually play co-op. All single player. Don’t let it mislead you. Still good old school-ish games.', ""title: All 3 Games in one cartridge \ntext: Don't even need internet to play all 3 games which is the main reason why I bought this.Super Mario 64 looks smoother and better than before.The controllers took a while to get used to again since the camera for SM64 was weird but cool at the time it came out.Super Mario Sunshine was also a bit awkward having the map at L1, I accidentally press it.  A & B have the same button action.The switch does have remapping the the system settings.""]","The multiplayer capability of the product has been criticized by users for being misleading. Although the game is advertised as a two-player experience, users have reported that the multiplayer aspect is not fully realized, as the second player can only float around the main player rather than actively participate in the gameplay. This has led to disappointment among those expecting a true cooperative experience, despite the game being enjoyable as a single-player experience [0][1]. [1] is not related to the query. [2] is not related to the query. [4] is not related to the query.",9.0
How's the multiplayer capability of the product,"Play three of Mario’s greatest 3D platforming adventures—all in one package! Play three iconic games at home or on the go—all in one package on the Nintendo Switch system! Jump into paintings in Super Mario 64, clean up paint-like goop in Super Mario Sunshine, and fly from planet to planet in Super Mario Galaxy.  Run, jump, and dive with ease! Make Mario move using the Nintendo Switch system’s Joy-Con controllers. You can also pass a Joy-Con controller to a friend to play the Super Mario Galaxy game in Co-Star Mode! Mario’s movements are as smooth as ever with HD resolution for each game, while still retaining the look and feel of the originals.  Listen to timeless Super Mario tunes Listen to a total of 175 iconic tunes from all three games! Whether you want to get up and dance or take a minute to relax—this collection has music to fit your mood!  Even when you aren’t playing, you can enjoy the sounds that these worlds (and galaxies!) are so famous for. With three games, modern upgrades, and music-player mode, this collection is filled with fun for both new players and 3D platforming Mario masters. Super Mario 3D All-Stars will be available as a limited-run retail edition and a digital edition that is available for a limited time until the end of March 2021. The physical version of Super Mario 3D All-Stars (released Sep. 18) will continue to be shipped to retailers and available for purchase through March 31, 2021 or while supplies last. The digital version of Super Mario 3D All-Stars will be available for purchase through March 31, 2021. Once the digital edition has been purchased on your Nintendo Account, it can be re-downloaded and played if deleted from your device.  Software compatibility and play experience may differ on Nintendo Switch Lite. Additional accessories may be required (sold separately). Terms apply.",12356,"['title: Decent \ntext: This game is a little deceiving, it says it’s 2 players but it’s not really a good 2 player. Like you get to float around them. But not actually play.Really fun 1 player though!', 'title: Amazing Game \ntext: Amazing product all the games are outstanding and it is totally worth it just hoping that there is a Wii Sports compilation pack for the switch', 'title: Barebones emulation \ntext: The product is a huge disappointment, in particular Mario sunshine which is borderline unplayable since Nintendo has ruined the controls in particular the camera controls. To make the problem even worse Gamecube controllers are not supported.', 'title: Amazing! \ntext: Great game to have! Perfect for the whole family to play with.', 'title: Yahoo! \ntext: A great bundle of games. Has some bugs but its still fun']","The comment highlights a misleading aspect of the game's multiplayer capability. Although it is advertised as a two-player game, the multiplayer experience is limited, as the second player can only float around the main player rather than actively participate. However, the game is noted to be enjoyable in single-player mode [0]. [1] is not related to the query. [2] is not related to the query. [3] is not related to the query. [4] is not related to the query.",8.0
How's the multiplayer capability of the product,"Play three of Mario’s greatest 3D platforming adventures—all in one package! Play three iconic games at home or on the go—all in one package on the Nintendo Switch system! Jump into paintings in Super Mario 64, clean up paint-like goop in Super Mario Sunshine, and fly from planet to planet in Super Mario Galaxy.  Run, jump, and dive with ease! Make Mario move using the Nintendo Switch system’s Joy-Con controllers. You can also pass a Joy-Con controller to a friend to play the Super Mario Galaxy game in Co-Star Mode! Mario’s movements are as smooth as ever with HD resolution for each game, while still retaining the look and feel of the originals.  Listen to timeless Super Mario tunes Listen to a total of 175 iconic tunes from all three games! Whether you want to get up and dance or take a minute to relax—this collection has music to fit your mood!  Even when you aren’t playing, you can enjoy the sounds that these worlds (and galaxies!) are so famous for. With three games, modern upgrades, and music-player mode, this collection is filled with fun for both new players and 3D platforming Mario masters. Super Mario 3D All-Stars will be available as a limited-run retail edition and a digital edition that is available for a limited time until the end of March 2021. The physical version of Super Mario 3D All-Stars (released Sep. 18) will continue to be shipped to retailers and available for purchase through March 31, 2021 or while supplies last. The digital version of Super Mario 3D All-Stars will be available for purchase through March 31, 2021. Once the digital edition has been purchased on your Nintendo Account, it can be re-downloaded and played if deleted from your device.  Software compatibility and play experience may differ on Nintendo Switch Lite. Additional accessories may be required (sold separately). Terms apply.",12357,"['title: Decent \ntext: This game is a little deceiving, it says it’s 2 players but it’s not really a good 2 player. Like you get to float around them. But not actually play.Really fun 1 player though!', 'title: Amazing Game \ntext: Amazing product all the games are outstanding and it is totally worth it just hoping that there is a Wii Sports compilation pack for the switch', 'title: Barebones emulation \ntext: The product is a huge disappointment, in particular Mario sunshine which is borderline unplayable since Nintendo has ruined the controls in particular the camera controls. To make the problem even worse Gamecube controllers are not supported.', 'title: Amazing! \ntext: Great game to have! Perfect for the whole family to play with.', ""title: All 3 Games in one cartridge \ntext: Don't even need internet to play all 3 games which is the main reason why I bought this.Super Mario 64 looks smoother and better than before.The controllers took a while to get used to again since the camera for SM64 was weird but cool at the time it came out.Super Mario Sunshine was also a bit awkward having the map at L1, I accidentally press it.  A & B have the same button action.The switch does have remapping the the system settings.""]","The game is advertised as having a two-player mode, but users have found that the multiplayer experience is lacking. While it allows for a second player to participate, the interaction is limited to floating around the main player rather than engaging in a full cooperative or competitive gameplay experience. Despite this, the game is noted to be enjoyable in single-player mode [0]. [1] is not related to the query. [2] is not related to the query. [3] is not related to the query. [4] is not related to the query.",8.0
How's the multiplayer capability of the product,"Play three of Mario’s greatest 3D platforming adventures—all in one package! Play three iconic games at home or on the go—all in one package on the Nintendo Switch system! Jump into paintings in Super Mario 64, clean up paint-like goop in Super Mario Sunshine, and fly from planet to planet in Super Mario Galaxy.  Run, jump, and dive with ease! Make Mario move using the Nintendo Switch system’s Joy-Con controllers. You can also pass a Joy-Con controller to a friend to play the Super Mario Galaxy game in Co-Star Mode! Mario’s movements are as smooth as ever with HD resolution for each game, while still retaining the look and feel of the originals.  Listen to timeless Super Mario tunes Listen to a total of 175 iconic tunes from all three games! Whether you want to get up and dance or take a minute to relax—this collection has music to fit your mood!  Even when you aren’t playing, you can enjoy the sounds that these worlds (and galaxies!) are so famous for. With three games, modern upgrades, and music-player mode, this collection is filled with fun for both new players and 3D platforming Mario masters. Super Mario 3D All-Stars will be available as a limited-run retail edition and a digital edition that is available for a limited time until the end of March 2021. The physical version of Super Mario 3D All-Stars (released Sep. 18) will continue to be shipped to retailers and available for purchase through March 31, 2021 or while supplies last. The digital version of Super Mario 3D All-Stars will be available for purchase through March 31, 2021. Once the digital edition has been purchased on your Nintendo Account, it can be re-downloaded and played if deleted from your device.  Software compatibility and play experience may differ on Nintendo Switch Lite. Additional accessories may be required (sold separately). Terms apply.",12367,"['title: Decent \ntext: This game is a little deceiving, it says it’s 2 players but it’s not really a good 2 player. Like you get to float around them. But not actually play.Really fun 1 player though!', 'title: Amazing Game \ntext: Amazing product all the games are outstanding and it is totally worth it just hoping that there is a Wii Sports compilation pack for the switch', 'title: Barebones emulation \ntext: The product is a huge disappointment, in particular Mario sunshine which is borderline unplayable since Nintendo has ruined the controls in particular the camera controls. To make the problem even worse Gamecube controllers are not supported.', 'title: Yahoo! \ntext: A great bundle of games. Has some bugs but its still fun', ""title: All 3 Games in one cartridge \ntext: Don't even need internet to play all 3 games which is the main reason why I bought this.Super Mario 64 looks smoother and better than before.The controllers took a while to get used to again since the camera for SM64 was weird but cool at the time it came out.Super Mario Sunshine was also a bit awkward having the map at L1, I accidentally press it.  A & B have the same button action.The switch does have remapping the the system settings.""]","The comment highlights a misleading aspect of the game's multiplayer capability. Although it is advertised as a two-player game, the multiplayer experience is limited, as the second player can only float around the main player rather than actively participate. However, the game is noted to be enjoyable as a single-player experience [0]. [1] is not related to the query. [2] is not related to the query. [3] is not related to the query. [4] is not related to the query.",8.0
How's the multiplayer capability of the product,"Play three of Mario’s greatest 3D platforming adventures—all in one package! Play three iconic games at home or on the go—all in one package on the Nintendo Switch system! Jump into paintings in Super Mario 64, clean up paint-like goop in Super Mario Sunshine, and fly from planet to planet in Super Mario Galaxy.  Run, jump, and dive with ease! Make Mario move using the Nintendo Switch system’s Joy-Con controllers. You can also pass a Joy-Con controller to a friend to play the Super Mario Galaxy game in Co-Star Mode! Mario’s movements are as smooth as ever with HD resolution for each game, while still retaining the look and feel of the originals.  Listen to timeless Super Mario tunes Listen to a total of 175 iconic tunes from all three games! Whether you want to get up and dance or take a minute to relax—this collection has music to fit your mood!  Even when you aren’t playing, you can enjoy the sounds that these worlds (and galaxies!) are so famous for. With three games, modern upgrades, and music-player mode, this collection is filled with fun for both new players and 3D platforming Mario masters. Super Mario 3D All-Stars will be available as a limited-run retail edition and a digital edition that is available for a limited time until the end of March 2021. The physical version of Super Mario 3D All-Stars (released Sep. 18) will continue to be shipped to retailers and available for purchase through March 31, 2021 or while supplies last. The digital version of Super Mario 3D All-Stars will be available for purchase through March 31, 2021. Once the digital edition has been purchased on your Nintendo Account, it can be re-downloaded and played if deleted from your device.  Software compatibility and play experience may differ on Nintendo Switch Lite. Additional accessories may be required (sold separately). Terms apply.",12456,"['title: Decent \ntext: This game is a little deceiving, it says it’s 2 players but it’s not really a good 2 player. Like you get to float around them. But not actually play.Really fun 1 player though!', 'title: Amazing Game \ntext: Amazing product all the games are outstanding and it is totally worth it just hoping that there is a Wii Sports compilation pack for the switch', 'title: Don’t let it fool you \ntext: You don’t actually play co-op. All single player. Don’t let it mislead you. Still good old school-ish games.', 'title: Amazing! \ntext: Great game to have! Perfect for the whole family to play with.', 'title: Yahoo! \ntext: A great bundle of games. Has some bugs but its still fun']","The multiplayer capability of the product has been criticized by users who feel that the game is misleading in its description as a two-player game. One user noted that while the game claims to support two players, the second player only gets to ""float around"" the first player rather than actively participate, making it not truly a cooperative experience [0]. Another user echoed this sentiment, stating that the game is essentially a single-player experience despite its claims, advising others not to be misled by the description [1]. [1] is not related to the query. [3] is not related to the query. [4] is not related to the query.",9.0
How's the multiplayer capability of the product,"Play three of Mario’s greatest 3D platforming adventures—all in one package! Play three iconic games at home or on the go—all in one package on the Nintendo Switch system! Jump into paintings in Super Mario 64, clean up paint-like goop in Super Mario Sunshine, and fly from planet to planet in Super Mario Galaxy.  Run, jump, and dive with ease! Make Mario move using the Nintendo Switch system’s Joy-Con controllers. You can also pass a Joy-Con controller to a friend to play the Super Mario Galaxy game in Co-Star Mode! Mario’s movements are as smooth as ever with HD resolution for each game, while still retaining the look and feel of the originals.  Listen to timeless Super Mario tunes Listen to a total of 175 iconic tunes from all three games! Whether you want to get up and dance or take a minute to relax—this collection has music to fit your mood!  Even when you aren’t playing, you can enjoy the sounds that these worlds (and galaxies!) are so famous for. With three games, modern upgrades, and music-player mode, this collection is filled with fun for both new players and 3D platforming Mario masters. Super Mario 3D All-Stars will be available as a limited-run retail edition and a digital edition that is available for a limited time until the end of March 2021. The physical version of Super Mario 3D All-Stars (released Sep. 18) will continue to be shipped to retailers and available for purchase through March 31, 2021 or while supplies last. The digital version of Super Mario 3D All-Stars will be available for purchase through March 31, 2021. Once the digital edition has been purchased on your Nintendo Account, it can be re-downloaded and played if deleted from your device.  Software compatibility and play experience may differ on Nintendo Switch Lite. Additional accessories may be required (sold separately). Terms apply.",12457,"['title: Decent \ntext: This game is a little deceiving, it says it’s 2 players but it’s not really a good 2 player. Like you get to float around them. But not actually play.Really fun 1 player though!', 'title: Amazing Game \ntext: Amazing product all the games are outstanding and it is totally worth it just hoping that there is a Wii Sports compilation pack for the switch', 'title: Don’t let it fool you \ntext: You don’t actually play co-op. All single player. Don’t let it mislead you. Still good old school-ish games.', 'title: Amazing! \ntext: Great game to have! Perfect for the whole family to play with.', ""title: All 3 Games in one cartridge \ntext: Don't even need internet to play all 3 games which is the main reason why I bought this.Super Mario 64 looks smoother and better than before.The controllers took a while to get used to again since the camera for SM64 was weird but cool at the time it came out.Super Mario Sunshine was also a bit awkward having the map at L1, I accidentally press it.  A & B have the same button action.The switch does have remapping the the system settings.""]","The multiplayer capability of the product has been criticized by users for being misleading. Although the game is advertised as a two-player experience, users have reported that the multiplayer aspect is limited to floating around the other player rather than engaging in true cooperative gameplay. This has led to disappointment among those expecting a genuine two-player mode, although the game is still appreciated for its single-player experience and old-school charm [0][1]. [1] is not related to the query. [3] is not related to the query. [4] is not related to the query.",9.0
How's the multiplayer capability of the product,"Play three of Mario’s greatest 3D platforming adventures—all in one package! Play three iconic games at home or on the go—all in one package on the Nintendo Switch system! Jump into paintings in Super Mario 64, clean up paint-like goop in Super Mario Sunshine, and fly from planet to planet in Super Mario Galaxy.  Run, jump, and dive with ease! Make Mario move using the Nintendo Switch system’s Joy-Con controllers. You can also pass a Joy-Con controller to a friend to play the Super Mario Galaxy game in Co-Star Mode! Mario’s movements are as smooth as ever with HD resolution for each game, while still retaining the look and feel of the originals.  Listen to timeless Super Mario tunes Listen to a total of 175 iconic tunes from all three games! Whether you want to get up and dance or take a minute to relax—this collection has music to fit your mood!  Even when you aren’t playing, you can enjoy the sounds that these worlds (and galaxies!) are so famous for. With three games, modern upgrades, and music-player mode, this collection is filled with fun for both new players and 3D platforming Mario masters. Super Mario 3D All-Stars will be available as a limited-run retail edition and a digital edition that is available for a limited time until the end of March 2021. The physical version of Super Mario 3D All-Stars (released Sep. 18) will continue to be shipped to retailers and available for purchase through March 31, 2021 or while supplies last. The digital version of Super Mario 3D All-Stars will be available for purchase through March 31, 2021. Once the digital edition has been purchased on your Nintendo Account, it can be re-downloaded and played if deleted from your device.  Software compatibility and play experience may differ on Nintendo Switch Lite. Additional accessories may be required (sold separately). Terms apply.",12467,"['title: Decent \ntext: This game is a little deceiving, it says it’s 2 players but it’s not really a good 2 player. Like you get to float around them. But not actually play.Really fun 1 player though!', 'title: Amazing Game \ntext: Amazing product all the games are outstanding and it is totally worth it just hoping that there is a Wii Sports compilation pack for the switch', 'title: Don’t let it fool you \ntext: You don’t actually play co-op. All single player. Don’t let it mislead you. Still good old school-ish games.', 'title: Yahoo! \ntext: A great bundle of games. Has some bugs but its still fun', ""title: All 3 Games in one cartridge \ntext: Don't even need internet to play all 3 games which is the main reason why I bought this.Super Mario 64 looks smoother and better than before.The controllers took a while to get used to again since the camera for SM64 was weird but cool at the time it came out.Super Mario Sunshine was also a bit awkward having the map at L1, I accidentally press it.  A & B have the same button action.The switch does have remapping the the system settings.""]","The multiplayer capability of the product has been criticized by users for being misleading. Although the game is advertised as supporting two players, users report that the second player does not have a meaningful role, as they can only ""float around"" the main player rather than actively participate in gameplay. This has led to disappointment among those expecting a true cooperative experience, as the game is essentially single-player despite claims of multiplayer functionality [0][1]. [1] is not related to the query. [3] is not related to the query. [4] is not related to the query.",9.0
How's the multiplayer capability of the product,"Play three of Mario’s greatest 3D platforming adventures—all in one package! Play three iconic games at home or on the go—all in one package on the Nintendo Switch system! Jump into paintings in Super Mario 64, clean up paint-like goop in Super Mario Sunshine, and fly from planet to planet in Super Mario Galaxy.  Run, jump, and dive with ease! Make Mario move using the Nintendo Switch system’s Joy-Con controllers. You can also pass a Joy-Con controller to a friend to play the Super Mario Galaxy game in Co-Star Mode! Mario’s movements are as smooth as ever with HD resolution for each game, while still retaining the look and feel of the originals.  Listen to timeless Super Mario tunes Listen to a total of 175 iconic tunes from all three games! Whether you want to get up and dance or take a minute to relax—this collection has music to fit your mood!  Even when you aren’t playing, you can enjoy the sounds that these worlds (and galaxies!) are so famous for. With three games, modern upgrades, and music-player mode, this collection is filled with fun for both new players and 3D platforming Mario masters. Super Mario 3D All-Stars will be available as a limited-run retail edition and a digital edition that is available for a limited time until the end of March 2021. The physical version of Super Mario 3D All-Stars (released Sep. 18) will continue to be shipped to retailers and available for purchase through March 31, 2021 or while supplies last. The digital version of Super Mario 3D All-Stars will be available for purchase through March 31, 2021. Once the digital edition has been purchased on your Nintendo Account, it can be re-downloaded and played if deleted from your device.  Software compatibility and play experience may differ on Nintendo Switch Lite. Additional accessories may be required (sold separately). Terms apply.",12567,"['title: Decent \ntext: This game is a little deceiving, it says it’s 2 players but it’s not really a good 2 player. Like you get to float around them. But not actually play.Really fun 1 player though!', 'title: Amazing Game \ntext: Amazing product all the games are outstanding and it is totally worth it just hoping that there is a Wii Sports compilation pack for the switch', 'title: Amazing! \ntext: Great game to have! Perfect for the whole family to play with.', 'title: Yahoo! \ntext: A great bundle of games. Has some bugs but its still fun', ""title: All 3 Games in one cartridge \ntext: Don't even need internet to play all 3 games which is the main reason why I bought this.Super Mario 64 looks smoother and better than before.The controllers took a while to get used to again since the camera for SM64 was weird but cool at the time it came out.Super Mario Sunshine was also a bit awkward having the map at L1, I accidentally press it.  A & B have the same button action.The switch does have remapping the the system settings.""]","The game is advertised as a two-player experience, but the multiplayer aspect is limited. Players can only float around each other rather than engage in a fully interactive multiplayer mode, making it more suitable for single-player enjoyment [0]. [1] is not related to the query. [2] is not related to the query. [3] is not related to the query. [4] is not related to the query.",8.0
How's the multiplayer capability of the product,"Play three of Mario’s greatest 3D platforming adventures—all in one package! Play three iconic games at home or on the go—all in one package on the Nintendo Switch system! Jump into paintings in Super Mario 64, clean up paint-like goop in Super Mario Sunshine, and fly from planet to planet in Super Mario Galaxy.  Run, jump, and dive with ease! Make Mario move using the Nintendo Switch system’s Joy-Con controllers. You can also pass a Joy-Con controller to a friend to play the Super Mario Galaxy game in Co-Star Mode! Mario’s movements are as smooth as ever with HD resolution for each game, while still retaining the look and feel of the originals.  Listen to timeless Super Mario tunes Listen to a total of 175 iconic tunes from all three games! Whether you want to get up and dance or take a minute to relax—this collection has music to fit your mood!  Even when you aren’t playing, you can enjoy the sounds that these worlds (and galaxies!) are so famous for. With three games, modern upgrades, and music-player mode, this collection is filled with fun for both new players and 3D platforming Mario masters. Super Mario 3D All-Stars will be available as a limited-run retail edition and a digital edition that is available for a limited time until the end of March 2021. The physical version of Super Mario 3D All-Stars (released Sep. 18) will continue to be shipped to retailers and available for purchase through March 31, 2021 or while supplies last. The digital version of Super Mario 3D All-Stars will be available for purchase through March 31, 2021. Once the digital edition has been purchased on your Nintendo Account, it can be re-downloaded and played if deleted from your device.  Software compatibility and play experience may differ on Nintendo Switch Lite. Additional accessories may be required (sold separately). Terms apply.",13456,"['title: Decent \ntext: This game is a little deceiving, it says it’s 2 players but it’s not really a good 2 player. Like you get to float around them. But not actually play.Really fun 1 player though!', 'title: Barebones emulation \ntext: The product is a huge disappointment, in particular Mario sunshine which is borderline unplayable since Nintendo has ruined the controls in particular the camera controls. To make the problem even worse Gamecube controllers are not supported.', 'title: Don’t let it fool you \ntext: You don’t actually play co-op. All single player. Don’t let it mislead you. Still good old school-ish games.', 'title: Amazing! \ntext: Great game to have! Perfect for the whole family to play with.', 'title: Yahoo! \ntext: A great bundle of games. Has some bugs but its still fun']","The multiplayer capability of the product is misleading as it claims to support two players, but in reality, it does not offer a true cooperative experience. Players can only float around each other rather than actively participate together, making it more of a single-player game despite the multiplayer label. This has led to some disappointment among users who expected a more interactive multiplayer mode [0][1]. [1] is not related to the query. [3] is not related to the query. [4] is not related to the query.",9.0
How's the multiplayer capability of the product,"Play three of Mario’s greatest 3D platforming adventures—all in one package! Play three iconic games at home or on the go—all in one package on the Nintendo Switch system! Jump into paintings in Super Mario 64, clean up paint-like goop in Super Mario Sunshine, and fly from planet to planet in Super Mario Galaxy.  Run, jump, and dive with ease! Make Mario move using the Nintendo Switch system’s Joy-Con controllers. You can also pass a Joy-Con controller to a friend to play the Super Mario Galaxy game in Co-Star Mode! Mario’s movements are as smooth as ever with HD resolution for each game, while still retaining the look and feel of the originals.  Listen to timeless Super Mario tunes Listen to a total of 175 iconic tunes from all three games! Whether you want to get up and dance or take a minute to relax—this collection has music to fit your mood!  Even when you aren’t playing, you can enjoy the sounds that these worlds (and galaxies!) are so famous for. With three games, modern upgrades, and music-player mode, this collection is filled with fun for both new players and 3D platforming Mario masters. Super Mario 3D All-Stars will be available as a limited-run retail edition and a digital edition that is available for a limited time until the end of March 2021. The physical version of Super Mario 3D All-Stars (released Sep. 18) will continue to be shipped to retailers and available for purchase through March 31, 2021 or while supplies last. The digital version of Super Mario 3D All-Stars will be available for purchase through March 31, 2021. Once the digital edition has been purchased on your Nintendo Account, it can be re-downloaded and played if deleted from your device.  Software compatibility and play experience may differ on Nintendo Switch Lite. Additional accessories may be required (sold separately). Terms apply.",13457,"['title: Decent \ntext: This game is a little deceiving, it says it’s 2 players but it’s not really a good 2 player. Like you get to float around them. But not actually play.Really fun 1 player though!', 'title: Barebones emulation \ntext: The product is a huge disappointment, in particular Mario sunshine which is borderline unplayable since Nintendo has ruined the controls in particular the camera controls. To make the problem even worse Gamecube controllers are not supported.', 'title: Don’t let it fool you \ntext: You don’t actually play co-op. All single player. Don’t let it mislead you. Still good old school-ish games.', 'title: Amazing! \ntext: Great game to have! Perfect for the whole family to play with.', ""title: All 3 Games in one cartridge \ntext: Don't even need internet to play all 3 games which is the main reason why I bought this.Super Mario 64 looks smoother and better than before.The controllers took a while to get used to again since the camera for SM64 was weird but cool at the time it came out.Super Mario Sunshine was also a bit awkward having the map at L1, I accidentally press it.  A & B have the same button action.The switch does have remapping the the system settings.""]","The multiplayer capability of the product is misleading, as it claims to support two players but does not offer a true cooperative experience. Instead, the second player can only interact in a limited way, such as floating around the main player, rather than fully participating in the gameplay. Despite this, the game is enjoyable as a single-player experience, offering a nostalgic feel reminiscent of old-school games [0][1]. [1] is not related to the query. [3] is not related to the query. [4] is not related to the query.",9.0
How's the multiplayer capability of the product,"Play three of Mario’s greatest 3D platforming adventures—all in one package! Play three iconic games at home or on the go—all in one package on the Nintendo Switch system! Jump into paintings in Super Mario 64, clean up paint-like goop in Super Mario Sunshine, and fly from planet to planet in Super Mario Galaxy.  Run, jump, and dive with ease! Make Mario move using the Nintendo Switch system’s Joy-Con controllers. You can also pass a Joy-Con controller to a friend to play the Super Mario Galaxy game in Co-Star Mode! Mario’s movements are as smooth as ever with HD resolution for each game, while still retaining the look and feel of the originals.  Listen to timeless Super Mario tunes Listen to a total of 175 iconic tunes from all three games! Whether you want to get up and dance or take a minute to relax—this collection has music to fit your mood!  Even when you aren’t playing, you can enjoy the sounds that these worlds (and galaxies!) are so famous for. With three games, modern upgrades, and music-player mode, this collection is filled with fun for both new players and 3D platforming Mario masters. Super Mario 3D All-Stars will be available as a limited-run retail edition and a digital edition that is available for a limited time until the end of March 2021. The physical version of Super Mario 3D All-Stars (released Sep. 18) will continue to be shipped to retailers and available for purchase through March 31, 2021 or while supplies last. The digital version of Super Mario 3D All-Stars will be available for purchase through March 31, 2021. Once the digital edition has been purchased on your Nintendo Account, it can be re-downloaded and played if deleted from your device.  Software compatibility and play experience may differ on Nintendo Switch Lite. Additional accessories may be required (sold separately). Terms apply.",13467,"['title: Decent \ntext: This game is a little deceiving, it says it’s 2 players but it’s not really a good 2 player. Like you get to float around them. But not actually play.Really fun 1 player though!', 'title: Barebones emulation \ntext: The product is a huge disappointment, in particular Mario sunshine which is borderline unplayable since Nintendo has ruined the controls in particular the camera controls. To make the problem even worse Gamecube controllers are not supported.', 'title: Don’t let it fool you \ntext: You don’t actually play co-op. All single player. Don’t let it mislead you. Still good old school-ish games.', 'title: Yahoo! \ntext: A great bundle of games. Has some bugs but its still fun', ""title: All 3 Games in one cartridge \ntext: Don't even need internet to play all 3 games which is the main reason why I bought this.Super Mario 64 looks smoother and better than before.The controllers took a while to get used to again since the camera for SM64 was weird but cool at the time it came out.Super Mario Sunshine was also a bit awkward having the map at L1, I accidentally press it.  A & B have the same button action.The switch does have remapping the the system settings.""]","The multiplayer capability of the product has been criticized by users who feel that the game is misleading in its representation of being a two-player experience. One user noted that while the game advertises itself as a two-player game, the second player only gets to ""float around"" rather than actively participate, making it not truly a cooperative experience[0]. Another user echoed this sentiment, stating that the game is essentially a single-player experience despite claims of co-op play[1]. [1] is not related to the query. [3] is not related to the query. [4] is not related to the query.",9.0
How's the multiplayer capability of the product,"Play three of Mario’s greatest 3D platforming adventures—all in one package! Play three iconic games at home or on the go—all in one package on the Nintendo Switch system! Jump into paintings in Super Mario 64, clean up paint-like goop in Super Mario Sunshine, and fly from planet to planet in Super Mario Galaxy.  Run, jump, and dive with ease! Make Mario move using the Nintendo Switch system’s Joy-Con controllers. You can also pass a Joy-Con controller to a friend to play the Super Mario Galaxy game in Co-Star Mode! Mario’s movements are as smooth as ever with HD resolution for each game, while still retaining the look and feel of the originals.  Listen to timeless Super Mario tunes Listen to a total of 175 iconic tunes from all three games! Whether you want to get up and dance or take a minute to relax—this collection has music to fit your mood!  Even when you aren’t playing, you can enjoy the sounds that these worlds (and galaxies!) are so famous for. With three games, modern upgrades, and music-player mode, this collection is filled with fun for both new players and 3D platforming Mario masters. Super Mario 3D All-Stars will be available as a limited-run retail edition and a digital edition that is available for a limited time until the end of March 2021. The physical version of Super Mario 3D All-Stars (released Sep. 18) will continue to be shipped to retailers and available for purchase through March 31, 2021 or while supplies last. The digital version of Super Mario 3D All-Stars will be available for purchase through March 31, 2021. Once the digital edition has been purchased on your Nintendo Account, it can be re-downloaded and played if deleted from your device.  Software compatibility and play experience may differ on Nintendo Switch Lite. Additional accessories may be required (sold separately). Terms apply.",13567,"['title: Decent \ntext: This game is a little deceiving, it says it’s 2 players but it’s not really a good 2 player. Like you get to float around them. But not actually play.Really fun 1 player though!', 'title: Barebones emulation \ntext: The product is a huge disappointment, in particular Mario sunshine which is borderline unplayable since Nintendo has ruined the controls in particular the camera controls. To make the problem even worse Gamecube controllers are not supported.', 'title: Amazing! \ntext: Great game to have! Perfect for the whole family to play with.', 'title: Yahoo! \ntext: A great bundle of games. Has some bugs but its still fun', ""title: All 3 Games in one cartridge \ntext: Don't even need internet to play all 3 games which is the main reason why I bought this.Super Mario 64 looks smoother and better than before.The controllers took a while to get used to again since the camera for SM64 was weird but cool at the time it came out.Super Mario Sunshine was also a bit awkward having the map at L1, I accidentally press it.  A & B have the same button action.The switch does have remapping the the system settings.""]","The game is advertised as having a two-player mode, but the multiplayer experience is limited. Players can only interact by floating around each other rather than engaging in a full cooperative or competitive gameplay. However, the game is enjoyable as a single-player experience [0]. [1] is not related to the query. [2] is not related to the query. [3] is not related to the query. [4] is not related to the query.",8.0
How's the multiplayer capability of the product,"Play three of Mario’s greatest 3D platforming adventures—all in one package! Play three iconic games at home or on the go—all in one package on the Nintendo Switch system! Jump into paintings in Super Mario 64, clean up paint-like goop in Super Mario Sunshine, and fly from planet to planet in Super Mario Galaxy.  Run, jump, and dive with ease! Make Mario move using the Nintendo Switch system’s Joy-Con controllers. You can also pass a Joy-Con controller to a friend to play the Super Mario Galaxy game in Co-Star Mode! Mario’s movements are as smooth as ever with HD resolution for each game, while still retaining the look and feel of the originals.  Listen to timeless Super Mario tunes Listen to a total of 175 iconic tunes from all three games! Whether you want to get up and dance or take a minute to relax—this collection has music to fit your mood!  Even when you aren’t playing, you can enjoy the sounds that these worlds (and galaxies!) are so famous for. With three games, modern upgrades, and music-player mode, this collection is filled with fun for both new players and 3D platforming Mario masters. Super Mario 3D All-Stars will be available as a limited-run retail edition and a digital edition that is available for a limited time until the end of March 2021. The physical version of Super Mario 3D All-Stars (released Sep. 18) will continue to be shipped to retailers and available for purchase through March 31, 2021 or while supplies last. The digital version of Super Mario 3D All-Stars will be available for purchase through March 31, 2021. Once the digital edition has been purchased on your Nintendo Account, it can be re-downloaded and played if deleted from your device.  Software compatibility and play experience may differ on Nintendo Switch Lite. Additional accessories may be required (sold separately). Terms apply.",14567,"['title: Decent \ntext: This game is a little deceiving, it says it’s 2 players but it’s not really a good 2 player. Like you get to float around them. But not actually play.Really fun 1 player though!', 'title: Don’t let it fool you \ntext: You don’t actually play co-op. All single player. Don’t let it mislead you. Still good old school-ish games.', 'title: Amazing! \ntext: Great game to have! Perfect for the whole family to play with.', 'title: Yahoo! \ntext: A great bundle of games. Has some bugs but its still fun', ""title: All 3 Games in one cartridge \ntext: Don't even need internet to play all 3 games which is the main reason why I bought this.Super Mario 64 looks smoother and better than before.The controllers took a while to get used to again since the camera for SM64 was weird but cool at the time it came out.Super Mario Sunshine was also a bit awkward having the map at L1, I accidentally press it.  A & B have the same button action.The switch does have remapping the the system settings.""]","The multiplayer capability of the product is misleading as it claims to support two players, but in reality, it does not offer a true cooperative gameplay experience. Instead, the second player can only float around the main player without actively participating in the game. This has led to disappointment among users who expected a more interactive multiplayer mode[0][1]. [2] is not related to the query. [3] is not related to the query. [4] is not related to the query.",9.0
How's the multiplayer capability of the product,"Play three of Mario’s greatest 3D platforming adventures—all in one package! Play three iconic games at home or on the go—all in one package on the Nintendo Switch system! Jump into paintings in Super Mario 64, clean up paint-like goop in Super Mario Sunshine, and fly from planet to planet in Super Mario Galaxy.  Run, jump, and dive with ease! Make Mario move using the Nintendo Switch system’s Joy-Con controllers. You can also pass a Joy-Con controller to a friend to play the Super Mario Galaxy game in Co-Star Mode! Mario’s movements are as smooth as ever with HD resolution for each game, while still retaining the look and feel of the originals.  Listen to timeless Super Mario tunes Listen to a total of 175 iconic tunes from all three games! Whether you want to get up and dance or take a minute to relax—this collection has music to fit your mood!  Even when you aren’t playing, you can enjoy the sounds that these worlds (and galaxies!) are so famous for. With three games, modern upgrades, and music-player mode, this collection is filled with fun for both new players and 3D platforming Mario masters. Super Mario 3D All-Stars will be available as a limited-run retail edition and a digital edition that is available for a limited time until the end of March 2021. The physical version of Super Mario 3D All-Stars (released Sep. 18) will continue to be shipped to retailers and available for purchase through March 31, 2021 or while supplies last. The digital version of Super Mario 3D All-Stars will be available for purchase through March 31, 2021. Once the digital edition has been purchased on your Nintendo Account, it can be re-downloaded and played if deleted from your device.  Software compatibility and play experience may differ on Nintendo Switch Lite. Additional accessories may be required (sold separately). Terms apply.",23456,"['title: Amazing Game \ntext: Amazing product all the games are outstanding and it is totally worth it just hoping that there is a Wii Sports compilation pack for the switch', 'title: Barebones emulation \ntext: The product is a huge disappointment, in particular Mario sunshine which is borderline unplayable since Nintendo has ruined the controls in particular the camera controls. To make the problem even worse Gamecube controllers are not supported.', 'title: Don’t let it fool you \ntext: You don’t actually play co-op. All single player. Don’t let it mislead you. Still good old school-ish games.', 'title: Amazing! \ntext: Great game to have! Perfect for the whole family to play with.', 'title: Yahoo! \ntext: A great bundle of games. Has some bugs but its still fun']","The comment highlights that the product does not offer true cooperative multiplayer gameplay, as it is entirely single-player. Despite this, the games are described as enjoyable and reminiscent of old-school gaming experiences [0]. [0] is not related to the query. [1] is not related to the query. [3] is not related to the query. [4] is not related to the query.",7.0
How's the multiplayer capability of the product,"Play three of Mario’s greatest 3D platforming adventures—all in one package! Play three iconic games at home or on the go—all in one package on the Nintendo Switch system! Jump into paintings in Super Mario 64, clean up paint-like goop in Super Mario Sunshine, and fly from planet to planet in Super Mario Galaxy.  Run, jump, and dive with ease! Make Mario move using the Nintendo Switch system’s Joy-Con controllers. You can also pass a Joy-Con controller to a friend to play the Super Mario Galaxy game in Co-Star Mode! Mario’s movements are as smooth as ever with HD resolution for each game, while still retaining the look and feel of the originals.  Listen to timeless Super Mario tunes Listen to a total of 175 iconic tunes from all three games! Whether you want to get up and dance or take a minute to relax—this collection has music to fit your mood!  Even when you aren’t playing, you can enjoy the sounds that these worlds (and galaxies!) are so famous for. With three games, modern upgrades, and music-player mode, this collection is filled with fun for both new players and 3D platforming Mario masters. Super Mario 3D All-Stars will be available as a limited-run retail edition and a digital edition that is available for a limited time until the end of March 2021. The physical version of Super Mario 3D All-Stars (released Sep. 18) will continue to be shipped to retailers and available for purchase through March 31, 2021 or while supplies last. The digital version of Super Mario 3D All-Stars will be available for purchase through March 31, 2021. Once the digital edition has been purchased on your Nintendo Account, it can be re-downloaded and played if deleted from your device.  Software compatibility and play experience may differ on Nintendo Switch Lite. Additional accessories may be required (sold separately). Terms apply.",23457,"['title: Amazing Game \ntext: Amazing product all the games are outstanding and it is totally worth it just hoping that there is a Wii Sports compilation pack for the switch', 'title: Barebones emulation \ntext: The product is a huge disappointment, in particular Mario sunshine which is borderline unplayable since Nintendo has ruined the controls in particular the camera controls. To make the problem even worse Gamecube controllers are not supported.', 'title: Don’t let it fool you \ntext: You don’t actually play co-op. All single player. Don’t let it mislead you. Still good old school-ish games.', 'title: Amazing! \ntext: Great game to have! Perfect for the whole family to play with.', ""title: All 3 Games in one cartridge \ntext: Don't even need internet to play all 3 games which is the main reason why I bought this.Super Mario 64 looks smoother and better than before.The controllers took a while to get used to again since the camera for SM64 was weird but cool at the time it came out.Super Mario Sunshine was also a bit awkward having the map at L1, I accidentally press it.  A & B have the same button action.The switch does have remapping the the system settings.""]","The comment highlights that despite the product's appearance, it does not offer a true cooperative multiplayer experience, as all gameplay is single-player. However, it still retains the charm of old-school games [0]. [0] is not related to the query. [1] is not related to the query. [3] is not related to the query. [4] is not related to the query.",7.0
How's the multiplayer capability of the product,"Play three of Mario’s greatest 3D platforming adventures—all in one package! Play three iconic games at home or on the go—all in one package on the Nintendo Switch system! Jump into paintings in Super Mario 64, clean up paint-like goop in Super Mario Sunshine, and fly from planet to planet in Super Mario Galaxy.  Run, jump, and dive with ease! Make Mario move using the Nintendo Switch system’s Joy-Con controllers. You can also pass a Joy-Con controller to a friend to play the Super Mario Galaxy game in Co-Star Mode! Mario’s movements are as smooth as ever with HD resolution for each game, while still retaining the look and feel of the originals.  Listen to timeless Super Mario tunes Listen to a total of 175 iconic tunes from all three games! Whether you want to get up and dance or take a minute to relax—this collection has music to fit your mood!  Even when you aren’t playing, you can enjoy the sounds that these worlds (and galaxies!) are so famous for. With three games, modern upgrades, and music-player mode, this collection is filled with fun for both new players and 3D platforming Mario masters. Super Mario 3D All-Stars will be available as a limited-run retail edition and a digital edition that is available for a limited time until the end of March 2021. The physical version of Super Mario 3D All-Stars (released Sep. 18) will continue to be shipped to retailers and available for purchase through March 31, 2021 or while supplies last. The digital version of Super Mario 3D All-Stars will be available for purchase through March 31, 2021. Once the digital edition has been purchased on your Nintendo Account, it can be re-downloaded and played if deleted from your device.  Software compatibility and play experience may differ on Nintendo Switch Lite. Additional accessories may be required (sold separately). Terms apply.",23467,"['title: Amazing Game \ntext: Amazing product all the games are outstanding and it is totally worth it just hoping that there is a Wii Sports compilation pack for the switch', 'title: Barebones emulation \ntext: The product is a huge disappointment, in particular Mario sunshine which is borderline unplayable since Nintendo has ruined the controls in particular the camera controls. To make the problem even worse Gamecube controllers are not supported.', 'title: Don’t let it fool you \ntext: You don’t actually play co-op. All single player. Don’t let it mislead you. Still good old school-ish games.', 'title: Yahoo! \ntext: A great bundle of games. Has some bugs but its still fun', ""title: All 3 Games in one cartridge \ntext: Don't even need internet to play all 3 games which is the main reason why I bought this.Super Mario 64 looks smoother and better than before.The controllers took a while to get used to again since the camera for SM64 was weird but cool at the time it came out.Super Mario Sunshine was also a bit awkward having the map at L1, I accidentally press it.  A & B have the same button action.The switch does have remapping the the system settings.""]","The comment highlights that the product does not offer a true cooperative multiplayer experience, as it is entirely single-player. Despite this, the games are described as having an old-school charm, but users should not be misled into expecting multiplayer capabilities [0]. [0] is not related to the query. [1] is not related to the query. [3] is not related to the query. [4] is not related to the query.",7.0
How's the multiplayer capability of the product,"Play three of Mario’s greatest 3D platforming adventures—all in one package! Play three iconic games at home or on the go—all in one package on the Nintendo Switch system! Jump into paintings in Super Mario 64, clean up paint-like goop in Super Mario Sunshine, and fly from planet to planet in Super Mario Galaxy.  Run, jump, and dive with ease! Make Mario move using the Nintendo Switch system’s Joy-Con controllers. You can also pass a Joy-Con controller to a friend to play the Super Mario Galaxy game in Co-Star Mode! Mario’s movements are as smooth as ever with HD resolution for each game, while still retaining the look and feel of the originals.  Listen to timeless Super Mario tunes Listen to a total of 175 iconic tunes from all three games! Whether you want to get up and dance or take a minute to relax—this collection has music to fit your mood!  Even when you aren’t playing, you can enjoy the sounds that these worlds (and galaxies!) are so famous for. With three games, modern upgrades, and music-player mode, this collection is filled with fun for both new players and 3D platforming Mario masters. Super Mario 3D All-Stars will be available as a limited-run retail edition and a digital edition that is available for a limited time until the end of March 2021. The physical version of Super Mario 3D All-Stars (released Sep. 18) will continue to be shipped to retailers and available for purchase through March 31, 2021 or while supplies last. The digital version of Super Mario 3D All-Stars will be available for purchase through March 31, 2021. Once the digital edition has been purchased on your Nintendo Account, it can be re-downloaded and played if deleted from your device.  Software compatibility and play experience may differ on Nintendo Switch Lite. Additional accessories may be required (sold separately). Terms apply.",23567,"['title: Amazing Game \ntext: Amazing product all the games are outstanding and it is totally worth it just hoping that there is a Wii Sports compilation pack for the switch', 'title: Barebones emulation \ntext: The product is a huge disappointment, in particular Mario sunshine which is borderline unplayable since Nintendo has ruined the controls in particular the camera controls. To make the problem even worse Gamecube controllers are not supported.', 'title: Amazing! \ntext: Great game to have! Perfect for the whole family to play with.', 'title: Yahoo! \ntext: A great bundle of games. Has some bugs but its still fun', ""title: All 3 Games in one cartridge \ntext: Don't even need internet to play all 3 games which is the main reason why I bought this.Super Mario 64 looks smoother and better than before.The controllers took a while to get used to again since the camera for SM64 was weird but cool at the time it came out.Super Mario Sunshine was also a bit awkward having the map at L1, I accidentally press it.  A & B have the same button action.The switch does have remapping the the system settings.""]",[0] is not related to the query. [1] is not related to the query. [2] is not related to the query. [3] is not related to the query. [4] is not related to the query.,0.0
How's the multiplayer capability of the product,"Play three of Mario’s greatest 3D platforming adventures—all in one package! Play three iconic games at home or on the go—all in one package on the Nintendo Switch system! Jump into paintings in Super Mario 64, clean up paint-like goop in Super Mario Sunshine, and fly from planet to planet in Super Mario Galaxy.  Run, jump, and dive with ease! Make Mario move using the Nintendo Switch system’s Joy-Con controllers. You can also pass a Joy-Con controller to a friend to play the Super Mario Galaxy game in Co-Star Mode! Mario’s movements are as smooth as ever with HD resolution for each game, while still retaining the look and feel of the originals.  Listen to timeless Super Mario tunes Listen to a total of 175 iconic tunes from all three games! Whether you want to get up and dance or take a minute to relax—this collection has music to fit your mood!  Even when you aren’t playing, you can enjoy the sounds that these worlds (and galaxies!) are so famous for. With three games, modern upgrades, and music-player mode, this collection is filled with fun for both new players and 3D platforming Mario masters. Super Mario 3D All-Stars will be available as a limited-run retail edition and a digital edition that is available for a limited time until the end of March 2021. The physical version of Super Mario 3D All-Stars (released Sep. 18) will continue to be shipped to retailers and available for purchase through March 31, 2021 or while supplies last. The digital version of Super Mario 3D All-Stars will be available for purchase through March 31, 2021. Once the digital edition has been purchased on your Nintendo Account, it can be re-downloaded and played if deleted from your device.  Software compatibility and play experience may differ on Nintendo Switch Lite. Additional accessories may be required (sold separately). Terms apply.",24567,"['title: Amazing Game \ntext: Amazing product all the games are outstanding and it is totally worth it just hoping that there is a Wii Sports compilation pack for the switch', 'title: Don’t let it fool you \ntext: You don’t actually play co-op. All single player. Don’t let it mislead you. Still good old school-ish games.', 'title: Amazing! \ntext: Great game to have! Perfect for the whole family to play with.', 'title: Yahoo! \ntext: A great bundle of games. Has some bugs but its still fun', ""title: All 3 Games in one cartridge \ntext: Don't even need internet to play all 3 games which is the main reason why I bought this.Super Mario 64 looks smoother and better than before.The controllers took a while to get used to again since the camera for SM64 was weird but cool at the time it came out.Super Mario Sunshine was also a bit awkward having the map at L1, I accidentally press it.  A & B have the same button action.The switch does have remapping the the system settings.""]","The comment highlights a misconception about the product's multiplayer capability, stating that despite appearances, the game does not actually support cooperative play and is entirely single-player. However, it is still appreciated for its old-school style.[0] [0] is not related to the query. [2] is not related to the query. [3] is not related to the query. [4] is not related to the query.",7.0
How's the multiplayer capability of the product,"Play three of Mario’s greatest 3D platforming adventures—all in one package! Play three iconic games at home or on the go—all in one package on the Nintendo Switch system! Jump into paintings in Super Mario 64, clean up paint-like goop in Super Mario Sunshine, and fly from planet to planet in Super Mario Galaxy.  Run, jump, and dive with ease! Make Mario move using the Nintendo Switch system’s Joy-Con controllers. You can also pass a Joy-Con controller to a friend to play the Super Mario Galaxy game in Co-Star Mode! Mario’s movements are as smooth as ever with HD resolution for each game, while still retaining the look and feel of the originals.  Listen to timeless Super Mario tunes Listen to a total of 175 iconic tunes from all three games! Whether you want to get up and dance or take a minute to relax—this collection has music to fit your mood!  Even when you aren’t playing, you can enjoy the sounds that these worlds (and galaxies!) are so famous for. With three games, modern upgrades, and music-player mode, this collection is filled with fun for both new players and 3D platforming Mario masters. Super Mario 3D All-Stars will be available as a limited-run retail edition and a digital edition that is available for a limited time until the end of March 2021. The physical version of Super Mario 3D All-Stars (released Sep. 18) will continue to be shipped to retailers and available for purchase through March 31, 2021 or while supplies last. The digital version of Super Mario 3D All-Stars will be available for purchase through March 31, 2021. Once the digital edition has been purchased on your Nintendo Account, it can be re-downloaded and played if deleted from your device.  Software compatibility and play experience may differ on Nintendo Switch Lite. Additional accessories may be required (sold separately). Terms apply.",34567,"['title: Barebones emulation \ntext: The product is a huge disappointment, in particular Mario sunshine which is borderline unplayable since Nintendo has ruined the controls in particular the camera controls. To make the problem even worse Gamecube controllers are not supported.', 'title: Don’t let it fool you \ntext: You don’t actually play co-op. All single player. Don’t let it mislead you. Still good old school-ish games.', 'title: Amazing! \ntext: Great game to have! Perfect for the whole family to play with.', 'title: Yahoo! \ntext: A great bundle of games. Has some bugs but its still fun', ""title: All 3 Games in one cartridge \ntext: Don't even need internet to play all 3 games which is the main reason why I bought this.Super Mario 64 looks smoother and better than before.The controllers took a while to get used to again since the camera for SM64 was weird but cool at the time it came out.Super Mario Sunshine was also a bit awkward having the map at L1, I accidentally press it.  A & B have the same button action.The switch does have remapping the the system settings.""]","The comment highlights that despite the product being potentially marketed as having multiplayer or co-op capabilities, it is actually a single-player experience. The user warns others not to be misled by any claims of cooperative play, although they still appreciate the product for its old-school gaming qualities [0]. [0] is not related to the query. [2] is not related to the query. [3] is not related to the query. [4] is not related to the query.",7.0
How's the multiplayer capability of the product,"Play three of Mario’s greatest 3D platforming adventures—all in one package! Play three iconic games at home or on the go—all in one package on the Nintendo Switch system! Jump into paintings in Super Mario 64, clean up paint-like goop in Super Mario Sunshine, and fly from planet to planet in Super Mario Galaxy.  Run, jump, and dive with ease! Make Mario move using the Nintendo Switch system’s Joy-Con controllers. You can also pass a Joy-Con controller to a friend to play the Super Mario Galaxy game in Co-Star Mode! Mario’s movements are as smooth as ever with HD resolution for each game, while still retaining the look and feel of the originals.  Listen to timeless Super Mario tunes Listen to a total of 175 iconic tunes from all three games! Whether you want to get up and dance or take a minute to relax—this collection has music to fit your mood!  Even when you aren’t playing, you can enjoy the sounds that these worlds (and galaxies!) are so famous for. With three games, modern upgrades, and music-player mode, this collection is filled with fun for both new players and 3D platforming Mario masters. Super Mario 3D All-Stars will be available as a limited-run retail edition and a digital edition that is available for a limited time until the end of March 2021. The physical version of Super Mario 3D All-Stars (released Sep. 18) will continue to be shipped to retailers and available for purchase through March 31, 2021 or while supplies last. The digital version of Super Mario 3D All-Stars will be available for purchase through March 31, 2021. Once the digital edition has been purchased on your Nintendo Account, it can be re-downloaded and played if deleted from your device.  Software compatibility and play experience may differ on Nintendo Switch Lite. Additional accessories may be required (sold separately). Terms apply.",012345,"[""title: Not two player as described \ntext: Says one or two players, means if you're willing to cut your remote in half two people can control half of one player"", 'title: Decent \ntext: This game is a little deceiving, it says it’s 2 players but it’s not really a good 2 player. Like you get to float around them. But not actually play.Really fun 1 player though!', 'title: Amazing Game \ntext: Amazing product all the games are outstanding and it is totally worth it just hoping that there is a Wii Sports compilation pack for the switch', 'title: Barebones emulation \ntext: The product is a huge disappointment, in particular Mario sunshine which is borderline unplayable since Nintendo has ruined the controls in particular the camera controls. To make the problem even worse Gamecube controllers are not supported.', 'title: Don’t let it fool you \ntext: You don’t actually play co-op. All single player. Don’t let it mislead you. Still good old school-ish games.', 'title: Amazing! \ntext: Great game to have! Perfect for the whole family to play with.']","The comments collectively express dissatisfaction with the multiplayer capability of the product, indicating that it is misleadingly advertised as a two-player game. One comment suggests that the game implies two-player functionality only if players are willing to share a single controller, effectively splitting control between two people, which is not a true multiplayer experience [0]. Another comment describes the game as deceiving, noting that while it claims to support two players, the second player merely floats around without engaging in actual gameplay, making it more suitable for single-player enjoyment [1]. A third comment reinforces this sentiment, stating that the game does not offer a cooperative multiplayer experience as suggested, but remains enjoyable as a single-player game with an old-school feel [2]. [2] is not related to the query. [3] is not related to the query. [5] is not related to the query.",10.0
How's the multiplayer capability of the product,"Play three of Mario’s greatest 3D platforming adventures—all in one package! Play three iconic games at home or on the go—all in one package on the Nintendo Switch system! Jump into paintings in Super Mario 64, clean up paint-like goop in Super Mario Sunshine, and fly from planet to planet in Super Mario Galaxy.  Run, jump, and dive with ease! Make Mario move using the Nintendo Switch system’s Joy-Con controllers. You can also pass a Joy-Con controller to a friend to play the Super Mario Galaxy game in Co-Star Mode! Mario’s movements are as smooth as ever with HD resolution for each game, while still retaining the look and feel of the originals.  Listen to timeless Super Mario tunes Listen to a total of 175 iconic tunes from all three games! Whether you want to get up and dance or take a minute to relax—this collection has music to fit your mood!  Even when you aren’t playing, you can enjoy the sounds that these worlds (and galaxies!) are so famous for. With three games, modern upgrades, and music-player mode, this collection is filled with fun for both new players and 3D platforming Mario masters. Super Mario 3D All-Stars will be available as a limited-run retail edition and a digital edition that is available for a limited time until the end of March 2021. The physical version of Super Mario 3D All-Stars (released Sep. 18) will continue to be shipped to retailers and available for purchase through March 31, 2021 or while supplies last. The digital version of Super Mario 3D All-Stars will be available for purchase through March 31, 2021. Once the digital edition has been purchased on your Nintendo Account, it can be re-downloaded and played if deleted from your device.  Software compatibility and play experience may differ on Nintendo Switch Lite. Additional accessories may be required (sold separately). Terms apply.",012346,"[""title: Not two player as described \ntext: Says one or two players, means if you're willing to cut your remote in half two people can control half of one player"", 'title: Decent \ntext: This game is a little deceiving, it says it’s 2 players but it’s not really a good 2 player. Like you get to float around them. But not actually play.Really fun 1 player though!', 'title: Amazing Game \ntext: Amazing product all the games are outstanding and it is totally worth it just hoping that there is a Wii Sports compilation pack for the switch', 'title: Barebones emulation \ntext: The product is a huge disappointment, in particular Mario sunshine which is borderline unplayable since Nintendo has ruined the controls in particular the camera controls. To make the problem even worse Gamecube controllers are not supported.', 'title: Don’t let it fool you \ntext: You don’t actually play co-op. All single player. Don’t let it mislead you. Still good old school-ish games.', 'title: Yahoo! \ntext: A great bundle of games. Has some bugs but its still fun']","The comments collectively express dissatisfaction with the multiplayer capability of the product, highlighting that it is misleadingly advertised as a two-player game. One comment suggests that the game claims to support one or two players, but in practice, it requires players to share a single controller, effectively making it a single-player experience[0]. Another comment echoes this sentiment, noting that while the game is advertised as two-player, it does not offer a genuine two-player experience, as the second player merely floats around without actively participating[1]. A third comment reinforces the notion that the game is essentially a single-player experience, despite claims of cooperative play[2]. [2] is not related to the query. [3] is not related to the query. [5] is not related to the query.",10.0
How's the multiplayer capability of the product,"Play three of Mario’s greatest 3D platforming adventures—all in one package! Play three iconic games at home or on the go—all in one package on the Nintendo Switch system! Jump into paintings in Super Mario 64, clean up paint-like goop in Super Mario Sunshine, and fly from planet to planet in Super Mario Galaxy.  Run, jump, and dive with ease! Make Mario move using the Nintendo Switch system’s Joy-Con controllers. You can also pass a Joy-Con controller to a friend to play the Super Mario Galaxy game in Co-Star Mode! Mario’s movements are as smooth as ever with HD resolution for each game, while still retaining the look and feel of the originals.  Listen to timeless Super Mario tunes Listen to a total of 175 iconic tunes from all three games! Whether you want to get up and dance or take a minute to relax—this collection has music to fit your mood!  Even when you aren’t playing, you can enjoy the sounds that these worlds (and galaxies!) are so famous for. With three games, modern upgrades, and music-player mode, this collection is filled with fun for both new players and 3D platforming Mario masters. Super Mario 3D All-Stars will be available as a limited-run retail edition and a digital edition that is available for a limited time until the end of March 2021. The physical version of Super Mario 3D All-Stars (released Sep. 18) will continue to be shipped to retailers and available for purchase through March 31, 2021 or while supplies last. The digital version of Super Mario 3D All-Stars will be available for purchase through March 31, 2021. Once the digital edition has been purchased on your Nintendo Account, it can be re-downloaded and played if deleted from your device.  Software compatibility and play experience may differ on Nintendo Switch Lite. Additional accessories may be required (sold separately). Terms apply.",012347,"[""title: Not two player as described \ntext: Says one or two players, means if you're willing to cut your remote in half two people can control half of one player"", 'title: Decent \ntext: This game is a little deceiving, it says it’s 2 players but it’s not really a good 2 player. Like you get to float around them. But not actually play.Really fun 1 player though!', 'title: Amazing Game \ntext: Amazing product all the games are outstanding and it is totally worth it just hoping that there is a Wii Sports compilation pack for the switch', 'title: Barebones emulation \ntext: The product is a huge disappointment, in particular Mario sunshine which is borderline unplayable since Nintendo has ruined the controls in particular the camera controls. To make the problem even worse Gamecube controllers are not supported.', 'title: Don’t let it fool you \ntext: You don’t actually play co-op. All single player. Don’t let it mislead you. Still good old school-ish games.', ""title: All 3 Games in one cartridge \ntext: Don't even need internet to play all 3 games which is the main reason why I bought this.Super Mario 64 looks smoother and better than before.The controllers took a while to get used to again since the camera for SM64 was weird but cool at the time it came out.Super Mario Sunshine was also a bit awkward having the map at L1, I accidentally press it.  A & B have the same button action.The switch does have remapping the the system settings.""]","The comments collectively highlight a misleading aspect of the product's multiplayer capability. Users express disappointment that, despite being advertised as a two-player game, the product does not offer a true cooperative multiplayer experience. Instead, the multiplayer mode involves sharing control of a single player or having a secondary player with limited interaction, which does not meet expectations for a genuine two-player experience. Users note that while the single-player mode is enjoyable, the multiplayer aspect is not as described, leading to a sense of deception about the product's capabilities [0][1][2]. [2] is not related to the query. [3] is not related to the query. [5] is not related to the query.",10.0
How's the multiplayer capability of the product,"Play three of Mario’s greatest 3D platforming adventures—all in one package! Play three iconic games at home or on the go—all in one package on the Nintendo Switch system! Jump into paintings in Super Mario 64, clean up paint-like goop in Super Mario Sunshine, and fly from planet to planet in Super Mario Galaxy.  Run, jump, and dive with ease! Make Mario move using the Nintendo Switch system’s Joy-Con controllers. You can also pass a Joy-Con controller to a friend to play the Super Mario Galaxy game in Co-Star Mode! Mario’s movements are as smooth as ever with HD resolution for each game, while still retaining the look and feel of the originals.  Listen to timeless Super Mario tunes Listen to a total of 175 iconic tunes from all three games! Whether you want to get up and dance or take a minute to relax—this collection has music to fit your mood!  Even when you aren’t playing, you can enjoy the sounds that these worlds (and galaxies!) are so famous for. With three games, modern upgrades, and music-player mode, this collection is filled with fun for both new players and 3D platforming Mario masters. Super Mario 3D All-Stars will be available as a limited-run retail edition and a digital edition that is available for a limited time until the end of March 2021. The physical version of Super Mario 3D All-Stars (released Sep. 18) will continue to be shipped to retailers and available for purchase through March 31, 2021 or while supplies last. The digital version of Super Mario 3D All-Stars will be available for purchase through March 31, 2021. Once the digital edition has been purchased on your Nintendo Account, it can be re-downloaded and played if deleted from your device.  Software compatibility and play experience may differ on Nintendo Switch Lite. Additional accessories may be required (sold separately). Terms apply.",012356,"[""title: Not two player as described \ntext: Says one or two players, means if you're willing to cut your remote in half two people can control half of one player"", 'title: Decent \ntext: This game is a little deceiving, it says it’s 2 players but it’s not really a good 2 player. Like you get to float around them. But not actually play.Really fun 1 player though!', 'title: Amazing Game \ntext: Amazing product all the games are outstanding and it is totally worth it just hoping that there is a Wii Sports compilation pack for the switch', 'title: Barebones emulation \ntext: The product is a huge disappointment, in particular Mario sunshine which is borderline unplayable since Nintendo has ruined the controls in particular the camera controls. To make the problem even worse Gamecube controllers are not supported.', 'title: Amazing! \ntext: Great game to have! Perfect for the whole family to play with.', 'title: Yahoo! \ntext: A great bundle of games. Has some bugs but its still fun']","The product is described as having multiplayer capabilities, specifically for two players. However, users have expressed dissatisfaction with this feature. One comment suggests that the two-player mode is misleading, as it requires sharing a single remote, effectively splitting control between two people rather than offering a true two-player experience [0]. Another comment echoes this sentiment, noting that while the game advertises a two-player mode, it does not provide a satisfactory multiplayer experience, as the second player can only 'float around' rather than actively participate. Despite these criticisms, the game is noted to be enjoyable in single-player mode [1]. [2] is not related to the query. [3] is not related to the query. [4] is not related to the query. [5] is not related to the query.",9.0
How's the multiplayer capability of the product,"Play three of Mario’s greatest 3D platforming adventures—all in one package! Play three iconic games at home or on the go—all in one package on the Nintendo Switch system! Jump into paintings in Super Mario 64, clean up paint-like goop in Super Mario Sunshine, and fly from planet to planet in Super Mario Galaxy.  Run, jump, and dive with ease! Make Mario move using the Nintendo Switch system’s Joy-Con controllers. You can also pass a Joy-Con controller to a friend to play the Super Mario Galaxy game in Co-Star Mode! Mario’s movements are as smooth as ever with HD resolution for each game, while still retaining the look and feel of the originals.  Listen to timeless Super Mario tunes Listen to a total of 175 iconic tunes from all three games! Whether you want to get up and dance or take a minute to relax—this collection has music to fit your mood!  Even when you aren’t playing, you can enjoy the sounds that these worlds (and galaxies!) are so famous for. With three games, modern upgrades, and music-player mode, this collection is filled with fun for both new players and 3D platforming Mario masters. Super Mario 3D All-Stars will be available as a limited-run retail edition and a digital edition that is available for a limited time until the end of March 2021. The physical version of Super Mario 3D All-Stars (released Sep. 18) will continue to be shipped to retailers and available for purchase through March 31, 2021 or while supplies last. The digital version of Super Mario 3D All-Stars will be available for purchase through March 31, 2021. Once the digital edition has been purchased on your Nintendo Account, it can be re-downloaded and played if deleted from your device.  Software compatibility and play experience may differ on Nintendo Switch Lite. Additional accessories may be required (sold separately). Terms apply.",012357,"[""title: Not two player as described \ntext: Says one or two players, means if you're willing to cut your remote in half two people can control half of one player"", 'title: Decent \ntext: This game is a little deceiving, it says it’s 2 players but it’s not really a good 2 player. Like you get to float around them. But not actually play.Really fun 1 player though!', 'title: Amazing Game \ntext: Amazing product all the games are outstanding and it is totally worth it just hoping that there is a Wii Sports compilation pack for the switch', 'title: Barebones emulation \ntext: The product is a huge disappointment, in particular Mario sunshine which is borderline unplayable since Nintendo has ruined the controls in particular the camera controls. To make the problem even worse Gamecube controllers are not supported.', 'title: Amazing! \ntext: Great game to have! Perfect for the whole family to play with.', ""title: All 3 Games in one cartridge \ntext: Don't even need internet to play all 3 games which is the main reason why I bought this.Super Mario 64 looks smoother and better than before.The controllers took a while to get used to again since the camera for SM64 was weird but cool at the time it came out.Super Mario Sunshine was also a bit awkward having the map at L1, I accidentally press it.  A & B have the same button action.The switch does have remapping the the system settings.""]","The comments highlight issues with the multiplayer capability of the product. One user points out that although the product is advertised as supporting one or two players, the multiplayer experience is misleading, as it requires sharing a single controller between two people, effectively allowing them to control only half of one player [0]. Another user echoes this sentiment, noting that while the game claims to support two players, the experience is not satisfactory as the second player can only 'float around' rather than actively participate in the gameplay. Despite these multiplayer shortcomings, the game is described as enjoyable for single-player use [1]. [2] is not related to the query. [3] is not related to the query. [4] is not related to the query. [5] is not related to the query.",9.0
How's the multiplayer capability of the product,"Play three of Mario’s greatest 3D platforming adventures—all in one package! Play three iconic games at home or on the go—all in one package on the Nintendo Switch system! Jump into paintings in Super Mario 64, clean up paint-like goop in Super Mario Sunshine, and fly from planet to planet in Super Mario Galaxy.  Run, jump, and dive with ease! Make Mario move using the Nintendo Switch system’s Joy-Con controllers. You can also pass a Joy-Con controller to a friend to play the Super Mario Galaxy game in Co-Star Mode! Mario’s movements are as smooth as ever with HD resolution for each game, while still retaining the look and feel of the originals.  Listen to timeless Super Mario tunes Listen to a total of 175 iconic tunes from all three games! Whether you want to get up and dance or take a minute to relax—this collection has music to fit your mood!  Even when you aren’t playing, you can enjoy the sounds that these worlds (and galaxies!) are so famous for. With three games, modern upgrades, and music-player mode, this collection is filled with fun for both new players and 3D platforming Mario masters. Super Mario 3D All-Stars will be available as a limited-run retail edition and a digital edition that is available for a limited time until the end of March 2021. The physical version of Super Mario 3D All-Stars (released Sep. 18) will continue to be shipped to retailers and available for purchase through March 31, 2021 or while supplies last. The digital version of Super Mario 3D All-Stars will be available for purchase through March 31, 2021. Once the digital edition has been purchased on your Nintendo Account, it can be re-downloaded and played if deleted from your device.  Software compatibility and play experience may differ on Nintendo Switch Lite. Additional accessories may be required (sold separately). Terms apply.",012367,"[""title: Not two player as described \ntext: Says one or two players, means if you're willing to cut your remote in half two people can control half of one player"", 'title: Decent \ntext: This game is a little deceiving, it says it’s 2 players but it’s not really a good 2 player. Like you get to float around them. But not actually play.Really fun 1 player though!', 'title: Amazing Game \ntext: Amazing product all the games are outstanding and it is totally worth it just hoping that there is a Wii Sports compilation pack for the switch', 'title: Barebones emulation \ntext: The product is a huge disappointment, in particular Mario sunshine which is borderline unplayable since Nintendo has ruined the controls in particular the camera controls. To make the problem even worse Gamecube controllers are not supported.', 'title: Yahoo! \ntext: A great bundle of games. Has some bugs but its still fun', ""title: All 3 Games in one cartridge \ntext: Don't even need internet to play all 3 games which is the main reason why I bought this.Super Mario 64 looks smoother and better than before.The controllers took a while to get used to again since the camera for SM64 was weird but cool at the time it came out.Super Mario Sunshine was also a bit awkward having the map at L1, I accidentally press it.  A & B have the same button action.The switch does have remapping the the system settings.""]","The comments highlight issues with the multiplayer capability of the product. One user points out that although the product is advertised as supporting one or two players, the multiplayer experience is misleading because it requires sharing a single remote, effectively splitting control between two people rather than providing a true two-player mode [0]. Another user echoes this sentiment, describing the two-player mode as inadequate since it only allows the second player to 'float around' rather than fully participate in the game, although they note that the game is enjoyable in single-player mode [1]. [2] is not related to the query. [3] is not related to the query. [4] is not related to the query. [5] is not related to the query.",9.0
How's the multiplayer capability of the product,"Play three of Mario’s greatest 3D platforming adventures—all in one package! Play three iconic games at home or on the go—all in one package on the Nintendo Switch system! Jump into paintings in Super Mario 64, clean up paint-like goop in Super Mario Sunshine, and fly from planet to planet in Super Mario Galaxy.  Run, jump, and dive with ease! Make Mario move using the Nintendo Switch system’s Joy-Con controllers. You can also pass a Joy-Con controller to a friend to play the Super Mario Galaxy game in Co-Star Mode! Mario’s movements are as smooth as ever with HD resolution for each game, while still retaining the look and feel of the originals.  Listen to timeless Super Mario tunes Listen to a total of 175 iconic tunes from all three games! Whether you want to get up and dance or take a minute to relax—this collection has music to fit your mood!  Even when you aren’t playing, you can enjoy the sounds that these worlds (and galaxies!) are so famous for. With three games, modern upgrades, and music-player mode, this collection is filled with fun for both new players and 3D platforming Mario masters. Super Mario 3D All-Stars will be available as a limited-run retail edition and a digital edition that is available for a limited time until the end of March 2021. The physical version of Super Mario 3D All-Stars (released Sep. 18) will continue to be shipped to retailers and available for purchase through March 31, 2021 or while supplies last. The digital version of Super Mario 3D All-Stars will be available for purchase through March 31, 2021. Once the digital edition has been purchased on your Nintendo Account, it can be re-downloaded and played if deleted from your device.  Software compatibility and play experience may differ on Nintendo Switch Lite. Additional accessories may be required (sold separately). Terms apply.",012456,"[""title: Not two player as described \ntext: Says one or two players, means if you're willing to cut your remote in half two people can control half of one player"", 'title: Decent \ntext: This game is a little deceiving, it says it’s 2 players but it’s not really a good 2 player. Like you get to float around them. But not actually play.Really fun 1 player though!', 'title: Amazing Game \ntext: Amazing product all the games are outstanding and it is totally worth it just hoping that there is a Wii Sports compilation pack for the switch', 'title: Don’t let it fool you \ntext: You don’t actually play co-op. All single player. Don’t let it mislead you. Still good old school-ish games.', 'title: Amazing! \ntext: Great game to have! Perfect for the whole family to play with.', 'title: Yahoo! \ntext: A great bundle of games. Has some bugs but its still fun']","The comments collectively express dissatisfaction with the multiplayer capability of the product, highlighting that it is misleadingly advertised as a two-player game. One comment sarcastically notes that the only way for two players to participate is by sharing a single controller, effectively splitting control between them, which is not practical or enjoyable [0]. Another comment describes the multiplayer experience as inadequate, where the second player merely 'floats around' rather than actively participating, making it more of a single-player game [1]. The third comment reinforces this sentiment, stating that the game is entirely single-player despite claims of cooperative play, although it acknowledges the game's nostalgic appeal [2]. [2] is not related to the query. [4] is not related to the query. [5] is not related to the query.",10.0
How's the multiplayer capability of the product,"Play three of Mario’s greatest 3D platforming adventures—all in one package! Play three iconic games at home or on the go—all in one package on the Nintendo Switch system! Jump into paintings in Super Mario 64, clean up paint-like goop in Super Mario Sunshine, and fly from planet to planet in Super Mario Galaxy.  Run, jump, and dive with ease! Make Mario move using the Nintendo Switch system’s Joy-Con controllers. You can also pass a Joy-Con controller to a friend to play the Super Mario Galaxy game in Co-Star Mode! Mario’s movements are as smooth as ever with HD resolution for each game, while still retaining the look and feel of the originals.  Listen to timeless Super Mario tunes Listen to a total of 175 iconic tunes from all three games! Whether you want to get up and dance or take a minute to relax—this collection has music to fit your mood!  Even when you aren’t playing, you can enjoy the sounds that these worlds (and galaxies!) are so famous for. With three games, modern upgrades, and music-player mode, this collection is filled with fun for both new players and 3D platforming Mario masters. Super Mario 3D All-Stars will be available as a limited-run retail edition and a digital edition that is available for a limited time until the end of March 2021. The physical version of Super Mario 3D All-Stars (released Sep. 18) will continue to be shipped to retailers and available for purchase through March 31, 2021 or while supplies last. The digital version of Super Mario 3D All-Stars will be available for purchase through March 31, 2021. Once the digital edition has been purchased on your Nintendo Account, it can be re-downloaded and played if deleted from your device.  Software compatibility and play experience may differ on Nintendo Switch Lite. Additional accessories may be required (sold separately). Terms apply.",012457,"[""title: Not two player as described \ntext: Says one or two players, means if you're willing to cut your remote in half two people can control half of one player"", 'title: Decent \ntext: This game is a little deceiving, it says it’s 2 players but it’s not really a good 2 player. Like you get to float around them. But not actually play.Really fun 1 player though!', 'title: Amazing Game \ntext: Amazing product all the games are outstanding and it is totally worth it just hoping that there is a Wii Sports compilation pack for the switch', 'title: Don’t let it fool you \ntext: You don’t actually play co-op. All single player. Don’t let it mislead you. Still good old school-ish games.', 'title: Amazing! \ntext: Great game to have! Perfect for the whole family to play with.', ""title: All 3 Games in one cartridge \ntext: Don't even need internet to play all 3 games which is the main reason why I bought this.Super Mario 64 looks smoother and better than before.The controllers took a while to get used to again since the camera for SM64 was weird but cool at the time it came out.Super Mario Sunshine was also a bit awkward having the map at L1, I accidentally press it.  A & B have the same button action.The switch does have remapping the the system settings.""]","The comments collectively express dissatisfaction with the multiplayer capability of the product, highlighting that it is misleadingly advertised as a two-player game. One comment notes that while it claims to support two players, it only allows for a shared control experience by splitting the remote, which is not a true multiplayer experience [0]. Another comment describes the two-player mode as inadequate, where the second player merely floats around rather than actively participating, although it acknowledges that the game is enjoyable for single players [1]. Additionally, a comment warns that the game does not offer a true cooperative experience, emphasizing that it is essentially a single-player game despite its claims [2]. [2] is not related to the query. [4] is not related to the query. [5] is not related to the query.",10.0
How's the multiplayer capability of the product,"Play three of Mario’s greatest 3D platforming adventures—all in one package! Play three iconic games at home or on the go—all in one package on the Nintendo Switch system! Jump into paintings in Super Mario 64, clean up paint-like goop in Super Mario Sunshine, and fly from planet to planet in Super Mario Galaxy.  Run, jump, and dive with ease! Make Mario move using the Nintendo Switch system’s Joy-Con controllers. You can also pass a Joy-Con controller to a friend to play the Super Mario Galaxy game in Co-Star Mode! Mario’s movements are as smooth as ever with HD resolution for each game, while still retaining the look and feel of the originals.  Listen to timeless Super Mario tunes Listen to a total of 175 iconic tunes from all three games! Whether you want to get up and dance or take a minute to relax—this collection has music to fit your mood!  Even when you aren’t playing, you can enjoy the sounds that these worlds (and galaxies!) are so famous for. With three games, modern upgrades, and music-player mode, this collection is filled with fun for both new players and 3D platforming Mario masters. Super Mario 3D All-Stars will be available as a limited-run retail edition and a digital edition that is available for a limited time until the end of March 2021. The physical version of Super Mario 3D All-Stars (released Sep. 18) will continue to be shipped to retailers and available for purchase through March 31, 2021 or while supplies last. The digital version of Super Mario 3D All-Stars will be available for purchase through March 31, 2021. Once the digital edition has been purchased on your Nintendo Account, it can be re-downloaded and played if deleted from your device.  Software compatibility and play experience may differ on Nintendo Switch Lite. Additional accessories may be required (sold separately). Terms apply.",012467,"[""title: Not two player as described \ntext: Says one or two players, means if you're willing to cut your remote in half two people can control half of one player"", 'title: Decent \ntext: This game is a little deceiving, it says it’s 2 players but it’s not really a good 2 player. Like you get to float around them. But not actually play.Really fun 1 player though!', 'title: Amazing Game \ntext: Amazing product all the games are outstanding and it is totally worth it just hoping that there is a Wii Sports compilation pack for the switch', 'title: Don’t let it fool you \ntext: You don’t actually play co-op. All single player. Don’t let it mislead you. Still good old school-ish games.', 'title: Yahoo! \ntext: A great bundle of games. Has some bugs but its still fun', ""title: All 3 Games in one cartridge \ntext: Don't even need internet to play all 3 games which is the main reason why I bought this.Super Mario 64 looks smoother and better than before.The controllers took a while to get used to again since the camera for SM64 was weird but cool at the time it came out.Super Mario Sunshine was also a bit awkward having the map at L1, I accidentally press it.  A & B have the same button action.The switch does have remapping the the system settings.""]","The comments collectively express dissatisfaction with the multiplayer capability of the product, highlighting that it is misleadingly advertised as a two-player game. One comment sarcastically notes that the only way for two players to participate is by sharing a single controller, effectively splitting control between them, which is impractical [0]. Another comment describes the multiplayer experience as inadequate, where the second player merely 'floats around' rather than actively participating, making it more of a single-player game [1]. A third comment reinforces this sentiment, stating that the game does not offer true cooperative play, despite its claims, and is essentially a single-player experience [2]. [2] is not related to the query. [4] is not related to the query. [5] is not related to the query.",10.0
How's the multiplayer capability of the product,"Play three of Mario’s greatest 3D platforming adventures—all in one package! Play three iconic games at home or on the go—all in one package on the Nintendo Switch system! Jump into paintings in Super Mario 64, clean up paint-like goop in Super Mario Sunshine, and fly from planet to planet in Super Mario Galaxy.  Run, jump, and dive with ease! Make Mario move using the Nintendo Switch system’s Joy-Con controllers. You can also pass a Joy-Con controller to a friend to play the Super Mario Galaxy game in Co-Star Mode! Mario’s movements are as smooth as ever with HD resolution for each game, while still retaining the look and feel of the originals.  Listen to timeless Super Mario tunes Listen to a total of 175 iconic tunes from all three games! Whether you want to get up and dance or take a minute to relax—this collection has music to fit your mood!  Even when you aren’t playing, you can enjoy the sounds that these worlds (and galaxies!) are so famous for. With three games, modern upgrades, and music-player mode, this collection is filled with fun for both new players and 3D platforming Mario masters. Super Mario 3D All-Stars will be available as a limited-run retail edition and a digital edition that is available for a limited time until the end of March 2021. The physical version of Super Mario 3D All-Stars (released Sep. 18) will continue to be shipped to retailers and available for purchase through March 31, 2021 or while supplies last. The digital version of Super Mario 3D All-Stars will be available for purchase through March 31, 2021. Once the digital edition has been purchased on your Nintendo Account, it can be re-downloaded and played if deleted from your device.  Software compatibility and play experience may differ on Nintendo Switch Lite. Additional accessories may be required (sold separately). Terms apply.",012567,"[""title: Not two player as described \ntext: Says one or two players, means if you're willing to cut your remote in half two people can control half of one player"", 'title: Decent \ntext: This game is a little deceiving, it says it’s 2 players but it’s not really a good 2 player. Like you get to float around them. But not actually play.Really fun 1 player though!', 'title: Amazing Game \ntext: Amazing product all the games are outstanding and it is totally worth it just hoping that there is a Wii Sports compilation pack for the switch', 'title: Amazing! \ntext: Great game to have! Perfect for the whole family to play with.', 'title: Yahoo! \ntext: A great bundle of games. Has some bugs but its still fun', ""title: All 3 Games in one cartridge \ntext: Don't even need internet to play all 3 games which is the main reason why I bought this.Super Mario 64 looks smoother and better than before.The controllers took a while to get used to again since the camera for SM64 was weird but cool at the time it came out.Super Mario Sunshine was also a bit awkward having the map at L1, I accidentally press it.  A & B have the same button action.The switch does have remapping the the system settings.""]","The product is advertised as supporting one or two players, but users have expressed dissatisfaction with its multiplayer capability. One user noted that while it claims to be for two players, it requires sharing a single remote, effectively allowing two people to control only half of one player, which is misleading [0]. Another user echoed this sentiment, stating that the game is not truly a good two-player experience, as the second player can only float around rather than actively participate, although it is enjoyable as a single-player game [1]. [2] is not related to the query. [3] is not related to the query. [4] is not related to the query. [5] is not related to the query.",9.0
How's the multiplayer capability of the product,"Play three of Mario’s greatest 3D platforming adventures—all in one package! Play three iconic games at home or on the go—all in one package on the Nintendo Switch system! Jump into paintings in Super Mario 64, clean up paint-like goop in Super Mario Sunshine, and fly from planet to planet in Super Mario Galaxy.  Run, jump, and dive with ease! Make Mario move using the Nintendo Switch system’s Joy-Con controllers. You can also pass a Joy-Con controller to a friend to play the Super Mario Galaxy game in Co-Star Mode! Mario’s movements are as smooth as ever with HD resolution for each game, while still retaining the look and feel of the originals.  Listen to timeless Super Mario tunes Listen to a total of 175 iconic tunes from all three games! Whether you want to get up and dance or take a minute to relax—this collection has music to fit your mood!  Even when you aren’t playing, you can enjoy the sounds that these worlds (and galaxies!) are so famous for. With three games, modern upgrades, and music-player mode, this collection is filled with fun for both new players and 3D platforming Mario masters. Super Mario 3D All-Stars will be available as a limited-run retail edition and a digital edition that is available for a limited time until the end of March 2021. The physical version of Super Mario 3D All-Stars (released Sep. 18) will continue to be shipped to retailers and available for purchase through March 31, 2021 or while supplies last. The digital version of Super Mario 3D All-Stars will be available for purchase through March 31, 2021. Once the digital edition has been purchased on your Nintendo Account, it can be re-downloaded and played if deleted from your device.  Software compatibility and play experience may differ on Nintendo Switch Lite. Additional accessories may be required (sold separately). Terms apply.",013456,"[""title: Not two player as described \ntext: Says one or two players, means if you're willing to cut your remote in half two people can control half of one player"", 'title: Decent \ntext: This game is a little deceiving, it says it’s 2 players but it’s not really a good 2 player. Like you get to float around them. But not actually play.Really fun 1 player though!', 'title: Barebones emulation \ntext: The product is a huge disappointment, in particular Mario sunshine which is borderline unplayable since Nintendo has ruined the controls in particular the camera controls. To make the problem even worse Gamecube controllers are not supported.', 'title: Don’t let it fool you \ntext: You don’t actually play co-op. All single player. Don’t let it mislead you. Still good old school-ish games.', 'title: Amazing! \ntext: Great game to have! Perfect for the whole family to play with.', 'title: Yahoo! \ntext: A great bundle of games. Has some bugs but its still fun']","The comments collectively express dissatisfaction with the multiplayer capability of the product, highlighting that it is misleadingly advertised as a two-player game. One comment suggests that the game claims to support two players, but in reality, it requires players to share a single controller, effectively making it a single-player experience[0]. Another comment notes that while the game is advertised as two-player, the second player merely floats around the main player rather than actively participating, making it a subpar multiplayer experience[1]. Additionally, it is emphasized that the game does not offer a true cooperative mode, as it is essentially a single-player game despite its claims[2]. [2] is not related to the query. [4] is not related to the query. [5] is not related to the query.",10.0
How's the multiplayer capability of the product,"Play three of Mario’s greatest 3D platforming adventures—all in one package! Play three iconic games at home or on the go—all in one package on the Nintendo Switch system! Jump into paintings in Super Mario 64, clean up paint-like goop in Super Mario Sunshine, and fly from planet to planet in Super Mario Galaxy.  Run, jump, and dive with ease! Make Mario move using the Nintendo Switch system’s Joy-Con controllers. You can also pass a Joy-Con controller to a friend to play the Super Mario Galaxy game in Co-Star Mode! Mario’s movements are as smooth as ever with HD resolution for each game, while still retaining the look and feel of the originals.  Listen to timeless Super Mario tunes Listen to a total of 175 iconic tunes from all three games! Whether you want to get up and dance or take a minute to relax—this collection has music to fit your mood!  Even when you aren’t playing, you can enjoy the sounds that these worlds (and galaxies!) are so famous for. With three games, modern upgrades, and music-player mode, this collection is filled with fun for both new players and 3D platforming Mario masters. Super Mario 3D All-Stars will be available as a limited-run retail edition and a digital edition that is available for a limited time until the end of March 2021. The physical version of Super Mario 3D All-Stars (released Sep. 18) will continue to be shipped to retailers and available for purchase through March 31, 2021 or while supplies last. The digital version of Super Mario 3D All-Stars will be available for purchase through March 31, 2021. Once the digital edition has been purchased on your Nintendo Account, it can be re-downloaded and played if deleted from your device.  Software compatibility and play experience may differ on Nintendo Switch Lite. Additional accessories may be required (sold separately). Terms apply.",013457,"[""title: Not two player as described \ntext: Says one or two players, means if you're willing to cut your remote in half two people can control half of one player"", 'title: Decent \ntext: This game is a little deceiving, it says it’s 2 players but it’s not really a good 2 player. Like you get to float around them. But not actually play.Really fun 1 player though!', 'title: Barebones emulation \ntext: The product is a huge disappointment, in particular Mario sunshine which is borderline unplayable since Nintendo has ruined the controls in particular the camera controls. To make the problem even worse Gamecube controllers are not supported.', 'title: Don’t let it fool you \ntext: You don’t actually play co-op. All single player. Don’t let it mislead you. Still good old school-ish games.', 'title: Amazing! \ntext: Great game to have! Perfect for the whole family to play with.', ""title: All 3 Games in one cartridge \ntext: Don't even need internet to play all 3 games which is the main reason why I bought this.Super Mario 64 looks smoother and better than before.The controllers took a while to get used to again since the camera for SM64 was weird but cool at the time it came out.Super Mario Sunshine was also a bit awkward having the map at L1, I accidentally press it.  A & B have the same button action.The switch does have remapping the the system settings.""]","The comments collectively highlight a misleading aspect of the product's multiplayer capability. Users express disappointment that, although the product is advertised as supporting two players, the actual experience does not meet expectations. One comment suggests that the two-player mode requires sharing a single controller, which is impractical and not a true multiplayer experience [0]. Another comment describes the two-player mode as inadequate, allowing only limited interaction rather than full cooperative play, though it notes that the single-player mode is enjoyable [1]. A third comment reinforces the notion that the product does not offer genuine cooperative gameplay, despite being marketed as such, but acknowledges the quality of the single-player experience [2]. [2] is not related to the query. [4] is not related to the query. [5] is not related to the query.",10.0
How's the multiplayer capability of the product,"Play three of Mario’s greatest 3D platforming adventures—all in one package! Play three iconic games at home or on the go—all in one package on the Nintendo Switch system! Jump into paintings in Super Mario 64, clean up paint-like goop in Super Mario Sunshine, and fly from planet to planet in Super Mario Galaxy.  Run, jump, and dive with ease! Make Mario move using the Nintendo Switch system’s Joy-Con controllers. You can also pass a Joy-Con controller to a friend to play the Super Mario Galaxy game in Co-Star Mode! Mario’s movements are as smooth as ever with HD resolution for each game, while still retaining the look and feel of the originals.  Listen to timeless Super Mario tunes Listen to a total of 175 iconic tunes from all three games! Whether you want to get up and dance or take a minute to relax—this collection has music to fit your mood!  Even when you aren’t playing, you can enjoy the sounds that these worlds (and galaxies!) are so famous for. With three games, modern upgrades, and music-player mode, this collection is filled with fun for both new players and 3D platforming Mario masters. Super Mario 3D All-Stars will be available as a limited-run retail edition and a digital edition that is available for a limited time until the end of March 2021. The physical version of Super Mario 3D All-Stars (released Sep. 18) will continue to be shipped to retailers and available for purchase through March 31, 2021 or while supplies last. The digital version of Super Mario 3D All-Stars will be available for purchase through March 31, 2021. Once the digital edition has been purchased on your Nintendo Account, it can be re-downloaded and played if deleted from your device.  Software compatibility and play experience may differ on Nintendo Switch Lite. Additional accessories may be required (sold separately). Terms apply.",013467,"[""title: Not two player as described \ntext: Says one or two players, means if you're willing to cut your remote in half two people can control half of one player"", 'title: Decent \ntext: This game is a little deceiving, it says it’s 2 players but it’s not really a good 2 player. Like you get to float around them. But not actually play.Really fun 1 player though!', 'title: Barebones emulation \ntext: The product is a huge disappointment, in particular Mario sunshine which is borderline unplayable since Nintendo has ruined the controls in particular the camera controls. To make the problem even worse Gamecube controllers are not supported.', 'title: Don’t let it fool you \ntext: You don’t actually play co-op. All single player. Don’t let it mislead you. Still good old school-ish games.', 'title: Yahoo! \ntext: A great bundle of games. Has some bugs but its still fun', ""title: All 3 Games in one cartridge \ntext: Don't even need internet to play all 3 games which is the main reason why I bought this.Super Mario 64 looks smoother and better than before.The controllers took a while to get used to again since the camera for SM64 was weird but cool at the time it came out.Super Mario Sunshine was also a bit awkward having the map at L1, I accidentally press it.  A & B have the same button action.The switch does have remapping the the system settings.""]","The comments collectively express dissatisfaction with the multiplayer capability of the product, highlighting that it is misleadingly advertised as a two-player game. One comment sarcastically notes that the only way for two players to participate is by sharing a single controller, effectively splitting control between them, which is not practical or enjoyable [0]. Another comment describes the multiplayer mode as inadequate, where the second player merely 'floats around' rather than actively participating, making it more of a single-player experience [1]. A third comment reinforces this sentiment, stating that the game is entirely single-player despite claims of cooperative play, cautioning others not to be misled by the product's description [2]. [2] is not related to the query. [4] is not related to the query. [5] is not related to the query.",10.0
How's the multiplayer capability of the product,"Play three of Mario’s greatest 3D platforming adventures—all in one package! Play three iconic games at home or on the go—all in one package on the Nintendo Switch system! Jump into paintings in Super Mario 64, clean up paint-like goop in Super Mario Sunshine, and fly from planet to planet in Super Mario Galaxy.  Run, jump, and dive with ease! Make Mario move using the Nintendo Switch system’s Joy-Con controllers. You can also pass a Joy-Con controller to a friend to play the Super Mario Galaxy game in Co-Star Mode! Mario’s movements are as smooth as ever with HD resolution for each game, while still retaining the look and feel of the originals.  Listen to timeless Super Mario tunes Listen to a total of 175 iconic tunes from all three games! Whether you want to get up and dance or take a minute to relax—this collection has music to fit your mood!  Even when you aren’t playing, you can enjoy the sounds that these worlds (and galaxies!) are so famous for. With three games, modern upgrades, and music-player mode, this collection is filled with fun for both new players and 3D platforming Mario masters. Super Mario 3D All-Stars will be available as a limited-run retail edition and a digital edition that is available for a limited time until the end of March 2021. The physical version of Super Mario 3D All-Stars (released Sep. 18) will continue to be shipped to retailers and available for purchase through March 31, 2021 or while supplies last. The digital version of Super Mario 3D All-Stars will be available for purchase through March 31, 2021. Once the digital edition has been purchased on your Nintendo Account, it can be re-downloaded and played if deleted from your device.  Software compatibility and play experience may differ on Nintendo Switch Lite. Additional accessories may be required (sold separately). Terms apply.",013567,"[""title: Not two player as described \ntext: Says one or two players, means if you're willing to cut your remote in half two people can control half of one player"", 'title: Decent \ntext: This game is a little deceiving, it says it’s 2 players but it’s not really a good 2 player. Like you get to float around them. But not actually play.Really fun 1 player though!', 'title: Barebones emulation \ntext: The product is a huge disappointment, in particular Mario sunshine which is borderline unplayable since Nintendo has ruined the controls in particular the camera controls. To make the problem even worse Gamecube controllers are not supported.', 'title: Amazing! \ntext: Great game to have! Perfect for the whole family to play with.', 'title: Yahoo! \ntext: A great bundle of games. Has some bugs but its still fun', ""title: All 3 Games in one cartridge \ntext: Don't even need internet to play all 3 games which is the main reason why I bought this.Super Mario 64 looks smoother and better than before.The controllers took a while to get used to again since the camera for SM64 was weird but cool at the time it came out.Super Mario Sunshine was also a bit awkward having the map at L1, I accidentally press it.  A & B have the same button action.The switch does have remapping the the system settings.""]","The comments highlight issues with the multiplayer capability of the product. One user points out that although the product claims to support one or two players, the multiplayer experience is misleading as it requires sharing a single controller between two people, effectively controlling half of one player each[0]. Another user echoes this sentiment, noting that while the game advertises a two-player mode, it does not offer a satisfactory multiplayer experience, as the second player can only 'float around' rather than actively participate in gameplay. However, the game is noted to be enjoyable in single-player mode[1]. [2] is not related to the query. [3] is not related to the query. [4] is not related to the query. [5] is not related to the query.",9.0
How's the multiplayer capability of the product,"Play three of Mario’s greatest 3D platforming adventures—all in one package! Play three iconic games at home or on the go—all in one package on the Nintendo Switch system! Jump into paintings in Super Mario 64, clean up paint-like goop in Super Mario Sunshine, and fly from planet to planet in Super Mario Galaxy.  Run, jump, and dive with ease! Make Mario move using the Nintendo Switch system’s Joy-Con controllers. You can also pass a Joy-Con controller to a friend to play the Super Mario Galaxy game in Co-Star Mode! Mario’s movements are as smooth as ever with HD resolution for each game, while still retaining the look and feel of the originals.  Listen to timeless Super Mario tunes Listen to a total of 175 iconic tunes from all three games! Whether you want to get up and dance or take a minute to relax—this collection has music to fit your mood!  Even when you aren’t playing, you can enjoy the sounds that these worlds (and galaxies!) are so famous for. With three games, modern upgrades, and music-player mode, this collection is filled with fun for both new players and 3D platforming Mario masters. Super Mario 3D All-Stars will be available as a limited-run retail edition and a digital edition that is available for a limited time until the end of March 2021. The physical version of Super Mario 3D All-Stars (released Sep. 18) will continue to be shipped to retailers and available for purchase through March 31, 2021 or while supplies last. The digital version of Super Mario 3D All-Stars will be available for purchase through March 31, 2021. Once the digital edition has been purchased on your Nintendo Account, it can be re-downloaded and played if deleted from your device.  Software compatibility and play experience may differ on Nintendo Switch Lite. Additional accessories may be required (sold separately). Terms apply.",014567,"[""title: Not two player as described \ntext: Says one or two players, means if you're willing to cut your remote in half two people can control half of one player"", 'title: Decent \ntext: This game is a little deceiving, it says it’s 2 players but it’s not really a good 2 player. Like you get to float around them. But not actually play.Really fun 1 player though!', 'title: Don’t let it fool you \ntext: You don’t actually play co-op. All single player. Don’t let it mislead you. Still good old school-ish games.', 'title: Amazing! \ntext: Great game to have! Perfect for the whole family to play with.', 'title: Yahoo! \ntext: A great bundle of games. Has some bugs but its still fun', ""title: All 3 Games in one cartridge \ntext: Don't even need internet to play all 3 games which is the main reason why I bought this.Super Mario 64 looks smoother and better than before.The controllers took a while to get used to again since the camera for SM64 was weird but cool at the time it came out.Super Mario Sunshine was also a bit awkward having the map at L1, I accidentally press it.  A & B have the same button action.The switch does have remapping the the system settings.""]","Several users have expressed dissatisfaction with the multiplayer capability of the product, highlighting that it is misleadingly advertised as a two-player game. One user noted that while the game claims to support one or two players, it only allows two people to control half of one player if they share a remote, which does not constitute a true multiplayer experience [0]. Another user described the game as deceiving, stating that although it is labeled as a two-player game, it does not offer a genuine two-player mode, as the second player can only float around rather than actively participate [1]. A third user reinforced this sentiment by stating that the game does not actually support cooperative play, as it is entirely single-player, despite the misleading advertising [2]. [3] is not related to the query. [4] is not related to the query. [5] is not related to the query.",10.0
How's the multiplayer capability of the product,"Play three of Mario’s greatest 3D platforming adventures—all in one package! Play three iconic games at home or on the go—all in one package on the Nintendo Switch system! Jump into paintings in Super Mario 64, clean up paint-like goop in Super Mario Sunshine, and fly from planet to planet in Super Mario Galaxy.  Run, jump, and dive with ease! Make Mario move using the Nintendo Switch system’s Joy-Con controllers. You can also pass a Joy-Con controller to a friend to play the Super Mario Galaxy game in Co-Star Mode! Mario’s movements are as smooth as ever with HD resolution for each game, while still retaining the look and feel of the originals.  Listen to timeless Super Mario tunes Listen to a total of 175 iconic tunes from all three games! Whether you want to get up and dance or take a minute to relax—this collection has music to fit your mood!  Even when you aren’t playing, you can enjoy the sounds that these worlds (and galaxies!) are so famous for. With three games, modern upgrades, and music-player mode, this collection is filled with fun for both new players and 3D platforming Mario masters. Super Mario 3D All-Stars will be available as a limited-run retail edition and a digital edition that is available for a limited time until the end of March 2021. The physical version of Super Mario 3D All-Stars (released Sep. 18) will continue to be shipped to retailers and available for purchase through March 31, 2021 or while supplies last. The digital version of Super Mario 3D All-Stars will be available for purchase through March 31, 2021. Once the digital edition has been purchased on your Nintendo Account, it can be re-downloaded and played if deleted from your device.  Software compatibility and play experience may differ on Nintendo Switch Lite. Additional accessories may be required (sold separately). Terms apply.",023456,"[""title: Not two player as described \ntext: Says one or two players, means if you're willing to cut your remote in half two people can control half of one player"", 'title: Amazing Game \ntext: Amazing product all the games are outstanding and it is totally worth it just hoping that there is a Wii Sports compilation pack for the switch', 'title: Barebones emulation \ntext: The product is a huge disappointment, in particular Mario sunshine which is borderline unplayable since Nintendo has ruined the controls in particular the camera controls. To make the problem even worse Gamecube controllers are not supported.', 'title: Don’t let it fool you \ntext: You don’t actually play co-op. All single player. Don’t let it mislead you. Still good old school-ish games.', 'title: Amazing! \ntext: Great game to have! Perfect for the whole family to play with.', 'title: Yahoo! \ntext: A great bundle of games. Has some bugs but its still fun']","The comments highlight a misleading aspect of the product's multiplayer capability. One comment suggests that although the product is advertised as supporting one or two players, it only allows for two people to control half of one player, implying a lack of true multiplayer functionality [0]. Another comment reinforces this by stating that the product does not actually support cooperative play, as it is entirely single-player, despite any suggestions to the contrary [1]. [1] is not related to the query. [2] is not related to the query. [4] is not related to the query. [5] is not related to the query.",9.0
How's the multiplayer capability of the product,"Play three of Mario’s greatest 3D platforming adventures—all in one package! Play three iconic games at home or on the go—all in one package on the Nintendo Switch system! Jump into paintings in Super Mario 64, clean up paint-like goop in Super Mario Sunshine, and fly from planet to planet in Super Mario Galaxy.  Run, jump, and dive with ease! Make Mario move using the Nintendo Switch system’s Joy-Con controllers. You can also pass a Joy-Con controller to a friend to play the Super Mario Galaxy game in Co-Star Mode! Mario’s movements are as smooth as ever with HD resolution for each game, while still retaining the look and feel of the originals.  Listen to timeless Super Mario tunes Listen to a total of 175 iconic tunes from all three games! Whether you want to get up and dance or take a minute to relax—this collection has music to fit your mood!  Even when you aren’t playing, you can enjoy the sounds that these worlds (and galaxies!) are so famous for. With three games, modern upgrades, and music-player mode, this collection is filled with fun for both new players and 3D platforming Mario masters. Super Mario 3D All-Stars will be available as a limited-run retail edition and a digital edition that is available for a limited time until the end of March 2021. The physical version of Super Mario 3D All-Stars (released Sep. 18) will continue to be shipped to retailers and available for purchase through March 31, 2021 or while supplies last. The digital version of Super Mario 3D All-Stars will be available for purchase through March 31, 2021. Once the digital edition has been purchased on your Nintendo Account, it can be re-downloaded and played if deleted from your device.  Software compatibility and play experience may differ on Nintendo Switch Lite. Additional accessories may be required (sold separately). Terms apply.",023457,"[""title: Not two player as described \ntext: Says one or two players, means if you're willing to cut your remote in half two people can control half of one player"", 'title: Amazing Game \ntext: Amazing product all the games are outstanding and it is totally worth it just hoping that there is a Wii Sports compilation pack for the switch', 'title: Barebones emulation \ntext: The product is a huge disappointment, in particular Mario sunshine which is borderline unplayable since Nintendo has ruined the controls in particular the camera controls. To make the problem even worse Gamecube controllers are not supported.', 'title: Don’t let it fool you \ntext: You don’t actually play co-op. All single player. Don’t let it mislead you. Still good old school-ish games.', 'title: Amazing! \ntext: Great game to have! Perfect for the whole family to play with.', ""title: All 3 Games in one cartridge \ntext: Don't even need internet to play all 3 games which is the main reason why I bought this.Super Mario 64 looks smoother and better than before.The controllers took a while to get used to again since the camera for SM64 was weird but cool at the time it came out.Super Mario Sunshine was also a bit awkward having the map at L1, I accidentally press it.  A & B have the same button action.The switch does have remapping the the system settings.""]","The comments highlight a misleading aspect of the product's multiplayer capability. One user points out that although the product is advertised as supporting one or two players, it actually requires players to share a single controller, effectively making it a single-player experience rather than a true two-player mode [0]. Another user echoes this sentiment, stating that the product does not offer a cooperative multiplayer experience as suggested, but rather remains a single-player game despite its claims [1]. [1] is not related to the query. [2] is not related to the query. [4] is not related to the query. [5] is not related to the query.",9.0
How's the multiplayer capability of the product,"Play three of Mario’s greatest 3D platforming adventures—all in one package! Play three iconic games at home or on the go—all in one package on the Nintendo Switch system! Jump into paintings in Super Mario 64, clean up paint-like goop in Super Mario Sunshine, and fly from planet to planet in Super Mario Galaxy.  Run, jump, and dive with ease! Make Mario move using the Nintendo Switch system’s Joy-Con controllers. You can also pass a Joy-Con controller to a friend to play the Super Mario Galaxy game in Co-Star Mode! Mario’s movements are as smooth as ever with HD resolution for each game, while still retaining the look and feel of the originals.  Listen to timeless Super Mario tunes Listen to a total of 175 iconic tunes from all three games! Whether you want to get up and dance or take a minute to relax—this collection has music to fit your mood!  Even when you aren’t playing, you can enjoy the sounds that these worlds (and galaxies!) are so famous for. With three games, modern upgrades, and music-player mode, this collection is filled with fun for both new players and 3D platforming Mario masters. Super Mario 3D All-Stars will be available as a limited-run retail edition and a digital edition that is available for a limited time until the end of March 2021. The physical version of Super Mario 3D All-Stars (released Sep. 18) will continue to be shipped to retailers and available for purchase through March 31, 2021 or while supplies last. The digital version of Super Mario 3D All-Stars will be available for purchase through March 31, 2021. Once the digital edition has been purchased on your Nintendo Account, it can be re-downloaded and played if deleted from your device.  Software compatibility and play experience may differ on Nintendo Switch Lite. Additional accessories may be required (sold separately). Terms apply.",023467,"[""title: Not two player as described \ntext: Says one or two players, means if you're willing to cut your remote in half two people can control half of one player"", 'title: Amazing Game \ntext: Amazing product all the games are outstanding and it is totally worth it just hoping that there is a Wii Sports compilation pack for the switch', 'title: Barebones emulation \ntext: The product is a huge disappointment, in particular Mario sunshine which is borderline unplayable since Nintendo has ruined the controls in particular the camera controls. To make the problem even worse Gamecube controllers are not supported.', 'title: Don’t let it fool you \ntext: You don’t actually play co-op. All single player. Don’t let it mislead you. Still good old school-ish games.', 'title: Yahoo! \ntext: A great bundle of games. Has some bugs but its still fun', ""title: All 3 Games in one cartridge \ntext: Don't even need internet to play all 3 games which is the main reason why I bought this.Super Mario 64 looks smoother and better than before.The controllers took a while to get used to again since the camera for SM64 was weird but cool at the time it came out.Super Mario Sunshine was also a bit awkward having the map at L1, I accidentally press it.  A & B have the same button action.The switch does have remapping the the system settings.""]","The comments highlight a misleading aspect of the product's multiplayer capability. One user points out that although the product is advertised as supporting one or two players, it actually requires sharing a single controller between two people, effectively allowing only one player to control the game at a time[0]. Another user emphasizes that the product does not support true cooperative play, as it is entirely single-player, despite any suggestions to the contrary[1]. [1] is not related to the query. [2] is not related to the query. [4] is not related to the query. [5] is not related to the query.",9.0
How's the multiplayer capability of the product,"Play three of Mario’s greatest 3D platforming adventures—all in one package! Play three iconic games at home or on the go—all in one package on the Nintendo Switch system! Jump into paintings in Super Mario 64, clean up paint-like goop in Super Mario Sunshine, and fly from planet to planet in Super Mario Galaxy.  Run, jump, and dive with ease! Make Mario move using the Nintendo Switch system’s Joy-Con controllers. You can also pass a Joy-Con controller to a friend to play the Super Mario Galaxy game in Co-Star Mode! Mario’s movements are as smooth as ever with HD resolution for each game, while still retaining the look and feel of the originals.  Listen to timeless Super Mario tunes Listen to a total of 175 iconic tunes from all three games! Whether you want to get up and dance or take a minute to relax—this collection has music to fit your mood!  Even when you aren’t playing, you can enjoy the sounds that these worlds (and galaxies!) are so famous for. With three games, modern upgrades, and music-player mode, this collection is filled with fun for both new players and 3D platforming Mario masters. Super Mario 3D All-Stars will be available as a limited-run retail edition and a digital edition that is available for a limited time until the end of March 2021. The physical version of Super Mario 3D All-Stars (released Sep. 18) will continue to be shipped to retailers and available for purchase through March 31, 2021 or while supplies last. The digital version of Super Mario 3D All-Stars will be available for purchase through March 31, 2021. Once the digital edition has been purchased on your Nintendo Account, it can be re-downloaded and played if deleted from your device.  Software compatibility and play experience may differ on Nintendo Switch Lite. Additional accessories may be required (sold separately). Terms apply.",023567,"[""title: Not two player as described \ntext: Says one or two players, means if you're willing to cut your remote in half two people can control half of one player"", 'title: Amazing Game \ntext: Amazing product all the games are outstanding and it is totally worth it just hoping that there is a Wii Sports compilation pack for the switch', 'title: Barebones emulation \ntext: The product is a huge disappointment, in particular Mario sunshine which is borderline unplayable since Nintendo has ruined the controls in particular the camera controls. To make the problem even worse Gamecube controllers are not supported.', 'title: Amazing! \ntext: Great game to have! Perfect for the whole family to play with.', 'title: Yahoo! \ntext: A great bundle of games. Has some bugs but its still fun', ""title: All 3 Games in one cartridge \ntext: Don't even need internet to play all 3 games which is the main reason why I bought this.Super Mario 64 looks smoother and better than before.The controllers took a while to get used to again since the camera for SM64 was weird but cool at the time it came out.Super Mario Sunshine was also a bit awkward having the map at L1, I accidentally press it.  A & B have the same button action.The switch does have remapping the the system settings.""]","The comment highlights a misleading aspect of the product's multiplayer capability. It states that while the product is advertised as supporting one or two players, in reality, it only allows two people to control half of one player if they share a single remote, rather than providing a true two-player experience [0]. [1] is not related to the query. [2] is not related to the query. [3] is not related to the query. [4] is not related to the query. [5] is not related to the query.",8.0
How's the multiplayer capability of the product,"Play three of Mario’s greatest 3D platforming adventures—all in one package! Play three iconic games at home or on the go—all in one package on the Nintendo Switch system! Jump into paintings in Super Mario 64, clean up paint-like goop in Super Mario Sunshine, and fly from planet to planet in Super Mario Galaxy.  Run, jump, and dive with ease! Make Mario move using the Nintendo Switch system’s Joy-Con controllers. You can also pass a Joy-Con controller to a friend to play the Super Mario Galaxy game in Co-Star Mode! Mario’s movements are as smooth as ever with HD resolution for each game, while still retaining the look and feel of the originals.  Listen to timeless Super Mario tunes Listen to a total of 175 iconic tunes from all three games! Whether you want to get up and dance or take a minute to relax—this collection has music to fit your mood!  Even when you aren’t playing, you can enjoy the sounds that these worlds (and galaxies!) are so famous for. With three games, modern upgrades, and music-player mode, this collection is filled with fun for both new players and 3D platforming Mario masters. Super Mario 3D All-Stars will be available as a limited-run retail edition and a digital edition that is available for a limited time until the end of March 2021. The physical version of Super Mario 3D All-Stars (released Sep. 18) will continue to be shipped to retailers and available for purchase through March 31, 2021 or while supplies last. The digital version of Super Mario 3D All-Stars will be available for purchase through March 31, 2021. Once the digital edition has been purchased on your Nintendo Account, it can be re-downloaded and played if deleted from your device.  Software compatibility and play experience may differ on Nintendo Switch Lite. Additional accessories may be required (sold separately). Terms apply.",024567,"[""title: Not two player as described \ntext: Says one or two players, means if you're willing to cut your remote in half two people can control half of one player"", 'title: Amazing Game \ntext: Amazing product all the games are outstanding and it is totally worth it just hoping that there is a Wii Sports compilation pack for the switch', 'title: Don’t let it fool you \ntext: You don’t actually play co-op. All single player. Don’t let it mislead you. Still good old school-ish games.', 'title: Amazing! \ntext: Great game to have! Perfect for the whole family to play with.', 'title: Yahoo! \ntext: A great bundle of games. Has some bugs but its still fun', ""title: All 3 Games in one cartridge \ntext: Don't even need internet to play all 3 games which is the main reason why I bought this.Super Mario 64 looks smoother and better than before.The controllers took a while to get used to again since the camera for SM64 was weird but cool at the time it came out.Super Mario Sunshine was also a bit awkward having the map at L1, I accidentally press it.  A & B have the same button action.The switch does have remapping the the system settings.""]","The comments highlight a misleading aspect of the product's multiplayer capability. One user points out that although the product is advertised as supporting one or two players, it actually requires players to share a single controller, effectively splitting control between two people rather than offering a true two-player experience [0]. Another user reinforces this by stating that the product does not support cooperative play as implied, and is essentially a single-player experience, despite being marketed otherwise [1]. [1] is not related to the query. [3] is not related to the query. [4] is not related to the query. [5] is not related to the query.",9.0
How's the multiplayer capability of the product,"Play three of Mario’s greatest 3D platforming adventures—all in one package! Play three iconic games at home or on the go—all in one package on the Nintendo Switch system! Jump into paintings in Super Mario 64, clean up paint-like goop in Super Mario Sunshine, and fly from planet to planet in Super Mario Galaxy.  Run, jump, and dive with ease! Make Mario move using the Nintendo Switch system’s Joy-Con controllers. You can also pass a Joy-Con controller to a friend to play the Super Mario Galaxy game in Co-Star Mode! Mario’s movements are as smooth as ever with HD resolution for each game, while still retaining the look and feel of the originals.  Listen to timeless Super Mario tunes Listen to a total of 175 iconic tunes from all three games! Whether you want to get up and dance or take a minute to relax—this collection has music to fit your mood!  Even when you aren’t playing, you can enjoy the sounds that these worlds (and galaxies!) are so famous for. With three games, modern upgrades, and music-player mode, this collection is filled with fun for both new players and 3D platforming Mario masters. Super Mario 3D All-Stars will be available as a limited-run retail edition and a digital edition that is available for a limited time until the end of March 2021. The physical version of Super Mario 3D All-Stars (released Sep. 18) will continue to be shipped to retailers and available for purchase through March 31, 2021 or while supplies last. The digital version of Super Mario 3D All-Stars will be available for purchase through March 31, 2021. Once the digital edition has been purchased on your Nintendo Account, it can be re-downloaded and played if deleted from your device.  Software compatibility and play experience may differ on Nintendo Switch Lite. Additional accessories may be required (sold separately). Terms apply.",034567,"[""title: Not two player as described \ntext: Says one or two players, means if you're willing to cut your remote in half two people can control half of one player"", 'title: Barebones emulation \ntext: The product is a huge disappointment, in particular Mario sunshine which is borderline unplayable since Nintendo has ruined the controls in particular the camera controls. To make the problem even worse Gamecube controllers are not supported.', 'title: Don’t let it fool you \ntext: You don’t actually play co-op. All single player. Don’t let it mislead you. Still good old school-ish games.', 'title: Amazing! \ntext: Great game to have! Perfect for the whole family to play with.', 'title: Yahoo! \ntext: A great bundle of games. Has some bugs but its still fun', ""title: All 3 Games in one cartridge \ntext: Don't even need internet to play all 3 games which is the main reason why I bought this.Super Mario 64 looks smoother and better than before.The controllers took a while to get used to again since the camera for SM64 was weird but cool at the time it came out.Super Mario Sunshine was also a bit awkward having the map at L1, I accidentally press it.  A & B have the same button action.The switch does have remapping the the system settings.""]","The product is advertised as supporting one or two players, but in reality, it does not offer a true multiplayer experience. Instead, it suggests that two people can control half of one player by sharing a single remote, which does not constitute a genuine two-player mode[0]. Additionally, the product does not support cooperative play as implied, as it remains a single-player experience despite the misleading description[1]. [1] is not related to the query. [3] is not related to the query. [4] is not related to the query. [5] is not related to the query.",9.0
How's the multiplayer capability of the product,"Play three of Mario’s greatest 3D platforming adventures—all in one package! Play three iconic games at home or on the go—all in one package on the Nintendo Switch system! Jump into paintings in Super Mario 64, clean up paint-like goop in Super Mario Sunshine, and fly from planet to planet in Super Mario Galaxy.  Run, jump, and dive with ease! Make Mario move using the Nintendo Switch system’s Joy-Con controllers. You can also pass a Joy-Con controller to a friend to play the Super Mario Galaxy game in Co-Star Mode! Mario’s movements are as smooth as ever with HD resolution for each game, while still retaining the look and feel of the originals.  Listen to timeless Super Mario tunes Listen to a total of 175 iconic tunes from all three games! Whether you want to get up and dance or take a minute to relax—this collection has music to fit your mood!  Even when you aren’t playing, you can enjoy the sounds that these worlds (and galaxies!) are so famous for. With three games, modern upgrades, and music-player mode, this collection is filled with fun for both new players and 3D platforming Mario masters. Super Mario 3D All-Stars will be available as a limited-run retail edition and a digital edition that is available for a limited time until the end of March 2021. The physical version of Super Mario 3D All-Stars (released Sep. 18) will continue to be shipped to retailers and available for purchase through March 31, 2021 or while supplies last. The digital version of Super Mario 3D All-Stars will be available for purchase through March 31, 2021. Once the digital edition has been purchased on your Nintendo Account, it can be re-downloaded and played if deleted from your device.  Software compatibility and play experience may differ on Nintendo Switch Lite. Additional accessories may be required (sold separately). Terms apply.",123456,"['title: Decent \ntext: This game is a little deceiving, it says it’s 2 players but it’s not really a good 2 player. Like you get to float around them. But not actually play.Really fun 1 player though!', 'title: Amazing Game \ntext: Amazing product all the games are outstanding and it is totally worth it just hoping that there is a Wii Sports compilation pack for the switch', 'title: Barebones emulation \ntext: The product is a huge disappointment, in particular Mario sunshine which is borderline unplayable since Nintendo has ruined the controls in particular the camera controls. To make the problem even worse Gamecube controllers are not supported.', 'title: Don’t let it fool you \ntext: You don’t actually play co-op. All single player. Don’t let it mislead you. Still good old school-ish games.', 'title: Amazing! \ntext: Great game to have! Perfect for the whole family to play with.', 'title: Yahoo! \ntext: A great bundle of games. Has some bugs but its still fun']","The multiplayer capability of the product is misleading, as users report that although it is advertised as a two-player game, the second player does not have an active role in gameplay. Instead, the second player can only 'float around' the main player, which does not constitute a true cooperative experience. The game is primarily a single-player experience, despite claims of multiplayer functionality [0][1]. [1] is not related to the query. [2] is not related to the query. [4] is not related to the query. [5] is not related to the query.",9.0
How's the multiplayer capability of the product,"Play three of Mario’s greatest 3D platforming adventures—all in one package! Play three iconic games at home or on the go—all in one package on the Nintendo Switch system! Jump into paintings in Super Mario 64, clean up paint-like goop in Super Mario Sunshine, and fly from planet to planet in Super Mario Galaxy.  Run, jump, and dive with ease! Make Mario move using the Nintendo Switch system’s Joy-Con controllers. You can also pass a Joy-Con controller to a friend to play the Super Mario Galaxy game in Co-Star Mode! Mario’s movements are as smooth as ever with HD resolution for each game, while still retaining the look and feel of the originals.  Listen to timeless Super Mario tunes Listen to a total of 175 iconic tunes from all three games! Whether you want to get up and dance or take a minute to relax—this collection has music to fit your mood!  Even when you aren’t playing, you can enjoy the sounds that these worlds (and galaxies!) are so famous for. With three games, modern upgrades, and music-player mode, this collection is filled with fun for both new players and 3D platforming Mario masters. Super Mario 3D All-Stars will be available as a limited-run retail edition and a digital edition that is available for a limited time until the end of March 2021. The physical version of Super Mario 3D All-Stars (released Sep. 18) will continue to be shipped to retailers and available for purchase through March 31, 2021 or while supplies last. The digital version of Super Mario 3D All-Stars will be available for purchase through March 31, 2021. Once the digital edition has been purchased on your Nintendo Account, it can be re-downloaded and played if deleted from your device.  Software compatibility and play experience may differ on Nintendo Switch Lite. Additional accessories may be required (sold separately). Terms apply.",123457,"['title: Decent \ntext: This game is a little deceiving, it says it’s 2 players but it’s not really a good 2 player. Like you get to float around them. But not actually play.Really fun 1 player though!', 'title: Amazing Game \ntext: Amazing product all the games are outstanding and it is totally worth it just hoping that there is a Wii Sports compilation pack for the switch', 'title: Barebones emulation \ntext: The product is a huge disappointment, in particular Mario sunshine which is borderline unplayable since Nintendo has ruined the controls in particular the camera controls. To make the problem even worse Gamecube controllers are not supported.', 'title: Don’t let it fool you \ntext: You don’t actually play co-op. All single player. Don’t let it mislead you. Still good old school-ish games.', 'title: Amazing! \ntext: Great game to have! Perfect for the whole family to play with.', ""title: All 3 Games in one cartridge \ntext: Don't even need internet to play all 3 games which is the main reason why I bought this.Super Mario 64 looks smoother and better than before.The controllers took a while to get used to again since the camera for SM64 was weird but cool at the time it came out.Super Mario Sunshine was also a bit awkward having the map at L1, I accidentally press it.  A & B have the same button action.The switch does have remapping the the system settings.""]","The multiplayer capability of the product has been criticized by users for being misleading. Although the game is advertised as a two-player experience, users have reported that the multiplayer aspect is limited to floating around the other player rather than engaging in true cooperative gameplay. This has led to disappointment among those expecting a more interactive multiplayer experience, despite the game being enjoyable as a single-player option [0][1]. [1] is not related to the query. [2] is not related to the query. [4] is not related to the query. [5] is not related to the query.",9.0
How's the multiplayer capability of the product,"Play three of Mario’s greatest 3D platforming adventures—all in one package! Play three iconic games at home or on the go—all in one package on the Nintendo Switch system! Jump into paintings in Super Mario 64, clean up paint-like goop in Super Mario Sunshine, and fly from planet to planet in Super Mario Galaxy.  Run, jump, and dive with ease! Make Mario move using the Nintendo Switch system’s Joy-Con controllers. You can also pass a Joy-Con controller to a friend to play the Super Mario Galaxy game in Co-Star Mode! Mario’s movements are as smooth as ever with HD resolution for each game, while still retaining the look and feel of the originals.  Listen to timeless Super Mario tunes Listen to a total of 175 iconic tunes from all three games! Whether you want to get up and dance or take a minute to relax—this collection has music to fit your mood!  Even when you aren’t playing, you can enjoy the sounds that these worlds (and galaxies!) are so famous for. With three games, modern upgrades, and music-player mode, this collection is filled with fun for both new players and 3D platforming Mario masters. Super Mario 3D All-Stars will be available as a limited-run retail edition and a digital edition that is available for a limited time until the end of March 2021. The physical version of Super Mario 3D All-Stars (released Sep. 18) will continue to be shipped to retailers and available for purchase through March 31, 2021 or while supplies last. The digital version of Super Mario 3D All-Stars will be available for purchase through March 31, 2021. Once the digital edition has been purchased on your Nintendo Account, it can be re-downloaded and played if deleted from your device.  Software compatibility and play experience may differ on Nintendo Switch Lite. Additional accessories may be required (sold separately). Terms apply.",123467,"['title: Decent \ntext: This game is a little deceiving, it says it’s 2 players but it’s not really a good 2 player. Like you get to float around them. But not actually play.Really fun 1 player though!', 'title: Amazing Game \ntext: Amazing product all the games are outstanding and it is totally worth it just hoping that there is a Wii Sports compilation pack for the switch', 'title: Barebones emulation \ntext: The product is a huge disappointment, in particular Mario sunshine which is borderline unplayable since Nintendo has ruined the controls in particular the camera controls. To make the problem even worse Gamecube controllers are not supported.', 'title: Don’t let it fool you \ntext: You don’t actually play co-op. All single player. Don’t let it mislead you. Still good old school-ish games.', 'title: Yahoo! \ntext: A great bundle of games. Has some bugs but its still fun', ""title: All 3 Games in one cartridge \ntext: Don't even need internet to play all 3 games which is the main reason why I bought this.Super Mario 64 looks smoother and better than before.The controllers took a while to get used to again since the camera for SM64 was weird but cool at the time it came out.Super Mario Sunshine was also a bit awkward having the map at L1, I accidentally press it.  A & B have the same button action.The switch does have remapping the the system settings.""]","The multiplayer capability of the product has been criticized by users for being misleading. Although the game is advertised as supporting two players, users have noted that the second player does not have a meaningful role, as they merely float around the main player without engaging in actual gameplay. This has led to disappointment among those expecting a true cooperative experience, as the game primarily functions as a single-player experience despite its claims [0][1]. [1] is not related to the query. [2] is not related to the query. [4] is not related to the query. [5] is not related to the query.",9.0
How's the multiplayer capability of the product,"Play three of Mario’s greatest 3D platforming adventures—all in one package! Play three iconic games at home or on the go—all in one package on the Nintendo Switch system! Jump into paintings in Super Mario 64, clean up paint-like goop in Super Mario Sunshine, and fly from planet to planet in Super Mario Galaxy.  Run, jump, and dive with ease! Make Mario move using the Nintendo Switch system’s Joy-Con controllers. You can also pass a Joy-Con controller to a friend to play the Super Mario Galaxy game in Co-Star Mode! Mario’s movements are as smooth as ever with HD resolution for each game, while still retaining the look and feel of the originals.  Listen to timeless Super Mario tunes Listen to a total of 175 iconic tunes from all three games! Whether you want to get up and dance or take a minute to relax—this collection has music to fit your mood!  Even when you aren’t playing, you can enjoy the sounds that these worlds (and galaxies!) are so famous for. With three games, modern upgrades, and music-player mode, this collection is filled with fun for both new players and 3D platforming Mario masters. Super Mario 3D All-Stars will be available as a limited-run retail edition and a digital edition that is available for a limited time until the end of March 2021. The physical version of Super Mario 3D All-Stars (released Sep. 18) will continue to be shipped to retailers and available for purchase through March 31, 2021 or while supplies last. The digital version of Super Mario 3D All-Stars will be available for purchase through March 31, 2021. Once the digital edition has been purchased on your Nintendo Account, it can be re-downloaded and played if deleted from your device.  Software compatibility and play experience may differ on Nintendo Switch Lite. Additional accessories may be required (sold separately). Terms apply.",123567,"['title: Decent \ntext: This game is a little deceiving, it says it’s 2 players but it’s not really a good 2 player. Like you get to float around them. But not actually play.Really fun 1 player though!', 'title: Amazing Game \ntext: Amazing product all the games are outstanding and it is totally worth it just hoping that there is a Wii Sports compilation pack for the switch', 'title: Barebones emulation \ntext: The product is a huge disappointment, in particular Mario sunshine which is borderline unplayable since Nintendo has ruined the controls in particular the camera controls. To make the problem even worse Gamecube controllers are not supported.', 'title: Amazing! \ntext: Great game to have! Perfect for the whole family to play with.', 'title: Yahoo! \ntext: A great bundle of games. Has some bugs but its still fun', ""title: All 3 Games in one cartridge \ntext: Don't even need internet to play all 3 games which is the main reason why I bought this.Super Mario 64 looks smoother and better than before.The controllers took a while to get used to again since the camera for SM64 was weird but cool at the time it came out.Super Mario Sunshine was also a bit awkward having the map at L1, I accidentally press it.  A & B have the same button action.The switch does have remapping the the system settings.""]","The game is advertised as having a two-player mode, but users have found that it does not offer a true multiplayer experience. Instead, the second player can only interact in a limited way, such as floating around the main player, rather than fully participating in the gameplay. However, the game is noted to be enjoyable in single-player mode [0]. [1] is not related to the query. [2] is not related to the query. [3] is not related to the query. [4] is not related to the query. [5] is not related to the query.",8.0
How's the multiplayer capability of the product,"Play three of Mario’s greatest 3D platforming adventures—all in one package! Play three iconic games at home or on the go—all in one package on the Nintendo Switch system! Jump into paintings in Super Mario 64, clean up paint-like goop in Super Mario Sunshine, and fly from planet to planet in Super Mario Galaxy.  Run, jump, and dive with ease! Make Mario move using the Nintendo Switch system’s Joy-Con controllers. You can also pass a Joy-Con controller to a friend to play the Super Mario Galaxy game in Co-Star Mode! Mario’s movements are as smooth as ever with HD resolution for each game, while still retaining the look and feel of the originals.  Listen to timeless Super Mario tunes Listen to a total of 175 iconic tunes from all three games! Whether you want to get up and dance or take a minute to relax—this collection has music to fit your mood!  Even when you aren’t playing, you can enjoy the sounds that these worlds (and galaxies!) are so famous for. With three games, modern upgrades, and music-player mode, this collection is filled with fun for both new players and 3D platforming Mario masters. Super Mario 3D All-Stars will be available as a limited-run retail edition and a digital edition that is available for a limited time until the end of March 2021. The physical version of Super Mario 3D All-Stars (released Sep. 18) will continue to be shipped to retailers and available for purchase through March 31, 2021 or while supplies last. The digital version of Super Mario 3D All-Stars will be available for purchase through March 31, 2021. Once the digital edition has been purchased on your Nintendo Account, it can be re-downloaded and played if deleted from your device.  Software compatibility and play experience may differ on Nintendo Switch Lite. Additional accessories may be required (sold separately). Terms apply.",124567,"['title: Decent \ntext: This game is a little deceiving, it says it’s 2 players but it’s not really a good 2 player. Like you get to float around them. But not actually play.Really fun 1 player though!', 'title: Amazing Game \ntext: Amazing product all the games are outstanding and it is totally worth it just hoping that there is a Wii Sports compilation pack for the switch', 'title: Don’t let it fool you \ntext: You don’t actually play co-op. All single player. Don’t let it mislead you. Still good old school-ish games.', 'title: Amazing! \ntext: Great game to have! Perfect for the whole family to play with.', 'title: Yahoo! \ntext: A great bundle of games. Has some bugs but its still fun', ""title: All 3 Games in one cartridge \ntext: Don't even need internet to play all 3 games which is the main reason why I bought this.Super Mario 64 looks smoother and better than before.The controllers took a while to get used to again since the camera for SM64 was weird but cool at the time it came out.Super Mario Sunshine was also a bit awkward having the map at L1, I accidentally press it.  A & B have the same button action.The switch does have remapping the the system settings.""]","The multiplayer capability of the product is misleading as it claims to support two players, but in reality, it does not offer a true cooperative experience. Instead, the second player can only interact in a limited way, such as floating around the main player, rather than actively participating in the gameplay. Despite this, the game is enjoyable as a single-player experience, offering a nostalgic feel with its old-school style.[0][1] [1] is not related to the query. [3] is not related to the query. [4] is not related to the query. [5] is not related to the query.",9.0
How's the multiplayer capability of the product,"Play three of Mario’s greatest 3D platforming adventures—all in one package! Play three iconic games at home or on the go—all in one package on the Nintendo Switch system! Jump into paintings in Super Mario 64, clean up paint-like goop in Super Mario Sunshine, and fly from planet to planet in Super Mario Galaxy.  Run, jump, and dive with ease! Make Mario move using the Nintendo Switch system’s Joy-Con controllers. You can also pass a Joy-Con controller to a friend to play the Super Mario Galaxy game in Co-Star Mode! Mario’s movements are as smooth as ever with HD resolution for each game, while still retaining the look and feel of the originals.  Listen to timeless Super Mario tunes Listen to a total of 175 iconic tunes from all three games! Whether you want to get up and dance or take a minute to relax—this collection has music to fit your mood!  Even when you aren’t playing, you can enjoy the sounds that these worlds (and galaxies!) are so famous for. With three games, modern upgrades, and music-player mode, this collection is filled with fun for both new players and 3D platforming Mario masters. Super Mario 3D All-Stars will be available as a limited-run retail edition and a digital edition that is available for a limited time until the end of March 2021. The physical version of Super Mario 3D All-Stars (released Sep. 18) will continue to be shipped to retailers and available for purchase through March 31, 2021 or while supplies last. The digital version of Super Mario 3D All-Stars will be available for purchase through March 31, 2021. Once the digital edition has been purchased on your Nintendo Account, it can be re-downloaded and played if deleted from your device.  Software compatibility and play experience may differ on Nintendo Switch Lite. Additional accessories may be required (sold separately). Terms apply.",134567,"['title: Decent \ntext: This game is a little deceiving, it says it’s 2 players but it’s not really a good 2 player. Like you get to float around them. But not actually play.Really fun 1 player though!', 'title: Barebones emulation \ntext: The product is a huge disappointment, in particular Mario sunshine which is borderline unplayable since Nintendo has ruined the controls in particular the camera controls. To make the problem even worse Gamecube controllers are not supported.', 'title: Don’t let it fool you \ntext: You don’t actually play co-op. All single player. Don’t let it mislead you. Still good old school-ish games.', 'title: Amazing! \ntext: Great game to have! Perfect for the whole family to play with.', 'title: Yahoo! \ntext: A great bundle of games. Has some bugs but its still fun', ""title: All 3 Games in one cartridge \ntext: Don't even need internet to play all 3 games which is the main reason why I bought this.Super Mario 64 looks smoother and better than before.The controllers took a while to get used to again since the camera for SM64 was weird but cool at the time it came out.Super Mario Sunshine was also a bit awkward having the map at L1, I accidentally press it.  A & B have the same button action.The switch does have remapping the the system settings.""]","The multiplayer capability of the product is misleading, as users have noted that while it is advertised as a two-player game, the actual experience does not support true cooperative play. Instead, the second player can only interact in a limited way, such as floating around the main player, rather than engaging in full gameplay. This has led to disappointment among users who expected a more interactive multiplayer experience, although the game is still enjoyable as a single-player experience [0][1]. [1] is not related to the query. [3] is not related to the query. [4] is not related to the query. [5] is not related to the query.",9.0
How's the multiplayer capability of the product,"Play three of Mario’s greatest 3D platforming adventures—all in one package! Play three iconic games at home or on the go—all in one package on the Nintendo Switch system! Jump into paintings in Super Mario 64, clean up paint-like goop in Super Mario Sunshine, and fly from planet to planet in Super Mario Galaxy.  Run, jump, and dive with ease! Make Mario move using the Nintendo Switch system’s Joy-Con controllers. You can also pass a Joy-Con controller to a friend to play the Super Mario Galaxy game in Co-Star Mode! Mario’s movements are as smooth as ever with HD resolution for each game, while still retaining the look and feel of the originals.  Listen to timeless Super Mario tunes Listen to a total of 175 iconic tunes from all three games! Whether you want to get up and dance or take a minute to relax—this collection has music to fit your mood!  Even when you aren’t playing, you can enjoy the sounds that these worlds (and galaxies!) are so famous for. With three games, modern upgrades, and music-player mode, this collection is filled with fun for both new players and 3D platforming Mario masters. Super Mario 3D All-Stars will be available as a limited-run retail edition and a digital edition that is available for a limited time until the end of March 2021. The physical version of Super Mario 3D All-Stars (released Sep. 18) will continue to be shipped to retailers and available for purchase through March 31, 2021 or while supplies last. The digital version of Super Mario 3D All-Stars will be available for purchase through March 31, 2021. Once the digital edition has been purchased on your Nintendo Account, it can be re-downloaded and played if deleted from your device.  Software compatibility and play experience may differ on Nintendo Switch Lite. Additional accessories may be required (sold separately). Terms apply.",234567,"['title: Amazing Game \ntext: Amazing product all the games are outstanding and it is totally worth it just hoping that there is a Wii Sports compilation pack for the switch', 'title: Barebones emulation \ntext: The product is a huge disappointment, in particular Mario sunshine which is borderline unplayable since Nintendo has ruined the controls in particular the camera controls. To make the problem even worse Gamecube controllers are not supported.', 'title: Don’t let it fool you \ntext: You don’t actually play co-op. All single player. Don’t let it mislead you. Still good old school-ish games.', 'title: Amazing! \ntext: Great game to have! Perfect for the whole family to play with.', 'title: Yahoo! \ntext: A great bundle of games. Has some bugs but its still fun', ""title: All 3 Games in one cartridge \ntext: Don't even need internet to play all 3 games which is the main reason why I bought this.Super Mario 64 looks smoother and better than before.The controllers took a while to get used to again since the camera for SM64 was weird but cool at the time it came out.Super Mario Sunshine was also a bit awkward having the map at L1, I accidentally press it.  A & B have the same button action.The switch does have remapping the the system settings.""]","The comment highlights that the product does not offer a true cooperative multiplayer experience, as it is entirely single-player, despite any implications to the contrary. However, it is noted that the product still provides a nostalgic, old-school gaming experience.[0] [0] is not related to the query. [1] is not related to the query. [3] is not related to the query. [4] is not related to the query. [5] is not related to the query.",7.0
How's the multiplayer capability of the product,"Play three of Mario’s greatest 3D platforming adventures—all in one package! Play three iconic games at home or on the go—all in one package on the Nintendo Switch system! Jump into paintings in Super Mario 64, clean up paint-like goop in Super Mario Sunshine, and fly from planet to planet in Super Mario Galaxy.  Run, jump, and dive with ease! Make Mario move using the Nintendo Switch system’s Joy-Con controllers. You can also pass a Joy-Con controller to a friend to play the Super Mario Galaxy game in Co-Star Mode! Mario’s movements are as smooth as ever with HD resolution for each game, while still retaining the look and feel of the originals.  Listen to timeless Super Mario tunes Listen to a total of 175 iconic tunes from all three games! Whether you want to get up and dance or take a minute to relax—this collection has music to fit your mood!  Even when you aren’t playing, you can enjoy the sounds that these worlds (and galaxies!) are so famous for. With three games, modern upgrades, and music-player mode, this collection is filled with fun for both new players and 3D platforming Mario masters. Super Mario 3D All-Stars will be available as a limited-run retail edition and a digital edition that is available for a limited time until the end of March 2021. The physical version of Super Mario 3D All-Stars (released Sep. 18) will continue to be shipped to retailers and available for purchase through March 31, 2021 or while supplies last. The digital version of Super Mario 3D All-Stars will be available for purchase through March 31, 2021. Once the digital edition has been purchased on your Nintendo Account, it can be re-downloaded and played if deleted from your device.  Software compatibility and play experience may differ on Nintendo Switch Lite. Additional accessories may be required (sold separately). Terms apply.",0123456,"[""title: Not two player as described \ntext: Says one or two players, means if you're willing to cut your remote in half two people can control half of one player"", 'title: Decent \ntext: This game is a little deceiving, it says it’s 2 players but it’s not really a good 2 player. Like you get to float around them. But not actually play.Really fun 1 player though!', 'title: Amazing Game \ntext: Amazing product all the games are outstanding and it is totally worth it just hoping that there is a Wii Sports compilation pack for the switch', 'title: Barebones emulation \ntext: The product is a huge disappointment, in particular Mario sunshine which is borderline unplayable since Nintendo has ruined the controls in particular the camera controls. To make the problem even worse Gamecube controllers are not supported.', 'title: Don’t let it fool you \ntext: You don’t actually play co-op. All single player. Don’t let it mislead you. Still good old school-ish games.', 'title: Amazing! \ntext: Great game to have! Perfect for the whole family to play with.', 'title: Yahoo! \ntext: A great bundle of games. Has some bugs but its still fun']","The comments collectively express dissatisfaction with the multiplayer capability of the product, highlighting that it is misleadingly advertised as a two-player game. One comment sarcastically notes that the only way two people can play is by sharing a single controller, effectively controlling half of one player each, which is not a true multiplayer experience [0]. Another comment describes the game as deceiving, mentioning that while it claims to support two players, the second player merely floats around without actual gameplay involvement, making it more suitable for single-player enjoyment [1]. A third comment reinforces this sentiment, stating that the game does not offer a cooperative multiplayer mode despite its claims, and is essentially a single-player experience [2]. [2] is not related to the query. [3] is not related to the query. [5] is not related to the query. [6] is not related to the query.",10.0
How's the multiplayer capability of the product,"Play three of Mario’s greatest 3D platforming adventures—all in one package! Play three iconic games at home or on the go—all in one package on the Nintendo Switch system! Jump into paintings in Super Mario 64, clean up paint-like goop in Super Mario Sunshine, and fly from planet to planet in Super Mario Galaxy.  Run, jump, and dive with ease! Make Mario move using the Nintendo Switch system’s Joy-Con controllers. You can also pass a Joy-Con controller to a friend to play the Super Mario Galaxy game in Co-Star Mode! Mario’s movements are as smooth as ever with HD resolution for each game, while still retaining the look and feel of the originals.  Listen to timeless Super Mario tunes Listen to a total of 175 iconic tunes from all three games! Whether you want to get up and dance or take a minute to relax—this collection has music to fit your mood!  Even when you aren’t playing, you can enjoy the sounds that these worlds (and galaxies!) are so famous for. With three games, modern upgrades, and music-player mode, this collection is filled with fun for both new players and 3D platforming Mario masters. Super Mario 3D All-Stars will be available as a limited-run retail edition and a digital edition that is available for a limited time until the end of March 2021. The physical version of Super Mario 3D All-Stars (released Sep. 18) will continue to be shipped to retailers and available for purchase through March 31, 2021 or while supplies last. The digital version of Super Mario 3D All-Stars will be available for purchase through March 31, 2021. Once the digital edition has been purchased on your Nintendo Account, it can be re-downloaded and played if deleted from your device.  Software compatibility and play experience may differ on Nintendo Switch Lite. Additional accessories may be required (sold separately). Terms apply.",0123457,"[""title: Not two player as described \ntext: Says one or two players, means if you're willing to cut your remote in half two people can control half of one player"", 'title: Decent \ntext: This game is a little deceiving, it says it’s 2 players but it’s not really a good 2 player. Like you get to float around them. But not actually play.Really fun 1 player though!', 'title: Amazing Game \ntext: Amazing product all the games are outstanding and it is totally worth it just hoping that there is a Wii Sports compilation pack for the switch', 'title: Barebones emulation \ntext: The product is a huge disappointment, in particular Mario sunshine which is borderline unplayable since Nintendo has ruined the controls in particular the camera controls. To make the problem even worse Gamecube controllers are not supported.', 'title: Don’t let it fool you \ntext: You don’t actually play co-op. All single player. Don’t let it mislead you. Still good old school-ish games.', 'title: Amazing! \ntext: Great game to have! Perfect for the whole family to play with.', ""title: All 3 Games in one cartridge \ntext: Don't even need internet to play all 3 games which is the main reason why I bought this.Super Mario 64 looks smoother and better than before.The controllers took a while to get used to again since the camera for SM64 was weird but cool at the time it came out.Super Mario Sunshine was also a bit awkward having the map at L1, I accidentally press it.  A & B have the same button action.The switch does have remapping the the system settings.""]","The comments collectively express dissatisfaction with the multiplayer capability of the product. Users report that although the game is advertised as supporting one or two players, the multiplayer experience is misleading. One comment suggests that the only way two people can play is by sharing a single controller, effectively controlling half of one player each, which is not a true two-player experience [0]. Another comment describes the two-player mode as inadequate, where the second player merely floats around rather than actively participating, although it acknowledges that the game is enjoyable in single-player mode [1]. A third comment reinforces the notion that the game does not offer a genuine co-op experience, emphasizing that it is essentially a single-player game despite claims to the contrary [2]. [2] is not related to the query. [3] is not related to the query. [5] is not related to the query. [6] is not related to the query.",10.0
How's the multiplayer capability of the product,"Play three of Mario’s greatest 3D platforming adventures—all in one package! Play three iconic games at home or on the go—all in one package on the Nintendo Switch system! Jump into paintings in Super Mario 64, clean up paint-like goop in Super Mario Sunshine, and fly from planet to planet in Super Mario Galaxy.  Run, jump, and dive with ease! Make Mario move using the Nintendo Switch system’s Joy-Con controllers. You can also pass a Joy-Con controller to a friend to play the Super Mario Galaxy game in Co-Star Mode! Mario’s movements are as smooth as ever with HD resolution for each game, while still retaining the look and feel of the originals.  Listen to timeless Super Mario tunes Listen to a total of 175 iconic tunes from all three games! Whether you want to get up and dance or take a minute to relax—this collection has music to fit your mood!  Even when you aren’t playing, you can enjoy the sounds that these worlds (and galaxies!) are so famous for. With three games, modern upgrades, and music-player mode, this collection is filled with fun for both new players and 3D platforming Mario masters. Super Mario 3D All-Stars will be available as a limited-run retail edition and a digital edition that is available for a limited time until the end of March 2021. The physical version of Super Mario 3D All-Stars (released Sep. 18) will continue to be shipped to retailers and available for purchase through March 31, 2021 or while supplies last. The digital version of Super Mario 3D All-Stars will be available for purchase through March 31, 2021. Once the digital edition has been purchased on your Nintendo Account, it can be re-downloaded and played if deleted from your device.  Software compatibility and play experience may differ on Nintendo Switch Lite. Additional accessories may be required (sold separately). Terms apply.",0123467,"[""title: Not two player as described \ntext: Says one or two players, means if you're willing to cut your remote in half two people can control half of one player"", 'title: Decent \ntext: This game is a little deceiving, it says it’s 2 players but it’s not really a good 2 player. Like you get to float around them. But not actually play.Really fun 1 player though!', 'title: Amazing Game \ntext: Amazing product all the games are outstanding and it is totally worth it just hoping that there is a Wii Sports compilation pack for the switch', 'title: Barebones emulation \ntext: The product is a huge disappointment, in particular Mario sunshine which is borderline unplayable since Nintendo has ruined the controls in particular the camera controls. To make the problem even worse Gamecube controllers are not supported.', 'title: Don’t let it fool you \ntext: You don’t actually play co-op. All single player. Don’t let it mislead you. Still good old school-ish games.', 'title: Yahoo! \ntext: A great bundle of games. Has some bugs but its still fun', ""title: All 3 Games in one cartridge \ntext: Don't even need internet to play all 3 games which is the main reason why I bought this.Super Mario 64 looks smoother and better than before.The controllers took a while to get used to again since the camera for SM64 was weird but cool at the time it came out.Super Mario Sunshine was also a bit awkward having the map at L1, I accidentally press it.  A & B have the same button action.The switch does have remapping the the system settings.""]","The comments collectively express dissatisfaction with the multiplayer capability of the product, highlighting that it is misleadingly advertised as a two-player game. One comment sarcastically notes that the only way for two players to play is by splitting the remote, implying that the game does not support true multiplayer functionality as expected [0]. Another comment describes the multiplayer experience as inadequate, where the second player merely 'floats around' rather than actively participating, suggesting that the game is more suited for single-player enjoyment [1]. Additionally, a comment warns potential buyers not to be misled by the claim of cooperative play, as the game is essentially a single-player experience, despite its nostalgic appeal [2]. [2] is not related to the query. [3] is not related to the query. [5] is not related to the query. [6] is not related to the query.",10.0
How's the multiplayer capability of the product,"Play three of Mario’s greatest 3D platforming adventures—all in one package! Play three iconic games at home or on the go—all in one package on the Nintendo Switch system! Jump into paintings in Super Mario 64, clean up paint-like goop in Super Mario Sunshine, and fly from planet to planet in Super Mario Galaxy.  Run, jump, and dive with ease! Make Mario move using the Nintendo Switch system’s Joy-Con controllers. You can also pass a Joy-Con controller to a friend to play the Super Mario Galaxy game in Co-Star Mode! Mario’s movements are as smooth as ever with HD resolution for each game, while still retaining the look and feel of the originals.  Listen to timeless Super Mario tunes Listen to a total of 175 iconic tunes from all three games! Whether you want to get up and dance or take a minute to relax—this collection has music to fit your mood!  Even when you aren’t playing, you can enjoy the sounds that these worlds (and galaxies!) are so famous for. With three games, modern upgrades, and music-player mode, this collection is filled with fun for both new players and 3D platforming Mario masters. Super Mario 3D All-Stars will be available as a limited-run retail edition and a digital edition that is available for a limited time until the end of March 2021. The physical version of Super Mario 3D All-Stars (released Sep. 18) will continue to be shipped to retailers and available for purchase through March 31, 2021 or while supplies last. The digital version of Super Mario 3D All-Stars will be available for purchase through March 31, 2021. Once the digital edition has been purchased on your Nintendo Account, it can be re-downloaded and played if deleted from your device.  Software compatibility and play experience may differ on Nintendo Switch Lite. Additional accessories may be required (sold separately). Terms apply.",0123567,"[""title: Not two player as described \ntext: Says one or two players, means if you're willing to cut your remote in half two people can control half of one player"", 'title: Decent \ntext: This game is a little deceiving, it says it’s 2 players but it’s not really a good 2 player. Like you get to float around them. But not actually play.Really fun 1 player though!', 'title: Amazing Game \ntext: Amazing product all the games are outstanding and it is totally worth it just hoping that there is a Wii Sports compilation pack for the switch', 'title: Barebones emulation \ntext: The product is a huge disappointment, in particular Mario sunshine which is borderline unplayable since Nintendo has ruined the controls in particular the camera controls. To make the problem even worse Gamecube controllers are not supported.', 'title: Amazing! \ntext: Great game to have! Perfect for the whole family to play with.', 'title: Yahoo! \ntext: A great bundle of games. Has some bugs but its still fun', ""title: All 3 Games in one cartridge \ntext: Don't even need internet to play all 3 games which is the main reason why I bought this.Super Mario 64 looks smoother and better than before.The controllers took a while to get used to again since the camera for SM64 was weird but cool at the time it came out.Super Mario Sunshine was also a bit awkward having the map at L1, I accidentally press it.  A & B have the same button action.The switch does have remapping the the system settings.""]","The product is advertised as having multiplayer capabilities, specifically for two players, but users have expressed dissatisfaction with this feature. One comment suggests that the two-player mode requires sharing a single controller, which limits the experience to controlling half of one player each, rather than providing a true two-player experience [0]. Another comment echoes this sentiment, noting that while the game claims to support two players, the second player can only 'float around' rather than actively participate, making it more suitable for single-player enjoyment [1]. [2] is not related to the query. [3] is not related to the query. [4] is not related to the query. [5] is not related to the query. [6] is not related to the query.",9.0
How's the multiplayer capability of the product,"Play three of Mario’s greatest 3D platforming adventures—all in one package! Play three iconic games at home or on the go—all in one package on the Nintendo Switch system! Jump into paintings in Super Mario 64, clean up paint-like goop in Super Mario Sunshine, and fly from planet to planet in Super Mario Galaxy.  Run, jump, and dive with ease! Make Mario move using the Nintendo Switch system’s Joy-Con controllers. You can also pass a Joy-Con controller to a friend to play the Super Mario Galaxy game in Co-Star Mode! Mario’s movements are as smooth as ever with HD resolution for each game, while still retaining the look and feel of the originals.  Listen to timeless Super Mario tunes Listen to a total of 175 iconic tunes from all three games! Whether you want to get up and dance or take a minute to relax—this collection has music to fit your mood!  Even when you aren’t playing, you can enjoy the sounds that these worlds (and galaxies!) are so famous for. With three games, modern upgrades, and music-player mode, this collection is filled with fun for both new players and 3D platforming Mario masters. Super Mario 3D All-Stars will be available as a limited-run retail edition and a digital edition that is available for a limited time until the end of March 2021. The physical version of Super Mario 3D All-Stars (released Sep. 18) will continue to be shipped to retailers and available for purchase through March 31, 2021 or while supplies last. The digital version of Super Mario 3D All-Stars will be available for purchase through March 31, 2021. Once the digital edition has been purchased on your Nintendo Account, it can be re-downloaded and played if deleted from your device.  Software compatibility and play experience may differ on Nintendo Switch Lite. Additional accessories may be required (sold separately). Terms apply.",0124567,"[""title: Not two player as described \ntext: Says one or two players, means if you're willing to cut your remote in half two people can control half of one player"", 'title: Decent \ntext: This game is a little deceiving, it says it’s 2 players but it’s not really a good 2 player. Like you get to float around them. But not actually play.Really fun 1 player though!', 'title: Amazing Game \ntext: Amazing product all the games are outstanding and it is totally worth it just hoping that there is a Wii Sports compilation pack for the switch', 'title: Don’t let it fool you \ntext: You don’t actually play co-op. All single player. Don’t let it mislead you. Still good old school-ish games.', 'title: Amazing! \ntext: Great game to have! Perfect for the whole family to play with.', 'title: Yahoo! \ntext: A great bundle of games. Has some bugs but its still fun', ""title: All 3 Games in one cartridge \ntext: Don't even need internet to play all 3 games which is the main reason why I bought this.Super Mario 64 looks smoother and better than before.The controllers took a while to get used to again since the camera for SM64 was weird but cool at the time it came out.Super Mario Sunshine was also a bit awkward having the map at L1, I accidentally press it.  A & B have the same button action.The switch does have remapping the the system settings.""]","The comments collectively express dissatisfaction with the multiplayer capability of the product, highlighting that it is misleadingly advertised as a two-player game. One comment sarcastically notes that the only way two people can play is by sharing a single controller, effectively splitting control between them, which is not practical or enjoyable [0]. Another comment describes the multiplayer experience as merely floating around the main player, rather than engaging in true cooperative gameplay, suggesting that the game is more suited for single-player enjoyment [1]. A third comment reinforces the sentiment that the game does not offer a genuine co-op experience, despite being marketed as such, though it acknowledges the game's appeal for single-player use [2]. [2] is not related to the query. [4] is not related to the query. [5] is not related to the query. [6] is not related to the query.",10.0
How's the multiplayer capability of the product,"Play three of Mario’s greatest 3D platforming adventures—all in one package! Play three iconic games at home or on the go—all in one package on the Nintendo Switch system! Jump into paintings in Super Mario 64, clean up paint-like goop in Super Mario Sunshine, and fly from planet to planet in Super Mario Galaxy.  Run, jump, and dive with ease! Make Mario move using the Nintendo Switch system’s Joy-Con controllers. You can also pass a Joy-Con controller to a friend to play the Super Mario Galaxy game in Co-Star Mode! Mario’s movements are as smooth as ever with HD resolution for each game, while still retaining the look and feel of the originals.  Listen to timeless Super Mario tunes Listen to a total of 175 iconic tunes from all three games! Whether you want to get up and dance or take a minute to relax—this collection has music to fit your mood!  Even when you aren’t playing, you can enjoy the sounds that these worlds (and galaxies!) are so famous for. With three games, modern upgrades, and music-player mode, this collection is filled with fun for both new players and 3D platforming Mario masters. Super Mario 3D All-Stars will be available as a limited-run retail edition and a digital edition that is available for a limited time until the end of March 2021. The physical version of Super Mario 3D All-Stars (released Sep. 18) will continue to be shipped to retailers and available for purchase through March 31, 2021 or while supplies last. The digital version of Super Mario 3D All-Stars will be available for purchase through March 31, 2021. Once the digital edition has been purchased on your Nintendo Account, it can be re-downloaded and played if deleted from your device.  Software compatibility and play experience may differ on Nintendo Switch Lite. Additional accessories may be required (sold separately). Terms apply.",0134567,"[""title: Not two player as described \ntext: Says one or two players, means if you're willing to cut your remote in half two people can control half of one player"", 'title: Decent \ntext: This game is a little deceiving, it says it’s 2 players but it’s not really a good 2 player. Like you get to float around them. But not actually play.Really fun 1 player though!', 'title: Barebones emulation \ntext: The product is a huge disappointment, in particular Mario sunshine which is borderline unplayable since Nintendo has ruined the controls in particular the camera controls. To make the problem even worse Gamecube controllers are not supported.', 'title: Don’t let it fool you \ntext: You don’t actually play co-op. All single player. Don’t let it mislead you. Still good old school-ish games.', 'title: Amazing! \ntext: Great game to have! Perfect for the whole family to play with.', 'title: Yahoo! \ntext: A great bundle of games. Has some bugs but its still fun', ""title: All 3 Games in one cartridge \ntext: Don't even need internet to play all 3 games which is the main reason why I bought this.Super Mario 64 looks smoother and better than before.The controllers took a while to get used to again since the camera for SM64 was weird but cool at the time it came out.Super Mario Sunshine was also a bit awkward having the map at L1, I accidentally press it.  A & B have the same button action.The switch does have remapping the the system settings.""]","The comments collectively express dissatisfaction with the multiplayer capability of the product, highlighting that it is misleadingly advertised as a two-player game. One comment sarcastically notes that the only way for two players to participate is by sharing a single controller, effectively splitting control between them, which is not practical or enjoyable [0]. Another comment describes the multiplayer experience as inadequate, where the second player merely 'floats around' rather than actively participating, making it more of a single-player game [1]. A third comment reinforces this sentiment, stating that the game is entirely single-player despite claims of cooperative play, cautioning others not to be misled by the product's description [2]. [2] is not related to the query. [4] is not related to the query. [5] is not related to the query. [6] is not related to the query.",10.0
How's the multiplayer capability of the product,"Play three of Mario’s greatest 3D platforming adventures—all in one package! Play three iconic games at home or on the go—all in one package on the Nintendo Switch system! Jump into paintings in Super Mario 64, clean up paint-like goop in Super Mario Sunshine, and fly from planet to planet in Super Mario Galaxy.  Run, jump, and dive with ease! Make Mario move using the Nintendo Switch system’s Joy-Con controllers. You can also pass a Joy-Con controller to a friend to play the Super Mario Galaxy game in Co-Star Mode! Mario’s movements are as smooth as ever with HD resolution for each game, while still retaining the look and feel of the originals.  Listen to timeless Super Mario tunes Listen to a total of 175 iconic tunes from all three games! Whether you want to get up and dance or take a minute to relax—this collection has music to fit your mood!  Even when you aren’t playing, you can enjoy the sounds that these worlds (and galaxies!) are so famous for. With three games, modern upgrades, and music-player mode, this collection is filled with fun for both new players and 3D platforming Mario masters. Super Mario 3D All-Stars will be available as a limited-run retail edition and a digital edition that is available for a limited time until the end of March 2021. The physical version of Super Mario 3D All-Stars (released Sep. 18) will continue to be shipped to retailers and available for purchase through March 31, 2021 or while supplies last. The digital version of Super Mario 3D All-Stars will be available for purchase through March 31, 2021. Once the digital edition has been purchased on your Nintendo Account, it can be re-downloaded and played if deleted from your device.  Software compatibility and play experience may differ on Nintendo Switch Lite. Additional accessories may be required (sold separately). Terms apply.",0234567,"[""title: Not two player as described \ntext: Says one or two players, means if you're willing to cut your remote in half two people can control half of one player"", 'title: Amazing Game \ntext: Amazing product all the games are outstanding and it is totally worth it just hoping that there is a Wii Sports compilation pack for the switch', 'title: Barebones emulation \ntext: The product is a huge disappointment, in particular Mario sunshine which is borderline unplayable since Nintendo has ruined the controls in particular the camera controls. To make the problem even worse Gamecube controllers are not supported.', 'title: Don’t let it fool you \ntext: You don’t actually play co-op. All single player. Don’t let it mislead you. Still good old school-ish games.', 'title: Amazing! \ntext: Great game to have! Perfect for the whole family to play with.', 'title: Yahoo! \ntext: A great bundle of games. Has some bugs but its still fun', ""title: All 3 Games in one cartridge \ntext: Don't even need internet to play all 3 games which is the main reason why I bought this.Super Mario 64 looks smoother and better than before.The controllers took a while to get used to again since the camera for SM64 was weird but cool at the time it came out.Super Mario Sunshine was also a bit awkward having the map at L1, I accidentally press it.  A & B have the same button action.The switch does have remapping the the system settings.""]","The comments highlight a misleading aspect of the product's multiplayer capability. One user points out that although the product is advertised as supporting one or two players, it actually requires players to share a single controller, effectively splitting control between two people rather than offering a true two-player experience [0]. Another user reinforces this by stating that the product does not support cooperative play as implied, and is essentially a single-player experience, despite being marketed otherwise [1]. [1] is not related to the query. [2] is not related to the query. [4] is not related to the query. [5] is not related to the query. [6] is not related to the query.",9.0
How's the multiplayer capability of the product,"Play three of Mario’s greatest 3D platforming adventures—all in one package! Play three iconic games at home or on the go—all in one package on the Nintendo Switch system! Jump into paintings in Super Mario 64, clean up paint-like goop in Super Mario Sunshine, and fly from planet to planet in Super Mario Galaxy.  Run, jump, and dive with ease! Make Mario move using the Nintendo Switch system’s Joy-Con controllers. You can also pass a Joy-Con controller to a friend to play the Super Mario Galaxy game in Co-Star Mode! Mario’s movements are as smooth as ever with HD resolution for each game, while still retaining the look and feel of the originals.  Listen to timeless Super Mario tunes Listen to a total of 175 iconic tunes from all three games! Whether you want to get up and dance or take a minute to relax—this collection has music to fit your mood!  Even when you aren’t playing, you can enjoy the sounds that these worlds (and galaxies!) are so famous for. With three games, modern upgrades, and music-player mode, this collection is filled with fun for both new players and 3D platforming Mario masters. Super Mario 3D All-Stars will be available as a limited-run retail edition and a digital edition that is available for a limited time until the end of March 2021. The physical version of Super Mario 3D All-Stars (released Sep. 18) will continue to be shipped to retailers and available for purchase through March 31, 2021 or while supplies last. The digital version of Super Mario 3D All-Stars will be available for purchase through March 31, 2021. Once the digital edition has been purchased on your Nintendo Account, it can be re-downloaded and played if deleted from your device.  Software compatibility and play experience may differ on Nintendo Switch Lite. Additional accessories may be required (sold separately). Terms apply.",1234567,"['title: Decent \ntext: This game is a little deceiving, it says it’s 2 players but it’s not really a good 2 player. Like you get to float around them. But not actually play.Really fun 1 player though!', 'title: Amazing Game \ntext: Amazing product all the games are outstanding and it is totally worth it just hoping that there is a Wii Sports compilation pack for the switch', 'title: Barebones emulation \ntext: The product is a huge disappointment, in particular Mario sunshine which is borderline unplayable since Nintendo has ruined the controls in particular the camera controls. To make the problem even worse Gamecube controllers are not supported.', 'title: Don’t let it fool you \ntext: You don’t actually play co-op. All single player. Don’t let it mislead you. Still good old school-ish games.', 'title: Amazing! \ntext: Great game to have! Perfect for the whole family to play with.', 'title: Yahoo! \ntext: A great bundle of games. Has some bugs but its still fun', ""title: All 3 Games in one cartridge \ntext: Don't even need internet to play all 3 games which is the main reason why I bought this.Super Mario 64 looks smoother and better than before.The controllers took a while to get used to again since the camera for SM64 was weird but cool at the time it came out.Super Mario Sunshine was also a bit awkward having the map at L1, I accidentally press it.  A & B have the same button action.The switch does have remapping the the system settings.""]","The comments indicate that the product's multiplayer capability is misleading. Although it is advertised as a two-player game, users report that the multiplayer experience is limited to floating around the other player rather than engaging in true cooperative gameplay. Both comments emphasize that the game is primarily a single-player experience despite its claims of being multiplayer, which may mislead potential buyers [0][1]. [1] is not related to the query. [2] is not related to the query. [4] is not related to the query. [5] is not related to the query. [6] is not related to the query.",9.0
How's the multiplayer capability of the product,"Play three of Mario’s greatest 3D platforming adventures—all in one package! Play three iconic games at home or on the go—all in one package on the Nintendo Switch system! Jump into paintings in Super Mario 64, clean up paint-like goop in Super Mario Sunshine, and fly from planet to planet in Super Mario Galaxy.  Run, jump, and dive with ease! Make Mario move using the Nintendo Switch system’s Joy-Con controllers. You can also pass a Joy-Con controller to a friend to play the Super Mario Galaxy game in Co-Star Mode! Mario’s movements are as smooth as ever with HD resolution for each game, while still retaining the look and feel of the originals.  Listen to timeless Super Mario tunes Listen to a total of 175 iconic tunes from all three games! Whether you want to get up and dance or take a minute to relax—this collection has music to fit your mood!  Even when you aren’t playing, you can enjoy the sounds that these worlds (and galaxies!) are so famous for. With three games, modern upgrades, and music-player mode, this collection is filled with fun for both new players and 3D platforming Mario masters. Super Mario 3D All-Stars will be available as a limited-run retail edition and a digital edition that is available for a limited time until the end of March 2021. The physical version of Super Mario 3D All-Stars (released Sep. 18) will continue to be shipped to retailers and available for purchase through March 31, 2021 or while supplies last. The digital version of Super Mario 3D All-Stars will be available for purchase through March 31, 2021. Once the digital edition has been purchased on your Nintendo Account, it can be re-downloaded and played if deleted from your device.  Software compatibility and play experience may differ on Nintendo Switch Lite. Additional accessories may be required (sold separately). Terms apply.",01234567,"[""title: Not two player as described \ntext: Says one or two players, means if you're willing to cut your remote in half two people can control half of one player"", 'title: Decent \ntext: This game is a little deceiving, it says it’s 2 players but it’s not really a good 2 player. Like you get to float around them. But not actually play.Really fun 1 player though!', 'title: Amazing Game \ntext: Amazing product all the games are outstanding and it is totally worth it just hoping that there is a Wii Sports compilation pack for the switch', 'title: Barebones emulation \ntext: The product is a huge disappointment, in particular Mario sunshine which is borderline unplayable since Nintendo has ruined the controls in particular the camera controls. To make the problem even worse Gamecube controllers are not supported.', 'title: Don’t let it fool you \ntext: You don’t actually play co-op. All single player. Don’t let it mislead you. Still good old school-ish games.', 'title: Amazing! \ntext: Great game to have! Perfect for the whole family to play with.', 'title: Yahoo! \ntext: A great bundle of games. Has some bugs but its still fun', ""title: All 3 Games in one cartridge \ntext: Don't even need internet to play all 3 games which is the main reason why I bought this.Super Mario 64 looks smoother and better than before.The controllers took a while to get used to again since the camera for SM64 was weird but cool at the time it came out.Super Mario Sunshine was also a bit awkward having the map at L1, I accidentally press it.  A & B have the same button action.The switch does have remapping the the system settings.""]","The comments collectively express dissatisfaction with the multiplayer capability of the product, highlighting that it is misleadingly advertised as a two-player game. One comment sarcastically notes that two players can only participate if they are willing to share a single controller, effectively controlling half of one player each, which undermines the multiplayer experience [0]. Another comment describes the game as deceiving, stating that while it claims to support two players, the second player merely floats around without engaging in actual gameplay, making it more suitable for single-player enjoyment [1]. A third comment reinforces this sentiment, emphasizing that the game is essentially a single-player experience despite its claims of cooperative play [2]. [2] is not related to the query. [3] is not related to the query. [5] is not related to the query. [6] is not related to the query. [7] is not related to the query.",10.0
How's the multiplayer capability of the product,"Play three of Mario’s greatest 3D platforming adventures—all in one package! Play three iconic games at home or on the go—all in one package on the Nintendo Switch system! Jump into paintings in Super Mario 64, clean up paint-like goop in Super Mario Sunshine, and fly from planet to planet in Super Mario Galaxy.  Run, jump, and dive with ease! Make Mario move using the Nintendo Switch system’s Joy-Con controllers. You can also pass a Joy-Con controller to a friend to play the Super Mario Galaxy game in Co-Star Mode! Mario’s movements are as smooth as ever with HD resolution for each game, while still retaining the look and feel of the originals.  Listen to timeless Super Mario tunes Listen to a total of 175 iconic tunes from all three games! Whether you want to get up and dance or take a minute to relax—this collection has music to fit your mood!  Even when you aren’t playing, you can enjoy the sounds that these worlds (and galaxies!) are so famous for. With three games, modern upgrades, and music-player mode, this collection is filled with fun for both new players and 3D platforming Mario masters. Super Mario 3D All-Stars will be available as a limited-run retail edition and a digital edition that is available for a limited time until the end of March 2021. The physical version of Super Mario 3D All-Stars (released Sep. 18) will continue to be shipped to retailers and available for purchase through March 31, 2021 or while supplies last. The digital version of Super Mario 3D All-Stars will be available for purchase through March 31, 2021. Once the digital edition has been purchased on your Nintendo Account, it can be re-downloaded and played if deleted from your device.  Software compatibility and play experience may differ on Nintendo Switch Lite. Additional accessories may be required (sold separately). Terms apply.",Comment 0,"title: Not two player as described 
text: Says one or two players, means if you're willing to cut your remote in half two people can control half of one player",,3.476851851851851
How's the multiplayer capability of the product,"Play three of Mario’s greatest 3D platforming adventures—all in one package! Play three iconic games at home or on the go—all in one package on the Nintendo Switch system! Jump into paintings in Super Mario 64, clean up paint-like goop in Super Mario Sunshine, and fly from planet to planet in Super Mario Galaxy.  Run, jump, and dive with ease! Make Mario move using the Nintendo Switch system’s Joy-Con controllers. You can also pass a Joy-Con controller to a friend to play the Super Mario Galaxy game in Co-Star Mode! Mario’s movements are as smooth as ever with HD resolution for each game, while still retaining the look and feel of the originals.  Listen to timeless Super Mario tunes Listen to a total of 175 iconic tunes from all three games! Whether you want to get up and dance or take a minute to relax—this collection has music to fit your mood!  Even when you aren’t playing, you can enjoy the sounds that these worlds (and galaxies!) are so famous for. With three games, modern upgrades, and music-player mode, this collection is filled with fun for both new players and 3D platforming Mario masters. Super Mario 3D All-Stars will be available as a limited-run retail edition and a digital edition that is available for a limited time until the end of March 2021. The physical version of Super Mario 3D All-Stars (released Sep. 18) will continue to be shipped to retailers and available for purchase through March 31, 2021 or while supplies last. The digital version of Super Mario 3D All-Stars will be available for purchase through March 31, 2021. Once the digital edition has been purchased on your Nintendo Account, it can be re-downloaded and played if deleted from your device.  Software compatibility and play experience may differ on Nintendo Switch Lite. Additional accessories may be required (sold separately). Terms apply.",Comment 1,"title: Decent 
text: This game is a little deceiving, it says it’s 2 players but it’s not really a good 2 player. Like you get to float around them. But not actually play.Really fun 1 player though!",,3.476851851851851
How's the multiplayer capability of the product,"Play three of Mario’s greatest 3D platforming adventures—all in one package! Play three iconic games at home or on the go—all in one package on the Nintendo Switch system! Jump into paintings in Super Mario 64, clean up paint-like goop in Super Mario Sunshine, and fly from planet to planet in Super Mario Galaxy.  Run, jump, and dive with ease! Make Mario move using the Nintendo Switch system’s Joy-Con controllers. You can also pass a Joy-Con controller to a friend to play the Super Mario Galaxy game in Co-Star Mode! Mario’s movements are as smooth as ever with HD resolution for each game, while still retaining the look and feel of the originals.  Listen to timeless Super Mario tunes Listen to a total of 175 iconic tunes from all three games! Whether you want to get up and dance or take a minute to relax—this collection has music to fit your mood!  Even when you aren’t playing, you can enjoy the sounds that these worlds (and galaxies!) are so famous for. With three games, modern upgrades, and music-player mode, this collection is filled with fun for both new players and 3D platforming Mario masters. Super Mario 3D All-Stars will be available as a limited-run retail edition and a digital edition that is available for a limited time until the end of March 2021. The physical version of Super Mario 3D All-Stars (released Sep. 18) will continue to be shipped to retailers and available for purchase through March 31, 2021 or while supplies last. The digital version of Super Mario 3D All-Stars will be available for purchase through March 31, 2021. Once the digital edition has been purchased on your Nintendo Account, it can be re-downloaded and played if deleted from your device.  Software compatibility and play experience may differ on Nintendo Switch Lite. Additional accessories may be required (sold separately). Terms apply.",Comment 2,"title: Amazing Game 
text: Amazing product all the games are outstanding and it is totally worth it just hoping that there is a Wii Sports compilation pack for the switch",,0.01388888888888892
How's the multiplayer capability of the product,"Play three of Mario’s greatest 3D platforming adventures—all in one package! Play three iconic games at home or on the go—all in one package on the Nintendo Switch system! Jump into paintings in Super Mario 64, clean up paint-like goop in Super Mario Sunshine, and fly from planet to planet in Super Mario Galaxy.  Run, jump, and dive with ease! Make Mario move using the Nintendo Switch system’s Joy-Con controllers. You can also pass a Joy-Con controller to a friend to play the Super Mario Galaxy game in Co-Star Mode! Mario’s movements are as smooth as ever with HD resolution for each game, while still retaining the look and feel of the originals.  Listen to timeless Super Mario tunes Listen to a total of 175 iconic tunes from all three games! Whether you want to get up and dance or take a minute to relax—this collection has music to fit your mood!  Even when you aren’t playing, you can enjoy the sounds that these worlds (and galaxies!) are so famous for. With three games, modern upgrades, and music-player mode, this collection is filled with fun for both new players and 3D platforming Mario masters. Super Mario 3D All-Stars will be available as a limited-run retail edition and a digital edition that is available for a limited time until the end of March 2021. The physical version of Super Mario 3D All-Stars (released Sep. 18) will continue to be shipped to retailers and available for purchase through March 31, 2021 or while supplies last. The digital version of Super Mario 3D All-Stars will be available for purchase through March 31, 2021. Once the digital edition has been purchased on your Nintendo Account, it can be re-downloaded and played if deleted from your device.  Software compatibility and play experience may differ on Nintendo Switch Lite. Additional accessories may be required (sold separately). Terms apply.",Comment 3,"title: Barebones emulation 
text: The product is a huge disappointment, in particular Mario sunshine which is borderline unplayable since Nintendo has ruined the controls in particular the camera controls. To make the problem even worse Gamecube controllers are not supported.",,0.01388888888888892
How's the multiplayer capability of the product,"Play three of Mario’s greatest 3D platforming adventures—all in one package! Play three iconic games at home or on the go—all in one package on the Nintendo Switch system! Jump into paintings in Super Mario 64, clean up paint-like goop in Super Mario Sunshine, and fly from planet to planet in Super Mario Galaxy.  Run, jump, and dive with ease! Make Mario move using the Nintendo Switch system’s Joy-Con controllers. You can also pass a Joy-Con controller to a friend to play the Super Mario Galaxy game in Co-Star Mode! Mario’s movements are as smooth as ever with HD resolution for each game, while still retaining the look and feel of the originals.  Listen to timeless Super Mario tunes Listen to a total of 175 iconic tunes from all three games! Whether you want to get up and dance or take a minute to relax—this collection has music to fit your mood!  Even when you aren’t playing, you can enjoy the sounds that these worlds (and galaxies!) are so famous for. With three games, modern upgrades, and music-player mode, this collection is filled with fun for both new players and 3D platforming Mario masters. Super Mario 3D All-Stars will be available as a limited-run retail edition and a digital edition that is available for a limited time until the end of March 2021. The physical version of Super Mario 3D All-Stars (released Sep. 18) will continue to be shipped to retailers and available for purchase through March 31, 2021 or while supplies last. The digital version of Super Mario 3D All-Stars will be available for purchase through March 31, 2021. Once the digital edition has been purchased on your Nintendo Account, it can be re-downloaded and played if deleted from your device.  Software compatibility and play experience may differ on Nintendo Switch Lite. Additional accessories may be required (sold separately). Terms apply.",Comment 4,"title: Don’t let it fool you 
text: You don’t actually play co-op. All single player. Don’t let it mislead you. Still good old school-ish games.",,2.9768518518518534
How's the multiplayer capability of the product,"Play three of Mario’s greatest 3D platforming adventures—all in one package! Play three iconic games at home or on the go—all in one package on the Nintendo Switch system! Jump into paintings in Super Mario 64, clean up paint-like goop in Super Mario Sunshine, and fly from planet to planet in Super Mario Galaxy.  Run, jump, and dive with ease! Make Mario move using the Nintendo Switch system’s Joy-Con controllers. You can also pass a Joy-Con controller to a friend to play the Super Mario Galaxy game in Co-Star Mode! Mario’s movements are as smooth as ever with HD resolution for each game, while still retaining the look and feel of the originals.  Listen to timeless Super Mario tunes Listen to a total of 175 iconic tunes from all three games! Whether you want to get up and dance or take a minute to relax—this collection has music to fit your mood!  Even when you aren’t playing, you can enjoy the sounds that these worlds (and galaxies!) are so famous for. With three games, modern upgrades, and music-player mode, this collection is filled with fun for both new players and 3D platforming Mario masters. Super Mario 3D All-Stars will be available as a limited-run retail edition and a digital edition that is available for a limited time until the end of March 2021. The physical version of Super Mario 3D All-Stars (released Sep. 18) will continue to be shipped to retailers and available for purchase through March 31, 2021 or while supplies last. The digital version of Super Mario 3D All-Stars will be available for purchase through March 31, 2021. Once the digital edition has been purchased on your Nintendo Account, it can be re-downloaded and played if deleted from your device.  Software compatibility and play experience may differ on Nintendo Switch Lite. Additional accessories may be required (sold separately). Terms apply.",Comment 5,"title: Amazing! 
text: Great game to have! Perfect for the whole family to play with.",,0.01388888888888892
How's the multiplayer capability of the product,"Play three of Mario’s greatest 3D platforming adventures—all in one package! Play three iconic games at home or on the go—all in one package on the Nintendo Switch system! Jump into paintings in Super Mario 64, clean up paint-like goop in Super Mario Sunshine, and fly from planet to planet in Super Mario Galaxy.  Run, jump, and dive with ease! Make Mario move using the Nintendo Switch system’s Joy-Con controllers. You can also pass a Joy-Con controller to a friend to play the Super Mario Galaxy game in Co-Star Mode! Mario’s movements are as smooth as ever with HD resolution for each game, while still retaining the look and feel of the originals.  Listen to timeless Super Mario tunes Listen to a total of 175 iconic tunes from all three games! Whether you want to get up and dance or take a minute to relax—this collection has music to fit your mood!  Even when you aren’t playing, you can enjoy the sounds that these worlds (and galaxies!) are so famous for. With three games, modern upgrades, and music-player mode, this collection is filled with fun for both new players and 3D platforming Mario masters. Super Mario 3D All-Stars will be available as a limited-run retail edition and a digital edition that is available for a limited time until the end of March 2021. The physical version of Super Mario 3D All-Stars (released Sep. 18) will continue to be shipped to retailers and available for purchase through March 31, 2021 or while supplies last. The digital version of Super Mario 3D All-Stars will be available for purchase through March 31, 2021. Once the digital edition has been purchased on your Nintendo Account, it can be re-downloaded and played if deleted from your device.  Software compatibility and play experience may differ on Nintendo Switch Lite. Additional accessories may be required (sold separately). Terms apply.",Comment 6,"title: Yahoo! 
text: A great bundle of games. Has some bugs but its still fun",,0.01388888888888892
How's the multiplayer capability of the product,"Play three of Mario’s greatest 3D platforming adventures—all in one package! Play three iconic games at home or on the go—all in one package on the Nintendo Switch system! Jump into paintings in Super Mario 64, clean up paint-like goop in Super Mario Sunshine, and fly from planet to planet in Super Mario Galaxy.  Run, jump, and dive with ease! Make Mario move using the Nintendo Switch system’s Joy-Con controllers. You can also pass a Joy-Con controller to a friend to play the Super Mario Galaxy game in Co-Star Mode! Mario’s movements are as smooth as ever with HD resolution for each game, while still retaining the look and feel of the originals.  Listen to timeless Super Mario tunes Listen to a total of 175 iconic tunes from all three games! Whether you want to get up and dance or take a minute to relax—this collection has music to fit your mood!  Even when you aren’t playing, you can enjoy the sounds that these worlds (and galaxies!) are so famous for. With three games, modern upgrades, and music-player mode, this collection is filled with fun for both new players and 3D platforming Mario masters. Super Mario 3D All-Stars will be available as a limited-run retail edition and a digital edition that is available for a limited time until the end of March 2021. The physical version of Super Mario 3D All-Stars (released Sep. 18) will continue to be shipped to retailers and available for purchase through March 31, 2021 or while supplies last. The digital version of Super Mario 3D All-Stars will be available for purchase through March 31, 2021. Once the digital edition has been purchased on your Nintendo Account, it can be re-downloaded and played if deleted from your device.  Software compatibility and play experience may differ on Nintendo Switch Lite. Additional accessories may be required (sold separately). Terms apply.",Comment 7,"title: All 3 Games in one cartridge 
text: Don't even need internet to play all 3 games which is the main reason why I bought this.Super Mario 64 looks smoother and better than before.The controllers took a while to get used to again since the camera for SM64 was weird but cool at the time it came out.Super Mario Sunshine was also a bit awkward having the map at L1, I accidentally press it.  A & B have the same button action.The switch does have remapping the the system settings.",,0.01388888888888892
